fonte,produto,ano,cidade,preco_padrao,unidade_padrao,fonte_conversao,descricao
federal,diesel,2019,Federal/ES,3.49,litro,quantidade_litros,ÓLEO DIESEL.
federal,diesel,2019,Federal/ES,3.49,litro,quantidade_litros,ÓLEO DIESEL.
federal,gasolina,2019,Federal/ES,4.2899,litro,quantidade_litros,GASOLINA COMUM
federal,gasolina,2019,Federal/ES,4.2899,litro,quantidade_litros,GASOLINA COMUM
federal,diesel,2019,Federal/ES,3.5199,litro,quantidade_litros,ÓLEO DIESEL.
federal,diesel,2019,Federal/ES,3.5199,litro,quantidade_litros,ÓLEO DIESEL.
federal,torneira,2019,Federal/ES,32.73,unidade,unitario,REPARO TORNEIRA
federal,agua_mineral,2019,Federal/ES,5.0,litro,heuristica,ÁGUA MINERAL NATURAL
federal,seringa,2019,Federal/ES,0.15,unidade,unitario,SERINGA
federal,cafe,2019,Federal/ES,27.96,kg,heuristica,'CAFÉ'
federal,agua_mineral,2019,Federal/ES,5.58,litro,heuristica,'ÁGUA MINERAL'
federal,gas_glp,2019,Federal/ES,65.0,botijao_13kg,unitario,GÁS LIQUEFEITO DE PETRÓLEO - GLP
federal,acucar,2019,Federal/ES,2.9997,kg,heuristica,'AÇÚCAR'
federal,disjuntor,2019,Federal/ES,5.39,unidade,unitario,PEÇA / ACESSÓRIO DISJUNTOR
federal,disjuntor,2019,Federal/ES,18.44,unidade,unitario,PEÇA / ACESSÓRIO DISJUNTOR
federal,disjuntor,2019,Federal/ES,28.33,unidade,unitario,PEÇA / ACESSÓRIO DISJUNTOR
federal,disjuntor,2019,Federal/ES,34.54,unidade,unitario,PEÇA / ACESSÓRIO DISJUNTOR
federal,gas_glp,2019,Federal/ES,64.5,botijao_13kg,unitario,GÁS LIQUEFEITO DE PETRÓLEO - GLP
federal,tubo_pvc,2019,Federal/ES,11.9,metro,unitario,TUBO PVC SOLDÁVEL
federal,desinfetante,2019,Federal/ES,9.48,litro,heuristica,DESINFETANTE
federal,detergente,2019,Federal/ES,2.98,litro,heuristica,DETERGENTE
federal,papel_higienico,2019,Federal/ES,5.0,rolo,unitario,PAPEL HIGIÊNICO
federal,detergente,2019,Federal/ES,17.78,litro,heuristica,DETERGENTE
federal,aas,2019,Federal/ES,0.1,unidade,unitario,ÁCIDO ACETILSALICÍLICO
federal,albendazol,2019,Federal/ES,0.49,unidade,unitario,ALBENDAZOL
federal,amoxicilina,2019,Federal/ES,0.18,unidade,unitario,AMOXICILINA
federal,amoxicilina,2019,Federal/ES,1.1,unidade,unitario,AMOXICILINA
federal,azitromicina,2019,Federal/ES,0.72,unidade,unitario,AZITROMICINA
federal,cefalexina,2019,Federal/ES,0.44,unidade,unitario,CEFALEXINA
federal,ciprofloxacino,2019,Federal/ES,0.32,unidade,unitario,CIPROFLOXACINO CLORIDRATO
federal,paracetamol,2019,Federal/ES,0.43,unidade,unitario,PARACETAMOL
federal,dexametasona,2019,Federal/ES,1.18,unidade,unitario,DEXAMETASONA
federal,dipirona,2019,Federal/ES,0.12,unidade,unitario,DIPIRONA SÓDICA
federal,fenobarbital,2019,Federal/ES,1.64,unidade,unitario,FENOBARBITAL SÓDICO
federal,furosemida,2019,Federal/ES,0.49,unidade,unitario,FUROSEMIDA
federal,haloperidol,2019,Federal/ES,1.36,unidade,unitario,HALOPERIDOL
federal,nimesulida,2019,Federal/ES,0.1,unidade,unitario,NIMESULIDA
federal,omeprazol,2019,Federal/ES,0.1,unidade,unitario,OMEPRAZOL
federal,paracetamol,2019,Federal/ES,0.09,unidade,unitario,PARACETAMOL
federal,paracetamol,2019,Federal/ES,0.34,unidade,unitario,PARACETAMOL
federal,paracetamol,2019,Federal/ES,0.22,unidade,unitario,PARACETAMOL
federal,prednisona,2019,Federal/ES,0.25,unidade,unitario,PREDNISONA
federal,ranitidina,2019,Federal/ES,0.57,unidade,unitario,RANITIDINA CLORIDRATO
federal,biscoito,2019,Federal/ES,10.0,kg,heuristica,BISCOITO
federal,macarrao,2019,Federal/ES,17.8,kg,heuristica,'MACARRÃO'
federal,leite_po,2019,Federal/ES,87.5,kg,heuristica,LEITE EM PÓ
federal,alcool,2019,Federal/ES,9.0,litro,heuristica,ÁLCOOL ETÍLICO
federal,alcool,2019,Federal/ES,28.99,litro,heuristica,ÁLCOOL ETÍLICO
federal,alcool,2019,Federal/ES,9.0,litro,heuristica,ÁLCOOL ETÍLICO
federal,alcool,2019,Federal/ES,13.5,litro,heuristica,ÁLCOOL ETÍLICO
federal,alcool,2019,Federal/ES,15.45,litro,heuristica,ÁLCOOL ETÍLICO
federal,alcool,2019,Federal/ES,15.4,litro,heuristica,ÁLCOOL ETÍLICO
federal,alcool,2019,Federal/ES,14.99,litro,heuristica,ÁLCOOL ETÍLICO
federal,acucar,2019,Federal/ES,8.86,kg,heuristica,'AÇÚCAR'
federal,disjuntor,2019,Federal/ES,9.6,unidade,unitario,DISJUNTOR BAIXA TENSÃO
federal,disjuntor,2019,Federal/ES,87.0,unidade,unitario,DISJUNTOR BAIXA TENSÃO
federal,torneira,2019,Federal/ES,61.9,unidade,unitario,TORNEIRA
federal,tubo_pvc,2019,Federal/ES,46.9,metro,unitario,TUBO PVC ROSCÁVEL
federal,tubo_pvc,2019,Federal/ES,32.56,metro,unitario,TUBO PVC ROSCÁVEL
federal,agua_mineral,2019,Federal/ES,10.0,litro,heuristica,ÁGUA MINERAL NATURAL
federal,gasolina,2019,Federal/ES,4.42,litro,quantidade_litros,GASOLINA COMUM
federal,diesel,2019,Federal/ES,3.53,litro,quantidade_litros,ÓLEO DIESEL.
federal,diesel,2019,Federal/ES,3.72,litro,quantidade_litros,ÓLEO DIESEL.
federal,carne_bovina,2019,Federal/ES,14.8,kg,heuristica,CARNE BOVINA IN NATURA
federal,carne_bovina,2019,Federal/ES,24.9,kg,heuristica,CARNE BOVINA IN NATURA
federal,carne_bovina,2019,Federal/ES,16.0,kg,heuristica,CARNE BOVINA IN NATURA
federal,carne_bovina,2019,Federal/ES,17.4,kg,heuristica,CARNE BOVINA IN NATURA
federal,carne_bovina,2019,Federal/ES,17.9,kg,heuristica,CARNE BOVINA IN NATURA
federal,carne_suina,2019,Federal/ES,11.0,kg,heuristica,CARNE SUÍNA IN NATURA
federal,carne_suina,2019,Federal/ES,14.9,kg,heuristica,CARNE SUÍNA IN NATURA
federal,leite_integral,2019,Federal/ES,3.1,litro,heuristica,LEITE FLUIDO
federal,leite_integral,2019,Federal/ES,3.1,litro,heuristica,LEITE FLUIDO
federal,leite_po,2019,Federal/ES,21.5,kg,heuristica,LEITE EM PÓ
federal,margarina,2019,Federal/ES,22.0,kg,heuristica,'MARGARINA'
federal,cebola,2019,Federal/ES,5.0,kg,heuristica,CEBOLA IN NATURA
federal,vinagre,2019,Federal/ES,2.5333,litro,heuristica,VINAGRE
federal,vinagre,2019,Federal/ES,4.6667,litro,heuristica,VINAGRE
federal,argamassa,2019,Federal/ES,3.5,kg,heuristica,ARGAMASSA
federal,gas_glp,2019,Federal/ES,77.0,botijao_13kg,unitario,GÁS LIQUEFEITO DE PETRÓLEO - GLP
federal,detergente,2019,Federal/ES,4.0,litro,heuristica,DETERGENTE
federal,vassoura,2019,Federal/ES,15.5,unidade,unitario,VASSOURA
federal,gas_glp,2019,Federal/ES,66.0,botijao_13kg,unitario,BOTIJÃO GÁS LIQUEFEITO DE PETRÓLEO - GLP
federal,ar_condicionado,2019,Federal/ES,953.125,unidade,unitario,AR CONDICIONADO VEICULO - INSTALACAO / MONTAGEM / MANUTENCAO
federal,cafe,2019,Federal/ES,13.36,kg,heuristica,'CAFÉ'
federal,ar_condicionado,2019,Federal/ES,1150.0,unidade,unitario,AR CONDICIONADO - MANUTENCAO DE APARELHOS DE PAREDE
federal,agua_mineral,2019,Federal/ES,8.4,litro,heuristica,ÁGUA MINERAL NATURAL
federal,feijao,2019,Federal/ES,4.86,kg,heuristica,FEIJÃO
federal,feijao,2019,Federal/ES,4.6,kg,heuristica,FEIJÃO
federal,chuchu,2019,Federal/ES,1.4,kg,heuristica,CHUCHU IN NATURA
federal,suco,2019,Federal/ES,10.47,litro,heuristica,SUCO
federal,suco,2019,Federal/ES,9.69,litro,heuristica,SUCO
federal,toner,2019,Federal/ES,680.0,unidade,unitario,CARTUCHO TONER IMPRESSORA LEXMARK
federal,agua_mineral,2019,Federal/ES,8.8,litro,heuristica,ÁGUA MINERAL NATURAL
federal,ar_condicionado,2019,Federal/ES,15250.0,unidade,unitario,AR CONDICIONADO - INSTALACAO/MONTAGEM/DESMONATAGEM/REMOÇÃO -(PAREDE / SISTEMAS)
federal,cafe,2019,Federal/ES,14.5,kg,heuristica,'CAFÉ'
federal,alcool,2019,Federal/ES,7.14,litro,heuristica,ÁLCOOL ETÍLICO LIMPEZA DE AMBIENTES
federal,alcool,2019,Federal/ES,10.0,litro,heuristica,ÁLCOOL ETÍLICO
federal,alcool,2019,Federal/ES,7.74,litro,heuristica,ÁLCOOL ETÍLICO
federal,disjuntor,2019,Federal/ES,114.0,unidade,unitario,DISJUNTOR ALTA TENSÃO
federal,toner,2019,Federal/ES,65.9,unidade,unitario,CARTUCHO TONER IMPRESSORA HP
federal,ar_condicionado,2019,Federal/ES,17498.0,unidade,unitario,AR CONDICIONADO - MANUTENCAO DE SISTEMAS / LIMPEZA
federal,ar_condicionado,2019,Federal/ES,17498.0,unidade,unitario,AR CONDICIONADO - MANUTENCAO DE SISTEMAS / LIMPEZA
federal,cimento,2019,Federal/ES,21.0,saco_50kg,unitario,CIMENTO PORTLAND
federal,tijolo,2019,Federal/ES,2.45,unidade,unitario,BLOCO DE CONCRETO
federal,abobora,2019,Federal/ES,1.99,kg,heuristica,ABÓBORA IN-NATURA
federal,cebola,2019,Federal/ES,3.15,kg,heuristica,CEBOLA IN NATURA
federal,feijao,2019,Federal/ES,4.6,kg,heuristica,FEIJÃO
federal,iogurte,2019,Federal/ES,6.93,litro,heuristica,IOGURTE NATURAL
federal,iogurte,2019,Federal/ES,6.93,litro,heuristica,IOGURTE NATURAL
federal,cafe,2019,Federal/ES,35.96,kg,heuristica,'CAFÉ'
federal,gasolina,2019,Federal/ES,4.3,litro,quantidade_litros,GASOLINA COMUM
federal,diesel,2019,Federal/ES,3.41,litro,quantidade_litros,ÓLEO DIESEL.
federal,cafe,2019,Federal/ES,15.0,kg,heuristica,'CAFÉ'
federal,envelope,2019,Federal/ES,0.44,unidade,unitario,'ENVELOPE'
federal,envelope,2019,Federal/ES,0.2,unidade,unitario,'ENVELOPE'
federal,envelope,2019,Federal/ES,1.0,unidade,unitario,'ENVELOPE'
federal,envelope,2019,Federal/ES,0.16,unidade,unitario,'ENVELOPE'
federal,tubo_pvc,2019,Federal/ES,155.9,metro,unitario,TUBO PVC SOLDÁVEL
federal,tubo_pvc,2019,Federal/ES,56.9,metro,unitario,TUBO PVC SOLDÁVEL
federal,tubo_pvc,2019,Federal/ES,66.9,metro,unitario,TUBO PVC SOLDÁVEL
federal,pneu,2019,Federal/ES,172.0,unidade,unitario,PNEU VEÍCULO AUTOMOTIVO
federal,pneu,2019,Federal/ES,740.0,unidade,unitario,PNEU VEÍCULO AUTOMOTIVO
federal,pneu,2019,Federal/ES,690.0,unidade,unitario,PNEU VEÍCULO AUTOMOTIVO
federal,pneu,2019,Federal/ES,229.0,unidade,unitario,PNEU VEÍCULO AUTOMOTIVO
federal,pneu,2019,Federal/ES,580.0,unidade,unitario,PNEU VEÍCULO AUTOMOTIVO
federal,pneu,2019,Federal/ES,265.0,unidade,unitario,PNEU VEÍCULO AUTOMOTIVO
federal,pneu,2019,Federal/ES,285.0,unidade,unitario,PNEU VEÍCULO AUTOMOTIVO
federal,pneu,2019,Federal/ES,415.0,unidade,unitario,PNEU VEÍCULO AUTOMOTIVO
federal,tijolo,2019,Federal/ES,1.6,unidade,unitario,BLOCO DE CONCRETO
federal,tijolo,2019,Federal/ES,1.79,unidade,unitario,BLOCO DE CONCRETO
federal,tubo_pvc,2019,Federal/ES,185.25,metro,unitario,TUBO PVC SOLDÁVEL
federal,tubo_pvc,2019,Federal/ES,41.0,metro,unitario,TUBO PVC SOLDÁVEL
federal,tubo_pvc,2019,Federal/ES,116.0,metro,unitario,TUBO PVC SOLDÁVEL
federal,tubo_pvc,2019,Federal/ES,7.85,metro,unitario,TUBO PVC SOLDÁVEL
federal,tubo_pvc,2019,Federal/ES,10.55,metro,unitario,TUBO PVC SOLDÁVEL
federal,tubo_pvc,2019,Federal/ES,20.0,metro,unitario,TUBO PVC SOLDÁVEL
federal,tubo_pvc,2019,Federal/ES,15.99,metro,unitario,TUBO PVC SOLDÁVEL
federal,tubo_pvc,2019,Federal/ES,24.36,metro,unitario,TUBO PVC SOLDÁVEL
federal,tubo_pvc,2019,Federal/ES,41.36,metro,unitario,TUBO PVC SOLDÁVEL
federal,tubo_pvc,2019,Federal/ES,22.36,metro,unitario,TUBO PVC SOLDÁVEL
federal,tubo_pvc,2019,Federal/ES,65.24,metro,unitario,TUBO PVC SOLDÁVEL
federal,tubo_pvc,2019,Federal/ES,64.99,metro,unitario,TUBO PVC SOLDÁVEL
federal,tubo_pvc,2019,Federal/ES,49.99,metro,unitario,TUBO PVC SOLDÁVEL
federal,tubo_pvc,2019,Federal/ES,89.26,metro,unitario,TUBO PVC SOLDÁVEL
federal,lapis,2019,Federal/ES,1.31,unidade,unitario,LÁPIS PRETO
federal,mascara_descartavel,2019,Federal/ES,1.0,unidade,unitario,MÁSCARA DESCARTÁVEL USO GERAL
federal,torneira,2019,Federal/ES,109.65,unidade,unitario,REPARO TORNEIRA
federal,torneira,2019,Federal/ES,32.0,unidade,unitario,REPARO TORNEIRA
federal,torneira,2019,Federal/ES,25.0,unidade,unitario,REPARO TORNEIRA
federal,torneira,2019,Federal/ES,15.0,unidade,unitario,REPARO TORNEIRA
federal,torneira,2019,Federal/ES,35.0,unidade,unitario,REPARO TORNEIRA
federal,torneira,2019,Federal/ES,27.0,unidade,unitario,REPARO TORNEIRA
federal,torneira,2019,Federal/ES,36.72,unidade,unitario,REPARO TORNEIRA
federal,vassoura,2019,Federal/ES,17.04,unidade,unitario,VASSOURA
federal,vassoura,2019,Federal/ES,9.2,unidade,unitario,VASSOURA
federal,vassoura,2019,Federal/ES,9.96,unidade,unitario,VASSOURA
federal,bebedouro,2019,Federal/ES,1772.0,unidade,unitario,BEBEDOURO ÁGUA
federal,agua_mineral,2019,Federal/ES,6.6,litro,heuristica,ÁGUA MINERAL NATURAL
federal,agua_sanitaria,2019,Federal/ES,2.99,litro,heuristica,ÁGUA SANITÁRIA
federal,agua_sanitaria,2019,Federal/ES,2.99,litro,heuristica,ÁGUA SANITÁRIA
federal,cebola,2019,Federal/ES,3.88,kg,heuristica,CEBOLA IN NATURA
federal,cebola,2019,Federal/ES,3.88,kg,heuristica,CEBOLA IN NATURA
federal,carne_bovina,2019,Federal/ES,15.9,kg,heuristica,CARNE BOVINA IN NATURA
federal,carne_suina,2019,Federal/ES,11.9,kg,heuristica,CARNE SUÍNA IN NATURA
federal,carne_suina,2019,Federal/ES,15.9,kg,heuristica,CARNE SUÍNA IN NATURA
federal,carne_suina,2019,Federal/ES,13.9,kg,heuristica,CARNE SUÍNA IN NATURA
federal,carne_bovina,2019,Federal/ES,19.9,kg,heuristica,CARNE BOVINA IN NATURA
federal,agua_mineral,2019,Federal/ES,6.12,litro,heuristica,ÁGUA MINERAL NATURAL
federal,agua_mineral,2019,Federal/ES,7.74,litro,heuristica,ÁGUA MINERAL NATURAL
federal,disjuntor,2019,Federal/ES,9.6,unidade,unitario,DISJUNTOR BAIXA TENSÃO
federal,disjuntor,2019,Federal/ES,87.0,unidade,unitario,DISJUNTOR BAIXA TENSÃO
federal,torneira,2019,Federal/ES,61.9,unidade,unitario,TORNEIRA
federal,tubo_pvc,2019,Federal/ES,46.9,metro,unitario,TUBO PVC ROSCÁVEL
federal,tubo_pvc,2019,Federal/ES,32.56,metro,unitario,TUBO PVC ROSCÁVEL
federal,agua_mineral,2019,Federal/ES,10.0,litro,heuristica,ÁGUA MINERAL NATURAL
federal,alcool,2019,Federal/ES,25.0,litro,heuristica,ÁLCOOL ETÍLICO
federal,caneta_esferografica,2019,Federal/ES,0.88,unidade,unitario,CANETA ESFEROGRÁFICA
federal,envelope,2019,Federal/ES,0.221,unidade,unitario,'ENVELOPE'
federal,envelope,2019,Federal/ES,0.404,unidade,unitario,'ENVELOPE'
federal,grampeador,2019,Federal/ES,26.64,unidade,unitario,GRAMPEADOR
federal,papel_higienico,2019,Federal/ES,5.78,rolo,unitario,PAPEL HIGIÊNICO
federal,ar_condicionado,2019,Federal/ES,10160.0,unidade,unitario,AR CONDICIONADO - MANUTENCAO DE SISTEMAS / LIMPEZA
federal,acucar,2019,Federal/ES,8.59,kg,heuristica,'AÇÚCAR'
federal,argamassa,2019,Federal/ES,4.95,kg,heuristica,ARGAMASSA
federal,alcool,2019,Federal/ES,5.7,litro,heuristica,ÁLCOOL ETÍLICO LIMPEZA DE AMBIENTES
federal,toner,2019,Federal/ES,100.0,unidade,unitario,CARTUCHO TONER IMPRESSORA SAMSUNG
federal,toner,2019,Federal/ES,70.0,unidade,unitario,CARTUCHO TONER IMPRESSORA HP
federal,grampeador,2019,Federal/ES,15.9,unidade,unitario,GRAMPEADOR
federal,apontador,2019,Federal/ES,1.25,unidade,unitario,APONTADOR LÁPIS
federal,suco,2019,Federal/ES,11.85,litro,heuristica,SUCO
federal,extintor,2019,Federal/ES,60.0,unidade,unitario,MANÔMETRO EXTINTOR INCÊNDIO
federal,extintor,2019,Federal/ES,60.0,unidade,unitario,MANÔMETRO EXTINTOR INCÊNDIO
federal,argamassa,2019,Federal/ES,9.0,kg,heuristica,ARGAMASSA REFRATARIA
federal,argamassa,2019,Federal/ES,9.0,kg,heuristica,ARGAMASSA REFRATARIA
federal,argamassa,2019,Federal/ES,4.46,kg,heuristica,ARGAMASSA
federal,argamassa,2019,Federal/ES,4.46,kg,heuristica,ARGAMASSA
federal,grampeador,2019,Federal/ES,24.0,unidade,unitario,GRAMPEADOR
federal,ar_condicionado,2019,Federal/ES,3000.0,unidade,unitario,AR CONDICIONADO - INSTALACAO/MONTAGEM/DESMONATAGEM/REMOÇÃO -(PAREDE / SISTEMAS)
federal,carne_bovina,2019,Federal/ES,13.0,kg,heuristica,CARNE BOVINA IN NATURA
federal,leite_integral,2019,Federal/ES,2.65,litro,heuristica,LEITE FLUIDO
federal,leite_integral,2019,Federal/ES,2.65,litro,heuristica,LEITE FLUIDO
federal,aas,2019,Federal/ES,0.04,unidade,unitario,ÁCIDO ACETILSALICÍLICO
federal,atenolol,2019,Federal/ES,0.06,unidade,unitario,ATENOLOL
federal,captopril,2019,Federal/ES,0.04,unidade,unitario,CAPTOPRIL
federal,dexametasona,2019,Federal/ES,0.8,unidade,unitario,DEXAMETASONA
federal,diazepam,2019,Federal/ES,1.29,unidade,unitario,DIAZEPAM
federal,propranolol,2019,Federal/ES,0.04,unidade,unitario,PROPRANOLOL CLORIDRATO
federal,carne_bovina,2019,Federal/ES,13.0,kg,heuristica,CARNE BOVINA IN NATURA
federal,disjuntor,2019,Federal/ES,37.0,unidade,unitario,BASE DE DISJUNTOR
federal,disjuntor,2019,Federal/ES,29.75,unidade,unitario,BASE DE DISJUNTOR
federal,disjuntor,2019,Federal/ES,5.18,unidade,unitario,BASE DE DISJUNTOR
federal,disjuntor,2019,Federal/ES,6.46,unidade,unitario,BASE DE DISJUNTOR
federal,disjuntor,2019,Federal/ES,5.18,unidade,unitario,BASE DE DISJUNTOR
federal,extintor,2019,Federal/ES,150.0,unidade,unitario,EXTINTOR INCÊNDIO
federal,extintor,2019,Federal/ES,170.0,unidade,unitario,EXTINTOR INCÊNDIO
federal,extintor,2019,Federal/ES,110.0,unidade,unitario,EXTINTOR INCÊNDIO
federal,extintor,2019,Federal/ES,300.0,unidade,unitario,EXTINTOR INCÊNDIO
federal,alcool,2019,Federal/ES,7.0,litro,heuristica,ÁLCOOL ETÍLICO
federal,mascara_descartavel,2019,Federal/ES,0.1,unidade,unitario,MÁSCARA CIRÚRGICA
federal,luva_procedimento,2019,Federal/ES,8.0,caixa_100,unitario,LUVA CIRÚRGICA
federal,luva_procedimento,2019,Federal/ES,8.0,caixa_100,unitario,LUVA CIRÚRGICA
federal,luva_procedimento,2019,Federal/ES,8.0,caixa_100,unitario,LUVA CIRÚRGICA
federal,fenobarbital,2019,Federal/ES,0.1,unidade,unitario,FENOBARBITAL SÓDICO
federal,dipirona,2019,Federal/ES,0.07,unidade,unitario,DIPIRONA SÓDICA
federal,paracetamol,2019,Federal/ES,0.05,unidade,unitario,PARACETAMOL
federal,anlodipino,2019,Federal/ES,0.02,unidade,unitario,ANLODIPINO BESILATO
federal,aas,2019,Federal/ES,0.36,unidade,unitario,ÁCIDO ACETILSALICÍLICO
federal,levotiroxina,2019,Federal/ES,0.1,unidade,unitario,LEVOTIROXINA SÓDICA
federal,levotiroxina,2019,Federal/ES,0.15,unidade,unitario,LEVOTIROXINA SÓDICA
federal,albendazol,2019,Federal/ES,1.68,unidade,unitario,ALBENDAZOL
federal,amoxicilina,2019,Federal/ES,8.15,unidade,unitario,AMOXICILINA
federal,amoxicilina,2019,Federal/ES,1.0,unidade,unitario,AMOXICILINA
federal,amoxicilina,2019,Federal/ES,11.85,unidade,unitario,AMOXICILINA
federal,alcool,2019,Federal/ES,10.3,litro,heuristica,ÁLCOOL ETÍLICO
federal,caneta_esferografica,2019,Federal/ES,0.4233,unidade,unitario,CANETA ESFEROGRÁFICA
federal,acucar,2019,Federal/ES,11.2,kg,heuristica,'AÇÚCAR'
federal,cafe,2019,Federal/ES,13.899,kg,heuristica,'CAFÉ'
federal,ar_condicionado,2019,Federal/ES,2994.0,unidade,unitario,AR CONDICIONADO - MANUTENCAO DE APARELHOS DE PAREDE
federal,agua_mineral,2019,Federal/ES,10.74,litro,heuristica,ÁGUA MINERAL NATURAL
federal,tubo_pvc,2019,Federal/ES,9.2,metro,unitario,TUBO PVC SOLDÁVEL
federal,envelope,2019,Federal/ES,0.15,unidade,unitario,'ENVELOPE'
federal,acucar,2019,Federal/ES,5.25,kg,heuristica,'AÇÚCAR'
federal,acucar,2019,Federal/ES,3.35,kg,heuristica,'AÇÚCAR'
federal,arroz,2019,Federal/ES,2.596,kg,heuristica,'ARROZ'
federal,achocolatado,2019,Federal/ES,22.375,kg,heuristica,'ACHOCOLATADO'
federal,feijao,2019,Federal/ES,6.88,kg,heuristica,FEIJÃO
federal,leite_po,2019,Federal/ES,29.5,kg,heuristica,LEITE EM PÓ
federal,leite_po,2019,Federal/ES,29.5,kg,heuristica,LEITE EM PÓ
federal,leite_integral,2019,Federal/ES,2.98,litro,heuristica,LEITE FLUIDO
federal,leite_integral,2019,Federal/ES,2.98,litro,heuristica,LEITE FLUIDO
federal,macarrao,2019,Federal/ES,7.36,kg,heuristica,'MACARRÃO'
federal,macarrao,2019,Federal/ES,7.16,kg,heuristica,'MACARRÃO'
federal,macarrao,2019,Federal/ES,7.3,kg,heuristica,'MACARRÃO'
federal,suco,2019,Federal/ES,16.9,litro,heuristica,SUCO
federal,vinagre,2019,Federal/ES,10.2667,litro,heuristica,VINAGRE
federal,carne_bovina,2019,Federal/ES,15.9,kg,heuristica,CARNE BOVINA IN NATURA
federal,carne_bovina,2019,Federal/ES,19.9,kg,heuristica,CARNE BOVINA IN NATURA
federal,margarina,2019,Federal/ES,15.1,kg,heuristica,'MARGARINA'
federal,carne_bovina,2019,Federal/ES,16.9,kg,heuristica,CARNE BOVINA IN NATURA
federal,ovos,2019,Federal/ES,6.25,duzia,unitario,BANDEJA OVOS
federal,carne_bovina,2019,Federal/ES,19.9,kg,heuristica,CARNE BOVINA IN NATURA
federal,cebola,2019,Federal/ES,4.29,kg,heuristica,CEBOLA IN NATURA
federal,chuchu,2019,Federal/ES,1.79,kg,heuristica,CHUCHU IN NATURA
federal,tijolo,2019,Federal/ES,16.0,unidade,unitario,BLOCO DE CONCRETO
federal,tubo_pvc,2019,Federal/ES,9.9,metro,unitario,TUBO PVC SOLDÁVEL
federal,acucar,2019,Federal/ES,9.29,kg,heuristica,'AÇÚCAR'
federal,cafe,2019,Federal/ES,41.52,kg,heuristica,'CAFÉ'
federal,cafe,2019,Federal/ES,21.54,kg,heuristica,'CAFÉ'
federal,cafe,2019,Federal/ES,19.74,kg,heuristica,'CAFÉ'
federal,agua_sanitaria,2019,Federal/ES,2.07,litro,heuristica,ÁGUA SANITÁRIA
federal,alcool,2019,Federal/ES,4.2,litro,heuristica,ÁLCOOL ETÍLICO
federal,alcool,2019,Federal/ES,4.65,litro,heuristica,ÁLCOOL ETÍLICO
federal,detergente,2019,Federal/ES,2.6,litro,heuristica,DETERGENTE
federal,vassoura,2019,Federal/ES,12.55,unidade,unitario,VASSOURA
federal,toner,2019,Federal/ES,34.0,unidade,unitario,CARTUCHO TONER IMPRESSORA HP
federal,toner,2019,Federal/ES,34.0,unidade,unitario,CARTUCHO TONER IMPRESSORA HP
federal,acucar,2019,Federal/ES,9.39,kg,heuristica,'AÇÚCAR'
federal,torneira,2019,Federal/ES,84.0,unidade,unitario,TORNEIRA
federal,disjuntor,2019,Federal/ES,55.0,unidade,unitario,DISJUNTOR BAIXA TENSÃO
federal,disjuntor,2019,Federal/ES,8.9,unidade,unitario,DISJUNTOR BAIXA TENSÃO
federal,ar_condicionado,2019,Federal/ES,1450.0,unidade,unitario,AR CONDICIONADO - MANUTENCAO DE APARELHOS DE PAREDE
federal,gasolina,2019,Federal/ES,4.39,litro,quantidade_litros,GASOLINA COMUM
federal,sinvastatina,2019,Federal/ES,0.0599,unidade,unitario,SINVASTATINA
federal,losartana,2019,Federal/ES,0.07,unidade,unitario,LOSARTANA POTÁSSICA
federal,captopril,2019,Federal/ES,0.03,unidade,unitario,CAPTOPRIL
federal,furosemida,2019,Federal/ES,0.05,unidade,unitario,FUROSEMIDA
federal,salbutamol,2019,Federal/ES,8.0,unidade,unitario,SALBUTAMOL
federal,metronidazol,2019,Federal/ES,1.66,unidade,unitario,METRONIDAZOL
federal,bebedouro,2019,Federal/ES,2040.0,unidade,unitario,BEBEDOURO ÁGUA
federal,agua_mineral,2019,Federal/ES,6.44,litro,heuristica,ÁGUA MINERAL NATURAL
federal,agua_mineral,2019,Federal/ES,7.85,litro,heuristica,ÁGUA MINERAL NATURAL
federal,agua_mineral,2019,Federal/ES,7.95,litro,heuristica,ÁGUA MINERAL NATURAL
federal,agua_mineral,2019,Federal/ES,7.92,litro,heuristica,ÁGUA MINERAL NATURAL
federal,agua_mineral,2019,Federal/ES,8.07,litro,heuristica,ÁGUA MINERAL NATURAL
federal,cafe,2019,Federal/ES,22.7,kg,heuristica,'CAFÉ'
federal,cafe,2019,Federal/ES,25.7,kg,heuristica,'CAFÉ'
federal,carne_bovina,2019,Federal/ES,12.5,kg,heuristica,CARNE BOVINA IN NATURA
federal,carne_bovina,2019,Federal/ES,17.2,kg,heuristica,CARNE BOVINA IN NATURA
federal,carne_bovina,2019,Federal/ES,20.8,kg,heuristica,CARNE BOVINA IN NATURA
federal,carne_bovina,2019,Federal/ES,15.6,kg,heuristica,CARNE BOVINA IN NATURA
federal,carne_bovina,2019,Federal/ES,14.3,kg,heuristica,CARNE BOVINA IN NATURA
federal,carne_bovina,2019,Federal/ES,14.2,kg,heuristica,CARNE BOVINA IN NATURA
federal,carne_suina,2019,Federal/ES,9.85,kg,heuristica,CARNE SUÍNA IN NATURA
federal,carne_suina,2019,Federal/ES,13.4,kg,heuristica,CARNE SUÍNA IN NATURA
federal,carne_suina,2019,Federal/ES,15.5,kg,heuristica,CARNE SUÍNA IN NATURA
federal,carne_bovina,2019,Federal/ES,12.49,kg,heuristica,CARNE BOVINA IN NATURA
federal,carne_bovina,2019,Federal/ES,17.28,kg,heuristica,CARNE BOVINA IN NATURA
federal,carne_bovina,2019,Federal/ES,17.28,kg,heuristica,CARNE BOVINA IN NATURA
federal,carne_bovina,2019,Federal/ES,14.49,kg,heuristica,CARNE BOVINA IN NATURA
federal,carne_bovina,2019,Federal/ES,17.79,kg,heuristica,CARNE BOVINA IN NATURA
federal,carne_suina,2019,Federal/ES,10.79,kg,heuristica,CARNE SUÍNA IN NATURA
federal,carne_bovina,2019,Federal/ES,20.53,kg,heuristica,CARNE BOVINA IN NATURA
federal,detergente,2019,Federal/ES,18.1,litro,heuristica,DETERGENTE ÁCIDO
federal,detergente,2019,Federal/ES,18.2,litro,heuristica,DETERGENTE
federal,detergente,2019,Federal/ES,20.4,litro,heuristica,DETERGENTE SANEANTE
federal,detergente,2019,Federal/ES,8.8,litro,heuristica,DETERGENTE
federal,detergente,2019,Federal/ES,15.18,litro,heuristica,DETERGENTE
federal,detergente,2019,Federal/ES,8.8,litro,heuristica,DETERGENTE
federal,grampeador,2019,Federal/ES,11.0,unidade,unitario,GRAMPEADOR
federal,agua_mineral,2019,Federal/ES,7.9,litro,heuristica,ÁGUA MINERAL NATURAL
federal,tubo_pvc,2019,Federal/ES,79.9,metro,unitario,TUBO PVC ROSCÁVEL
federal,apontador,2019,Federal/ES,2.5,unidade,unitario,APONTADOR LÁPIS
federal,caneta_esferografica,2019,Federal/ES,0.5598,unidade,unitario,CANETA ESFEROGRÁFICA
federal,caneta_esferografica,2019,Federal/ES,0.5598,unidade,unitario,CANETA ESFEROGRÁFICA
federal,caneta_esferografica,2019,Federal/ES,0.5598,unidade,unitario,CANETA ESFEROGRÁFICA
federal,envelope,2019,Federal/ES,0.08,unidade,unitario,'ENVELOPE'
federal,grampeador,2019,Federal/ES,5.0,unidade,unitario,GRAMPO GRAMPEADOR
federal,cafe,2019,Federal/ES,35.2,kg,heuristica,'CAFÉ'
federal,acucar,2019,Federal/ES,1.776,kg,heuristica,'AÇÚCAR'
federal,toner,2019,Federal/ES,80.0,unidade,unitario,CARTUCHO TONER IMPRESSORA OKIDATA
federal,ar_condicionado,2019,Federal/ES,7590.0,unidade,unitario,AR CONDICIONADO - MANUTENCAO DE APARELHOS DE PAREDE
federal,toner,2019,Federal/ES,31.165,unidade,unitario,CARTUCHO TONER IMPRESSORA HP
federal,toner,2019,Federal/ES,65.6667,unidade,unitario,CARTUCHO TONER IMPRESSORA HP
federal,caneta_esferografica,2019,Federal/ES,0.4998,unidade,unitario,CANETA ESFEROGRÁFICA
federal,caneta_esferografica,2019,Federal/ES,0.4998,unidade,unitario,CANETA ESFEROGRÁFICA
federal,toner,2019,Federal/ES,44.79,unidade,unitario,CARTUCHO TONER IMPRESSORA BROTHER
federal,toner,2019,Federal/ES,449.0,unidade,unitario,CARTUCHO TONER IMPRESSORA OKIDATA
federal,diazepam,2019,Federal/ES,2.5,unidade,unitario,DIAZEPAM
federal,dipirona,2019,Federal/ES,5.0,unidade,unitario,DIPIRONA SÓDICA
federal,ibuprofeno,2019,Federal/ES,5.77,unidade,unitario,IBUPROFENO
federal,dexametasona,2019,Federal/ES,9.25,unidade,unitario,DEXAMETASONA
federal,metronidazol,2019,Federal/ES,5.28,unidade,unitario,METRONIDAZOL
federal,agulha_descartavel,2019,Federal/ES,0.75,unidade,unitario,AGULHA HIPODÉRMICA
federal,agulha_descartavel,2019,Federal/ES,0.82,unidade,unitario,AGULHA HIPODÉRMICA
federal,agulha_descartavel,2019,Federal/ES,0.25,unidade,unitario,AGULHA HIPODÉRMICA
federal,agulha_descartavel,2019,Federal/ES,0.82,unidade,unitario,AGULHA HIPODÉRMICA
federal,seringa,2019,Federal/ES,0.29,unidade,unitario,SERINGA
federal,seringa,2019,Federal/ES,3.49,unidade,unitario,SERINGA
federal,seringa,2019,Federal/ES,0.23,unidade,unitario,SERINGA
federal,seringa,2019,Federal/ES,0.25,unidade,unitario,SERINGA
federal,seringa,2019,Federal/ES,0.35,unidade,unitario,SERINGA
federal,seringa,2019,Federal/ES,0.33,unidade,unitario,SERINGA
federal,seringa,2019,Federal/ES,0.45,unidade,unitario,SERINGA
federal,mascara_descartavel,2019,Federal/ES,0.2,unidade,unitario,MÁSCARA CIRÚRGICA
federal,ranitidina,2019,Federal/ES,2.6667,unidade,unitario,RANITIDINA CLORIDRATO
federal,furosemida,2019,Federal/ES,1.5,unidade,unitario,FUROSEMIDA
federal,papel_a4,2019,Federal/ES,13.7435,resma,unitario,'PAPEL A4'
federal,acucar,2019,Federal/ES,9.59,kg,heuristica,'AÇÚCAR'
federal,toner,2019,Federal/ES,74.3,unidade,unitario,CARTUCHO TONER IMPRESSORA HP
federal,argamassa,2019,Federal/ES,1.445,kg,heuristica,ARGAMASSA
federal,argamassa,2019,Federal/ES,2.5,kg,heuristica,ARGAMASSA
federal,ar_condicionado,2019,Federal/ES,990.0,unidade,unitario,AR CONDICIONADO - MANUTENCAO DE APARELHOS DE PAREDE
federal,ar_condicionado,2019,Federal/ES,1250.0,unidade,unitario,AR CONDICIONADO - MANUTENCAO DE APARELHOS DE PAREDE
federal,impressora,2019,Federal/ES,3899.0,unidade,unitario,IMPRESSORA JATO TINTA
federal,fuba,2019,Federal/ES,3.5,kg,heuristica,'FUBÁ'
federal,macarrao,2019,Federal/ES,11.62,kg,heuristica,'MACARRÃO'
federal,suco,2019,Federal/ES,13.0,litro,heuristica,SUCO
federal,suco,2019,Federal/ES,13.0,litro,heuristica,SUCO
federal,alcool,2019,Federal/ES,4.35,litro,heuristica,ÁLCOOL ETÍLICO LIMPEZA DE AMBIENTES
federal,alcool,2019,Federal/ES,4.2,litro,heuristica,ÁLCOOL ETÍLICO LIMPEZA DE AMBIENTES
federal,torneira,2019,Federal/ES,20.0,unidade,unitario,TORNEIRA
federal,bebedouro,2019,Federal/ES,1800.0,unidade,unitario,BEBEDOURO ÁGUA
federal,mascara_descartavel,2019,Federal/ES,1.2333,unidade,unitario,MÁSCARA DESCARTÁVEL USO GERAL
federal,cafe,2019,Federal/ES,39.96,kg,heuristica,'CAFÉ'
federal,disjuntor,2019,Federal/ES,22.0,unidade,unitario,DISJUNTOR A VACUO
federal,disjuntor,2019,Federal/ES,21.98,unidade,unitario,DISJUNTOR A VACUO
federal,disjuntor,2019,Federal/ES,29.9,unidade,unitario,DISJUNTOR BAIXA TENSÃO
federal,disjuntor,2019,Federal/ES,5.5,unidade,unitario,DISJUNTOR BAIXA TENSÃO
federal,ar_condicionado,2019,Federal/ES,3000.0,unidade,unitario,AR CONDICIONADO - MANUTENCAO DE SISTEMAS / LIMPEZA
federal,alcool,2019,Federal/ES,3.65,litro,heuristica,ÁLCOOL ETÍLICO LIMPEZA DE AMBIENTES
federal,desinfetante,2019,Federal/ES,5.68,litro,heuristica,DESINFETANTE
federal,detergente,2019,Federal/ES,2.54,litro,heuristica,DETERGENTE
federal,papel_higienico,2019,Federal/ES,3.45,rolo,unitario,PAPEL HIGIÊNICO
federal,vassoura,2019,Federal/ES,9.99,unidade,unitario,VASSOURA
federal,cafe,2019,Federal/ES,10.86,kg,heuristica,'CAFÉ'
federal,cimento,2019,Federal/ES,21.9,saco_50kg,unitario,CIMENTO PORTLAND
federal,acucar,2019,Federal/ES,9.11,kg,heuristica,'AÇÚCAR'
federal,diesel,2019,Federal/ES,3.6,litro,quantidade_litros,ÓLEO DIESEL.
federal,leite_integral,2019,Federal/ES,2.99,litro,heuristica,LEITE FLUIDO
federal,bebedouro,2019,Federal/ES,1265.0,unidade,unitario,BEBEDOURO ÁGUA
federal,detergente,2019,Federal/ES,2.6,litro,heuristica,DETERGENTE
federal,dexametasona,2019,Federal/ES,4.93,unidade,unitario,DEXAMETASONA
federal,apontador,2019,Federal/ES,0.56,unidade,unitario,APONTADOR LÁPIS
federal,apontador,2019,Federal/ES,0.56,unidade,unitario,APONTADOR LÁPIS
federal,caneta_esferografica,2019,Federal/ES,5.25,unidade,unitario,CANETA ESFEROGRÁFICA
federal,caneta_esferografica,2019,Federal/ES,5.25,unidade,unitario,CANETA ESFEROGRÁFICA
federal,caneta_esferografica,2019,Federal/ES,6.24,unidade,unitario,CANETA ESFEROGRÁFICA
federal,caneta_esferografica,2019,Federal/ES,6.24,unidade,unitario,CANETA ESFEROGRÁFICA
federal,caneta_esferografica,2019,Federal/ES,6.24,unidade,unitario,CANETA ESFEROGRÁFICA
federal,caneta_esferografica,2019,Federal/ES,6.24,unidade,unitario,CANETA ESFEROGRÁFICA
federal,caneta_esferografica,2019,Federal/ES,6.59,unidade,unitario,CANETA ESFEROGRÁFICA
federal,caneta_esferografica,2019,Federal/ES,6.59,unidade,unitario,CANETA ESFEROGRÁFICA
federal,caneta_esferografica,2019,Federal/ES,19.63,unidade,unitario,CANETA ESFEROGRÁFICA
federal,caneta_esferografica,2019,Federal/ES,19.63,unidade,unitario,CANETA ESFEROGRÁFICA
federal,caneta_esferografica,2019,Federal/ES,19.26,unidade,unitario,CANETA ESFEROGRÁFICA
federal,caneta_esferografica,2019,Federal/ES,19.26,unidade,unitario,CANETA ESFEROGRÁFICA
federal,envelope,2019,Federal/ES,0.13,unidade,unitario,'ENVELOPE'
federal,envelope,2019,Federal/ES,0.13,unidade,unitario,'ENVELOPE'
federal,envelope,2019,Federal/ES,0.38,unidade,unitario,'ENVELOPE'
federal,envelope,2019,Federal/ES,0.38,unidade,unitario,'ENVELOPE'
federal,grampeador,2019,Federal/ES,8.93,unidade,unitario,PEÇAS E ACESSÓRIOS GRAMPEADOR
federal,grampeador,2019,Federal/ES,8.93,unidade,unitario,PEÇAS E ACESSÓRIOS GRAMPEADOR
federal,grampeador,2019,Federal/ES,12.32,unidade,unitario,PEÇAS E ACESSÓRIOS GRAMPEADOR
federal,grampeador,2019,Federal/ES,12.32,unidade,unitario,PEÇAS E ACESSÓRIOS GRAMPEADOR
federal,cebola,2019,Federal/ES,3.35,kg,heuristica,CEBOLA IN NATURA
federal,cebola,2019,Federal/ES,3.35,kg,heuristica,CEBOLA IN NATURA
federal,aipim,2019,Federal/ES,2.71,kg,heuristica,AIPIM IN NATURA
federal,aipim,2019,Federal/ES,2.71,kg,heuristica,AIPIM IN NATURA
federal,cebola,2019,Federal/ES,4.68,kg,heuristica,CEBOLA IN NATURA
federal,cebola,2019,Federal/ES,4.68,kg,heuristica,CEBOLA IN NATURA
federal,cebola,2019,Federal/ES,2.98,kg,heuristica,CEBOLA IN NATURA
federal,cebola,2019,Federal/ES,2.98,kg,heuristica,CEBOLA IN NATURA
federal,abobora,2019,Federal/ES,1.98,kg,heuristica,ABÓBORA IN-NATURA
federal,abobora,2019,Federal/ES,1.98,kg,heuristica,ABÓBORA IN-NATURA
federal,aipim,2019,Federal/ES,1.96,kg,heuristica,AIPIM IN NATURA
federal,aipim,2019,Federal/ES,1.96,kg,heuristica,AIPIM IN NATURA
federal,feijao,2019,Federal/ES,5.45,kg,heuristica,FEIJÃO
federal,feijao,2019,Federal/ES,5.45,kg,heuristica,FEIJÃO
federal,fuba,2019,Federal/ES,3.4,kg,heuristica,'FUBÁ'
federal,fuba,2019,Federal/ES,3.4,kg,heuristica,'FUBÁ'
federal,abobora,2019,Federal/ES,2.12,kg,heuristica,ABÓBORA IN-NATURA
federal,abobora,2019,Federal/ES,2.12,kg,heuristica,ABÓBORA IN-NATURA
federal,aipim,2019,Federal/ES,2.08,kg,heuristica,AIPIM IN NATURA
federal,aipim,2019,Federal/ES,2.08,kg,heuristica,AIPIM IN NATURA
federal,suco,2019,Federal/ES,4.99,litro,heuristica,SUCO
federal,agua_mineral,2019,Federal/ES,0.37,litro,heuristica,ÁGUA MINERAL NATURAL
federal,agua_mineral,2019,Federal/ES,0.37,litro,heuristica,ÁGUA MINERAL NATURAL
federal,seringa,2019,Federal/ES,0.57,unidade,unitario,SERINGA
federal,detergente,2019,Federal/ES,19.0,litro,heuristica,DETERGENTE - INDUSTRIAL
federal,cafe,2019,Federal/ES,17.0997,kg,heuristica,'CAFÉ'
federal,acucar,2019,Federal/ES,2.9267,kg,heuristica,'AÇÚCAR'
federal,ar_condicionado,2019,Federal/ES,1000.0,unidade,unitario,PEÇAS E ACESSÓRIOS APARELHO AR CONDICIONADO
federal,ar_condicionado,2019,Federal/ES,1150.0,unidade,unitario,AR CONDICIONADO - MANUTENCAO DE SISTEMAS / LIMPEZA
federal,ar_condicionado,2019,Federal/ES,1050.0,unidade,unitario,AR CONDICIONADO - MANUTENCAO DE SISTEMAS / LIMPEZA
federal,ar_condicionado,2019,Federal/ES,1150.0,unidade,unitario,AR CONDICIONADO - MANUTENCAO DE SISTEMAS / LIMPEZA
federal,ar_condicionado,2019,Federal/ES,1120.0,unidade,unitario,AR CONDICIONADO - MANUTENCAO DE SISTEMAS / LIMPEZA
federal,detergente,2019,Federal/ES,2.98,litro,heuristica,DETERGENTE
federal,alcool,2019,Federal/ES,11.17,litro,heuristica,ÁLCOOL ETÍLICO LIMPEZA DE AMBIENTES
federal,toner,2019,Federal/ES,49.0,unidade,unitario,CARTUCHO TONER IMPRESSORA HP
federal,toner,2019,Federal/ES,49.0,unidade,unitario,CARTUCHO TONER IMPRESSORA HP
federal,toner,2019,Federal/ES,220.0,unidade,unitario,CARTUCHO TONER IMPRESSORA SAMSUNG
federal,toner,2019,Federal/ES,364.0,unidade,unitario,CARTUCHO TONER IMPRESSORA SAMSUNG
federal,desinfetante,2019,Federal/ES,4.9248,litro,heuristica,DESINFETANTE
federal,vassoura,2019,Federal/ES,12.979,unidade,unitario,VASSOURA
federal,ar_condicionado,2019,Federal/ES,1689.0,unidade,unitario,APARELHO AR CONDICIONADO
federal,ar_condicionado,2019,Federal/ES,2738.0,unidade,unitario,APARELHO AR CONDICIONADO
federal,papel_higienico,2019,Federal/ES,4.1375,rolo,unitario,PAPEL HIGIÊNICO
federal,gas_glp,2019,Federal/ES,73.9007,botijao_13kg,unitario,GÁS LIQUEFEITO DE PETRÓLEO - GLP
federal,grampeador,2019,Federal/ES,49.9,unidade,unitario,GRAMPEADOR
federal,acucar,2019,Federal/ES,9.99,kg,heuristica,'AÇÚCAR'
federal,acucar,2019,Federal/ES,3.35,kg,heuristica,'AÇÚCAR'
federal,agua_mineral,2019,Federal/ES,1.3,litro,heuristica,ÁGUA MINERAL NATURAL
federal,arroz,2019,Federal/ES,2.996,kg,heuristica,'ARROZ'
federal,carne_suina,2019,Federal/ES,11.9,kg,heuristica,CARNE SUÍNA IN NATURA
federal,iogurte,2019,Federal/ES,6.85,litro,heuristica,IOGURTE NATURAL
federal,leite_po,2019,Federal/ES,27.45,kg,heuristica,LEITE EM PÓ
federal,carne_suina,2019,Federal/ES,15.9,kg,heuristica,CARNE SUÍNA IN NATURA
federal,margarina,2019,Federal/ES,13.1,kg,heuristica,'MARGARINA'
federal,margarina,2019,Federal/ES,14.7,kg,heuristica,'MARGARINA'
federal,milho_verde,2019,Federal/ES,4.98,kg,heuristica,MILHO VERDE IN - NATURA
federal,carne_suina,2019,Federal/ES,13.9,kg,heuristica,CARNE SUÍNA IN NATURA
federal,carne_bovina,2019,Federal/ES,19.9,kg,heuristica,CARNE BOVINA IN NATURA
federal,suco,2019,Federal/ES,6.48,litro,heuristica,SUCO
federal,suco,2019,Federal/ES,12.58,litro,heuristica,SUCO
federal,vinagre,2019,Federal/ES,2.6533,litro,heuristica,VINAGRE
federal,diesel,2019,Federal/ES,3.89,litro,quantidade_litros,ÓLEO DIESEL.
federal,gasolina,2019,Federal/ES,4.87,litro,quantidade_litros,GASOLINA COMUM
federal,alcool,2019,Federal/ES,8.7,litro,heuristica,ÁLCOOL ETÍLICO
federal,ar_condicionado,2019,Federal/ES,3290.0,unidade,unitario,APARELHO AR CONDICIONADO
federal,torneira,2019,Federal/ES,22.0,unidade,unitario,TORNEIRA
federal,extintor,2019,Federal/ES,48.0,unidade,unitario,PEÇA REPOSIÇÃO EXTINTOR INCÊNDIO
federal,argamassa,2019,Federal/ES,3.54,kg,heuristica,ARGAMASSA
federal,caneta_esferografica,2019,Federal/ES,11.79,unidade,unitario,CANETA ESFEROGRÁFICA
federal,ar_condicionado,2019,Federal/ES,1200.0,unidade,unitario,AR CONDICIONADO - MANUTENCAO DE APARELHOS DE PAREDE
federal,ar_condicionado,2019,Federal/ES,1200.0,unidade,unitario,AR CONDICIONADO - MANUTENCAO DE APARELHOS DE PAREDE
federal,ar_condicionado,2019,Federal/ES,800.0,unidade,unitario,AR CONDICIONADO - MANUTENCAO DE APARELHOS DE PAREDE
federal,ar_condicionado,2019,Federal/ES,1150.0,unidade,unitario,AR CONDICIONADO - MANUTENCAO DE APARELHOS DE PAREDE
federal,ar_condicionado,2019,Federal/ES,1150.0,unidade,unitario,AR CONDICIONADO - MANUTENCAO DE APARELHOS DE PAREDE
federal,feijao,2019,Federal/ES,5.8,kg,heuristica,FEIJÃO
federal,pneu,2019,Federal/ES,360.0,unidade,unitario,PNEU VEÍCULO AUTOMOTIVO
federal,papel_a4,2019,Federal/ES,16.9,resma,unitario,'PAPEL A4'
federal,gasolina,2019,Federal/ES,4.48,litro,quantidade_litros,GASOLINA COMUM
federal,diesel,2019,Federal/ES,3.63,litro,quantidade_litros,ÓLEO DIESEL.
federal,vassoura,2019,Federal/ES,10.62,unidade,unitario,VASSOURA
federal,bebedouro,2019,Federal/ES,1440.0,unidade,unitario,BEBEDOURO ÁGUA
federal,bebedouro,2019,Federal/ES,1440.0,unidade,unitario,BEBEDOURO ÁGUA
federal,bebedouro,2019,Federal/ES,500.0,unidade,unitario,BEBEDOURO ÁGUA
federal,bebedouro,2019,Federal/ES,500.0,unidade,unitario,BEBEDOURO ÁGUA
federal,bebedouro,2019,Federal/ES,2200.0,unidade,unitario,BEBEDOURO ÁGUA
federal,bebedouro,2019,Federal/ES,2200.0,unidade,unitario,BEBEDOURO ÁGUA
federal,bebedouro,2019,Federal/ES,1995.28,unidade,unitario,BEBEDOURO ÁGUA
federal,bebedouro,2019,Federal/ES,1995.28,unidade,unitario,BEBEDOURO ÁGUA
federal,cadeira,2019,Federal/ES,107.95,unidade,unitario,CADEIRA ESCOLAR
federal,cadeira,2019,Federal/ES,107.95,unidade,unitario,CADEIRA ESCOLAR
federal,ar_condicionado,2019,Federal/ES,1025.0,unidade,unitario,AR CONDICIONADO-APARELHO
federal,ar_condicionado,2019,Federal/ES,1025.0,unidade,unitario,AR CONDICIONADO-APARELHO
federal,ar_condicionado,2019,Federal/ES,1150.0,unidade,unitario,AR CONDICIONADO-APARELHO
federal,ar_condicionado,2019,Federal/ES,1150.0,unidade,unitario,AR CONDICIONADO-APARELHO
federal,ar_condicionado,2019,Federal/ES,1575.0,unidade,unitario,AR CONDICIONADO-APARELHO
federal,ar_condicionado,2019,Federal/ES,1575.0,unidade,unitario,AR CONDICIONADO-APARELHO
federal,ar_condicionado,2019,Federal/ES,2050.0,unidade,unitario,AR CONDICIONADO-APARELHO
federal,ar_condicionado,2019,Federal/ES,2050.0,unidade,unitario,AR CONDICIONADO-APARELHO
federal,ar_condicionado,2019,Federal/ES,3850.0,unidade,unitario,AR CONDICIONADO-APARELHO
federal,ar_condicionado,2019,Federal/ES,3850.0,unidade,unitario,AR CONDICIONADO-APARELHO
federal,ar_condicionado,2019,Federal/ES,5000.0,unidade,unitario,AR CONDICIONADO-APARELHO
federal,ar_condicionado,2019,Federal/ES,5000.0,unidade,unitario,AR CONDICIONADO-APARELHO
federal,ar_condicionado,2019,Federal/ES,5400.0,unidade,unitario,AR CONDICIONADO-APARELHO
federal,ar_condicionado,2019,Federal/ES,5400.0,unidade,unitario,AR CONDICIONADO-APARELHO
federal,ar_condicionado,2019,Federal/ES,1974.0,unidade,unitario,AR CONDICIONADO-APARELHO
federal,ar_condicionado,2019,Federal/ES,1974.0,unidade,unitario,AR CONDICIONADO-APARELHO
federal,extintor,2019,Federal/ES,99.0,unidade,unitario,EXTINTOR INCÊNDIO
federal,extintor,2019,Federal/ES,99.0,unidade,unitario,EXTINTOR INCÊNDIO
federal,extintor,2019,Federal/ES,109.0,unidade,unitario,EXTINTOR INCÊNDIO
federal,extintor,2019,Federal/ES,109.0,unidade,unitario,EXTINTOR INCÊNDIO
federal,extintor,2019,Federal/ES,350.0,unidade,unitario,EXTINTOR INCÊNDIO
federal,extintor,2019,Federal/ES,350.0,unidade,unitario,EXTINTOR INCÊNDIO
federal,caneta_esferografica,2019,Federal/ES,0.34,unidade,unitario,CANETA ESFEROGRÁFICA
federal,caneta_esferografica,2019,Federal/ES,0.3,unidade,unitario,CANETA ESFEROGRÁFICA
federal,caneta_esferografica,2019,Federal/ES,0.37,unidade,unitario,CANETA ESFEROGRÁFICA
federal,envelope,2019,Federal/ES,0.18,unidade,unitario,'ENVELOPE'
federal,envelope,2019,Federal/ES,0.2,unidade,unitario,'ENVELOPE'
federal,grampeador,2019,Federal/ES,9.01,unidade,unitario,GRAMPEADOR
federal,grampeador,2019,Federal/ES,6.25,unidade,unitario,GRAMPO GRAMPEADOR
federal,papel_a4,2019,Federal/ES,17.79,resma,unitario,'PAPEL A4'
federal,toner,2019,Federal/ES,190.0,unidade,unitario,CARTUCHO TONER IMPRESSORA LEXMARK
federal,toner,2019,Federal/ES,191.5,unidade,unitario,CARTUCHO TONER IMPRESSORA LEXMARK
federal,toner,2019,Federal/ES,67.0,unidade,unitario,CARTUCHO TONER IMPRESSORA SAMSUNG
federal,toner,2019,Federal/ES,55.0,unidade,unitario,CARTUCHO TONER IMPRESSORA / COPIADORA XEROX
federal,toner,2019,Federal/ES,70.47,unidade,unitario,CARTUCHO TONER IMPRESSORA / COPIADORA XEROX
federal,alcool,2019,Federal/ES,5.6,litro,heuristica,ÁLCOOL ETÍLICO
federal,detergente,2019,Federal/ES,2.54,litro,heuristica,DETERGENTE
federal,vassoura,2019,Federal/ES,7.19,unidade,unitario,VASSOURA
federal,vassoura,2019,Federal/ES,13.99,unidade,unitario,VASSOURA
federal,papel_higienico,2019,Federal/ES,0.52,rolo,unitario,PAPEL HIGIÊNICO
federal,toner,2019,Federal/ES,55.0,unidade,unitario,CARTUCHO TONER IMPRESSORA SAMSUNG
federal,toner,2019,Federal/ES,293.0,unidade,unitario,CARTUCHO TONER IMPRESSORA LEXMARK
federal,toner,2019,Federal/ES,290.0,unidade,unitario,CARTUCHO TONER IMPRESSORA LEXMARK
federal,toner,2019,Federal/ES,290.0,unidade,unitario,CARTUCHO TONER IMPRESSORA LEXMARK
federal,toner,2019,Federal/ES,290.0,unidade,unitario,CARTUCHO TONER IMPRESSORA LEXMARK
federal,luva_procedimento,2019,Federal/ES,46.33,caixa_100,unitario,LUVA CIRÚRGICA
federal,luva_procedimento,2019,Federal/ES,45.5,caixa_100,unitario,LUVA CIRÚRGICA
federal,agulha_descartavel,2019,Federal/ES,0.17,unidade,unitario,AGULHA HIPODÉRMICA
federal,gasolina,2019,Federal/ES,4.37,litro,quantidade_litros,GASOLINA COMUM
federal,diesel,2019,Federal/ES,3.37,litro,quantidade_litros,ÓLEO DIESEL.
federal,agua_mineral,2019,Federal/ES,6.65,litro,heuristica,ÁGUA MINERAL NATURAL
federal,cafe,2019,Federal/ES,31.6,kg,heuristica,'CAFÉ'
federal,alcool,2019,Federal/ES,10.84,litro,heuristica,ÁLCOOL ETÍLICO
federal,detergente,2019,Federal/ES,26.14,litro,heuristica,DETERGENTE
federal,acucar,2019,Federal/ES,2.3,kg,heuristica,'AÇÚCAR'
federal,papel_a4,2019,Federal/ES,14.43,resma,unitario,'PAPEL A4'
federal,agua_sanitaria,2019,Federal/ES,1.9,litro,heuristica,ÁGUA SANITÁRIA
federal,alcool,2019,Federal/ES,5.29,litro,heuristica,ÁLCOOL ETÍLICO LIMPEZA DE AMBIENTES
federal,alcool,2019,Federal/ES,7.08,litro,heuristica,ÁLCOOL ETÍLICO
federal,alcool,2019,Federal/ES,6.0,litro,heuristica,ÁLCOOL ETÍLICO
federal,amaciante,2019,Federal/ES,2.275,litro,heuristica,AMACIANTE DE ROUPA
federal,desinfetante,2019,Federal/ES,3.11,litro,heuristica,DESINFETANTE
federal,detergente,2019,Federal/ES,4.38,litro,heuristica,DETERGENTE
federal,papel_higienico,2019,Federal/ES,3.59,rolo,unitario,PAPEL HIGIÊNICO
federal,sabonete,2019,Federal/ES,1.47,unidade,unitario,SABONETE
federal,sabonete,2019,Federal/ES,8.39,unidade,unitario,SABONETE LÍQUIDO
federal,vassoura,2019,Federal/ES,8.24,unidade,unitario,VASSOURA
federal,vassoura,2019,Federal/ES,11.42,unidade,unitario,VASSOURA
federal,alcool,2019,Federal/ES,7.55,litro,heuristica,ÁLCOOL ETÍLICO
federal,luva_procedimento,2019,Federal/ES,65.0,caixa_100,unitario,LUVA CIRÚRGICA
federal,luva_procedimento,2019,Federal/ES,65.0,caixa_100,unitario,LUVA CIRÚRGICA
federal,luva_procedimento,2019,Federal/ES,64.99,caixa_100,unitario,LUVA CIRÚRGICA
federal,luva_procedimento,2019,Federal/ES,64.98,caixa_100,unitario,LUVA CIRÚRGICA
federal,luva_procedimento,2019,Federal/ES,64.98,caixa_100,unitario,LUVA CIRÚRGICA
federal,luva_procedimento,2019,Federal/ES,21.86,caixa_100,unitario,LUVA CIRÚRGICA
federal,luva_procedimento,2019,Federal/ES,21.44,caixa_100,unitario,LUVA CIRÚRGICA
federal,gas_glp,2019,Federal/ES,55.0,botijao_13kg,unitario,GÁS LIQUEFEITO DE PETRÓLEO - GLP
federal,extintor,2019,Federal/ES,45.0,unidade,unitario,CARGA EXTINTOR INCÊNDIO
federal,extintor,2019,Federal/ES,50.0,unidade,unitario,CARGA EXTINTOR INCÊNDIO
federal,extintor,2019,Federal/ES,80.0,unidade,unitario,CARGA EXTINTOR INCÊNDIO
federal,caneta_esferografica,2019,Federal/ES,0.39,unidade,unitario,CANETA ESFEROGRÁFICA
federal,caneta_esferografica,2019,Federal/ES,0.39,unidade,unitario,CANETA ESFEROGRÁFICA
federal,caneta_esferografica,2019,Federal/ES,0.39,unidade,unitario,CANETA ESFEROGRÁFICA
federal,envelope,2019,Federal/ES,0.31,unidade,unitario,'ENVELOPE'
federal,gas_glp,2019,Federal/ES,149.0,botijao_13kg,unitario,GÁS LIQUEFEITO DE PETRÓLEO - GLP
federal,gas_glp,2019,Federal/ES,81.3,botijao_13kg,unitario,GÁS LIQUEFEITO DE PETRÓLEO - GLP
federal,tinta_latex,2019,Federal/ES,69.99,litro,heuristica,TINTA ACRÍLICA
federal,ar_condicionado,2019,Federal/ES,7970.0,unidade,unitario,AR CONDICIONADO - MANUTENCAO DE SISTEMAS / LIMPEZA
federal,papel_a4,2019,Federal/ES,17.94,resma,unitario,'PAPEL SULFITE'
federal,grampeador,2019,Federal/ES,11.84,unidade,unitario,GRAMPO GRAMPEADOR
federal,ar_condicionado,2019,Federal/ES,2480.0,unidade,unitario,AR CONDICIONADO - MANUTENCAO DE SISTEMAS / LIMPEZA
federal,tubo_pvc,2019,Federal/ES,7.97,metro,unitario,TUBO PVC SOLDÁVEL
federal,tubo_pvc,2019,Federal/ES,12.54,metro,unitario,TUBO PVC SOLDÁVEL
federal,seringa,2019,Federal/ES,1.6,unidade,unitario,SERINGA
federal,seringa,2019,Federal/ES,1.65,unidade,unitario,SERINGA
federal,seringa,2019,Federal/ES,0.11,unidade,unitario,SERINGA
federal,seringa,2019,Federal/ES,0.12,unidade,unitario,SERINGA
federal,seringa,2019,Federal/ES,0.23,unidade,unitario,SERINGA
federal,seringa,2019,Federal/ES,0.35,unidade,unitario,SERINGA
federal,seringa,2019,Federal/ES,0.14,unidade,unitario,SERINGA
federal,seringa,2019,Federal/ES,2.65,unidade,unitario,SERINGA
federal,seringa,2019,Federal/ES,1.6,unidade,unitario,SERINGA
federal,seringa,2019,Federal/ES,3.5,unidade,unitario,SERINGA
federal,seringa,2019,Federal/ES,5.65,unidade,unitario,SERINGA
federal,mascara_descartavel,2019,Federal/ES,0.198,unidade,unitario,MÁSCARA CIRÚRGICA
federal,amitriptilina,2019,Federal/ES,0.08,unidade,unitario,AMITRIPTILINA CLORIDRATO
federal,amitriptilina,2019,Federal/ES,0.08,unidade,unitario,AMITRIPTILINA CLORIDRATO
federal,diazepam,2019,Federal/ES,0.56,unidade,unitario,DIAZEPAM
federal,diazepam,2019,Federal/ES,0.56,unidade,unitario,DIAZEPAM
federal,diazepam,2019,Federal/ES,0.09,unidade,unitario,DIAZEPAM
federal,diazepam,2019,Federal/ES,0.09,unidade,unitario,DIAZEPAM
federal,fenobarbital,2019,Federal/ES,3.1,unidade,unitario,FENOBARBITAL SÓDICO
federal,fenobarbital,2019,Federal/ES,3.1,unidade,unitario,FENOBARBITAL SÓDICO
federal,haloperidol,2019,Federal/ES,0.15,unidade,unitario,HALOPERIDOL
federal,haloperidol,2019,Federal/ES,0.15,unidade,unitario,HALOPERIDOL
federal,haloperidol,2019,Federal/ES,1.05,unidade,unitario,HALOPERIDOL
federal,haloperidol,2019,Federal/ES,1.05,unidade,unitario,HALOPERIDOL
federal,propranolol,2019,Federal/ES,0.06,unidade,unitario,PROPRANOLOL CLORIDRATO
federal,propranolol,2019,Federal/ES,0.06,unidade,unitario,PROPRANOLOL CLORIDRATO
federal,dexametasona,2019,Federal/ES,0.57,unidade,unitario,DEXAMETASONA
federal,dexametasona,2019,Federal/ES,0.57,unidade,unitario,DEXAMETASONA
federal,prednisona,2019,Federal/ES,0.1,unidade,unitario,PREDNISONA
federal,prednisona,2019,Federal/ES,0.1,unidade,unitario,PREDNISONA
federal,prednisolona,2019,Federal/ES,4.89,unidade,unitario,PREDNISOLONA
federal,prednisolona,2019,Federal/ES,4.89,unidade,unitario,PREDNISOLONA
federal,amoxicilina,2019,Federal/ES,0.21,unidade,unitario,AMOXICILINA
federal,amoxicilina,2019,Federal/ES,0.21,unidade,unitario,AMOXICILINA
federal,cefalexina,2019,Federal/ES,0.4,unidade,unitario,CEFALEXINA
federal,cefalexina,2019,Federal/ES,0.4,unidade,unitario,CEFALEXINA
federal,dexametasona,2019,Federal/ES,1.32,unidade,unitario,DEXAMETASONA
federal,dexametasona,2019,Federal/ES,1.32,unidade,unitario,DEXAMETASONA
federal,ibuprofeno,2019,Federal/ES,1.4,unidade,unitario,IBUPROFENO
federal,ibuprofeno,2019,Federal/ES,1.4,unidade,unitario,IBUPROFENO
federal,enalapril,2019,Federal/ES,0.05,unidade,unitario,ENALAPRIL MALEATO
federal,enalapril,2019,Federal/ES,0.05,unidade,unitario,ENALAPRIL MALEATO
federal,ciprofloxacino,2019,Federal/ES,0.26,unidade,unitario,CIPROFLOXACINO CLORIDRATO
federal,ciprofloxacino,2019,Federal/ES,0.26,unidade,unitario,CIPROFLOXACINO CLORIDRATO
federal,azitromicina,2019,Federal/ES,0.63,unidade,unitario,AZITROMICINA
federal,azitromicina,2019,Federal/ES,0.63,unidade,unitario,AZITROMICINA
federal,gas_glp,2019,Federal/ES,63.9,botijao_13kg,unitario,BOTIJÃO GÁS LIQUEFEITO DE PETRÓLEO - GLP
federal,acucar,2019,Federal/ES,2.9,kg,heuristica,'AÇÚCAR'
federal,acucar,2019,Federal/ES,2.4,kg,heuristica,'AÇÚCAR'
federal,biscoito,2019,Federal/ES,8.9,kg,heuristica,BISCOITO
federal,biscoito,2019,Federal/ES,8.9,kg,heuristica,BISCOITO
federal,biscoito,2019,Federal/ES,10.325,kg,heuristica,BISCOITO
federal,canjica,2019,Federal/ES,4.8,kg,heuristica,'CANJICA'
federal,macarrao,2019,Federal/ES,8.64,kg,heuristica,'MACARRÃO'
federal,fuba,2019,Federal/ES,3.05,kg,heuristica,'FUBÁ'
federal,leite_po,2019,Federal/ES,26.775,kg,heuristica,LEITE EM PÓ
federal,leite_po,2019,Federal/ES,24.0,kg,heuristica,LEITE EM PÓ
federal,leite_integral,2019,Federal/ES,3.85,litro,heuristica,LEITE FLUIDO
federal,achocolatado,2019,Federal/ES,30.0,kg,heuristica,'ACHOCOLATADO'
federal,mascara_descartavel,2019,Federal/ES,0.9,unidade,unitario,MÁSCARA DESCARTÁVEL USO GERAL
federal,extintor,2019,Federal/ES,60.0,unidade,unitario,EXTINTOR INCÊNDIO
federal,extintor,2019,Federal/ES,40.0,unidade,unitario,EXTINTOR INCÊNDIO
federal,extintor,2019,Federal/ES,115.0,unidade,unitario,EXTINTOR INCÊNDIO
federal,extintor,2019,Federal/ES,115.0,unidade,unitario,EXTINTOR INCÊNDIO
federal,acucar,2019,Federal/ES,9.18,kg,heuristica,'AÇÚCAR'
federal,ar_condicionado,2019,Federal/ES,1460.0,unidade,unitario,AR CONDICIONADO - MANUTENCAO DE SISTEMAS / LIMPEZA
federal,ar_condicionado,2019,Federal/ES,1460.0,unidade,unitario,AR CONDICIONADO - MANUTENCAO DE SISTEMAS / LIMPEZA
federal,ar_condicionado,2019,Federal/ES,1510.0,unidade,unitario,AR CONDICIONADO - MANUTENCAO DE SISTEMAS / LIMPEZA
federal,ar_condicionado,2019,Federal/ES,950.0,unidade,unitario,AR CONDICIONADO - MANUTENCAO DE SISTEMAS / LIMPEZA
federal,acucar,2019,Federal/ES,1.65,kg,heuristica,'AÇÚCAR'
federal,papel_a4,2019,Federal/ES,16.5,resma,unitario,'PAPEL A4'
federal,vassoura,2019,Federal/ES,10.79,unidade,unitario,VASSOURA
federal,acucar,2019,Federal/ES,8.39,kg,heuristica,'AÇÚCAR'
federal,acucar,2019,Federal/ES,2.23,kg,heuristica,'AÇÚCAR'
federal,arroz,2019,Federal/ES,2.324,kg,heuristica,'ARROZ'
federal,biscoito,2019,Federal/ES,7.175,kg,heuristica,BISCOITO
federal,cafe,2019,Federal/ES,24.28,kg,heuristica,'CAFÉ'
federal,creme_leite,2019,Federal/ES,14.99,kg,heuristica,CREME DE LEITE
federal,achocolatado,2019,Federal/ES,9.85,kg,heuristica,'ACHOCOLATADO'
federal,ervilha,2019,Federal/ES,9.69,kg,heuristica,ERVILHA EM CONSERVA
federal,feijao,2019,Federal/ES,3.84,kg,heuristica,FEIJÃO
federal,feijao,2019,Federal/ES,3.12,kg,heuristica,FEIJÃO
federal,fuba,2019,Federal/ES,1.66,kg,heuristica,'FUBÁ'
federal,leite_po,2019,Federal/ES,24.775,kg,heuristica,LEITE EM PÓ
federal,macarrao,2019,Federal/ES,3.06,kg,heuristica,'MACARRÃO'
federal,macarrao,2019,Federal/ES,3.9,kg,heuristica,'MACARRÃO'
federal,vinagre,2019,Federal/ES,4.5733,litro,heuristica,VINAGRE
federal,ar_condicionado,2019,Federal/ES,3920.0,unidade,unitario,APARELHO AR CONDICIONADO
federal,ar_condicionado,2019,Federal/ES,3920.0,unidade,unitario,APARELHO AR CONDICIONADO
federal,ar_condicionado,2019,Federal/ES,1670.0,unidade,unitario,APARELHO AR CONDICIONADO
federal,ar_condicionado,2019,Federal/ES,1670.0,unidade,unitario,APARELHO AR CONDICIONADO
federal,ar_condicionado,2019,Federal/ES,1670.0,unidade,unitario,APARELHO AR CONDICIONADO
federal,ar_condicionado,2019,Federal/ES,1670.0,unidade,unitario,APARELHO AR CONDICIONADO
federal,ar_condicionado,2019,Federal/ES,2125.0,unidade,unitario,APARELHO AR CONDICIONADO
federal,ar_condicionado,2019,Federal/ES,2125.0,unidade,unitario,APARELHO AR CONDICIONADO
federal,ar_condicionado,2019,Federal/ES,2359.99,unidade,unitario,APARELHO AR CONDICIONADO
federal,ar_condicionado,2019,Federal/ES,2359.99,unidade,unitario,APARELHO AR CONDICIONADO
federal,ar_condicionado,2019,Federal/ES,2359.99,unidade,unitario,APARELHO AR CONDICIONADO
federal,ar_condicionado,2019,Federal/ES,2359.99,unidade,unitario,APARELHO AR CONDICIONADO
federal,bebedouro,2019,Federal/ES,499.0,unidade,unitario,BEBEDOURO ÁGUA GARRAFÃO
federal,acucar,2019,Federal/ES,1.79,kg,heuristica,'AÇÚCAR'
federal,creme_leite,2019,Federal/ES,15.54,kg,heuristica,CREME DE LEITE
federal,ervilha,2019,Federal/ES,6.34,kg,heuristica,ERVILHA EM CONSERVA
federal,farinha_mandioca,2019,Federal/ES,3.95,kg,heuristica,FARINHA DE MANDIOCA
federal,feijao,2019,Federal/ES,10.53,kg,heuristica,FEIJÃO
federal,feijao,2019,Federal/ES,3.79,kg,heuristica,FEIJÃO
federal,feijao,2019,Federal/ES,3.9,kg,heuristica,FEIJÃO
federal,feijao,2019,Federal/ES,3.82,kg,heuristica,FEIJÃO
federal,feijao,2019,Federal/ES,7.2,kg,heuristica,FEIJÃO
federal,fuba,2019,Federal/ES,1.78,kg,heuristica,'FUBÁ'
federal,leite_integral,2019,Federal/ES,2.92,litro,heuristica,LEITE FLUIDO
federal,leite_po,2019,Federal/ES,54.475,kg,heuristica,LEITE EM PÓ
federal,macarrao,2019,Federal/ES,8.86,kg,heuristica,MACARRÃO
federal,macarrao,2019,Federal/ES,16.3,kg,heuristica,MACARRÃO
federal,macarrao,2019,Federal/ES,9.26,kg,heuristica,MACARRÃO
federal,macarrao,2019,Federal/ES,9.48,kg,heuristica,MACARRÃO
federal,margarina,2019,Federal/ES,11.22,kg,heuristica,'MARGARINA'
federal,macarrao,2019,Federal/ES,10.86,kg,heuristica,MACARRÃO
federal,milho_lata,2019,Federal/ES,11.99,kg,heuristica,MILHO EM CONSERVA
federal,vinagre,2019,Federal/ES,6.56,litro,heuristica,VINAGRE
federal,acucar,2019,Federal/ES,1.82,kg,heuristica,'AÇÚCAR'
federal,creme_leite,2019,Federal/ES,13.14,kg,heuristica,CREME DE LEITE
federal,ervilha,2019,Federal/ES,6.35,kg,heuristica,ERVILHA EM CONSERVA
federal,farinha_mandioca,2019,Federal/ES,4.16,kg,heuristica,FARINHA DE MANDIOCA
federal,feijao,2019,Federal/ES,10.76,kg,heuristica,FEIJÃO
federal,feijao,2019,Federal/ES,6.59,kg,heuristica,FEIJÃO
federal,feijao,2019,Federal/ES,3.64,kg,heuristica,FEIJÃO
federal,fuba,2019,Federal/ES,1.99,kg,heuristica,'FUBÁ'
federal,leite_integral,2019,Federal/ES,2.88,litro,heuristica,LEITE FLUIDO
federal,macarrao,2019,Federal/ES,10.2,kg,heuristica,MACARRÃO
federal,macarrao,2019,Federal/ES,18.66,kg,heuristica,MACARRÃO
federal,macarrao,2019,Federal/ES,10.8,kg,heuristica,MACARRÃO
federal,macarrao,2019,Federal/ES,10.88,kg,heuristica,MACARRÃO
federal,margarina,2019,Federal/ES,12.14,kg,heuristica,'MARGARINA'
federal,macarrao,2019,Federal/ES,10.86,kg,heuristica,MACARRÃO
federal,milho_lata,2019,Federal/ES,13.7,kg,heuristica,MILHO EM CONSERVA
federal,vinagre,2019,Federal/ES,6.0667,litro,heuristica,VINAGRE
federal,acucar,2019,Federal/ES,1.85,kg,heuristica,'AÇÚCAR'
federal,creme_leite,2019,Federal/ES,14.91,kg,heuristica,CREME DE LEITE
federal,ervilha,2019,Federal/ES,6.39,kg,heuristica,ERVILHA EM CONSERVA
federal,farinha_mandioca,2019,Federal/ES,4.47,kg,heuristica,FARINHA DE MANDIOCA
federal,feijao,2019,Federal/ES,10.75,kg,heuristica,FEIJÃO
federal,feijao,2019,Federal/ES,5.61,kg,heuristica,FEIJÃO
federal,feijao,2019,Federal/ES,6.39,kg,heuristica,FEIJÃO
federal,fuba,2019,Federal/ES,1.59,kg,heuristica,'FUBÁ'
federal,leite_integral,2019,Federal/ES,3.16,litro,heuristica,LEITE FLUIDO
federal,macarrao,2019,Federal/ES,10.62,kg,heuristica,MACARRÃO
federal,macarrao,2019,Federal/ES,20.18,kg,heuristica,MACARRÃO
federal,macarrao,2019,Federal/ES,10.92,kg,heuristica,MACARRÃO
federal,macarrao,2019,Federal/ES,11.22,kg,heuristica,MACARRÃO
federal,margarina,2019,Federal/ES,12.14,kg,heuristica,'MARGARINA'
federal,macarrao,2019,Federal/ES,10.86,kg,heuristica,MACARRÃO
federal,milho_lata,2019,Federal/ES,13.96,kg,heuristica,MILHO EM CONSERVA
federal,vinagre,2019,Federal/ES,3.3467,litro,heuristica,VINAGRE
federal,vinagre,2019,Federal/ES,6.56,litro,heuristica,VINAGRE
federal,envelope,2019,Federal/ES,0.35,unidade,unitario,'ENVELOPE'
federal,envelope,2019,Federal/ES,0.21,unidade,unitario,'ENVELOPE'
federal,envelope,2019,Federal/ES,0.31,unidade,unitario,'ENVELOPE'
federal,envelope,2019,Federal/ES,0.32,unidade,unitario,'ENVELOPE'
federal,envelope,2019,Federal/ES,0.47,unidade,unitario,'ENVELOPE'
federal,envelope,2019,Federal/ES,1.45,unidade,unitario,'ENVELOPE'
federal,abobora,2019,Federal/ES,3.52,kg,heuristica,ABÓBORA IN-NATURA
federal,aipim,2019,Federal/ES,3.64,kg,heuristica,AIPIM IN NATURA
federal,gasolina,2019,Federal/ES,4.82,litro,quantidade_litros,GASOLINA COMUM
federal,diesel,2019,Federal/ES,3.74,litro,quantidade_litros,ÓLEO DIESEL.
federal,apontador,2019,Federal/ES,0.39,unidade,unitario,APONTADOR LÁPIS
federal,grampeador,2019,Federal/ES,36.35,unidade,unitario,GRAMPEADOR
federal,grampeador,2019,Federal/ES,7.59,unidade,unitario,GRAMPEADOR
federal,grampeador,2019,Federal/ES,11.18,unidade,unitario,GRAMPO GRAMPEADOR
federal,pincel_quadro,2019,Federal/ES,11.39,unidade,unitario,PINCEL ATÔMICO
federal,pincel_quadro,2019,Federal/ES,11.39,unidade,unitario,PINCEL ATÔMICO
federal,pincel_quadro,2019,Federal/ES,11.39,unidade,unitario,PINCEL ATÔMICO
federal,ar_condicionado,2019,Federal/ES,6360.0,unidade,unitario,AR CONDICIONADO - MANUTENCAO DE APARELHOS DE PAREDE
federal,notebook,2019,Federal/ES,2350.0,unidade,unitario,NOTEBOOK
federal,toner,2019,Federal/ES,49.8,unidade,unitario,CARTUCHO TONER IMPRESSORA SAMSUNG
federal,impressora,2019,Federal/ES,899.98,unidade,unitario,IMPRESSORA LASER
federal,impressora,2019,Federal/ES,849.99,unidade,unitario,IMPRESSORA MULTIFUNCIONAL
federal,ar_condicionado,2019,Federal/ES,3859.36,unidade,unitario,APARELHO AR CONDICIONADO
federal,ar_condicionado,2019,Federal/ES,2100.0,unidade,unitario,APARELHO AR CONDICIONADO
federal,ar_condicionado,2019,Federal/ES,1650.0,unidade,unitario,APARELHO AR CONDICIONADO
federal,ar_condicionado,2019,Federal/ES,1150.0,unidade,unitario,APARELHO AR CONDICIONADO
federal,toner,2019,Federal/ES,364.0,unidade,unitario,CARTUCHO TONER IMPRESSORA SAMSUNG
federal,iogurte,2019,Federal/ES,3.15,litro,heuristica,IOGURTE NATURAL
federal,margarina,2019,Federal/ES,10.64,kg,heuristica,'MARGARINA'
federal,cafe,2019,Federal/ES,14.4,kg,heuristica,'CAFÉ'
federal,toner,2019,Federal/ES,220.0,unidade,unitario,CARTUCHO TONER IMPRESSORA LEXMARK
federal,toner,2019,Federal/ES,220.0,unidade,unitario,CARTUCHO TONER IMPRESSORA BROTHER
federal,achocolatado,2019,Federal/ES,37.325,kg,heuristica,'ACHOCOLATADO'
federal,acucar,2019,Federal/ES,2.39,kg,heuristica,'AÇÚCAR'
federal,acucar,2019,Federal/ES,9.08,kg,heuristica,'AÇÚCAR'
federal,biscoito,2019,Federal/ES,41.75,kg,heuristica,BISCOITO
federal,fuba,2019,Federal/ES,1.54,kg,heuristica,'FUBÁ'
federal,leite_po,2019,Federal/ES,53.475,kg,heuristica,LEITE EM PÓ
federal,margarina,2019,Federal/ES,20.74,kg,heuristica,'MARGARINA'
federal,milho_lata,2019,Federal/ES,13.27,kg,heuristica,MILHO EM CONSERVA
federal,vinagre,2019,Federal/ES,5.2667,litro,heuristica,VINAGRE
federal,cebola,2019,Federal/ES,4.5,kg,heuristica,CEBOLA IN NATURA
federal,carne_bovina,2019,Federal/ES,19.98,kg,heuristica,CARNE BOVINA IN NATURA
federal,carne_bovina,2019,Federal/ES,20.65,kg,heuristica,CARNE BOVINA IN NATURA
federal,feijao,2019,Federal/ES,3.37,kg,heuristica,FEIJÃO
federal,farinha_mandioca,2019,Federal/ES,3.42,kg,heuristica,FARINHA DE MANDIOCA
federal,macarrao,2019,Federal/ES,7.02,kg,heuristica,MACARRÃO
federal,macarrao,2019,Federal/ES,7.16,kg,heuristica,MACARRÃO
federal,macarrao,2019,Federal/ES,15.7,kg,heuristica,MACARRÃO
federal,papel_toalha,2019,Federal/ES,29.7,rolo,unitario,DISPENSER PAPEL TOALHA
federal,fralda,2019,Federal/ES,0.33,unidade,unitario,FRALDA DESCARTÁVEL
federal,fralda,2019,Federal/ES,0.35,unidade,unitario,FRALDA DESCARTÁVEL
federal,fralda,2019,Federal/ES,0.4,unidade,unitario,FRALDA DESCARTÁVEL
federal,fralda,2019,Federal/ES,0.74,unidade,unitario,FRALDA DESCARTÁVEL
federal,fralda,2019,Federal/ES,3.25,unidade,unitario,FRALDA DESCARTÁVEL
federal,diesel,2019,Federal/ES,4.1,litro,quantidade_litros,ÓLEO DIESEL.
federal,disjuntor,2019,Federal/ES,26.9,unidade,unitario,DISJUNTOR ALTA TENSÃO
federal,disjuntor,2019,Federal/ES,26.9,unidade,unitario,DISJUNTOR ALTA TENSÃO
federal,lampada_led,2019,Federal/ES,17.9,unidade,unitario,LÂMPADA LED
federal,lampada_led,2019,Federal/ES,22.9,unidade,unitario,LÂMPADA LED
federal,pneu,2019,Federal/ES,1275.0,unidade,unitario,PNEU TRATOR RODAS TRAÇÃO
federal,acucar,2019,Federal/ES,8.98,kg,heuristica,'AÇÚCAR'
federal,acucar,2019,Federal/ES,3.38,kg,heuristica,'AÇÚCAR'
federal,cafe,2019,Federal/ES,24.0,kg,heuristica,'CAFÉ'
federal,farinha_mandioca,2019,Federal/ES,3.75,kg,heuristica,FARINHA DE MANDIOCA
federal,margarina,2019,Federal/ES,9.18,kg,heuristica,'MARGARINA'
federal,agua_sanitaria,2019,Federal/ES,3.0,litro,heuristica,ÁGUA SANITÁRIA
federal,carne_bovina,2019,Federal/ES,29.9,kg,heuristica,CARNE BOVINA IN NATURA
federal,extintor,2019,Federal/ES,45.0,unidade,unitario,EXTINTOR INCÊNDIO
federal,cimento,2019,Federal/ES,21.5,saco_50kg,unitario,CIMENTO PORTLAND
federal,tijolo,2019,Federal/ES,3.15,unidade,unitario,BLOCO DE CONCRETO
federal,tubo_pvc,2019,Federal/ES,12.0,metro,unitario,TUBO PVC SOLDÁVEL
federal,clonazepam,2019,Federal/ES,0.091,unidade,unitario,CLONAZEPAM
federal,alcool,2019,Federal/ES,30.77,litro,heuristica,ÁLCOOL ETÍLICO
federal,alcool,2019,Federal/ES,30.77,litro,heuristica,ÁLCOOL ETÍLICO
federal,detergente,2019,Federal/ES,13.4,litro,heuristica,DETERGENTE
federal,detergente,2019,Federal/ES,13.4,litro,heuristica,DETERGENTE
federal,desinfetante,2019,Federal/ES,16.39,litro,heuristica,DESINFETANTE
federal,desinfetante,2019,Federal/ES,16.39,litro,heuristica,DESINFETANTE
federal,detergente,2019,Federal/ES,18.8,litro,heuristica,DETERGENTE SANEANTE
federal,detergente,2019,Federal/ES,18.8,litro,heuristica,DETERGENTE SANEANTE
federal,alcool,2019,Federal/ES,4.99,litro,heuristica,ÁLCOOL ETÍLICO
federal,alcool,2019,Federal/ES,4.99,litro,heuristica,ÁLCOOL ETÍLICO
federal,alcool,2019,Federal/ES,6.7,litro,heuristica,ÁLCOOL ETÍLICO
federal,alcool,2019,Federal/ES,6.7,litro,heuristica,ÁLCOOL ETÍLICO
federal,alcool,2019,Federal/ES,5.3,litro,heuristica,ÁLCOOL ETÍLICO
federal,alcool,2019,Federal/ES,5.3,litro,heuristica,ÁLCOOL ETÍLICO
federal,diesel,2019,Federal/ES,4.85,litro,quantidade_litros,ÓLEO DIESEL.
federal,diesel,2019,Federal/ES,4.85,litro,quantidade_litros,ÓLEO DIESEL.
federal,mascara_descartavel,2019,Federal/ES,0.7959,unidade,unitario,MÁSCARA DESCARTÁVEL USO GERAL
federal,tubo_pvc,2019,Federal/ES,13.3,metro,unitario,TUBO PVC SOLDÁVEL
federal,tubo_pvc,2019,Federal/ES,10.25,metro,unitario,TUBO PVC SOLDÁVEL
federal,tijolo,2019,Federal/ES,1.54,unidade,unitario,BLOCO DE CONCRETO
federal,cafe,2019,Federal/ES,39.96,kg,heuristica,'CAFÉ'
federal,cebola,2019,Federal/ES,2.81,kg,heuristica,CEBOLA IN NATURA
federal,chuchu,2019,Federal/ES,1.0,kg,heuristica,CHUCHU IN NATURA
federal,impressora,2019,Federal/ES,3300.0,unidade,unitario,IMPRESSORA LASER
federal,seringa,2019,Federal/ES,1.88,unidade,unitario,SERINGA
federal,acucar,2019,Federal/ES,8.22,kg,heuristica,'AÇÚCAR'
federal,acucar,2019,Federal/ES,16.42,kg,heuristica,'AÇÚCAR'
federal,cafe,2019,Federal/ES,14.48,kg,heuristica,'CAFÉ'
federal,detergente,2019,Federal/ES,4.0,litro,heuristica,DETERGENTE
federal,luva_procedimento,2019,Federal/ES,36.9,caixa_100,unitario,LUVA CIRÚRGICA
federal,caneta_esferografica,2019,Federal/ES,0.44,unidade,unitario,CANETA ESFEROGRÁFICA
federal,papel_a4,2019,Federal/ES,15.84,resma,unitario,'PAPEL A4'
federal,papel_higienico,2019,Federal/ES,4.55,rolo,unitario,PAPEL HIGIÊNICO
federal,lampada_led,2019,Federal/ES,12.1667,unidade,unitario,LÂMPADA LED
federal,grampeador,2019,Federal/ES,6.33,unidade,unitario,GRAMPEADOR
federal,lampada_led,2019,Federal/ES,7.7,unidade,unitario,LÂMPADA LED
federal,lampada_led,2019,Federal/ES,9.2,unidade,unitario,LÂMPADA LED
federal,lampada_led,2019,Federal/ES,11.0,unidade,unitario,LÂMPADA LED
federal,lampada_led,2019,Federal/ES,4.7,unidade,unitario,LÂMPADA LED
federal,lampada_led,2019,Federal/ES,17.0,unidade,unitario,LÂMPADA LED
federal,lampada_led,2019,Federal/ES,12.07,unidade,unitario,LÂMPADA LED
federal,carne_suina,2019,Federal/ES,17.57,kg,heuristica,CARNE SUÍNA IN NATURA
federal,carne_suina,2019,Federal/ES,16.11,kg,heuristica,CARNE SUÍNA IN NATURA
federal,carne_suina,2019,Federal/ES,18.09,kg,heuristica,CARNE SUÍNA IN NATURA
federal,carne_suina,2019,Federal/ES,12.28,kg,heuristica,CARNE SUÍNA IN NATURA
federal,carne_bovina,2019,Federal/ES,24.4,kg,heuristica,CARNE BOVINA IN NATURA
federal,carne_suina,2019,Federal/ES,16.11,kg,heuristica,CARNE SUÍNA IN NATURA
federal,carne_suina,2019,Federal/ES,13.75,kg,heuristica,CARNE SUÍNA IN NATURA
federal,carne_bovina,2019,Federal/ES,18.22,kg,heuristica,CARNE BOVINA IN NATURA
federal,carne_bovina,2019,Federal/ES,16.96,kg,heuristica,CARNE BOVINA IN NATURA
federal,carne_bovina,2019,Federal/ES,22.63,kg,heuristica,CARNE BOVINA IN NATURA
federal,carne_bovina,2019,Federal/ES,25.81,kg,heuristica,CARNE BOVINA IN NATURA
federal,carne_bovina,2019,Federal/ES,33.49,kg,heuristica,CARNE BOVINA IN NATURA
federal,carne_bovina,2019,Federal/ES,28.04,kg,heuristica,CARNE BOVINA IN NATURA
federal,carne_bovina,2019,Federal/ES,31.79,kg,heuristica,CARNE BOVINA IN NATURA
federal,carne_suina,2019,Federal/ES,11.79,kg,heuristica,CARNE SUÍNA IN NATURA
federal,carne_suina,2019,Federal/ES,17.57,kg,heuristica,CARNE SUÍNA IN NATURA
federal,carne_suina,2019,Federal/ES,16.11,kg,heuristica,CARNE SUÍNA IN NATURA
federal,carne_suina,2019,Federal/ES,19.35,kg,heuristica,CARNE SUÍNA IN NATURA
federal,carne_suina,2019,Federal/ES,12.24,kg,heuristica,CARNE SUÍNA IN NATURA
federal,carne_suina,2019,Federal/ES,10.97,kg,heuristica,CARNE SUÍNA IN NATURA
federal,ar_condicionado,2019,Federal/ES,7039.09,unidade,unitario,AR CONDICIONADO - INSTALACAO/MONTAGEM/DESMONATAGEM/REMOÇÃO -(PAREDE / SISTEMAS)
federal,toner,2019,Federal/ES,47.6,unidade,unitario,CARTUCHO TONER IMPRESSORA BROTHER
federal,papel_higienico,2019,Federal/ES,1.98,rolo,unitario,PAPEL HIGIÊNICO
federal,achocolatado,2019,Federal/ES,11.925,kg,heuristica,'ACHOCOLATADO'
federal,achocolatado,2019,Federal/ES,9.05,kg,heuristica,'ACHOCOLATADO'
federal,acucar,2019,Federal/ES,9.17,kg,heuristica,'AÇÚCAR'
federal,acucar,2019,Federal/ES,2.29,kg,heuristica,'AÇÚCAR'
federal,agua_mineral,2019,Federal/ES,0.51,litro,heuristica,ÁGUA MINERAL NATURAL
federal,agua_mineral,2019,Federal/ES,1.33,litro,heuristica,ÁGUA MINERAL NATURAL
federal,agua_mineral,2019,Federal/ES,1.9,litro,heuristica,ÁGUA MINERAL NATURAL
federal,agua_mineral,2019,Federal/ES,0.76,litro,heuristica,ÁGUA MINERAL NATURAL
federal,carne_bovina,2019,Federal/ES,23.97,kg,heuristica,CARNE BOVINA IN NATURA
federal,amaciante,2019,Federal/ES,4.95,litro,heuristica,AMACIANTE DE CARNE
federal,biscoito,2019,Federal/ES,6.85,kg,heuristica,BISCOITO
federal,biscoito,2019,Federal/ES,7.6,kg,heuristica,BISCOITO
federal,biscoito,2019,Federal/ES,6.975,kg,heuristica,BISCOITO
federal,biscoito,2019,Federal/ES,48.975,kg,heuristica,BISCOITO
federal,carne_bovina,2019,Federal/ES,16.03,kg,heuristica,CARNE BOVINA IN NATURA
federal,carne_bovina,2019,Federal/ES,28.66,kg,heuristica,CARNE BOVINA IN NATURA
federal,carne_bovina,2019,Federal/ES,19.85,kg,heuristica,CARNE BOVINA IN NATURA
federal,carne_bovina,2019,Federal/ES,18.89,kg,heuristica,CARNE BOVINA IN NATURA
federal,carne_bovina,2019,Federal/ES,25.29,kg,heuristica,CARNE BOVINA IN NATURA
federal,carne_suina,2019,Federal/ES,11.99,kg,heuristica,CARNE SUÍNA IN NATURA
federal,cebola,2019,Federal/ES,1.97,kg,heuristica,CEBOLA IN NATURA
federal,achocolatado,2019,Federal/ES,22.425,kg,heuristica,'ACHOCOLATADO'
federal,carne_bovina,2019,Federal/ES,34.15,kg,heuristica,CARNE BOVINA IN NATURA
federal,carne_suina,2019,Federal/ES,11.83,kg,heuristica,CARNE SUÍNA IN NATURA
federal,creme_leite,2019,Federal/ES,11.17,kg,heuristica,CREME DE LEITE
federal,ervilha,2019,Federal/ES,9.88,kg,heuristica,ERVILHA EM CONSERVA
federal,feijao,2019,Federal/ES,3.78,kg,heuristica,FEIJÃO
federal,feijao,2019,Federal/ES,8.68,kg,heuristica,FEIJÃO
federal,carne_bovina,2019,Federal/ES,34.87,kg,heuristica,CARNE BOVINA IN NATURA
federal,iogurte,2019,Federal/ES,5.28,litro,heuristica,IOGURTE NATURAL
federal,iogurte,2019,Federal/ES,3.29,litro,heuristica,IOGURTE NATURAL
federal,leite_condensado,2019,Federal/ES,9.36,kg,heuristica,'LEITE CONDENSADO'
federal,leite_integral,2019,Federal/ES,2.87,litro,heuristica,LEITE FLUIDO
federal,leite_po,2019,Federal/ES,16.7,kg,heuristica,LEITE EM PÓ
federal,carne_suina,2019,Federal/ES,15.6,kg,heuristica,CARNE SUÍNA IN NATURA
federal,macarrao,2019,Federal/ES,10.46,kg,heuristica,MACARRÃO
federal,macarrao,2019,Federal/ES,9.76,kg,heuristica,MACARRÃO
federal,macarrao,2019,Federal/ES,8.88,kg,heuristica,MACARRÃO
federal,margarina,2019,Federal/ES,36.0,kg,heuristica,'MARGARINA'
federal,milho_lata,2019,Federal/ES,11.81,kg,heuristica,MILHO EM CONSERVA
federal,carne_bovina,2019,Federal/ES,36.83,kg,heuristica,CARNE BOVINA IN NATURA
federal,carne_suina,2019,Federal/ES,11.87,kg,heuristica,CARNE SUÍNA IN NATURA
federal,suco,2019,Federal/ES,7.92,litro,heuristica,SUCO
federal,suco,2019,Federal/ES,8.87,litro,heuristica,SUCO
federal,suco,2019,Federal/ES,4.23,litro,heuristica,SUCO
federal,suco,2019,Federal/ES,4.94,litro,heuristica,SUCO
federal,suco,2019,Federal/ES,7.5,litro,heuristica,SUCO
federal,suco,2019,Federal/ES,5.39,litro,heuristica,SUCO
federal,suco,2019,Federal/ES,3.67,litro,heuristica,SUCO
federal,suco,2019,Federal/ES,4.2,litro,heuristica,SUCO
federal,suco,2019,Federal/ES,3.14,litro,heuristica,SUCO
federal,suco,2019,Federal/ES,2.88,litro,heuristica,SUCO
federal,suco,2019,Federal/ES,2.88,litro,heuristica,SUCO
federal,suco,2019,Federal/ES,2.95,litro,heuristica,SUCO
federal,suco,2019,Federal/ES,2.89,litro,heuristica,SUCO
federal,suco,2019,Federal/ES,2.87,litro,heuristica,SUCO
federal,suco,2019,Federal/ES,2.89,litro,heuristica,SUCO
federal,suco,2019,Federal/ES,4.5,litro,heuristica,SUCO
federal,acucar,2019,Federal/ES,3.17,kg,heuristica,'AÇÚCAR'
federal,suco,2019,Federal/ES,2.5,litro,heuristica,SUCO
federal,suco,2019,Federal/ES,8.19,litro,heuristica,SUCO
federal,torneira,2019,Federal/ES,79.0,unidade,unitario,REPARO TORNEIRA
federal,papel_a4,2019,Federal/ES,14.0,resma,unitario,'PAPEL A4'
federal,pneu,2019,Federal/ES,745.0,unidade,unitario,PNEU VEÍCULO TERRAPLENAGEM
federal,pneu,2019,Federal/ES,264.4,unidade,unitario,PNEU VEÍCULO AUTOMOTIVO
federal,pneu,2019,Federal/ES,249.9,unidade,unitario,PNEU VEÍCULO AUTOMOTIVO
federal,bebedouro,2019,Federal/ES,555.0,unidade,unitario,BEBEDOURO ÁGUA GARRAFÃO
federal,cal,2019,Federal/ES,6.79,kg,heuristica,CAL HIDRATADA
federal,vassoura,2019,Federal/ES,11.39,unidade,unitario,VASSOURA
federal,vassoura,2019,Federal/ES,17.99,unidade,unitario,VASSOURA
federal,torneira,2019,Federal/ES,32.0,unidade,unitario,TORNEIRA
federal,tijolo,2019,Federal/ES,1.44,unidade,unitario,BLOCO DE CONCRETO
federal,lampada_led,2019,Federal/ES,11.33,unidade,unitario,LÂMPADA LED
federal,lampada_led,2019,Federal/ES,11.11,unidade,unitario,LÂMPADA LED
federal,lampada_led,2019,Federal/ES,8.73,unidade,unitario,LÂMPADA LED
federal,lampada_led,2019,Federal/ES,13.67,unidade,unitario,LÂMPADA LED
federal,lampada_led,2019,Federal/ES,12.79,unidade,unitario,LÂMPADA LED
federal,lampada_led,2019,Federal/ES,61.96,unidade,unitario,LÂMPADA LED
federal,grampeador,2019,Federal/ES,38.9,unidade,unitario,GRAMPEADOR
federal,toner,2019,Federal/ES,390.0,unidade,unitario,CARTUCHO TONER IMPRESSORA / COPIADORA SHARP
federal,carbamazepina,2019,Federal/ES,0.1499,unidade,unitario,CARBAMAZEPINA
federal,carbamazepina,2019,Federal/ES,0.1499,unidade,unitario,CARBAMAZEPINA
federal,fenobarbital,2019,Federal/ES,1.69,unidade,unitario,FENOBARBITAL SÓDICO
federal,fenobarbital,2019,Federal/ES,1.69,unidade,unitario,FENOBARBITAL SÓDICO
federal,haloperidol,2019,Federal/ES,2.73,unidade,unitario,HALOPERIDOL
federal,haloperidol,2019,Federal/ES,2.73,unidade,unitario,HALOPERIDOL
federal,dipirona,2019,Federal/ES,0.8,unidade,unitario,DIPIRONA SÓDICA
federal,dipirona,2019,Federal/ES,0.8,unidade,unitario,DIPIRONA SÓDICA
federal,dipirona,2019,Federal/ES,0.434,unidade,unitario,DIPIRONA SÓDICA
federal,dipirona,2019,Federal/ES,0.434,unidade,unitario,DIPIRONA SÓDICA
federal,atenolol,2019,Federal/ES,0.04,unidade,unitario,ATENOLOL
federal,atenolol,2019,Federal/ES,0.04,unidade,unitario,ATENOLOL
federal,ranitidina,2019,Federal/ES,4.5,unidade,unitario,RANITIDINA CLORIDRATO
federal,ranitidina,2019,Federal/ES,4.5,unidade,unitario,RANITIDINA CLORIDRATO
federal,ranitidina,2019,Federal/ES,0.48,unidade,unitario,RANITIDINA CLORIDRATO
federal,ranitidina,2019,Federal/ES,0.48,unidade,unitario,RANITIDINA CLORIDRATO
federal,hidroclorotiazida,2019,Federal/ES,0.02,unidade,unitario,HIDROCLOROTIAZIDA
federal,hidroclorotiazida,2019,Federal/ES,0.02,unidade,unitario,HIDROCLOROTIAZIDA
federal,omeprazol,2019,Federal/ES,0.09,unidade,unitario,OMEPRAZOL
federal,omeprazol,2019,Federal/ES,0.09,unidade,unitario,OMEPRAZOL
federal,omeprazol,2019,Federal/ES,5.38,unidade,unitario,OMEPRAZOL
federal,omeprazol,2019,Federal/ES,5.38,unidade,unitario,OMEPRAZOL
federal,levotiroxina,2019,Federal/ES,0.11,unidade,unitario,LEVOTIROXINA SÓDICA
federal,levotiroxina,2019,Federal/ES,0.11,unidade,unitario,LEVOTIROXINA SÓDICA
federal,glibenclamida,2019,Federal/ES,0.05,unidade,unitario,GLIBENCLAMIDA
federal,glibenclamida,2019,Federal/ES,0.05,unidade,unitario,GLIBENCLAMIDA
federal,dexametasona,2019,Federal/ES,0.59,unidade,unitario,DEXAMETASONA
federal,dexametasona,2019,Federal/ES,0.59,unidade,unitario,DEXAMETASONA
federal,prednisona,2019,Federal/ES,0.21,unidade,unitario,PREDNISONA
federal,prednisona,2019,Federal/ES,0.21,unidade,unitario,PREDNISONA
federal,cefalexina,2019,Federal/ES,8.98,unidade,unitario,CEFALEXINA
federal,cefalexina,2019,Federal/ES,8.98,unidade,unitario,CEFALEXINA
federal,diesel,2019,Federal/ES,3.55,litro,quantidade_litros,ÓLEO DIESEL
federal,torneira,2019,Federal/ES,98.0,unidade,unitario,TORNEIRA
federal,torneira,2019,Federal/ES,110.0,unidade,unitario,TORNEIRA
federal,torneira,2019,Federal/ES,80.0,unidade,unitario,TORNEIRA
federal,torneira,2019,Federal/ES,18.0,unidade,unitario,TORNEIRA
federal,torneira,2019,Federal/ES,20.0,unidade,unitario,TORNEIRA
federal,lampada_led,2019,Federal/ES,30.0,unidade,unitario,LÂMPADA LED
federal,lampada_led,2019,Federal/ES,22.0,unidade,unitario,LÂMPADA LED
federal,lampada_led,2019,Federal/ES,20.0,unidade,unitario,LÂMPADA LED
federal,lampada_led,2019,Federal/ES,9.3,unidade,unitario,LÂMPADA LED
federal,pneu,2019,Federal/ES,339.9,unidade,unitario,PNEU VEÍCULO AUTOMOTIVO
federal,gasolina,2019,Federal/ES,4.4,litro,quantidade_litros,GASOLINA COMUM
federal,diesel,2019,Federal/ES,3.5,litro,quantidade_litros,ÓLEO DIESEL.
federal,pneu,2019,Federal/ES,339.9,unidade,unitario,PNEU VEÍCULO AUTOMOTIVO
federal,carne_bovina,2019,Federal/ES,13.0,kg,heuristica,CARNE BOVINA IN NATURA
federal,leite_integral,2019,Federal/ES,2.78,litro,heuristica,LEITE FLUIDO
federal,bebedouro,2019,Federal/ES,1950.0,unidade,unitario,BEBEDOURO ÁGUA
federal,alcool,2019,Federal/ES,16.82,litro,heuristica,ÁLCOOL ETÍLICO
federal,alcool,2019,Federal/ES,23.82,litro,heuristica,ÁLCOOL ETÍLICO
federal,alcool,2019,Federal/ES,6.46,litro,heuristica,ÁLCOOL ETÍLICO LIMPEZA DE AMBIENTES
federal,alcool,2019,Federal/ES,4.37,litro,heuristica,ÁLCOOL ETÍLICO
federal,alcool,2019,Federal/ES,3.8,litro,heuristica,ÁLCOOL ETÍLICO
federal,alcool,2019,Federal/ES,20.93,litro,heuristica,ÁLCOOL ETÍLICO
federal,ar_condicionado,2019,Federal/ES,1040.0,unidade,unitario,AR CONDICIONADO / REFRIGERAÇÃO - UNIDADE CARGA
federal,ar_condicionado,2019,Federal/ES,1238.0,unidade,unitario,APARELHO AR CONDICIONADO
federal,ar_condicionado,2019,Federal/ES,1700.0,unidade,unitario,APARELHO AR CONDICIONADO
federal,ar_condicionado,2019,Federal/ES,2145.0,unidade,unitario,APARELHO AR CONDICIONADO
federal,ar_condicionado,2019,Federal/ES,3298.43,unidade,unitario,APARELHO AR CONDICIONADO
federal,ar_condicionado,2019,Federal/ES,4399.98,unidade,unitario,APARELHO AR CONDICIONADO
federal,extintor,2019,Federal/ES,40.0,unidade,unitario,CARGA EXTINTOR INCÊNDIO
federal,extintor,2019,Federal/ES,40.0,unidade,unitario,CARGA EXTINTOR INCÊNDIO
federal,extintor,2019,Federal/ES,50.0,unidade,unitario,CARGA EXTINTOR INCÊNDIO
federal,tinta_latex,2019,Federal/ES,79.99,litro,heuristica,TINTA ACRÍLICA
federal,caneta_esferografica,2019,Federal/ES,0.36,unidade,unitario,CANETA ESFEROGRÁFICA
federal,caneta_esferografica,2019,Federal/ES,0.38,unidade,unitario,CANETA ESFEROGRÁFICA
federal,caneta_esferografica,2019,Federal/ES,0.36,unidade,unitario,CANETA ESFEROGRÁFICA
federal,envelope,2019,Federal/ES,0.11,unidade,unitario,'ENVELOPE'
federal,envelope,2019,Federal/ES,0.12,unidade,unitario,'ENVELOPE'
federal,envelope,2019,Federal/ES,0.08,unidade,unitario,'ENVELOPE'
federal,envelope,2019,Federal/ES,0.18,unidade,unitario,'ENVELOPE'
federal,envelope,2019,Federal/ES,0.51,unidade,unitario,'ENVELOPE'
federal,grampeador,2019,Federal/ES,6.79,unidade,unitario,GRAMPEADOR
federal,grampeador,2019,Federal/ES,80.0,unidade,unitario,GRAMPEADOR
federal,lapis,2019,Federal/ES,0.16,unidade,unitario,LÁPIS PRETO
federal,papel_a4,2019,Federal/ES,14.19,resma,unitario,'PAPEL A4'
federal,toner,2019,Federal/ES,349.99,unidade,unitario,CARTUCHO TONER IMPRESSORA SAMSUNG
federal,acucar,2019,Federal/ES,8.92,kg,heuristica,'AÇÚCAR'
federal,alcool,2019,Federal/ES,4.11,litro,heuristica,ÁLCOOL ETÍLICO
federal,caneta_esferografica,2019,Federal/ES,0.39,unidade,unitario,CANETA ESFEROGRÁFICA
federal,caneta_esferografica,2019,Federal/ES,0.38,unidade,unitario,CANETA ESFEROGRÁFICA
federal,caneta_esferografica,2019,Federal/ES,0.39,unidade,unitario,CANETA ESFEROGRÁFICA
federal,cafe,2019,Federal/ES,24.58,kg,heuristica,'CAFÉ'
federal,grampeador,2019,Federal/ES,6.68,unidade,unitario,GRAMPEADOR
federal,lapis,2019,Federal/ES,0.19,unidade,unitario,LÁPIS PRETO
federal,papel_a4,2019,Federal/ES,14.05,resma,unitario,'PAPEL A4'
federal,papel_a4,2019,Federal/ES,14.8,resma,unitario,'PAPEL A4'
federal,papel_a4,2019,Federal/ES,14.8,resma,unitario,'PAPEL A4'
federal,agua_sanitaria,2019,Federal/ES,1.5,litro,heuristica,ÁGUA SANITÁRIA
federal,alcool,2019,Federal/ES,4.77,litro,heuristica,ÁLCOOL ETÍLICO
federal,desinfetante,2019,Federal/ES,8.5,litro,heuristica,DESINFETANTE
federal,desinfetante,2019,Federal/ES,2.5,litro,heuristica,DESINFETANTE
federal,detergente,2019,Federal/ES,2.4,litro,heuristica,DETERGENTE
federal,detergente,2019,Federal/ES,15.58,litro,heuristica,DETERGENTE
federal,detergente,2019,Federal/ES,8.0,litro,heuristica,DETERGENTE
federal,detergente,2019,Federal/ES,28.7,litro,heuristica,DETERGENTE ÁCIDO
federal,papel_higienico,2019,Federal/ES,4.04,rolo,unitario,PAPEL HIGIÊNICO
federal,sabonete,2019,Federal/ES,2.5,unidade,unitario,SABONETE LÍQUIDO
federal,desinfetante,2019,Federal/ES,13.0,litro,heuristica,DESINFETANTE
federal,vassoura,2019,Federal/ES,7.95,unidade,unitario,VASSOURA
federal,agua_sanitaria,2019,Federal/ES,1.5,litro,heuristica,ÁGUA SANITÁRIA
federal,alcool,2019,Federal/ES,4.91,litro,heuristica,ÁLCOOL ETÍLICO
federal,desinfetante,2019,Federal/ES,2.5,litro,heuristica,DESINFETANTE
federal,detergente,2019,Federal/ES,2.74,litro,heuristica,DETERGENTE
federal,detergente,2019,Federal/ES,11.4,litro,heuristica,DETERGENTE
federal,detergente,2019,Federal/ES,21.0,litro,heuristica,DETERGENTE ÁCIDO
federal,papel_higienico,2019,Federal/ES,4.99,rolo,unitario,PAPEL HIGIÊNICO
federal,sabonete,2019,Federal/ES,3.8,unidade,unitario,SABONETE LÍQUIDO
federal,desinfetante,2019,Federal/ES,16.79,litro,heuristica,DESINFETANTE
federal,vassoura,2019,Federal/ES,7.97,unidade,unitario,VASSOURA
federal,agua_sanitaria,2019,Federal/ES,1.94,litro,heuristica,ÁGUA SANITÁRIA
federal,alcool,2019,Federal/ES,4.85,litro,heuristica,ÁLCOOL ETÍLICO
federal,desinfetante,2019,Federal/ES,9.8,litro,heuristica,DESINFETANTE
federal,desinfetante,2019,Federal/ES,5.6,litro,heuristica,DESINFETANTE
federal,detergente,2019,Federal/ES,3.0,litro,heuristica,DETERGENTE
federal,detergente,2019,Federal/ES,18.58,litro,heuristica,DETERGENTE
federal,detergente,2019,Federal/ES,13.0,litro,heuristica,DETERGENTE
federal,detergente,2019,Federal/ES,20.6,litro,heuristica,DETERGENTE ÁCIDO
federal,papel_higienico,2019,Federal/ES,4.98,rolo,unitario,PAPEL HIGIÊNICO
federal,sabonete,2019,Federal/ES,4.89,unidade,unitario,SABONETE LÍQUIDO
federal,desinfetante,2019,Federal/ES,18.76,litro,heuristica,DESINFETANTE
federal,ar_condicionado,2019,Federal/ES,10324.63,unidade,unitario,AR CONDICIONADO - INSTALACAO/MONTAGEM/DESMONATAGEM/REMOÇÃO -(PAREDE / SISTEMAS)
federal,ar_condicionado,2019,Federal/ES,12045.94,unidade,unitario,AR CONDICIONADO - INSTALACAO/MONTAGEM/DESMONATAGEM/REMOÇÃO -(PAREDE / SISTEMAS)
federal,papel_a4,2019,Federal/ES,14.6,resma,unitario,'PAPEL A4'
federal,cafe,2019,Federal/ES,11.16,kg,heuristica,'CAFÉ'
federal,acucar,2019,Federal/ES,2.61,kg,heuristica,'AÇÚCAR'
federal,agua_mineral,2019,Federal/ES,5.49,litro,heuristica,ÁGUA MINERAL NATURAL
federal,alcool,2019,Federal/ES,7.5,litro,heuristica,ÁLCOOL ETÍLICO
federal,caneta_esferografica,2019,Federal/ES,5.0,unidade,unitario,CANETA ESFEROGRÁFICA
federal,achocolatado,2019,Federal/ES,6.0,kg,heuristica,'ACHOCOLATADO'
federal,acucar,2019,Federal/ES,1.95,kg,heuristica,'AÇÚCAR'
federal,biscoito,2019,Federal/ES,25.05,kg,heuristica,BISCOITO
federal,biscoito,2019,Federal/ES,27.95,kg,heuristica,BISCOITO
federal,biscoito,2019,Federal/ES,28.775,kg,heuristica,BISCOITO
federal,biscoito,2019,Federal/ES,7.875,kg,heuristica,BISCOITO
federal,biscoito,2019,Federal/ES,7.475,kg,heuristica,BISCOITO
federal,biscoito,2019,Federal/ES,6.6,kg,heuristica,BISCOITO
federal,biscoito,2019,Federal/ES,8.175,kg,heuristica,BISCOITO
federal,biscoito,2019,Federal/ES,7.225,kg,heuristica,BISCOITO
federal,biscoito,2019,Federal/ES,7.825,kg,heuristica,BISCOITO
federal,biscoito,2019,Federal/ES,8.45,kg,heuristica,BISCOITO
federal,biscoito,2019,Federal/ES,10.25,kg,heuristica,BISCOITO
federal,farinha_mandioca,2019,Federal/ES,2.11,kg,heuristica,FARINHA DE MANDIOCA
federal,feijao,2019,Federal/ES,3.18,kg,heuristica,FEIJÃO
federal,feijao,2019,Federal/ES,3.37,kg,heuristica,FEIJÃO
federal,feijao,2019,Federal/ES,3.35,kg,heuristica,FEIJÃO
federal,feijao,2019,Federal/ES,6.75,kg,heuristica,FEIJÃO
federal,macarrao,2019,Federal/ES,3.6,kg,heuristica,MACARRÃO
federal,macarrao,2019,Federal/ES,3.44,kg,heuristica,MACARRÃO
federal,macarrao,2019,Federal/ES,4.26,kg,heuristica,MACARRÃO
federal,macarrao,2019,Federal/ES,5.0,kg,heuristica,MACARRÃO
federal,macarrao,2019,Federal/ES,9.9,kg,heuristica,MACARRÃO
federal,milho_lata,2019,Federal/ES,12.44,kg,heuristica,MILHO EM CONSERVA
federal,vinagre,2019,Federal/ES,3.8933,litro,heuristica,VINAGRE
federal,agua_mineral,2019,Federal/ES,2.29,litro,heuristica,ÁGUA MINERAL NATURAL
federal,agua_mineral,2019,Federal/ES,0.48,litro,heuristica,ÁGUA MINERAL NATURAL
federal,agua_mineral,2019,Federal/ES,3.29,litro,heuristica,ÁGUA MINERAL NATURAL
federal,agua_mineral,2019,Federal/ES,0.87,litro,heuristica,ÁGUA MINERAL NATURAL
federal,suco,2019,Federal/ES,2.97,litro,heuristica,SUCO
federal,suco,2019,Federal/ES,3.3,litro,heuristica,SUCO
federal,suco,2019,Federal/ES,3.79,litro,heuristica,SUCO
federal,bacon,2019,Federal/ES,17.67,kg,heuristica,'BACON DEFUMADO'
federal,bacon,2019,Federal/ES,17.77,kg,heuristica,'BACON DEFUMADO'
federal,carne_suina,2019,Federal/ES,11.4,kg,heuristica,CARNE SUÍNA IN NATURA
federal,carne_suina,2019,Federal/ES,11.41,kg,heuristica,CARNE SUÍNA IN NATURA
federal,carne_suina,2019,Federal/ES,11.07,kg,heuristica,CARNE SUÍNA IN NATURA
federal,carne_suina,2019,Federal/ES,14.43,kg,heuristica,CARNE SUÍNA IN NATURA
federal,carne_suina,2019,Federal/ES,9.49,kg,heuristica,CARNE SUÍNA IN NATURA
federal,carne_suina,2019,Federal/ES,9.58,kg,heuristica,CARNE SUÍNA IN NATURA
federal,carne_bovina,2019,Federal/ES,16.66,kg,heuristica,CARNE BOVINA IN NATURA
federal,carne_bovina,2019,Federal/ES,13.92,kg,heuristica,CARNE BOVINA IN NATURA
federal,carne_bovina,2019,Federal/ES,23.25,kg,heuristica,CARNE BOVINA IN NATURA
federal,carne_bovina,2019,Federal/ES,24.96,kg,heuristica,CARNE BOVINA IN NATURA
federal,carne_bovina,2019,Federal/ES,21.94,kg,heuristica,CARNE BOVINA IN NATURA
federal,carne_bovina,2019,Federal/ES,22.39,kg,heuristica,CARNE BOVINA IN NATURA
federal,carne_bovina,2019,Federal/ES,17.54,kg,heuristica,CARNE BOVINA IN NATURA
federal,carne_bovina,2019,Federal/ES,19.0,kg,heuristica,CARNE BOVINA IN NATURA
federal,carne_bovina,2019,Federal/ES,13.78,kg,heuristica,CARNE BOVINA IN NATURA
federal,carne_bovina,2019,Federal/ES,14.97,kg,heuristica,CARNE BOVINA IN NATURA
federal,carne_bovina,2019,Federal/ES,40.0,kg,heuristica,CARNE BOVINA IN NATURA
federal,carne_bovina,2019,Federal/ES,17.7,kg,heuristica,CARNE BOVINA IN NATURA
federal,carne_bovina,2019,Federal/ES,21.0,kg,heuristica,CARNE BOVINA IN NATURA
federal,carne_bovina,2019,Federal/ES,17.85,kg,heuristica,CARNE BOVINA IN NATURA
federal,carne_bovina,2019,Federal/ES,16.89,kg,heuristica,CARNE BOVINA IN NATURA
federal,carne_bovina,2019,Federal/ES,18.9,kg,heuristica,CARNE BOVINA IN NATURA
federal,carne_bovina,2019,Federal/ES,11.9,kg,heuristica,CARNE BOVINA IN NATURA
federal,carne_bovina,2019,Federal/ES,10.37,kg,heuristica,CARNE BOVINA IN NATURA
federal,carne_bovina,2019,Federal/ES,17.49,kg,heuristica,CARNE BOVINA IN NATURA
federal,milho_verde,2019,Federal/ES,6.95,kg,heuristica,MILHO VERDE IN - NATURA
federal,lampada_led,2019,Federal/ES,5.83,unidade,unitario,LÂMPADA LED
federal,tinta_latex,2019,Federal/ES,59.0,litro,heuristica,TINTA ACRÍLICA
federal,extintor,2019,Federal/ES,54.2857,unidade,unitario,CARGA EXTINTOR INCÊNDIO
federal,apontador,2019,Federal/ES,1.16,unidade,unitario,APONTADOR LÁPIS
federal,disjuntor,2019,Federal/ES,14.0,unidade,unitario,DISJUNTOR BAIXA TENSÃO
federal,disjuntor,2019,Federal/ES,21.06,unidade,unitario,DISJUNTOR BAIXA TENSÃO
federal,disjuntor,2019,Federal/ES,21.0,unidade,unitario,DISJUNTOR BAIXA TENSÃO
federal,alcool,2019,Federal/ES,4.49,litro,heuristica,ÁLCOOL ETÍLICO
federal,ar_condicionado,2019,Federal/ES,2048.0,unidade,unitario,APARELHO AR CONDICIONADO
federal,acucar,2019,Federal/ES,8.99,kg,heuristica,'AÇÚCAR'
federal,vinagre,2019,Federal/ES,5.9867,litro,heuristica,VINAGRE
federal,sabonete,2019,Federal/ES,12.29,unidade,unitario,SABONETE LÍQUIDO
federal,tubo_pvc,2019,Federal/ES,12.95,metro,unitario,TUBO PVC SOLDÁVEL
federal,tubo_pvc,2019,Federal/ES,19.35,metro,unitario,TUBO PVC SOLDÁVEL
federal,tijolo,2019,Federal/ES,1.45,unidade,unitario,BLOCO DE CONCRETO
federal,tijolo,2019,Federal/ES,1.5,unidade,unitario,BLOCO DE CONCRETO
federal,biscoito,2019,Federal/ES,12.375,kg,heuristica,BISCOITO
federal,biscoito,2019,Federal/ES,34.95,kg,heuristica,BISCOITO
federal,biscoito,2019,Federal/ES,34.95,kg,heuristica,BISCOITO
federal,biscoito,2019,Federal/ES,10.175,kg,heuristica,BISCOITO
federal,biscoito,2019,Federal/ES,10.175,kg,heuristica,BISCOITO
federal,biscoito,2019,Federal/ES,7.5,kg,heuristica,BISCOITO
federal,biscoito,2019,Federal/ES,7.5,kg,heuristica,BISCOITO
federal,margarina,2019,Federal/ES,7.76,kg,heuristica,'MARGARINA'
federal,margarina,2019,Federal/ES,7.76,kg,heuristica,'MARGARINA'
federal,vinagre,2019,Federal/ES,2.52,litro,heuristica,VINAGRE
federal,vinagre,2019,Federal/ES,2.52,litro,heuristica,VINAGRE
federal,macarrao,2019,Federal/ES,5.38,kg,heuristica,MACARRÃO
federal,macarrao,2019,Federal/ES,5.38,kg,heuristica,MACARRÃO
federal,macarrao,2019,Federal/ES,6.72,kg,heuristica,MACARRÃO
federal,macarrao,2019,Federal/ES,6.72,kg,heuristica,MACARRÃO
federal,macarrao,2019,Federal/ES,9.06,kg,heuristica,MACARRÃO
federal,macarrao,2019,Federal/ES,9.06,kg,heuristica,MACARRÃO
federal,fuba,2019,Federal/ES,2.5,kg,heuristica,'FUBÁ'
federal,fuba,2019,Federal/ES,2.5,kg,heuristica,'FUBÁ'
federal,leite_integral,2019,Federal/ES,3.6,litro,heuristica,LEITE FLUIDO
federal,leite_integral,2019,Federal/ES,3.6,litro,heuristica,LEITE FLUIDO
federal,leite_po,2019,Federal/ES,36.25,kg,heuristica,LEITE EM PÓ
federal,leite_po,2019,Federal/ES,36.25,kg,heuristica,LEITE EM PÓ
federal,haloperidol,2019,Federal/ES,3.18,unidade,unitario,HALOPERIDOL
federal,paracetamol,2019,Federal/ES,0.87,unidade,unitario,PARACETAMOL
federal,fluoxetina,2019,Federal/ES,0.15,unidade,unitario,FLUOXETINA
federal,furosemida,2019,Federal/ES,0.43,unidade,unitario,FUROSEMIDA
federal,omeprazol,2019,Federal/ES,5.67,unidade,unitario,OMEPRAZOL
federal,dexametasona,2019,Federal/ES,0.7099,unidade,unitario,DEXAMETASONA
federal,loratadina,2019,Federal/ES,0.14,unidade,unitario,LORATADINA
federal,loratadina,2019,Federal/ES,3.21,unidade,unitario,LORATADINA
federal,luva_procedimento,2019,Federal/ES,11.99,caixa_100,unitario,LUVA CIRÚRGICA
federal,luva_procedimento,2019,Federal/ES,11.99,caixa_100,unitario,LUVA CIRÚRGICA
federal,luva_procedimento,2019,Federal/ES,11.99,caixa_100,unitario,LUVA CIRÚRGICA
federal,apontador,2019,Federal/ES,5.08,unidade,unitario,APONTADOR LÁPIS
federal,grampeador,2019,Federal/ES,17.48,unidade,unitario,GRAMPO GRAMPEADOR
federal,grampeador,2019,Federal/ES,40.46,unidade,unitario,GRAMPEADOR
federal,alcool,2019,Federal/ES,24.05,litro,heuristica,ÁLCOOL ETÍLICO
federal,alcool,2019,Federal/ES,10.27,litro,heuristica,ÁLCOOL ETÍLICO
federal,alcool,2019,Federal/ES,6.18,litro,heuristica,ÁLCOOL ETÍLICO
federal,alcool,2019,Federal/ES,7.98,litro,heuristica,ÁLCOOL ETÍLICO
federal,disjuntor,2019,Federal/ES,8.09,unidade,unitario,DISJUNTOR BAIXA TENSÃO
federal,disjuntor,2019,Federal/ES,7.97,unidade,unitario,DISJUNTOR BAIXA TENSÃO
federal,seringa,2019,Federal/ES,0.3,unidade,unitario,SERINGA
federal,seringa,2019,Federal/ES,0.39,unidade,unitario,SERINGA
federal,seringa,2019,Federal/ES,0.27,unidade,unitario,SERINGA
federal,seringa,2019,Federal/ES,0.24,unidade,unitario,SERINGA
federal,ar_condicionado,2019,Federal/ES,10930.0,unidade,unitario,AR CONDICIONADO - MANUTENCAO DE SISTEMAS / LIMPEZA
federal,ar_condicionado,2019,Federal/ES,828.0,unidade,unitario,AR CONDICIONADO - INSTALACAO/MONTAGEM/DESMONATAGEM/REMOÇÃO -(PAREDE / SISTEMAS)
federal,ar_condicionado,2019,Federal/ES,1206.37,unidade,unitario,AR CONDICIONADO - INSTALACAO/MONTAGEM/DESMONATAGEM/REMOÇÃO -(PAREDE / SISTEMAS)
federal,tinta_latex,2019,Federal/ES,83.29,litro,heuristica,TINTA ACRÍLICA
federal,tinta_latex,2019,Federal/ES,88.99,litro,heuristica,TINTA ACRÍLICA
federal,tinta_latex,2019,Federal/ES,88.99,litro,heuristica,TINTA ACRÍLICA
federal,tinta_latex,2019,Federal/ES,88.99,litro,heuristica,TINTA ACRÍLICA
federal,tinta_latex,2019,Federal/ES,87.0,litro,heuristica,TINTA ACRÍLICA
federal,tinta_latex,2019,Federal/ES,88.99,litro,heuristica,TINTA ACRÍLICA
federal,cimento,2019,Federal/ES,23.1,saco_50kg,unitario,CIMENTO PORTLAND
federal,argamassa,2019,Federal/ES,3.35,kg,heuristica,ARGAMASSA
federal,vassoura,2019,Federal/ES,13.99,unidade,unitario,VASSOURA
federal,torneira,2019,Federal/ES,59.53,unidade,unitario,TORNEIRA
federal,torneira,2019,Federal/ES,30.55,unidade,unitario,TORNEIRA
federal,tubo_pvc,2019,Federal/ES,48.5,metro,unitario,TUBO PVC SOLDÁVEL
federal,lampada_led,2019,Federal/ES,10.97,unidade,unitario,LÂMPADA LED
federal,lampada_led,2019,Federal/ES,8.5,unidade,unitario,LÂMPADA LED
federal,lampada_led,2019,Federal/ES,25.95,unidade,unitario,LÂMPADA LED
federal,lampada_led,2019,Federal/ES,6.29,unidade,unitario,LÂMPADA LED
federal,disjuntor,2019,Federal/ES,4.89,unidade,unitario,DISJUNTOR BAIXA TENSÃO
federal,disjuntor,2019,Federal/ES,4.95,unidade,unitario,DISJUNTOR BAIXA TENSÃO
federal,disjuntor,2019,Federal/ES,4.95,unidade,unitario,DISJUNTOR BAIXA TENSÃO
federal,disjuntor,2019,Federal/ES,4.95,unidade,unitario,DISJUNTOR BAIXA TENSÃO
federal,disjuntor,2019,Federal/ES,6.19,unidade,unitario,DISJUNTOR BAIXA TENSÃO
federal,disjuntor,2019,Federal/ES,6.22,unidade,unitario,DISJUNTOR BAIXA TENSÃO
federal,disjuntor,2019,Federal/ES,15.6,unidade,unitario,DISJUNTOR BAIXA TENSÃO
federal,disjuntor,2019,Federal/ES,15.6,unidade,unitario,DISJUNTOR BAIXA TENSÃO
federal,disjuntor,2019,Federal/ES,16.6,unidade,unitario,DISJUNTOR BAIXA TENSÃO
federal,disjuntor,2019,Federal/ES,16.6,unidade,unitario,DISJUNTOR BAIXA TENSÃO
federal,disjuntor,2019,Federal/ES,17.23,unidade,unitario,DISJUNTOR BAIXA TENSÃO
federal,disjuntor,2019,Federal/ES,17.23,unidade,unitario,DISJUNTOR BAIXA TENSÃO
federal,disjuntor,2019,Federal/ES,17.23,unidade,unitario,DISJUNTOR BAIXA TENSÃO
federal,disjuntor,2019,Federal/ES,32.21,unidade,unitario,DISJUNTOR BAIXA TENSÃO
federal,disjuntor,2019,Federal/ES,23.3,unidade,unitario,DISJUNTOR BAIXA TENSÃO
federal,disjuntor,2019,Federal/ES,26.89,unidade,unitario,DISJUNTOR BAIXA TENSÃO
federal,disjuntor,2019,Federal/ES,27.75,unidade,unitario,DISJUNTOR BAIXA TENSÃO
federal,disjuntor,2019,Federal/ES,27.75,unidade,unitario,DISJUNTOR BAIXA TENSÃO
federal,disjuntor,2019,Federal/ES,64.88,unidade,unitario,DISJUNTOR BAIXA TENSÃO
federal,disjuntor,2019,Federal/ES,68.09,unidade,unitario,DISJUNTOR BAIXA TENSÃO
federal,disjuntor,2019,Federal/ES,79.86,unidade,unitario,DISJUNTOR BAIXA TENSÃO
federal,pneu,2019,Federal/ES,983.71,unidade,unitario,PNEU VEÍCULO AUTOMOTIVO
federal,cimento,2019,Federal/ES,22.3,saco_50kg,unitario,CIMENTO PORTLAND
federal,lampada_led,2019,Federal/ES,16.95,unidade,unitario,LÂMPADA LED
federal,pneu,2019,Federal/ES,685.0,unidade,unitario,PNEU VEÍCULO AUTOMOTIVO
federal,diesel,2019,Federal/ES,5.1548,litro,quantidade_litros,ÓLEO DIESEL
federal,cimento,2019,Federal/ES,20.0,saco_50kg,unitario,CIMENTO PORTLAND
federal,ar_condicionado,2019,Federal/ES,14978.0,unidade,unitario,AR CONDICIONADO - INSTALACAO/MONTAGEM/DESMONATAGEM/REMOÇÃO -(PAREDE / SISTEMAS)
federal,seringa,2019,Federal/ES,3.12,unidade,unitario,PONTA P/ SERINGA MATERIAIS VISCOSOS
federal,seringa,2019,Federal/ES,3.2,unidade,unitario,PONTA P/ SERINGA MATERIAIS VISCOSOS
federal,seringa,2019,Federal/ES,2.22,unidade,unitario,PONTA P/ SERINGA MATERIAIS VISCOSOS
federal,lampada_led,2019,Federal/ES,16.84,unidade,unitario,LÂMPADA LED
federal,lampada_led,2019,Federal/ES,19.45,unidade,unitario,LÂMPADA LED
federal,caneta_esferografica,2019,Federal/ES,0.72,unidade,unitario,CANETA ESFEROGRÁFICA
federal,cafe,2019,Federal/ES,14.0,kg,heuristica,'CAFÉ'
federal,agua_sanitaria,2019,Federal/ES,1.72,litro,heuristica,ÁGUA SANITÁRIA
federal,alcool,2019,Federal/ES,3.15,litro,heuristica,ÁLCOOL ETÍLICO LIMPEZA DE AMBIENTES
federal,alcool,2019,Federal/ES,4.65,litro,heuristica,ÁLCOOL ETÍLICO
federal,papel_toalha,2019,Federal/ES,22.5,rolo,unitario,DISPENSER PAPEL TOALHA
federal,desinfetante,2019,Federal/ES,6.75,litro,heuristica,DESINFETANTE
federal,detergente,2019,Federal/ES,2.0,litro,heuristica,DETERGENTE SANEANTE
federal,sabonete,2019,Federal/ES,10.86,unidade,unitario,SABONETE
federal,vassoura,2019,Federal/ES,11.78,unidade,unitario,VASSOURA
federal,vassoura,2019,Federal/ES,8.5,unidade,unitario,VASSOURA
federal,alcool,2019,Federal/ES,7.43,litro,heuristica,ÁLCOOL ETÍLICO LIMPEZA DE AMBIENTES
federal,leite_integral,2019,Federal/ES,3.29,litro,heuristica,LEITE FLUIDO
federal,cebola,2019,Federal/ES,3.99,kg,heuristica,CEBOLA IN NATURA
federal,farinha_trigo,2019,Federal/ES,2.99,kg,heuristica,FARINHA DE TRIGO
federal,carne_bovina,2019,Federal/ES,25.99,kg,heuristica,CARNE BOVINA IN NATURA
federal,requeijao,2019,Federal/ES,29.9,kg,heuristica,REQUEIJÃO
federal,farinha_mandioca,2019,Federal/ES,3.49,kg,heuristica,FARINHA DE MANDIOCA
federal,bacon,2019,Federal/ES,19.9,kg,heuristica,'BACON DEFUMADO'
federal,margarina,2019,Federal/ES,23.8,kg,heuristica,'MARGARINA'
federal,farinha_trigo,2019,Federal/ES,2.98,kg,heuristica,FARINHA DE TRIGO
federal,suco,2019,Federal/ES,5.99,litro,heuristica,SUCO
federal,ar_condicionado,2019,Federal/ES,8050.0,unidade,unitario,AR CONDICIONADO VEICULO - INSTALACAO / MONTAGEM / MANUTENCAO
federal,bebedouro,2019,Federal/ES,2372.3,unidade,unitario,BEBEDOURO ÁGUA
federal,ar_condicionado,2019,Federal/ES,8050.0,unidade,unitario,AR CONDICIONADO - MANUTENCAO DE APARELHOS DE PAREDE
federal,toner,2019,Federal/ES,72.0,unidade,unitario,CARTUCHO TONER IMPRESSORA HP
federal,toner,2019,Federal/ES,84.0,unidade,unitario,CARTUCHO TONER IMPRESSORA SAMSUNG
federal,toner,2019,Federal/ES,68.0,unidade,unitario,CARTUCHO TONER IMPRESSORA SAMSUNG
federal,caneta_esferografica,2019,Federal/ES,0.45,unidade,unitario,CANETA ESFEROGRÁFICA
federal,caneta_esferografica,2019,Federal/ES,0.45,unidade,unitario,CANETA ESFEROGRÁFICA
federal,toner,2019,Federal/ES,79.995,unidade,unitario,CARTUCHO TONER IMPRESSORA HP
federal,toner,2019,Federal/ES,139.998,unidade,unitario,CARTUCHO TONER IMPRESSORA SAMSUNG
federal,toner,2019,Federal/ES,139.998,unidade,unitario,CARTUCHO TONER IMPRESSORA SAMSUNG
federal,toner,2019,Federal/ES,139.999,unidade,unitario,CARTUCHO TONER IMPRESSORA SAMSUNG
federal,toner,2019,Federal/ES,139.998,unidade,unitario,CARTUCHO TONER IMPRESSORA SAMSUNG
federal,acucar,2019,Federal/ES,2.5,kg,heuristica,'AÇÚCAR'
federal,ar_condicionado,2019,Federal/ES,6241.53,unidade,unitario,APARELHO AR CONDICIONADO
federal,ar_condicionado,2019,Federal/ES,12719.4,unidade,unitario,PEÇAS E ACESSÓRIOS APARELHO AR CONDICIONADO
federal,ar_condicionado,2019,Federal/ES,6667.82,unidade,unitario,PEÇAS E ACESSÓRIOS APARELHO AR CONDICIONADO
federal,ar_condicionado,2019,Federal/ES,838.1,unidade,unitario,PEÇAS E ACESSÓRIOS APARELHO AR CONDICIONADO
federal,ar_condicionado,2019,Federal/ES,838.1,unidade,unitario,PEÇAS E ACESSÓRIOS APARELHO AR CONDICIONADO
federal,ar_condicionado,2019,Federal/ES,3451.0,unidade,unitario,PEÇAS E ACESSÓRIOS APARELHO AR CONDICIONADO
federal,ar_condicionado,2019,Federal/ES,4880.7,unidade,unitario,PEÇAS E ACESSÓRIOS APARELHO AR CONDICIONADO
federal,ar_condicionado,2019,Federal/ES,9243.75,unidade,unitario,PEÇAS E ACESSÓRIOS APARELHO AR CONDICIONADO
federal,ar_condicionado,2019,Federal/ES,1450.0,unidade,unitario,AR CONDICIONADO - MANUTENCAO DE APARELHOS DE PAREDE
federal,alcool,2019,Federal/ES,16.09,litro,heuristica,ÁLCOOL ETÍLICO
federal,alcool,2019,Federal/ES,14.42,litro,heuristica,ÁLCOOL ETÍLICO
federal,apontador,2019,Federal/ES,0.64,unidade,unitario,APONTADOR LÁPIS
federal,caneta_esferografica,2019,Federal/ES,0.4,unidade,unitario,CANETA ESFEROGRÁFICA
federal,pincel_quadro,2019,Federal/ES,1.81,unidade,unitario,PINCEL ATÔMICO
federal,envelope,2019,Federal/ES,0.2,unidade,unitario,ENVELOPE
federal,grampeador,2019,Federal/ES,31.335,unidade,unitario,GRAMPEADOR
federal,ar_condicionado,2019,Federal/ES,2048.0,unidade,unitario,APARELHO AR CONDICIONADO
federal,ar_condicionado,2019,Federal/ES,2021.0,unidade,unitario,APARELHO AR CONDICIONADO
federal,ar_condicionado,2019,Federal/ES,4480.0,unidade,unitario,APARELHO AR CONDICIONADO
federal,carne_bovina,2019,Federal/ES,15.9,kg,heuristica,CARNE BOVINA IN NATURA
federal,acucar,2019,Federal/ES,12.29,kg,heuristica,'AÇÚCAR'
federal,acucar,2019,Federal/ES,2.59,kg,heuristica,'AÇÚCAR'
federal,carne_suina,2019,Federal/ES,12.9,kg,heuristica,CARNE SUÍNA IN NATURA
federal,biscoito,2019,Federal/ES,7.225,kg,heuristica,BISCOITO
federal,leite_po,2019,Federal/ES,24.975,kg,heuristica,LEITE EM PÓ
federal,leite_integral,2019,Federal/ES,2.99,litro,heuristica,LEITE FLUIDO
federal,margarina,2019,Federal/ES,11.1,kg,heuristica,'MARGARINA'
federal,carne_suina,2019,Federal/ES,12.9,kg,heuristica,CARNE SUÍNA IN NATURA
federal,carne_bovina,2019,Federal/ES,19.99,kg,heuristica,CARNE BOVINA IN NATURA
federal,carne_suina,2019,Federal/ES,14.99,kg,heuristica,CARNE SUÍNA IN NATURA
federal,suco,2019,Federal/ES,8.29,litro,heuristica,SUCO
federal,tinta_latex,2019,Federal/ES,27.0,litro,heuristica,TINTA ACRÍLICA
federal,grampeador,2019,Federal/ES,59.5,unidade,unitario,GRAMPEADOR
federal,ar_condicionado,2019,Federal/ES,11393.88,unidade,unitario,AR CONDICIONADO - MANUTENCAO SISTEMA CENTRAL
federal,toner,2019,Federal/ES,47.405,unidade,unitario,CARTUCHO TONER IMPRESSORA SAMSUNG
federal,toner,2019,Federal/ES,61.995,unidade,unitario,CARTUCHO TONER IMPRESSORA HP
federal,toner,2019,Federal/ES,61.99,unidade,unitario,CARTUCHO TONER IMPRESSORA HP
federal,toner,2019,Federal/ES,61.99,unidade,unitario,CARTUCHO TONER IMPRESSORA HP
federal,metronidazol,2019,Federal/ES,9.28,unidade,unitario,METRONIDAZOL
federal,risperidona,2019,Federal/ES,0.11,unidade,unitario,RISPERIDONA
federal,alcool,2019,Federal/ES,5.5,litro,heuristica,ÁLCOOL ETÍLICO
federal,cadeira,2019,Federal/ES,73.9,unidade,unitario,CADEIRA FIXA
federal,acucar,2019,Federal/ES,9.2,kg,heuristica,'AÇÚCAR'
federal,ar_condicionado,2019,Federal/ES,12250.61,unidade,unitario,PEÇAS E ACESSÓRIOS APARELHO AR CONDICIONADO
federal,caneta_esferografica,2019,Federal/ES,0.44,unidade,unitario,CANETA ESFEROGRÁFICA
federal,caneta_esferografica,2019,Federal/ES,8.1,unidade,unitario,CANETA ESFEROGRÁFICA
federal,notebook,2019,Federal/ES,4450.0,unidade,unitario,NOTEBOOK
federal,tubo_pvc,2019,Federal/ES,21.0,metro,unitario,TUBO PVC SOLDÁVEL
federal,disjuntor,2019,Federal/ES,110.0,unidade,unitario,DISJUNTOR BAIXA TENSÃO
federal,disjuntor,2019,Federal/ES,5.9,unidade,unitario,DISJUNTOR BAIXA TENSÃO
federal,disjuntor,2019,Federal/ES,20.5,unidade,unitario,DISJUNTOR BAIXA TENSÃO
federal,disjuntor,2019,Federal/ES,22.0,unidade,unitario,DISJUNTOR BAIXA TENSÃO
federal,disjuntor,2019,Federal/ES,29.0,unidade,unitario,DISJUNTOR BAIXA TENSÃO
federal,disjuntor,2019,Federal/ES,36.0,unidade,unitario,DISJUNTOR BAIXA TENSÃO
federal,cimento,2019,Federal/ES,25.0,saco_50kg,unitario,CIMENTO PORTLAND
federal,caneta_esferografica,2019,Federal/ES,17.88,unidade,unitario,CANETA ESFEROGRÁFICA
federal,caneta_esferografica,2019,Federal/ES,17.88,unidade,unitario,CANETA ESFEROGRÁFICA
federal,caneta_esferografica,2019,Federal/ES,17.88,unidade,unitario,CANETA ESFEROGRÁFICA
federal,apontador,2019,Federal/ES,4.4333,unidade,unitario,APONTADOR LÁPIS
federal,tubo_pvc,2019,Federal/ES,28.0,metro,unitario,TUBO PVC SOLDÁVEL
federal,tubo_pvc,2019,Federal/ES,10.6,metro,unitario,TUBO PVC SOLDÁVEL
federal,caneta_esferografica,2019,Federal/ES,4.1667,unidade,unitario,CANETA ESFEROGRÁFICA
federal,ar_condicionado,2019,Federal/ES,9450.0,unidade,unitario,AR CONDICIONADO - INSTALACAO/MONTAGEM/DESMONATAGEM/REMOÇÃO -(PAREDE / SISTEMAS)
federal,agulha_descartavel,2019,Federal/ES,0.08,unidade,unitario,AGULHA HIPODÉRMICA
federal,dipirona,2019,Federal/ES,10.64,unidade,unitario,DIPIRONA SÓDICA
federal,dexametasona,2019,Federal/ES,4.65,unidade,unitario,DEXAMETASONA
federal,desinfetante,2019,Federal/ES,30.33,litro,heuristica,DESINFETANTE
federal,seringa,2019,Federal/ES,0.85,unidade,unitario,SERINGA
federal,seringa,2019,Federal/ES,0.47,unidade,unitario,SERINGA
federal,seringa,2019,Federal/ES,2.86,unidade,unitario,SERINGA
federal,desinfetante,2019,Federal/ES,37.5,litro,heuristica,DESINFETANTE
federal,ar_condicionado,2019,Federal/ES,2088.0,unidade,unitario,APARELHO AR CONDICIONADO
federal,envelope,2019,Federal/ES,0.29,unidade,unitario,ENVELOPE
federal,envelope,2019,Federal/ES,0.17,unidade,unitario,ENVELOPE
federal,envelope,2019,Federal/ES,0.09,unidade,unitario,ENVELOPE
federal,envelope,2019,Federal/ES,0.2,unidade,unitario,ENVELOPE
federal,ovos,2019,Federal/ES,7.5,duzia,unitario,BANDEJA OVOS
federal,ovos,2019,Federal/ES,7.5,duzia,unitario,BANDEJA OVOS
federal,ovos,2019,Federal/ES,8.77,duzia,unitario,BANDEJA OVOS
federal,ovos,2019,Federal/ES,8.77,duzia,unitario,BANDEJA OVOS
federal,agua_sanitaria,2019,Federal/ES,1.72,litro,heuristica,ÁGUA SANITÁRIA
federal,agua_sanitaria,2019,Federal/ES,9.4,litro,heuristica,ÁGUA SANITÁRIA
federal,alcool,2019,Federal/ES,5.7,litro,heuristica,ÁLCOOL ETÍLICO LIMPEZA DE AMBIENTES
federal,alcool,2019,Federal/ES,4.3,litro,heuristica,ÁLCOOL ETÍLICO
federal,detergente,2019,Federal/ES,2.34,litro,heuristica,DETERGENTE SANEANTE
federal,alcool,2019,Federal/ES,9.0,litro,heuristica,ÁLCOOL ETÍLICO
federal,papel_higienico,2019,Federal/ES,3.5,rolo,unitario,PAPEL HIGIÊNICO
federal,papel_higienico,2019,Federal/ES,3.4,rolo,unitario,PAPEL HIGIÊNICO
federal,sabonete,2019,Federal/ES,6.52,unidade,unitario,SABONETE LÍQUIDO
federal,sabonete,2019,Federal/ES,0.98,unidade,unitario,SABONETE
federal,desinfetante,2019,Federal/ES,16.7,litro,heuristica,DESINFETANTE
federal,vassoura,2019,Federal/ES,23.13,unidade,unitario,VASSOURA
federal,vassoura,2019,Federal/ES,9.1,unidade,unitario,VASSOURA
federal,vassoura,2019,Federal/ES,10.34,unidade,unitario,VASSOURA
federal,lampada_led,2019,Federal/ES,9.8,unidade,unitario,LÂMPADA LED
federal,lampada_led,2019,Federal/ES,8.4,unidade,unitario,LÂMPADA LED
federal,cal,2019,Federal/ES,7.7,kg,heuristica,CAL HIDRATADA
federal,disjuntor,2019,Federal/ES,39.0,unidade,unitario,DISJUNTOR ALTA TENSÃO
federal,disjuntor,2019,Federal/ES,38.9,unidade,unitario,DISJUNTOR BAIXA TENSÃO
federal,disjuntor,2019,Federal/ES,29.9,unidade,unitario,DISJUNTOR BAIXA TENSÃO
federal,disjuntor,2019,Federal/ES,29.9,unidade,unitario,DISJUNTOR BAIXA TENSÃO
federal,disjuntor,2019,Federal/ES,8.9,unidade,unitario,DISJUNTOR BAIXA TENSÃO
federal,disjuntor,2019,Federal/ES,8.9,unidade,unitario,DISJUNTOR BAIXA TENSÃO
federal,disjuntor,2019,Federal/ES,8.9,unidade,unitario,DISJUNTOR BAIXA TENSÃO
federal,torneira,2019,Federal/ES,94.9,unidade,unitario,TORNEIRA
federal,torneira,2019,Federal/ES,20.0,unidade,unitario,TORNEIRA
federal,torneira,2019,Federal/ES,50.0,unidade,unitario,TORNEIRA
federal,lampada_led,2019,Federal/ES,7.31,unidade,unitario,LÂMPADA LED
federal,disjuntor,2019,Federal/ES,99.12,unidade,unitario,DISJUNTOR BAIXA TENSÃO
federal,disjuntor,2019,Federal/ES,16.77,unidade,unitario,DISJUNTOR BAIXA TENSÃO
federal,disjuntor,2019,Federal/ES,17.01,unidade,unitario,DISJUNTOR BAIXA TENSÃO
federal,disjuntor,2019,Federal/ES,17.01,unidade,unitario,DISJUNTOR BAIXA TENSÃO
federal,disjuntor,2019,Federal/ES,18.35,unidade,unitario,DISJUNTOR BAIXA TENSÃO
federal,disjuntor,2019,Federal/ES,5.15,unidade,unitario,DISJUNTOR BAIXA TENSÃO
federal,disjuntor,2019,Federal/ES,5.25,unidade,unitario,DISJUNTOR BAIXA TENSÃO
federal,disjuntor,2019,Federal/ES,5.1,unidade,unitario,DISJUNTOR BAIXA TENSÃO
federal,disjuntor,2019,Federal/ES,25.44,unidade,unitario,DISJUNTOR BAIXA TENSÃO
federal,disjuntor,2019,Federal/ES,25.74,unidade,unitario,DISJUNTOR BAIXA TENSÃO
federal,disjuntor,2019,Federal/ES,24.6,unidade,unitario,DISJUNTOR BAIXA TENSÃO
federal,disjuntor,2019,Federal/ES,24.9,unidade,unitario,DISJUNTOR BAIXA TENSÃO
federal,disjuntor,2019,Federal/ES,26.36,unidade,unitario,DISJUNTOR BAIXA TENSÃO
federal,disjuntor,2019,Federal/ES,5.2,unidade,unitario,DISJUNTOR BAIXA TENSÃO
federal,disjuntor,2019,Federal/ES,5.62,unidade,unitario,DISJUNTOR BAIXA TENSÃO
federal,disjuntor,2019,Federal/ES,14.95,unidade,unitario,DISJUNTOR BAIXA TENSÃO
federal,disjuntor,2019,Federal/ES,7.15,unidade,unitario,DISJUNTOR BAIXA TENSÃO
federal,lampada_led,2019,Federal/ES,45.0,unidade,unitario,LÂMPADA LED
federal,lampada_led,2019,Federal/ES,14.0,unidade,unitario,LÂMPADA LED
federal,lampada_led,2019,Federal/ES,11.5,unidade,unitario,LÂMPADA LED
federal,lampada_led,2019,Federal/ES,29.7,unidade,unitario,LÂMPADA LED
federal,lampada_led,2019,Federal/ES,69.0,unidade,unitario,LÂMPADA LED
federal,tijolo,2019,Federal/ES,3.999,unidade,unitario,BLOCO DE CONCRETO
federal,tijolo,2019,Federal/ES,2.35,unidade,unitario,BLOCO DE CONCRETO
federal,tinta_latex,2019,Federal/ES,85.0,litro,heuristica,TINTA ACRÍLICA
federal,tinta_latex,2019,Federal/ES,85.0,litro,heuristica,TINTA ACRÍLICA
federal,torneira,2019,Federal/ES,16.0,unidade,unitario,TORNEIRA
federal,torneira,2019,Federal/ES,11.32,unidade,unitario,TORNEIRA
federal,torneira,2019,Federal/ES,33.9,unidade,unitario,TORNEIRA
federal,torneira,2019,Federal/ES,17.0,unidade,unitario,TORNEIRA
federal,tubo_pvc,2019,Federal/ES,35.0,metro,unitario,TUBO PVC ROSCÁVEL
federal,tubo_pvc,2019,Federal/ES,20.0,metro,unitario,TUBO PVC ROSCÁVEL
federal,tubo_pvc,2019,Federal/ES,11.0,metro,unitario,TUBO PVC SOLDÁVEL
federal,tubo_pvc,2019,Federal/ES,154.0,metro,unitario,TUBO PVC SOLDÁVEL
federal,cimento,2019,Federal/ES,22.5,saco_50kg,unitario,CIMENTO PORTLAND
federal,cimento,2019,Federal/ES,23.5,saco_50kg,unitario,CIMENTO PORTLAND
federal,agua_sanitaria,2019,Federal/ES,1.7,litro,heuristica,ÁGUA SANITÁRIA
federal,agua_sanitaria,2019,Federal/ES,7.49,litro,heuristica,ÁGUA SANITÁRIA
federal,alcool,2019,Federal/ES,3.96,litro,heuristica,ÁLCOOL ETÍLICO LIMPEZA DE AMBIENTES
federal,alcool,2019,Federal/ES,10.0,litro,heuristica,ÁLCOOL ETÍLICO LIMPEZA DE AMBIENTES
federal,alcool,2019,Federal/ES,4.58,litro,heuristica,ÁLCOOL ETÍLICO LIMPEZA DE AMBIENTES
federal,amaciante,2019,Federal/ES,2.095,litro,heuristica,AMACIANTE DE ROUPA
federal,detergente,2019,Federal/ES,6.0,litro,heuristica,DETERGENTE
federal,detergente,2019,Federal/ES,2.78,litro,heuristica,DETERGENTE
federal,detergente,2019,Federal/ES,2.28,litro,heuristica,DETERGENTE
federal,papel_toalha,2019,Federal/ES,20.9,rolo,unitario,DISPENSER PAPEL TOALHA
federal,papel_toalha,2019,Federal/ES,20.65,rolo,unitario,DISPENSER PAPEL TOALHA
federal,papel_higienico,2019,Federal/ES,3.44,rolo,unitario,PAPEL HIGIÊNICO
federal,papel_higienico,2019,Federal/ES,6.83,rolo,unitario,PAPEL HIGIÊNICO
federal,sabonete,2019,Federal/ES,12.31,unidade,unitario,SABONETE LÍQUIDO
federal,sabonete,2019,Federal/ES,5.0,unidade,unitario,SABONETE LÍQUIDO
federal,sabonete,2019,Federal/ES,6.4,unidade,unitario,SABONETE LÍQUIDO
federal,sabonete,2019,Federal/ES,0.68,unidade,unitario,SABONETE
federal,vassoura,2019,Federal/ES,4.0,unidade,unitario,VASSOURA
federal,vassoura,2019,Federal/ES,8.35,unidade,unitario,VASSOURA
federal,vassoura,2019,Federal/ES,11.8,unidade,unitario,VASSOURA
federal,vassoura,2019,Federal/ES,13.3,unidade,unitario,VASSOURA
federal,cal,2019,Federal/ES,9.0,kg,heuristica,CAL HIDRATADA
federal,agua_sanitaria,2019,Federal/ES,1.74,litro,heuristica,ÁGUA SANITÁRIA
federal,desinfetante,2019,Federal/ES,2.49,litro,heuristica,DESINFETANTE
federal,detergente,2019,Federal/ES,3.0,litro,heuristica,DETERGENTE
federal,grampeador,2019,Federal/ES,5.5,unidade,unitario,GRAMPO GRAMPEADOR
federal,acucar,2019,Federal/ES,4.5,kg,heuristica,AÇÚCAR
federal,lampada_led,2019,Federal/ES,19.9,unidade,unitario,LÂMPADA LED
federal,ar_condicionado,2019,Federal/ES,4600.0,unidade,unitario,AR CONDICIONADO - MANUTENCAO DE SISTEMAS / LIMPEZA
federal,ar_condicionado,2019,Federal/ES,5210.0,unidade,unitario,PEÇAS E ACESSÓRIOS APARELHO AR CONDICIONADO
federal,disjuntor,2019,Federal/ES,29.88,unidade,unitario,DISJUNTOR ALTA TENSÃO
federal,disjuntor,2019,Federal/ES,35.0,unidade,unitario,DISJUNTOR BAIXA TENSÃO
federal,cadeira,2019,Federal/ES,39.1,unidade,unitario,CADEIRA FIXA
federal,alcool,2019,Federal/ES,3.6,litro,heuristica,ÁLCOOL ETÍLICO LIMPEZA DE AMBIENTES
federal,detergente,2019,Federal/ES,2.7,litro,heuristica,DETERGENTE
federal,detergente,2019,Federal/ES,2.5,litro,heuristica,DETERGENTE
federal,papel_higienico,2019,Federal/ES,6.5,rolo,unitario,PAPEL HIGIÊNICO
federal,vassoura,2019,Federal/ES,11.55,unidade,unitario,VASSOURA
federal,lampada_led,2019,Federal/ES,18.97,unidade,unitario,LÂMPADA LED
federal,lampada_led,2019,Federal/ES,15.1,unidade,unitario,LÂMPADA LED
federal,farinha_mandioca,2019,Federal/ES,3.9,kg,heuristica,FARINHA DE MANDIOCA
federal,polpa_fruta,2019,Federal/ES,9.09,kg,heuristica,POLPA DE FRUTA
federal,polpa_fruta,2019,Federal/ES,8.37,kg,heuristica,POLPA DE FRUTA
federal,polpa_fruta,2019,Federal/ES,9.08,kg,heuristica,POLPA DE FRUTA
federal,polpa_fruta,2019,Federal/ES,7.96,kg,heuristica,POLPA DE FRUTA
federal,polpa_fruta,2019,Federal/ES,8.23,kg,heuristica,POLPA DE FRUTA
federal,torneira,2019,Federal/ES,79.0,unidade,unitario,TORNEIRA
federal,ar_condicionado,2019,Federal/ES,2632.9967,unidade,unitario,APARELHO AR CONDICIONADO
federal,dexametasona,2019,Federal/ES,6.08,unidade,unitario,DEXAMETASONA
federal,metformina,2019,Federal/ES,0.09,unidade,unitario,METFORMINA CLORIDRATO
federal,apontador,2019,Federal/ES,0.6816,unidade,unitario,APONTADOR LÁPIS
federal,acucar,2019,Federal/ES,3.99,kg,heuristica,AÇÚCAR
federal,agua_mineral,2019,Federal/ES,8.95,litro,heuristica,ÁGUA MINERAL NATURAL
federal,farinha_mandioca,2020,Federal/ES,4.45,kg,heuristica,FARINHA DE MANDIOCA
federal,cimento,2020,Federal/ES,21.75,saco_50kg,unitario,CIMENTO PORTLAND
federal,cimento,2020,Federal/ES,21.75,saco_50kg,unitario,CIMENTO PORTLAND
federal,diesel,2020,Federal/ES,5.99,litro,quantidade_litros,ÓLEO DIESEL
federal,agua_mineral,2020,Federal/ES,7.9,litro,heuristica,ÁGUA MINERAL NATURAL
federal,detergente,2020,Federal/ES,27.0,litro,heuristica,DETERGENTE SANEANTE
federal,detergente,2020,Federal/ES,22.0,litro,heuristica,DETERGENTE SANEANTE
federal,detergente,2020,Federal/ES,21.0,litro,heuristica,DETERGENTE SANEANTE
federal,tinta_latex,2020,Federal/ES,90.0,litro,heuristica,TINTA ACRÍLICA
federal,agua_mineral,2020,Federal/ES,6.2,litro,heuristica,ÁGUA MINERAL NATURAL
federal,cebola,2020,Federal/ES,2.69,kg,heuristica,CEBOLA IN NATURA
federal,abobora,2020,Federal/ES,2.71,kg,heuristica,ABÓBORA IN-NATURA
federal,aipim,2020,Federal/ES,3.06,kg,heuristica,AIPIM IN NATURA
federal,cebola,2020,Federal/ES,4.76,kg,heuristica,CEBOLA IN NATURA
federal,cebola,2020,Federal/ES,4.54,kg,heuristica,CEBOLA IN NATURA
federal,gasolina,2020,Federal/ES,4.38,litro,quantidade_litros,GASOLINA
federal,diesel,2020,Federal/ES,3.79,litro,quantidade_litros,ÓLEO DIESEL
federal,diesel,2020,Federal/ES,3.9,litro,quantidade_litros,ÓLEO DIESEL
federal,tubo_pvc,2020,Federal/ES,98.7,metro,unitario,TUBO PVC SOLDÁVEL
federal,tubo_pvc,2020,Federal/ES,65.0,metro,unitario,TUBO PVC SOLDÁVEL
federal,tubo_pvc,2020,Federal/ES,21.47,metro,unitario,TUBO PVC SOLDÁVEL
federal,tubo_pvc,2020,Federal/ES,12.25,metro,unitario,TUBO PVC SOLDÁVEL
federal,seringa,2020,Federal/ES,1.87,unidade,unitario,SERINGA
federal,alcool,2020,Federal/ES,6.6667,litro,heuristica,ÁLCOOL ETÍLICO
federal,alcool,2020,Federal/ES,6.6667,litro,heuristica,ÁLCOOL ETÍLICO
federal,dipirona,2020,Federal/ES,0.2633,unidade,unitario,DIPIRONA SÓDICA
federal,dipirona,2020,Federal/ES,0.2633,unidade,unitario,DIPIRONA SÓDICA
federal,dipirona,2020,Federal/ES,0.15,unidade,unitario,DIPIRONA SÓDICA
federal,dipirona,2020,Federal/ES,0.15,unidade,unitario,DIPIRONA SÓDICA
federal,ibuprofeno,2020,Federal/ES,0.4183,unidade,unitario,IBUPROFENO
federal,ibuprofeno,2020,Federal/ES,0.4183,unidade,unitario,IBUPROFENO
federal,loratadina,2020,Federal/ES,0.19,unidade,unitario,LORATADINA
federal,loratadina,2020,Federal/ES,0.19,unidade,unitario,LORATADINA
federal,nimesulida,2020,Federal/ES,0.14,unidade,unitario,NIMESULIDA
federal,nimesulida,2020,Federal/ES,0.14,unidade,unitario,NIMESULIDA
federal,prednisolona,2020,Federal/ES,0.698,unidade,unitario,PREDNISOLONA
federal,prednisolona,2020,Federal/ES,0.698,unidade,unitario,PREDNISOLONA
federal,ar_condicionado,2020,Federal/ES,2450.0,unidade,unitario,AR CONDICIONADO - MANUTENCAO DE SISTEMAS / LIMPEZA
federal,ar_condicionado,2020,Federal/ES,800.0,unidade,unitario,AR CONDICIONADO - INSTALACAO/MONTAGEM/DESMONATAGEM/REMOÇÃO -(PAREDE / SISTEMAS)
federal,lampada_led,2020,Federal/ES,23.9,unidade,unitario,LÂMPADA LED
federal,alcool,2020,Federal/ES,7.26,litro,heuristica,ÁLCOOL ETÍLICO LIMPEZA DE AMBIENTES
federal,desinfetante,2020,Federal/ES,6.036,litro,heuristica,DESINFETANTE
federal,vassoura,2020,Federal/ES,20.16,unidade,unitario,VASSOURA
federal,acucar,2020,Federal/ES,12.35,kg,heuristica,AÇÚCAR
federal,ar_condicionado,2020,Federal/ES,2890.0,unidade,unitario,AR CONDICIONADO-APARELHO
federal,ar_condicionado,2020,Federal/ES,2890.0,unidade,unitario,AR CONDICIONADO-APARELHO
federal,ar_condicionado,2020,Federal/ES,3340.0,unidade,unitario,AR CONDICIONADO-APARELHO
federal,ar_condicionado,2020,Federal/ES,3340.0,unidade,unitario,AR CONDICIONADO-APARELHO
federal,ar_condicionado,2020,Federal/ES,4490.0,unidade,unitario,AR CONDICIONADO-APARELHO
federal,ar_condicionado,2020,Federal/ES,4490.0,unidade,unitario,AR CONDICIONADO-APARELHO
federal,ar_condicionado,2020,Federal/ES,5790.0,unidade,unitario,AR CONDICIONADO-APARELHO
federal,ar_condicionado,2020,Federal/ES,5790.0,unidade,unitario,AR CONDICIONADO-APARELHO
federal,ar_condicionado,2020,Federal/ES,6700.0,unidade,unitario,AR CONDICIONADO-APARELHO
federal,ar_condicionado,2020,Federal/ES,6700.0,unidade,unitario,AR CONDICIONADO-APARELHO
federal,ar_condicionado,2020,Federal/ES,8560.0,unidade,unitario,AR CONDICIONADO-APARELHO
federal,ar_condicionado,2020,Federal/ES,8560.0,unidade,unitario,AR CONDICIONADO-APARELHO
federal,ar_condicionado,2020,Federal/ES,10850.0,unidade,unitario,AR CONDICIONADO-APARELHO
federal,ar_condicionado,2020,Federal/ES,10850.0,unidade,unitario,AR CONDICIONADO-APARELHO
federal,ar_condicionado,2020,Federal/ES,2890.0,unidade,unitario,AR CONDICIONADO-APARELHO
federal,ar_condicionado,2020,Federal/ES,2890.0,unidade,unitario,AR CONDICIONADO-APARELHO
federal,ar_condicionado,2020,Federal/ES,3340.0,unidade,unitario,AR CONDICIONADO-APARELHO
federal,ar_condicionado,2020,Federal/ES,3340.0,unidade,unitario,AR CONDICIONADO-APARELHO
federal,ar_condicionado,2020,Federal/ES,4490.0,unidade,unitario,AR CONDICIONADO-APARELHO
federal,ar_condicionado,2020,Federal/ES,4490.0,unidade,unitario,AR CONDICIONADO-APARELHO
federal,ar_condicionado,2020,Federal/ES,5790.0,unidade,unitario,AR CONDICIONADO-APARELHO
federal,ar_condicionado,2020,Federal/ES,5790.0,unidade,unitario,AR CONDICIONADO-APARELHO
federal,ar_condicionado,2020,Federal/ES,6700.0,unidade,unitario,AR CONDICIONADO-APARELHO
federal,ar_condicionado,2020,Federal/ES,6700.0,unidade,unitario,AR CONDICIONADO-APARELHO
federal,ar_condicionado,2020,Federal/ES,8599.0,unidade,unitario,AR CONDICIONADO-APARELHO
federal,ar_condicionado,2020,Federal/ES,8599.0,unidade,unitario,AR CONDICIONADO-APARELHO
federal,ar_condicionado,2020,Federal/ES,10900.0,unidade,unitario,AR CONDICIONADO-APARELHO
federal,ar_condicionado,2020,Federal/ES,10900.0,unidade,unitario,AR CONDICIONADO-APARELHO
federal,clonazepam,2020,Federal/ES,0.12,unidade,unitario,CLONAZEPAM
federal,alcool,2020,Federal/ES,9.7,litro,heuristica,ÁLCOOL ETÍLICO
federal,ar_condicionado,2020,Federal/ES,7598.0,unidade,unitario,AR CONDICIONADO - MANUTENCAO SISTEMA CENTRAL
federal,alcool,2020,Federal/ES,7.67,litro,heuristica,ÁLCOOL ETÍLICO
federal,vassoura,2020,Federal/ES,11.33,unidade,unitario,VASSOURA
federal,metronidazol,2020,Federal/ES,0.1,unidade,unitario,METRONIDAZOL
federal,tijolo,2020,Federal/ES,1.55,unidade,unitario,BLOCO DE CONCRETO
federal,tijolo,2020,Federal/ES,2.15,unidade,unitario,BLOCO DE CONCRETO
federal,tijolo,2020,Federal/ES,1.35,unidade,unitario,BLOCO DE CONCRETO
federal,tijolo,2020,Federal/ES,1.85,unidade,unitario,BLOCO DE CONCRETO
federal,lampada_led,2020,Federal/ES,11.65,unidade,unitario,LÂMPADA LED
federal,torneira,2020,Federal/ES,6.85,unidade,unitario,TORNEIRA
federal,tubo_pvc,2020,Federal/ES,105.0,metro,unitario,TUBO PVC SOLDÁVEL
federal,caneta_esferografica,2020,Federal/ES,0.53,unidade,unitario,CANETA ESFEROGRÁFICA
federal,caneta_esferografica,2020,Federal/ES,0.44,unidade,unitario,CANETA ESFEROGRÁFICA
federal,caneta_esferografica,2020,Federal/ES,0.54,unidade,unitario,CANETA ESFEROGRÁFICA
federal,lapis,2020,Federal/ES,0.25,unidade,unitario,LÁPIS PRETO
federal,grampeador,2020,Federal/ES,13.64,unidade,unitario,GRAMPO GRAMPEADOR
federal,grampeador,2020,Federal/ES,10.48,unidade,unitario,GRAMPEADOR
federal,biscoito,2020,Federal/ES,41.05,kg,heuristica,BISCOITO
federal,biscoito,2020,Federal/ES,41.05,kg,heuristica,BISCOITO
federal,farinha_mandioca,2020,Federal/ES,4.54,kg,heuristica,FARINHA DE MANDIOCA
federal,farinha_mandioca,2020,Federal/ES,4.54,kg,heuristica,FARINHA DE MANDIOCA
federal,carne_bovina,2020,Federal/ES,13.5,kg,heuristica,CARNE BOVINA IN NATURA
federal,carne_bovina,2020,Federal/ES,20.1,kg,heuristica,CARNE BOVINA IN NATURA
federal,carne_bovina,2020,Federal/ES,19.9,kg,heuristica,CARNE BOVINA IN NATURA
federal,carne_bovina,2020,Federal/ES,24.3,kg,heuristica,CARNE BOVINA IN NATURA
federal,carne_bovina,2020,Federal/ES,21.0,kg,heuristica,CARNE BOVINA IN NATURA
federal,carne_bovina,2020,Federal/ES,28.21,kg,heuristica,CARNE BOVINA IN NATURA
federal,carne_bovina,2020,Federal/ES,19.5,kg,heuristica,CARNE BOVINA IN NATURA
federal,carne_bovina,2020,Federal/ES,26.2,kg,heuristica,CARNE BOVINA IN NATURA
federal,carne_bovina,2020,Federal/ES,18.9,kg,heuristica,CARNE BOVINA IN NATURA
federal,carne_bovina,2020,Federal/ES,21.45,kg,heuristica,CARNE BOVINA IN NATURA
federal,carne_suina,2020,Federal/ES,12.0,kg,heuristica,CARNE SUÍNA IN NATURA
federal,carne_suina,2020,Federal/ES,14.0,kg,heuristica,CARNE SUÍNA IN NATURA
federal,carne_suina,2020,Federal/ES,20.84,kg,heuristica,CARNE SUÍNA IN NATURA
federal,carne_suina,2020,Federal/ES,16.39,kg,heuristica,CARNE SUÍNA IN NATURA
federal,carne_suina,2020,Federal/ES,16.39,kg,heuristica,CARNE SUÍNA IN NATURA
federal,carne_bovina,2020,Federal/ES,15.9,kg,heuristica,CARNE BOVINA IN NATURA
federal,carne_bovina,2020,Federal/ES,21.49,kg,heuristica,CARNE BOVINA IN NATURA
federal,carne_bovina,2020,Federal/ES,19.9,kg,heuristica,CARNE BOVINA IN NATURA
federal,carne_bovina,2020,Federal/ES,19.89,kg,heuristica,CARNE BOVINA IN NATURA
federal,carne_bovina,2020,Federal/ES,25.3,kg,heuristica,CARNE BOVINA IN NATURA
federal,carne_suina,2020,Federal/ES,20.31,kg,heuristica,CARNE SUÍNA IN NATURA
federal,carne_suina,2020,Federal/ES,16.39,kg,heuristica,CARNE SUÍNA IN NATURA
federal,carne_suina,2020,Federal/ES,16.39,kg,heuristica,CARNE SUÍNA IN NATURA
federal,carne_suina,2020,Federal/ES,13.0,kg,heuristica,CARNE SUÍNA IN NATURA
federal,carne_suina,2020,Federal/ES,14.3,kg,heuristica,CARNE SUÍNA IN NATURA
federal,carne_bovina,2020,Federal/ES,15.3,kg,heuristica,CARNE BOVINA IN NATURA
federal,carne_bovina,2020,Federal/ES,23.06,kg,heuristica,CARNE BOVINA IN NATURA
federal,carne_bovina,2020,Federal/ES,21.01,kg,heuristica,CARNE BOVINA IN NATURA
federal,carne_bovina,2020,Federal/ES,26.56,kg,heuristica,CARNE BOVINA IN NATURA
federal,carne_suina,2020,Federal/ES,19.96,kg,heuristica,CARNE SUÍNA IN NATURA
federal,carne_suina,2020,Federal/ES,19.36,kg,heuristica,CARNE SUÍNA IN NATURA
federal,carne_suina,2020,Federal/ES,20.31,kg,heuristica,CARNE SUÍNA IN NATURA
federal,carne_suina,2020,Federal/ES,18.6,kg,heuristica,CARNE SUÍNA IN NATURA
federal,carne_suina,2020,Federal/ES,19.22,kg,heuristica,CARNE SUÍNA IN NATURA
federal,ar_condicionado,2020,Federal/ES,2980.0,unidade,unitario,AR CONDICIONADO - MANUTENCAO DE SISTEMAS / LIMPEZA
federal,alcool,2020,Federal/ES,35.0,litro,heuristica,ÁLCOOL ETÍLICO
federal,carne_bovina,2020,Federal/ES,18.95,kg,heuristica,CARNE BOVINA IN NATURA
federal,carne_bovina,2020,Federal/ES,26.95,kg,heuristica,CARNE BOVINA IN NATURA
federal,carne_bovina,2020,Federal/ES,33.99,kg,heuristica,CARNE BOVINA IN NATURA
federal,carne_bovina,2020,Federal/ES,27.0,kg,heuristica,CARNE BOVINA IN NATURA
federal,carne_bovina,2020,Federal/ES,20.95,kg,heuristica,CARNE BOVINA IN NATURA
federal,carne_bovina,2020,Federal/ES,26.95,kg,heuristica,CARNE BOVINA IN NATURA
federal,carne_suina,2020,Federal/ES,18.99,kg,heuristica,CARNE SUÍNA IN NATURA
federal,carne_suina,2020,Federal/ES,14.99,kg,heuristica,CARNE SUÍNA IN NATURA
federal,leite_po,2020,Federal/ES,24.975,kg,heuristica,LEITE EM PÓ
federal,leite_integral,2020,Federal/ES,2.99,litro,heuristica,LEITE FLUIDO
federal,farinha_trigo,2020,Federal/ES,4.99,kg,heuristica,FARINHA DE TRIGO
federal,farinha_trigo,2020,Federal/ES,3.49,kg,heuristica,FARINHA DE TRIGO
federal,leite_integral,2020,Federal/ES,2.99,litro,heuristica,LEITE FLUIDO
federal,suco,2020,Federal/ES,6.0,litro,heuristica,SUCO
federal,biscoito,2020,Federal/ES,25.225,kg,heuristica,BISCOITO
federal,biscoito,2020,Federal/ES,25.225,kg,heuristica,BISCOITO
federal,metronidazol,2020,Federal/ES,0.15,unidade,unitario,METRONIDAZOL
federal,extintor,2020,Federal/ES,40.0,unidade,unitario,CARGA EXTINTOR INCÊNDIO
federal,extintor,2020,Federal/ES,40.0,unidade,unitario,CARGA EXTINTOR INCÊNDIO
federal,ar_condicionado,2020,Federal/ES,10770.0,unidade,unitario,APARELHO AR CONDICIONADO
federal,alcool,2020,Federal/ES,4.3258,litro,heuristica,ÁLCOOL ETÍLICO
federal,envelope,2020,Federal/ES,0.1528,unidade,unitario,ENVELOPE
federal,alcool,2020,Federal/ES,15.0,litro,heuristica,ÁLCOOL ETÍLICO
federal,carne_bovina,2020,Federal/ES,17.9,kg,heuristica,CARNE BOVINA IN NATURA
federal,gasolina,2020,Federal/ES,4.69,litro,quantidade_litros,GASOLINA
federal,mascara_descartavel,2020,Federal/ES,2.38,unidade,unitario,MÁSCARA CIRÚRGICA
federal,mascara_descartavel,2020,Federal/ES,2.38,unidade,unitario,MÁSCARA CIRÚRGICA
federal,mascara_descartavel,2020,Federal/ES,2.38,unidade,unitario,MÁSCARA CIRÚRGICA
federal,tubo_pvc,2020,Federal/ES,15.6,metro,unitario,TUBO PVC SOLDÁVEL
federal,tubo_pvc,2020,Federal/ES,25.0,metro,unitario,TUBO PVC SOLDÁVEL
federal,disjuntor,2020,Federal/ES,12.0,unidade,unitario,PEÇA / ACESSÓRIO DISJUNTOR
federal,disjuntor,2020,Federal/ES,16.0,unidade,unitario,PEÇA / ACESSÓRIO DISJUNTOR
federal,disjuntor,2020,Federal/ES,17.0,unidade,unitario,PEÇA / ACESSÓRIO DISJUNTOR
federal,disjuntor,2020,Federal/ES,17.0,unidade,unitario,PEÇA / ACESSÓRIO DISJUNTOR
federal,disjuntor,2020,Federal/ES,17.0,unidade,unitario,PEÇA / ACESSÓRIO DISJUNTOR
federal,disjuntor,2020,Federal/ES,20.54,unidade,unitario,PEÇA / ACESSÓRIO DISJUNTOR
federal,disjuntor,2020,Federal/ES,5.0,unidade,unitario,PEÇA / ACESSÓRIO DISJUNTOR
federal,disjuntor,2020,Federal/ES,5.0,unidade,unitario,PEÇA / ACESSÓRIO DISJUNTOR
federal,disjuntor,2020,Federal/ES,5.1,unidade,unitario,PEÇA / ACESSÓRIO DISJUNTOR
federal,disjuntor,2020,Federal/ES,5.0,unidade,unitario,PEÇA / ACESSÓRIO DISJUNTOR
federal,disjuntor,2020,Federal/ES,5.0,unidade,unitario,PEÇA / ACESSÓRIO DISJUNTOR
federal,disjuntor,2020,Federal/ES,6.32,unidade,unitario,PEÇA / ACESSÓRIO DISJUNTOR
federal,disjuntor,2020,Federal/ES,27.55,unidade,unitario,PEÇA / ACESSÓRIO DISJUNTOR
federal,disjuntor,2020,Federal/ES,25.0,unidade,unitario,PEÇA / ACESSÓRIO DISJUNTOR
federal,disjuntor,2020,Federal/ES,25.0,unidade,unitario,PEÇA / ACESSÓRIO DISJUNTOR
federal,disjuntor,2020,Federal/ES,27.7,unidade,unitario,PEÇA / ACESSÓRIO DISJUNTOR
federal,disjuntor,2020,Federal/ES,40.0,unidade,unitario,PEÇA / ACESSÓRIO DISJUNTOR
federal,lampada_led,2020,Federal/ES,8.9,unidade,unitario,LÂMPADA LED
federal,alcool,2020,Federal/ES,14.5,litro,heuristica,ÁLCOOL ETÍLICO
federal,notebook,2020,Federal/ES,2010.0,unidade,unitario,NOTEBOOK
federal,mascara_descartavel,2020,Federal/ES,0.1,unidade,unitario,MÁSCARA CIRÚRGICA
federal,fenobarbital,2020,Federal/ES,0.1089,unidade,unitario,FENOBARBITAL SÓDICO
federal,dipirona,2020,Federal/ES,0.09,unidade,unitario,DIPIRONA SÓDICA
federal,anlodipino,2020,Federal/ES,0.05,unidade,unitario,ANLODIPINO BESILATO
federal,levotiroxina,2020,Federal/ES,0.14,unidade,unitario,LEVOTIROXINA SÓDICA
federal,levotiroxina,2020,Federal/ES,0.16,unidade,unitario,LEVOTIROXINA SÓDICA
federal,albendazol,2020,Federal/ES,1.4,unidade,unitario,ALBENDAZOL
federal,amoxicilina,2020,Federal/ES,7.84,unidade,unitario,AMOXICILINA
federal,amoxicilina,2020,Federal/ES,0.8,unidade,unitario,AMOXICILINA
federal,amoxicilina,2020,Federal/ES,12.0,unidade,unitario,AMOXICILINA
federal,amoxicilina,2020,Federal/ES,9.4,unidade,unitario,AMOXICILINA
federal,alcool,2020,Federal/ES,16.0,litro,heuristica,ÁLCOOL ETÍLICO
federal,tubo_pvc,2020,Federal/ES,36.61,metro,unitario,TUBO PVC SOLDÁVEL
federal,tubo_pvc,2020,Federal/ES,51.54,metro,unitario,TUBO PVC SOLDÁVEL
federal,tubo_pvc,2020,Federal/ES,12.44,metro,unitario,TUBO PVC SOLDÁVEL
federal,tubo_pvc,2020,Federal/ES,16.05,metro,unitario,TUBO PVC SOLDÁVEL
federal,torneira,2020,Federal/ES,13.24,unidade,unitario,TORNEIRA
federal,torneira,2020,Federal/ES,5.09,unidade,unitario,TORNEIRA
federal,torneira,2020,Federal/ES,20.24,unidade,unitario,TORNEIRA
federal,torneira,2020,Federal/ES,100.0,unidade,unitario,TORNEIRA
federal,torneira,2020,Federal/ES,90.0,unidade,unitario,TORNEIRA
federal,alcool,2020,Federal/ES,23.5,litro,heuristica,ÁLCOOL ETÍLICO LIMPEZA DE AMBIENTES
federal,mascara_descartavel,2020,Federal/ES,2.999,unidade,unitario,MÁSCARA CIRÚRGICA
federal,ar_condicionado,2020,Federal/ES,3060.0,unidade,unitario,AR CONDICIONADO - MANUTENCAO DE APARELHOS DE PAREDE
federal,agua_sanitaria,2020,Federal/ES,1.74,litro,heuristica,ÁGUA SANITÁRIA
federal,alcool,2020,Federal/ES,8.35,litro,heuristica,ÁLCOOL ETÍLICO
federal,alcool,2020,Federal/ES,9.2,litro,heuristica,ÁLCOOL ETÍLICO LIMPEZA DE AMBIENTES
federal,desinfetante,2020,Federal/ES,38.0,litro,heuristica,DESINFETANTE
federal,desinfetante,2020,Federal/ES,4.05,litro,heuristica,DESINFETANTE
federal,detergente,2020,Federal/ES,24.0,litro,heuristica,DETERGENTE
federal,detergente,2020,Federal/ES,26.0,litro,heuristica,DETERGENTE SANEANTE
federal,detergente,2020,Federal/ES,19.0,litro,heuristica,DETERGENTE SANEANTE
federal,detergente,2020,Federal/ES,7.5,litro,heuristica,DETERGENTE SANEANTE
federal,detergente,2020,Federal/ES,2.16,litro,heuristica,DETERGENTE
federal,papel_toalha,2020,Federal/ES,23.3,rolo,unitario,DISPENSER PAPEL TOALHA
federal,papel_higienico,2020,Federal/ES,4.2,rolo,unitario,PAPEL HIGIÊNICO
federal,sabonete,2020,Federal/ES,1.13,unidade,unitario,SABONETE
federal,vassoura,2020,Federal/ES,9.4,unidade,unitario,VASSOURA
federal,agua_sanitaria,2020,Federal/ES,2.99,litro,heuristica,ÁGUA SANITÁRIA
federal,alcool,2020,Federal/ES,8.4,litro,heuristica,ÁLCOOL ETÍLICO
federal,alcool,2020,Federal/ES,11.01,litro,heuristica,ÁLCOOL ETÍLICO LIMPEZA DE AMBIENTES
federal,desinfetante,2020,Federal/ES,4.05,litro,heuristica,DESINFETANTE
federal,detergente,2020,Federal/ES,2.4,litro,heuristica,DETERGENTE
federal,papel_toalha,2020,Federal/ES,23.3,rolo,unitario,DISPENSER PAPEL TOALHA
federal,papel_higienico,2020,Federal/ES,5.59,rolo,unitario,PAPEL HIGIÊNICO
federal,vassoura,2020,Federal/ES,11.15,unidade,unitario,VASSOURA
federal,bebedouro,2020,Federal/ES,1789.0,unidade,unitario,BEBEDOURO ÁGUA
federal,bebedouro,2020,Federal/ES,537.3,unidade,unitario,BEBEDOURO ÁGUA
federal,bebedouro,2020,Federal/ES,1940.05,unidade,unitario,BEBEDOURO ÁGUA
federal,bebedouro,2020,Federal/ES,1552.04,unidade,unitario,BEBEDOURO ÁGUA
federal,ar_condicionado,2020,Federal/ES,1092.35,unidade,unitario,AR CONDICIONADO PORTÁTIL
federal,ar_condicionado,2020,Federal/ES,1335.29,unidade,unitario,AR CONDICIONADO PORTÁTIL
federal,ar_condicionado,2020,Federal/ES,1728.0,unidade,unitario,AR CONDICIONADO PORTÁTIL
federal,ar_condicionado,2020,Federal/ES,2319.0,unidade,unitario,AR CONDICIONADO PORTÁTIL
federal,ar_condicionado,2020,Federal/ES,3929.0,unidade,unitario,AR CONDICIONADO PORTÁTIL
federal,ar_condicionado,2020,Federal/ES,5681.45,unidade,unitario,AR CONDICIONADO PORTÁTIL
federal,ar_condicionado,2020,Federal/ES,5681.45,unidade,unitario,AR CONDICIONADO PORTÁTIL
federal,ar_condicionado,2020,Federal/ES,1720.0,unidade,unitario,AR CONDICIONADO PORTÁTIL
federal,extintor,2020,Federal/ES,124.78,unidade,unitario,EXTINTOR INCÊNDIO
federal,extintor,2020,Federal/ES,145.27,unidade,unitario,EXTINTOR INCÊNDIO
federal,extintor,2020,Federal/ES,372.36,unidade,unitario,EXTINTOR INCÊNDIO
federal,impressora,2020,Federal/ES,1650.0,unidade,unitario,IMPRESSORA MULTIFUNCIONAL
federal,impressora,2020,Federal/ES,2350.0,unidade,unitario,IMPRESSORA MULTIFUNCIONAL
federal,tubo_pvc,2020,Federal/ES,7.95,metro,unitario,TUBO PVC SOLDÁVEL
federal,extintor,2020,Federal/ES,149.0,unidade,unitario,EXTINTOR INCÊNDIO
federal,achocolatado,2020,Federal/ES,13.85,kg,heuristica,ACHOCOLATADO
federal,achocolatado,2020,Federal/ES,12.425,kg,heuristica,ACHOCOLATADO
federal,acucar,2020,Federal/ES,9.0,kg,heuristica,AÇÚCAR
federal,acucar,2020,Federal/ES,1.99,kg,heuristica,AÇÚCAR
federal,agua_mineral,2020,Federal/ES,0.7,litro,heuristica,ÁGUA MINERAL NATURAL
federal,agua_mineral,2020,Federal/ES,1.88,litro,heuristica,ÁGUA MINERAL NATURAL
federal,agua_mineral,2020,Federal/ES,2.41,litro,heuristica,ÁGUA MINERAL NATURAL
federal,agua_mineral,2020,Federal/ES,0.87,litro,heuristica,ÁGUA MINERAL NATURAL
federal,carne_bovina,2020,Federal/ES,24.8,kg,heuristica,CARNE BOVINA IN NATURA
federal,amaciante,2020,Federal/ES,5.5,litro,heuristica,AMACIANTE DE CARNE
federal,biscoito,2020,Federal/ES,7.875,kg,heuristica,BISCOITO
federal,biscoito,2020,Federal/ES,7.5,kg,heuristica,BISCOITO
federal,biscoito,2020,Federal/ES,4.3,kg,heuristica,BISCOITO
federal,biscoito,2020,Federal/ES,6.875,kg,heuristica,BISCOITO
federal,biscoito,2020,Federal/ES,4.0,kg,heuristica,BISCOITO
federal,biscoito,2020,Federal/ES,53.95,kg,heuristica,BISCOITO
federal,biscoito,2020,Federal/ES,4.0,kg,heuristica,BISCOITO
federal,carne_bovina,2020,Federal/ES,18.4,kg,heuristica,CARNE BOVINA IN NATURA
federal,carne_bovina,2020,Federal/ES,25.0,kg,heuristica,CARNE BOVINA IN NATURA
federal,carne_bovina,2020,Federal/ES,15.0,kg,heuristica,CARNE BOVINA IN NATURA
federal,carne_bovina,2020,Federal/ES,19.95,kg,heuristica,CARNE BOVINA IN NATURA
federal,carne_bovina,2020,Federal/ES,24.8,kg,heuristica,CARNE BOVINA IN NATURA
federal,carne_suina,2020,Federal/ES,13.63,kg,heuristica,CARNE SUÍNA IN NATURA
federal,carne_bovina,2020,Federal/ES,16.82,kg,heuristica,CARNE BOVINA IN NATURA
federal,farinha_mandioca,2020,Federal/ES,3.7,kg,heuristica,FARINHA DE MANDIOCA
federal,farinha_trigo,2020,Federal/ES,2.85,kg,heuristica,FARINHA DE TRIGO
federal,carne_bovina,2020,Federal/ES,37.2,kg,heuristica,CARNE BOVINA IN NATURA
federal,iogurte,2020,Federal/ES,4.95,litro,heuristica,IOGURTE NATURAL
federal,iogurte,2020,Federal/ES,3.49,litro,heuristica,IOGURTE NATURAL
federal,leite_integral,2020,Federal/ES,3.3,litro,heuristica,LEITE FLUIDO
federal,leite_po,2020,Federal/ES,25.0,kg,heuristica,LEITE EM PÓ
federal,carne_bovina,2020,Federal/ES,11.85,kg,heuristica,CARNE BOVINA IN NATURA
federal,carne_suina,2020,Federal/ES,15.0,kg,heuristica,CARNE SUÍNA IN NATURA
federal,macarrao,2020,Federal/ES,9.58,kg,heuristica,MACARRÃO
federal,macarrao,2020,Federal/ES,9.4,kg,heuristica,MACARRÃO
federal,macarrao,2020,Federal/ES,9.6,kg,heuristica,MACARRÃO
federal,carne_bovina,2020,Federal/ES,40.0,kg,heuristica,CARNE BOVINA IN NATURA
federal,polpa_fruta,2020,Federal/ES,10.0,kg,heuristica,POLPA DE FRUTA
federal,requeijao,2020,Federal/ES,28.85,kg,heuristica,REQUEIJÃO
federal,carne_suina,2020,Federal/ES,11.74,kg,heuristica,CARNE SUÍNA IN NATURA
federal,biscoito,2020,Federal/ES,8.225,kg,heuristica,BISCOITO
federal,suco,2020,Federal/ES,9.13,litro,heuristica,SUCO
federal,suco,2020,Federal/ES,9.0,litro,heuristica,SUCO
federal,suco,2020,Federal/ES,4.8,litro,heuristica,SUCO
federal,suco,2020,Federal/ES,5.27,litro,heuristica,SUCO
federal,suco,2020,Federal/ES,8.79,litro,heuristica,SUCO
federal,suco,2020,Federal/ES,5.94,litro,heuristica,SUCO
federal,suco,2020,Federal/ES,4.8,litro,heuristica,SUCO
federal,suco,2020,Federal/ES,4.89,litro,heuristica,SUCO
federal,suco,2020,Federal/ES,3.0,litro,heuristica,SUCO
federal,suco,2020,Federal/ES,3.0,litro,heuristica,SUCO
federal,suco,2020,Federal/ES,3.0,litro,heuristica,SUCO
federal,suco,2020,Federal/ES,3.0,litro,heuristica,SUCO
federal,suco,2020,Federal/ES,3.0,litro,heuristica,SUCO
federal,suco,2020,Federal/ES,3.03,litro,heuristica,SUCO
federal,suco,2020,Federal/ES,3.0,litro,heuristica,SUCO
federal,suco,2020,Federal/ES,5.59,litro,heuristica,SUCO
federal,requeijao,2020,Federal/ES,54.72,kg,heuristica,REQUEIJÃO
federal,suco,2020,Federal/ES,2.79,litro,heuristica,SUCO
federal,extintor,2020,Federal/ES,109.8,unidade,unitario,EXTINTOR INCÊNDIO
federal,extintor,2020,Federal/ES,115.0,unidade,unitario,EXTINTOR INCÊNDIO
federal,extintor,2020,Federal/ES,380.0,unidade,unitario,EXTINTOR INCÊNDIO
federal,extintor,2020,Federal/ES,113.0,unidade,unitario,EXTINTOR INCÊNDIO
federal,lampada_led,2020,Federal/ES,7.99,unidade,unitario,LÂMPADA LED
federal,lampada_led,2020,Federal/ES,9.79,unidade,unitario,LÂMPADA LED
federal,diesel,2020,Federal/ES,3.74,litro,quantidade_litros,ÓLEO DIESEL
federal,gasolina,2020,Federal/ES,4.45,litro,quantidade_litros,GASOLINA
federal,caneta_esferografica,2020,Federal/ES,19.82,unidade,unitario,CANETA ESFEROGRÁFICA
federal,caneta_esferografica,2020,Federal/ES,17.99,unidade,unitario,CANETA ESFEROGRÁFICA
federal,vassoura,2020,Federal/ES,28.3333,unidade,unitario,VASSOURA JARDINAGEM
federal,vassoura,2020,Federal/ES,22.683,unidade,unitario,VASSOURA JARDINAGEM
federal,cimento,2020,Federal/ES,23.0,saco_50kg,unitario,CIMENTO PORTLAND
federal,torneira,2020,Federal/ES,102.0,unidade,unitario,TORNEIRA
federal,alcool,2020,Federal/ES,25.0,litro,heuristica,ÁLCOOL ETÍLICO
federal,alcool,2020,Federal/ES,9.6,litro,heuristica,ÁLCOOL ETÍLICO
federal,alcool,2020,Federal/ES,11.95,litro,heuristica,ÁLCOOL ETÍLICO
federal,gasolina,2020,Federal/ES,4.48,litro,quantidade_litros,GASOLINA
federal,diesel,2020,Federal/ES,3.15,litro,quantidade_litros,ÓLEO DIESEL
federal,lampada_led,2020,Federal/ES,36.5,unidade,unitario,LÂMPADA LED
federal,impressora,2020,Federal/ES,980.0,unidade,unitario,IMPRESSORA JATO TINTA
federal,alcool,2020,Federal/ES,12.47,litro,heuristica,ÁLCOOL ETÍLICO
federal,agua_sanitaria,2020,Federal/ES,2.05,litro,heuristica,ÁGUA SANITÁRIA
federal,mascara_descartavel,2020,Federal/ES,1.9,unidade,unitario,MÁSCARA CIRÚRGICA
federal,mascara_descartavel,2020,Federal/ES,1.9,unidade,unitario,MÁSCARA CIRÚRGICA
federal,alcool,2020,Federal/ES,25.5,litro,heuristica,ÁLCOOL ETÍLICO
federal,alcool,2020,Federal/ES,25.5,litro,heuristica,ÁLCOOL ETÍLICO
federal,disjuntor,2020,Federal/ES,6.5,unidade,unitario,DISJUNTOR BAIXA TENSÃO
federal,notebook,2020,Federal/ES,4250.0,unidade,unitario,NOTEBOOK
federal,mascara_descartavel,2020,Federal/ES,3.6,unidade,unitario,MÁSCARA CIRÚRGICA
federal,desinfetante,2020,Federal/ES,18.25,litro,heuristica,DESINFETANTE
federal,alcool,2020,Federal/ES,5.38,litro,heuristica,ÁLCOOL ETÍLICO
federal,alcool,2020,Federal/ES,31.9334,litro,heuristica,ÁLCOOL ETÍLICO
federal,detergente,2020,Federal/ES,1.98,litro,heuristica,DETERGENTE
federal,agua_mineral,2020,Federal/ES,5.5,litro,heuristica,ÁGUA MINERAL NATURAL
federal,agua_mineral,2020,Federal/ES,9.89,litro,heuristica,ÁGUA MINERAL NATURAL
federal,agua_mineral,2020,Federal/ES,5.77,litro,heuristica,ÁGUA MINERAL NATURAL
federal,agua_mineral,2020,Federal/ES,5.77,litro,heuristica,ÁGUA MINERAL NATURAL
federal,agua_mineral,2020,Federal/ES,5.87,litro,heuristica,ÁGUA MINERAL NATURAL
federal,agua_mineral,2020,Federal/ES,7.07,litro,heuristica,ÁGUA MINERAL NATURAL
federal,agua_mineral,2020,Federal/ES,6.3,litro,heuristica,ÁGUA MINERAL NATURAL
federal,agua_mineral,2020,Federal/ES,8.62,litro,heuristica,ÁGUA MINERAL NATURAL
federal,alcool,2020,Federal/ES,12.9,litro,heuristica,ÁLCOOL ETÍLICO
federal,alcool,2020,Federal/ES,12.9,litro,heuristica,ÁLCOOL ETÍLICO
federal,alcool,2020,Federal/ES,9.2,litro,heuristica,ÁLCOOL ETÍLICO LIMPEZA DE AMBIENTES
federal,alcool,2020,Federal/ES,10.95,litro,heuristica,ÁLCOOL ETÍLICO
federal,alcool,2020,Federal/ES,8.6,litro,heuristica,ÁLCOOL ETÍLICO
federal,seringa,2020,Federal/ES,2.4,unidade,unitario,SERINGA
federal,seringa,2020,Federal/ES,2.05,unidade,unitario,SERINGA
federal,seringa,2020,Federal/ES,0.17,unidade,unitario,SERINGA
federal,seringa,2020,Federal/ES,0.18,unidade,unitario,SERINGA
federal,seringa,2020,Federal/ES,0.34,unidade,unitario,SERINGA
federal,seringa,2020,Federal/ES,0.37,unidade,unitario,SERINGA
federal,seringa,2020,Federal/ES,0.16,unidade,unitario,SERINGA
federal,seringa,2020,Federal/ES,3.3,unidade,unitario,SERINGA
federal,seringa,2020,Federal/ES,1.76,unidade,unitario,SERINGA
federal,seringa,2020,Federal/ES,3.85,unidade,unitario,SERINGA
federal,seringa,2020,Federal/ES,5.65,unidade,unitario,SERINGA
federal,extintor,2020,Federal/ES,85.0,unidade,unitario,EXTINTOR INCÊNDIO
federal,extintor,2020,Federal/ES,285.0,unidade,unitario,EXTINTOR INCÊNDIO
federal,ar_condicionado,2020,Federal/ES,930.0,unidade,unitario,AR CONDICIONADO - MANUTENCAO DE APARELHOS DE PAREDE
federal,apontador,2020,Federal/ES,0.62,unidade,unitario,APONTADOR LÁPIS
federal,caneta_esferografica,2020,Federal/ES,0.35,unidade,unitario,CANETA ESFEROGRÁFICA
federal,caneta_esferografica,2020,Federal/ES,0.35,unidade,unitario,CANETA ESFEROGRÁFICA
federal,caneta_esferografica,2020,Federal/ES,0.35,unidade,unitario,CANETA ESFEROGRÁFICA
federal,envelope,2020,Federal/ES,0.26,unidade,unitario,ENVELOPE
federal,acucar,2020,Federal/ES,2.7,kg,heuristica,AÇÚCAR
federal,disjuntor,2020,Federal/ES,35.0,unidade,unitario,DISJUNTOR BAIXA TENSÃO
federal,alcool,2020,Federal/ES,5.355,litro,heuristica,ÁLCOOL ETÍLICO
federal,alcool,2020,Federal/ES,5.475,litro,heuristica,ÁLCOOL ETÍLICO LIMPEZA DE AMBIENTES
federal,alcool,2020,Federal/ES,25.0,litro,heuristica,ÁLCOOL ETÍLICO LIMPEZA DE AMBIENTES
federal,mascara_descartavel,2020,Federal/ES,3.0,unidade,unitario,MÁSCARA CIRÚRGICA
federal,agua_sanitaria,2020,Federal/ES,9.5,litro,heuristica,ÁGUA SANITÁRIA
federal,clonazepam,2020,Federal/ES,0.06,unidade,unitario,CLONAZEPAM
federal,sinvastatina,2020,Federal/ES,0.0566,unidade,unitario,SINVASTATINA
federal,losartana,2020,Federal/ES,0.085,unidade,unitario,LOSARTANA POTÁSSICA
federal,furosemida,2020,Federal/ES,0.06,unidade,unitario,FUROSEMIDA
federal,salbutamol,2020,Federal/ES,7.15,unidade,unitario,SALBUTAMOL
federal,alcool,2020,Federal/ES,9.0,litro,heuristica,ÁLCOOL ETÍLICO
federal,alcool,2020,Federal/ES,30.0,litro,heuristica,ÁLCOOL ETÍLICO
federal,mascara_descartavel,2020,Federal/ES,2.9,unidade,unitario,MÁSCARA CIRÚRGICA
federal,tubo_pvc,2020,Federal/ES,19.5,metro,unitario,TUBO PVC SOLDÁVEL
federal,tubo_pvc,2020,Federal/ES,19.5,metro,unitario,TUBO PVC SOLDÁVEL
federal,disjuntor,2020,Federal/ES,37.0,unidade,unitario,DISJUNTOR BAIXA TENSÃO
federal,toner,2020,Federal/ES,329.0,unidade,unitario,CARTUCHO TONER IMPRESSORA / COPIADORA XEROX
federal,diesel,2020,Federal/ES,6.4,litro,quantidade_litros,ÓLEO DIESEL
federal,agua_sanitaria,2020,Federal/ES,1.46,litro,heuristica,ÁGUA SANITÁRIA
federal,alcool,2020,Federal/ES,3.59,litro,heuristica,ÁLCOOL ETÍLICO
federal,detergente,2020,Federal/ES,2.48,litro,heuristica,DETERGENTE
federal,papel_higienico,2020,Federal/ES,0.64,rolo,unitario,PAPEL HIGIÊNICO
federal,vassoura,2020,Federal/ES,9.36,unidade,unitario,CABO RODO / VASSOURA
federal,caneta_esferografica,2020,Federal/ES,0.36,unidade,unitario,CANETA ESFEROGRÁFICA
federal,caneta_esferografica,2020,Federal/ES,0.36,unidade,unitario,CANETA ESFEROGRÁFICA
federal,caneta_esferografica,2020,Federal/ES,0.36,unidade,unitario,CANETA ESFEROGRÁFICA
federal,envelope,2020,Federal/ES,0.17,unidade,unitario,ENVELOPE
federal,envelope,2020,Federal/ES,0.22,unidade,unitario,ENVELOPE
federal,notebook,2020,Federal/ES,5478.5,unidade,unitario,NOTEBOOK
federal,notebook,2020,Federal/ES,10791.88,unidade,unitario,NOTEBOOK
federal,notebook,2020,Federal/ES,5478.5,unidade,unitario,NOTEBOOK
federal,notebook,2020,Federal/ES,10791.88,unidade,unitario,NOTEBOOK
federal,gasolina,2020,Federal/ES,4.683,litro,quantidade_litros,GASOLINA
federal,gasolina,2020,Federal/ES,4.683,litro,quantidade_litros,GASOLINA
federal,diesel,2020,Federal/ES,3.733,litro,quantidade_litros,ÓLEO DIESEL
federal,diesel,2020,Federal/ES,3.805,litro,quantidade_litros,ÓLEO DIESEL
federal,diesel,2020,Federal/ES,3.835,litro,quantidade_litros,ÓLEO DIESEL
federal,alcool,2020,Federal/ES,12.0,litro,heuristica,ÁLCOOL ETÍLICO LIMPEZA DE AMBIENTES
federal,pneu,2020,Federal/ES,263.67,unidade,unitario,PNEU VEÍCULO AUTOMOTIVO
federal,pneu,2020,Federal/ES,308.45,unidade,unitario,PNEU VEÍCULO AUTOMOTIVO
federal,pneu,2020,Federal/ES,552.0,unidade,unitario,PNEU VEÍCULO AUTOMOTIVO
federal,pneu,2020,Federal/ES,109.88,unidade,unitario,PNEU MOTOCICLETA / MOTONETA / CICLOMOTOR
federal,pneu,2020,Federal/ES,103.67,unidade,unitario,PNEU MOTOCICLETA / MOTONETA / CICLOMOTOR
federal,alcool,2020,Federal/ES,28.0,litro,heuristica,ÁLCOOL ETÍLICO
federal,alcool,2020,Federal/ES,7.16,litro,heuristica,ÁLCOOL ETÍLICO
federal,ar_condicionado,2020,Federal/ES,2483.3333,unidade,unitario,AR CONDICIONADO - MANUTENCAO DE SISTEMAS / LIMPEZA
federal,ar_condicionado,2020,Federal/ES,2183.3333,unidade,unitario,AR CONDICIONADO - MANUTENCAO DE SISTEMAS / LIMPEZA
federal,ar_condicionado,2020,Federal/ES,9080.06,unidade,unitario,AR CONDICIONADO - MANUTENCAO DE SISTEMAS / LIMPEZA
federal,torrada,2020,Federal/ES,14.6,kg,heuristica,TORRADA
federal,leite_integral,2020,Federal/ES,2.57,litro,heuristica,LEITE FLUIDO
federal,disjuntor,2020,Federal/ES,35.0,unidade,unitario,DISJUNTOR BAIXA TENSÃO
federal,ar_condicionado,2020,Federal/ES,2600.0,unidade,unitario,APARELHO AR CONDICIONADO
federal,ar_condicionado,2020,Federal/ES,4800.0,unidade,unitario,APARELHO AR CONDICIONADO
federal,alcool,2020,Federal/ES,3.6212,litro,heuristica,ÁLCOOL ETÍLICO
federal,alcool,2020,Federal/ES,30.52,litro,heuristica,ÁLCOOL ETÍLICO
federal,envelope,2020,Federal/ES,0.28,unidade,unitario,ENVELOPE
federal,detergente,2020,Federal/ES,14.78,litro,heuristica,DETERGENTE
federal,desinfetante,2020,Federal/ES,15.0,litro,heuristica,DESINFETANTE
federal,detergente,2020,Federal/ES,30.0,litro,heuristica,DETERGENTE SANEANTE
federal,alcool,2020,Federal/ES,7.0,litro,heuristica,ÁLCOOL ETÍLICO
federal,alcool,2020,Federal/ES,10.6,litro,heuristica,ÁLCOOL ETÍLICO
federal,alcool,2020,Federal/ES,5.83,litro,heuristica,ÁLCOOL ETÍLICO
federal,lampada_led,2020,Federal/ES,20.9,unidade,unitario,LÂMPADA LED
federal,disjuntor,2020,Federal/ES,5.85,unidade,unitario,DISJUNTOR BAIXA TENSÃO
federal,disjuntor,2020,Federal/ES,6.75,unidade,unitario,DISJUNTOR BAIXA TENSÃO
federal,disjuntor,2020,Federal/ES,20.5,unidade,unitario,DISJUNTOR BAIXA TENSÃO
federal,disjuntor,2020,Federal/ES,36.9,unidade,unitario,DISJUNTOR BAIXA TENSÃO
federal,tubo_pvc,2020,Federal/ES,10.0,metro,unitario,TUBO PVC SOLDÁVEL
federal,tubo_pvc,2020,Federal/ES,13.0,metro,unitario,TUBO PVC SOLDÁVEL
federal,tubo_pvc,2020,Federal/ES,22.5,metro,unitario,TUBO PVC SOLDÁVEL
federal,tubo_pvc,2020,Federal/ES,30.0,metro,unitario,TUBO PVC SOLDÁVEL
federal,tubo_pvc,2020,Federal/ES,51.9,metro,unitario,TUBO PVC SOLDÁVEL
federal,torneira,2020,Federal/ES,6.6,unidade,unitario,TORNEIRA
federal,torneira,2020,Federal/ES,27.8,unidade,unitario,TORNEIRA
federal,tubo_pvc,2020,Federal/ES,116.0,metro,unitario,TUBO PVC SOLDÁVEL
federal,tubo_pvc,2020,Federal/ES,44.0,metro,unitario,TUBO PVC SOLDÁVEL
federal,cimento,2020,Federal/ES,21.0,saco_50kg,unitario,CIMENTO PORTLAND
federal,amitriptilina,2020,Federal/ES,0.09,unidade,unitario,AMITRIPTILINA CLORIDRATO
federal,diazepam,2020,Federal/ES,0.11,unidade,unitario,DIAZEPAM
federal,fenobarbital,2020,Federal/ES,3.51,unidade,unitario,FENOBARBITAL SÓDICO
federal,haloperidol,2020,Federal/ES,1.22,unidade,unitario,HALOPERIDOL
federal,prednisona,2020,Federal/ES,0.14,unidade,unitario,PREDNISONA
federal,prednisolona,2020,Federal/ES,5.3,unidade,unitario,PREDNISOLONA
federal,cefalexina,2020,Federal/ES,0.55,unidade,unitario,CEFALEXINA
federal,amoxicilina,2020,Federal/ES,14.54,unidade,unitario,AMOXICILINA
federal,amoxicilina,2020,Federal/ES,20.0,unidade,unitario,AMOXICILINA
federal,carbamazepina,2020,Federal/ES,0.19,unidade,unitario,CARBAMAZEPINA
federal,fenobarbital,2020,Federal/ES,1.72,unidade,unitario,FENOBARBITAL SÓDICO
federal,dipirona,2020,Federal/ES,0.9,unidade,unitario,DIPIRONA SÓDICA
federal,dipirona,2020,Federal/ES,0.58,unidade,unitario,DIPIRONA SÓDICA
federal,hidroclorotiazida,2020,Federal/ES,0.03,unidade,unitario,HIDROCLOROTIAZIDA
federal,omeprazol,2020,Federal/ES,0.09,unidade,unitario,OMEPRAZOL
federal,levotiroxina,2020,Federal/ES,0.14,unidade,unitario,LEVOTIROXINA SÓDICA
federal,prednisona,2020,Federal/ES,0.18,unidade,unitario,PREDNISONA
federal,cefalexina,2020,Federal/ES,10.62,unidade,unitario,CEFALEXINA
federal,dexametasona,2020,Federal/ES,5.69,unidade,unitario,DEXAMETASONA
federal,acucar,2020,Federal/ES,9.19,kg,heuristica,AÇÚCAR
federal,notebook,2020,Federal/ES,5139.99,unidade,unitario,NOTEBOOK
federal,notebook,2020,Federal/ES,5099.0,unidade,unitario,NOTEBOOK
federal,mascara_descartavel,2020,Federal/ES,2.2,unidade,unitario,MÁSCARA CIRÚRGICA
federal,seringa,2020,Federal/ES,0.98,unidade,unitario,SERINGA
federal,alcool,2020,Federal/ES,30.13,litro,heuristica,ÁLCOOL ETÍLICO
federal,caneta_esferografica,2020,Federal/ES,19.34,unidade,unitario,CANETA ESFEROGRÁFICA
federal,grampeador,2020,Federal/ES,8.22,unidade,unitario,GRAMPEADOR
federal,grampeador,2020,Federal/ES,45.9,unidade,unitario,GRAMPEADOR
federal,tubo_pvc,2020,Federal/ES,12.6,metro,unitario,TUBO PVC SOLDÁVEL
federal,carne_bovina,2020,Federal/ES,19.8,kg,heuristica,CARNE BOVINA IN NATURA
federal,carne_bovina,2020,Federal/ES,18.5,kg,heuristica,CARNE BOVINA IN NATURA
federal,carne_bovina,2020,Federal/ES,21.0,kg,heuristica,CARNE BOVINA IN NATURA
federal,carne_suina,2020,Federal/ES,11.8,kg,heuristica,CARNE SUÍNA IN NATURA
federal,carne_bovina,2020,Federal/ES,19.8,kg,heuristica,CARNE BOVINA IN NATURA
federal,carne_bovina,2020,Federal/ES,18.5,kg,heuristica,CARNE BOVINA IN NATURA
federal,dipirona,2020,Federal/ES,0.2328,unidade,unitario,DIPIRONA SÓDICA
federal,ibuprofeno,2020,Federal/ES,0.3832,unidade,unitario,IBUPROFENO
federal,extintor,2020,Federal/ES,45.0,unidade,unitario,CARGA EXTINTOR INCÊNDIO
federal,extintor,2020,Federal/ES,85.0,unidade,unitario,CARGA EXTINTOR INCÊNDIO
federal,extintor,2020,Federal/ES,420.0,unidade,unitario,PEÇA REPOSIÇÃO EXTINTOR INCÊNDIO
federal,apontador,2020,Federal/ES,0.6,unidade,unitario,APONTADOR LÁPIS
federal,caneta_esferografica,2020,Federal/ES,7.6,unidade,unitario,CANETA ESFEROGRÁFICA
federal,caneta_esferografica,2020,Federal/ES,16.91,unidade,unitario,CANETA ESFEROGRÁFICA
federal,caneta_esferografica,2020,Federal/ES,16.94,unidade,unitario,CANETA ESFEROGRÁFICA
federal,caneta_esferografica,2020,Federal/ES,16.91,unidade,unitario,CANETA ESFEROGRÁFICA
federal,envelope,2020,Federal/ES,0.13,unidade,unitario,ENVELOPE PARA CONVITE
federal,envelope,2020,Federal/ES,0.39,unidade,unitario,ENVELOPE
federal,envelope,2020,Federal/ES,0.06,unidade,unitario,ENVELOPE
federal,envelope,2020,Federal/ES,0.13,unidade,unitario,ENVELOPE
federal,envelope,2020,Federal/ES,0.23,unidade,unitario,ENVELOPE
federal,envelope,2020,Federal/ES,0.15,unidade,unitario,ENVELOPE
federal,envelope,2020,Federal/ES,0.11,unidade,unitario,ENVELOPE
federal,envelope,2020,Federal/ES,0.41,unidade,unitario,ENVELOPE
federal,grampeador,2020,Federal/ES,7.66,unidade,unitario,GRAMPEADOR
federal,grampeador,2020,Federal/ES,14.19,unidade,unitario,GRAMPO GRAMPEADOR
federal,pasta_arquivo,2020,Federal/ES,15.32,unidade,unitario,SUPORTE PASTA SUSPENSA
federal,disjuntor,2020,Federal/ES,117.0,unidade,unitario,DISJUNTOR BAIXA TENSÃO
federal,extintor,2020,Federal/ES,420.0,unidade,unitario,PEÇA REPOSIÇÃO EXTINTOR INCÊNDIO
federal,notebook,2020,Federal/ES,2164.0,unidade,unitario,NOTEBOOK
federal,notebook,2020,Federal/ES,2164.0,unidade,unitario,NOTEBOOK
federal,alcool,2020,Federal/ES,6.6827,litro,heuristica,ÁLCOOL ETÍLICO
federal,extintor,2020,Federal/ES,40.0,unidade,unitario,CARGA EXTINTOR INCÊNDIO
federal,extintor,2020,Federal/ES,67.0,unidade,unitario,CARGA EXTINTOR INCÊNDIO
federal,alcool,2020,Federal/ES,6.9793,litro,heuristica,ÁLCOOL ETÍLICO
federal,mascara_descartavel,2020,Federal/ES,1.7,unidade,unitario,MÁSCARA DESCARTÁVEL USO GERAL
federal,alcool,2020,Federal/ES,29.0,litro,heuristica,ÁLCOOL ETÍLICO LIMPEZA DE AMBIENTES
federal,tubo_pvc,2020,Federal/ES,22.9,metro,unitario,TUBO PVC SOLDÁVEL
federal,extintor,2020,Federal/ES,45.0,unidade,unitario,CARGA EXTINTOR INCÊNDIO
federal,extintor,2020,Federal/ES,50.0,unidade,unitario,CARGA EXTINTOR INCÊNDIO
federal,disjuntor,2020,Federal/ES,95.0,unidade,unitario,DISJUNTOR BAIXA TENSÃO
federal,disjuntor,2020,Federal/ES,22.4,unidade,unitario,DISJUNTOR BAIXA TENSÃO
federal,ar_condicionado,2020,Federal/ES,11490.0,unidade,unitario,AR CONDICIONADO-APARELHO
federal,detergente,2020,Federal/ES,14.6154,litro,heuristica,DETERGENTE SANEANTE
federal,detergente,2020,Federal/ES,14.6154,litro,heuristica,DETERGENTE SANEANTE
federal,ar_condicionado,2020,Federal/ES,1197.0,unidade,unitario,APARELHO AR CONDICIONADO
federal,ar_condicionado,2020,Federal/ES,1817.06,unidade,unitario,APARELHO AR CONDICIONADO
federal,ar_condicionado,2020,Federal/ES,2200.0,unidade,unitario,APARELHO AR CONDICIONADO
federal,ar_condicionado,2020,Federal/ES,3279.0,unidade,unitario,APARELHO AR CONDICIONADO
federal,ar_condicionado,2020,Federal/ES,4189.0,unidade,unitario,APARELHO AR CONDICIONADO
federal,ar_condicionado,2020,Federal/ES,5587.0,unidade,unitario,APARELHO AR CONDICIONADO
federal,ar_condicionado,2020,Federal/ES,5687.0,unidade,unitario,APARELHO AR CONDICIONADO
federal,mascara_descartavel,2020,Federal/ES,0.94,unidade,unitario,MÁSCARA CIRÚRGICA
federal,gasolina,2020,Federal/ES,3.89,litro,quantidade_litros,GASOLINA
federal,diesel,2020,Federal/ES,3.59,litro,quantidade_litros,ÓLEO DIESEL
federal,toner,2020,Federal/ES,368.0,unidade,unitario,CARTUCHO TONER IMPRESSORA LEXMARK
federal,toner,2020,Federal/ES,976.5,unidade,unitario,CARTUCHO TONER IMPRESSORA LEXMARK
federal,toner,2020,Federal/ES,449.0,unidade,unitario,CARTUCHO TONER IMPRESSORA SAMSUNG
federal,toner,2020,Federal/ES,359.0,unidade,unitario,CARTUCHO TONER IMPRESSORA / COPIADORA XEROX
federal,toner,2020,Federal/ES,989.0,unidade,unitario,CARTUCHO TONER IMPRESSORA HP
federal,fralda,2020,Federal/ES,0.38,unidade,unitario,FRALDA DESCARTÁVEL
federal,fralda,2020,Federal/ES,0.39,unidade,unitario,FRALDA DESCARTÁVEL
federal,fralda,2020,Federal/ES,0.49,unidade,unitario,FRALDA DESCARTÁVEL
federal,papel_higienico,2020,Federal/ES,3.74,rolo,unitario,PAPEL HIGIÊNICO
federal,acucar,2020,Federal/ES,12.5,kg,heuristica,AÇÚCAR
federal,caneta_esferografica,2020,Federal/ES,0.57,unidade,unitario,CANETA ESFEROGRÁFICA
federal,grampeador,2020,Federal/ES,36.6,unidade,unitario,GRAMPEADOR
federal,lapis,2020,Federal/ES,0.21,unidade,unitario,LÁPIS PRETO
federal,pincel_quadro,2020,Federal/ES,2.1,unidade,unitario,PINCEL ATÔMICO
federal,agua_sanitaria,2020,Federal/ES,8.2,litro,heuristica,ÁGUA SANITÁRIA
federal,alcool,2020,Federal/ES,6.17,litro,heuristica,ÁLCOOL ETÍLICO LIMPEZA DE AMBIENTES
federal,desinfetante,2020,Federal/ES,4.65,litro,heuristica,DESINFETANTE
federal,detergente,2020,Federal/ES,3.44,litro,heuristica,DETERGENTE
federal,sabonete,2020,Federal/ES,14.0,unidade,unitario,SABONETE LÍQUIDO
federal,vassoura,2020,Federal/ES,10.43,unidade,unitario,VASSOURA
federal,vassoura,2020,Federal/ES,10.92,unidade,unitario,VASSOURA
federal,torneira,2020,Federal/ES,35.2667,unidade,unitario,TORNEIRA
federal,torneira,2020,Federal/ES,37.88,unidade,unitario,TORNEIRA
federal,alcool,2020,Federal/ES,4.11,litro,heuristica,ÁLCOOL ETÍLICO
federal,alcool,2020,Federal/ES,4.2,litro,heuristica,ÁLCOOL ETÍLICO
federal,ar_condicionado,2020,Federal/ES,1130.0,unidade,unitario,APARELHO AR CONDICIONADO
federal,ar_condicionado,2020,Federal/ES,1299.0,unidade,unitario,APARELHO AR CONDICIONADO
federal,ar_condicionado,2020,Federal/ES,1869.0,unidade,unitario,APARELHO AR CONDICIONADO
federal,ar_condicionado,2020,Federal/ES,3300.0,unidade,unitario,APARELHO AR CONDICIONADO
federal,ar_condicionado,2020,Federal/ES,4100.0,unidade,unitario,APARELHO AR CONDICIONADO
federal,ar_condicionado,2020,Federal/ES,6739.85,unidade,unitario,APARELHO AR CONDICIONADO
federal,ar_condicionado,2020,Federal/ES,1279.0,unidade,unitario,APARELHO AR CONDICIONADO
federal,ar_condicionado,2020,Federal/ES,2730.0,unidade,unitario,APARELHO AR CONDICIONADO
federal,ar_condicionado,2020,Federal/ES,6490.0,unidade,unitario,APARELHO AR CONDICIONADO
federal,ar_condicionado,2020,Federal/ES,9100.0,unidade,unitario,APARELHO AR CONDICIONADO
federal,alcool,2020,Federal/ES,3.69,litro,heuristica,ÁLCOOL ETÍLICO
federal,alcool,2020,Federal/ES,23.78,litro,heuristica,ÁLCOOL ETÍLICO LIMPEZA DE AMBIENTES
federal,alcool,2020,Federal/ES,3.57,litro,heuristica,ÁLCOOL ETÍLICO
federal,alcool,2020,Federal/ES,3.99,litro,heuristica,ÁLCOOL ETÍLICO
federal,alcool,2020,Federal/ES,24.45,litro,heuristica,ÁLCOOL ETÍLICO LIMPEZA DE AMBIENTES
federal,alcool,2020,Federal/ES,7.99,litro,heuristica,ÁLCOOL ETÍLICO
federal,alcool,2020,Federal/ES,18.48,litro,heuristica,ÁLCOOL ETÍLICO
federal,alcool,2020,Federal/ES,34.98,litro,heuristica,ÁLCOOL ETÍLICO
federal,alcool,2020,Federal/ES,18.6,litro,heuristica,ÁLCOOL ETÍLICO
federal,apontador,2020,Federal/ES,0.45,unidade,unitario,APONTADOR LÁPIS
federal,envelope,2020,Federal/ES,0.21,unidade,unitario,ENVELOPE
federal,grampeador,2020,Federal/ES,11.78,unidade,unitario,GRAMPEADOR
federal,lapis,2020,Federal/ES,0.33,unidade,unitario,LÁPIS PRETO
federal,pincel_quadro,2020,Federal/ES,1.32,unidade,unitario,PINCEL ATÔMICO
federal,pincel_quadro,2020,Federal/ES,1.32,unidade,unitario,PINCEL ATÔMICO
federal,acucar,2020,Federal/ES,4.3,kg,heuristica,AÇÚCAR
federal,papel_higienico,2020,Federal/ES,2.25,rolo,unitario,PAPEL HIGIÊNICO
federal,alcool,2020,Federal/ES,11.18,litro,heuristica,ÁLCOOL ETÍLICO
federal,alcool,2020,Federal/ES,4.35,litro,heuristica,ÁLCOOL ETÍLICO LIMPEZA DE AMBIENTES
federal,alcool,2020,Federal/ES,4.07,litro,heuristica,ÁLCOOL ETÍLICO
federal,agua_sanitaria,2020,Federal/ES,2.15,litro,heuristica,ÁGUA SANITÁRIA
federal,luva_procedimento,2020,Federal/ES,72.5,caixa_100,unitario,LUVA CIRÚRGICA
federal,luva_procedimento,2020,Federal/ES,74.0,caixa_100,unitario,LUVA CIRÚRGICA
federal,luva_procedimento,2020,Federal/ES,74.0,caixa_100,unitario,LUVA CIRÚRGICA
federal,luva_procedimento,2020,Federal/ES,74.0,caixa_100,unitario,LUVA CIRÚRGICA
federal,lampada_led,2020,Federal/ES,14.1583,unidade,unitario,LÂMPADA LED
federal,pneu,2020,Federal/ES,616.0,unidade,unitario,PNEU VEÍCULO AUTOMOTIVO
federal,pneu,2020,Federal/ES,219.7,unidade,unitario,PNEU VEÍCULO AUTOMOTIVO
federal,alcool,2020,Federal/ES,7.99,litro,heuristica,ÁLCOOL ETÍLICO
federal,dexametasona,2020,Federal/ES,3.99,unidade,unitario,DEXAMETASONA
federal,ar_condicionado,2020,Federal/ES,1800.0,unidade,unitario,APARELHO AR CONDICIONADO
federal,alcool,2020,Federal/ES,14.3,litro,heuristica,ÁLCOOL ETÍLICO
federal,alcool,2020,Federal/ES,17.2,litro,heuristica,ÁLCOOL ETÍLICO
federal,alcool,2020,Federal/ES,8.75,litro,heuristica,ÁLCOOL ETÍLICO
federal,caneta_esferografica,2020,Federal/ES,13.49,unidade,unitario,CANETA ESFEROGRÁFICA
federal,caneta_esferografica,2020,Federal/ES,13.45,unidade,unitario,CANETA ESFEROGRÁFICA
federal,caneta_esferografica,2020,Federal/ES,14.22,unidade,unitario,CANETA ESFEROGRÁFICA
federal,mascara_descartavel,2020,Federal/ES,1.4,unidade,unitario,MÁSCARA CIRÚRGICA
federal,ar_condicionado,2020,Federal/ES,10730.0,unidade,unitario,AR CONDICIONADO - MANUTENCAO SISTEMA CENTRAL
federal,carne_bovina,2020,Federal/ES,20.0,kg,heuristica,CARNE BOVINA IN NATURA
federal,extintor,2020,Federal/ES,44.0,unidade,unitario,CARGA EXTINTOR INCÊNDIO
federal,extintor,2020,Federal/ES,40.0,unidade,unitario,CARGA EXTINTOR INCÊNDIO
federal,dexametasona,2020,Federal/ES,4.15,unidade,unitario,DEXAMETASONA
federal,acucar,2020,Federal/ES,2.1,kg,heuristica,AÇÚCAR
federal,creme_leite,2020,Federal/ES,10.86,kg,heuristica,CREME DE LEITE
federal,farinha_mandioca,2020,Federal/ES,3.28,kg,heuristica,FARINHA DE MANDIOCA
federal,macarrao,2020,Federal/ES,9.32,kg,heuristica,MACARRÃO
federal,macarrao,2020,Federal/ES,13.42,kg,heuristica,MACARRÃO
federal,macarrao,2020,Federal/ES,9.32,kg,heuristica,MACARRÃO
federal,macarrao,2020,Federal/ES,9.32,kg,heuristica,MACARRÃO
federal,macarrao,2020,Federal/ES,28.56,kg,heuristica,MACARRÃO
federal,vinagre,2020,Federal/ES,5.0533,litro,heuristica,VINAGRE
federal,acucar,2020,Federal/ES,2.18,kg,heuristica,AÇÚCAR
federal,creme_leite,2020,Federal/ES,13.18,kg,heuristica,CREME DE LEITE
federal,farinha_mandioca,2020,Federal/ES,3.25,kg,heuristica,FARINHA DE MANDIOCA
federal,macarrao,2020,Federal/ES,9.58,kg,heuristica,MACARRÃO
federal,macarrao,2020,Federal/ES,13.44,kg,heuristica,MACARRÃO
federal,macarrao,2020,Federal/ES,9.58,kg,heuristica,MACARRÃO
federal,macarrao,2020,Federal/ES,9.58,kg,heuristica,MACARRÃO
federal,macarrao,2020,Federal/ES,28.56,kg,heuristica,MACARRÃO
federal,vinagre,2020,Federal/ES,6.3733,litro,heuristica,VINAGRE
federal,farinha_mandioca,2020,Federal/ES,3.0,kg,heuristica,FARINHA DE MANDIOCA
federal,macarrao,2020,Federal/ES,9.4,kg,heuristica,MACARRÃO
federal,macarrao,2020,Federal/ES,13.78,kg,heuristica,MACARRÃO
federal,macarrao,2020,Federal/ES,9.66,kg,heuristica,MACARRÃO
federal,macarrao,2020,Federal/ES,9.66,kg,heuristica,MACARRÃO
federal,disjuntor,2020,Federal/ES,5.33,unidade,unitario,DISJUNTOR BAIXA TENSÃO
federal,disjuntor,2020,Federal/ES,5.3,unidade,unitario,DISJUNTOR BAIXA TENSÃO
federal,disjuntor,2020,Federal/ES,6.65,unidade,unitario,DISJUNTOR BAIXA TENSÃO
federal,disjuntor,2020,Federal/ES,5.33,unidade,unitario,DISJUNTOR BAIXA TENSÃO
federal,disjuntor,2020,Federal/ES,5.33,unidade,unitario,DISJUNTOR BAIXA TENSÃO
federal,disjuntor,2020,Federal/ES,6.51,unidade,unitario,DISJUNTOR BAIXA TENSÃO
federal,disjuntor,2020,Federal/ES,6.51,unidade,unitario,DISJUNTOR BAIXA TENSÃO
federal,disjuntor,2020,Federal/ES,30.05,unidade,unitario,DISJUNTOR BAIXA TENSÃO
federal,disjuntor,2020,Federal/ES,30.05,unidade,unitario,DISJUNTOR BAIXA TENSÃO
federal,disjuntor,2020,Federal/ES,30.05,unidade,unitario,DISJUNTOR BAIXA TENSÃO
federal,lampada_led,2020,Federal/ES,39.91,unidade,unitario,LÂMPADA LED
federal,lampada_led,2020,Federal/ES,42.91,unidade,unitario,LÂMPADA LED
federal,agua_sanitaria,2020,Federal/ES,2.22,litro,heuristica,ÁGUA SANITÁRIA
federal,detergente,2020,Federal/ES,3.44,litro,heuristica,DETERGENTE
federal,papel_higienico,2020,Federal/ES,2.69,rolo,unitario,PAPEL HIGIÊNICO
federal,vassoura,2020,Federal/ES,13.37,unidade,unitario,VASSOURA
federal,tijolo,2020,Federal/ES,1.28,unidade,unitario,BLOCO DE CONCRETO
federal,cimento,2020,Federal/ES,30.54,saco_50kg,unitario,CIMENTO PORTLAND
federal,tinta_latex,2020,Federal/ES,90.0,litro,heuristica,TINTA ACRÍLICA
federal,tinta_latex,2020,Federal/ES,90.0,litro,heuristica,TINTA ACRÍLICA
federal,tinta_latex,2020,Federal/ES,74.9,litro,heuristica,TINTA ACRÍLICA
federal,tijolo,2020,Federal/ES,4.3,unidade,unitario,BLOCO DE CONCRETO
federal,torneira,2020,Federal/ES,85.0,unidade,unitario,TORNEIRA
federal,alcool,2020,Federal/ES,13.8,litro,heuristica,ÁLCOOL ETÍLICO LIMPEZA DE AMBIENTES
federal,alcool,2020,Federal/ES,6.9,litro,heuristica,ÁLCOOL ETÍLICO
federal,cimento,2020,Federal/ES,25.0,saco_50kg,unitario,CIMENTO PORTLAND
federal,tijolo,2020,Federal/ES,2.05,unidade,unitario,BLOCO DE CONCRETO
federal,argamassa,2020,Federal/ES,8.45,kg,heuristica,ARGAMASSA
federal,cal,2020,Federal/ES,6.55,kg,heuristica,CAL HIDRATADA
federal,torneira,2020,Federal/ES,86.25,unidade,unitario,REPARO TORNEIRA
federal,torneira,2020,Federal/ES,44.17,unidade,unitario,REPARO TORNEIRA
federal,torneira,2020,Federal/ES,10.0,unidade,unitario,REPARO TORNEIRA
federal,torneira,2020,Federal/ES,4.0,unidade,unitario,REPARO TORNEIRA
federal,ar_condicionado,2020,Federal/ES,1250.0,unidade,unitario,AR CONDICIONADO-APARELHO
federal,ar_condicionado,2020,Federal/ES,1490.0,unidade,unitario,AR CONDICIONADO-APARELHO
federal,caneta_esferografica,2020,Federal/ES,0.37,unidade,unitario,CANETA ESFEROGRÁFICA
federal,caneta_esferografica,2020,Federal/ES,0.37,unidade,unitario,CANETA ESFEROGRÁFICA
federal,caneta_esferografica,2020,Federal/ES,0.37,unidade,unitario,CANETA ESFEROGRÁFICA
federal,envelope,2020,Federal/ES,0.11,unidade,unitario,ENVELOPE
federal,envelope,2020,Federal/ES,0.14,unidade,unitario,ENVELOPE
federal,envelope,2020,Federal/ES,0.2,unidade,unitario,ENVELOPE
federal,envelope,2020,Federal/ES,0.42,unidade,unitario,ENVELOPE
federal,grampeador,2020,Federal/ES,7.95,unidade,unitario,GRAMPEADOR
federal,grampeador,2020,Federal/ES,80.0,unidade,unitario,GRAMPEADOR
federal,lapis,2020,Federal/ES,0.18,unidade,unitario,LÁPIS PRETO
federal,pincel_quadro,2020,Federal/ES,1.2,unidade,unitario,PINCEL ATÔMICO
federal,alcool,2020,Federal/ES,13.29,litro,heuristica,ÁLCOOL ETÍLICO
federal,alcool,2020,Federal/ES,13.29,litro,heuristica,ÁLCOOL ETÍLICO
federal,alcool,2020,Federal/ES,13.52,litro,heuristica,ÁLCOOL ETÍLICO
federal,notebook,2020,Federal/ES,3200.0,unidade,unitario,NOTEBOOK
federal,lampada_led,2020,Federal/ES,10.9994,unidade,unitario,LÂMPADA LED
federal,diesel,2020,Federal/ES,3.93,litro,quantidade_litros,ÓLEO DIESEL
federal,haloperidol,2020,Federal/ES,0.22,unidade,unitario,HALOPERIDOL
federal,metronidazol,2020,Federal/ES,9.45,unidade,unitario,METRONIDAZOL
federal,risperidona,2020,Federal/ES,0.12,unidade,unitario,RISPERIDONA
federal,haloperidol,2020,Federal/ES,3.0,unidade,unitario,HALOPERIDOL
federal,paracetamol,2020,Federal/ES,1.04,unidade,unitario,PARACETAMOL
federal,fluoxetina,2020,Federal/ES,0.09,unidade,unitario,FLUOXETINA
federal,furosemida,2020,Federal/ES,0.64,unidade,unitario,FUROSEMIDA
federal,dexametasona,2020,Federal/ES,0.9,unidade,unitario,DEXAMETASONA
federal,acucar,2020,Federal/ES,2.49,kg,heuristica,'AÇÚCAR'
federal,acucar,2020,Federal/ES,1.99,kg,heuristica,'AÇÚCAR'
federal,biscoito,2020,Federal/ES,8.1,kg,heuristica,BISCOITO
federal,biscoito,2020,Federal/ES,8.625,kg,heuristica,BISCOITO
federal,biscoito,2020,Federal/ES,8.975,kg,heuristica,BISCOITO
federal,biscoito,2020,Federal/ES,13.75,kg,heuristica,BISCOITO
federal,biscoito,2020,Federal/ES,9.625,kg,heuristica,BISCOITO
federal,biscoito,2020,Federal/ES,11.125,kg,heuristica,BISCOITO
federal,biscoito,2020,Federal/ES,9.85,kg,heuristica,BISCOITO
federal,biscoito,2020,Federal/ES,8.75,kg,heuristica,BISCOITO
federal,vinagre,2020,Federal/ES,2.9067,litro,heuristica,VINAGRE
federal,canjica,2020,Federal/ES,2.69,kg,heuristica,CANJICA
federal,macarrao,2020,Federal/ES,5.98,kg,heuristica,MACARRÃO
federal,macarrao,2020,Federal/ES,7.0,kg,heuristica,MACARRÃO
federal,macarrao,2020,Federal/ES,5.8,kg,heuristica,MACARRÃO
federal,macarrao,2020,Federal/ES,9.06,kg,heuristica,MACARRÃO
federal,farinha_mandioca,2020,Federal/ES,3.05,kg,heuristica,FARINHA DE MANDIOCA
federal,farinha_trigo,2020,Federal/ES,3.8,kg,heuristica,FARINHA DE TRIGO
federal,farinha_trigo,2020,Federal/ES,4.93,kg,heuristica,FARINHA DE TRIGO
federal,leite_po,2020,Federal/ES,18.375,kg,heuristica,LEITE EM PÓ
federal,leite_po,2020,Federal/ES,24.5,kg,heuristica,LEITE EM PÓ
federal,leite_integral,2020,Federal/ES,3.62,litro,heuristica,LEITE FLUIDO
federal,leite_integral,2020,Federal/ES,3.8,litro,heuristica,LEITE FLUIDO
federal,leite_po,2020,Federal/ES,37.5,kg,heuristica,LEITE EM PÓ
federal,achocolatado,2020,Federal/ES,5.75,kg,heuristica,ACHOCOLATADO
federal,grampeador,2020,Federal/ES,59.0,unidade,unitario,GRAMPEADOR TIPO PISTOLA
federal,torneira,2020,Federal/ES,289.0,unidade,unitario,REPARO TORNEIRA
federal,torneira,2020,Federal/ES,215.0,unidade,unitario,REPARO TORNEIRA
federal,cimento,2020,Federal/ES,22.5,saco_50kg,unitario,CIMENTO PORTLAND
federal,alcool,2020,Federal/ES,5.9,litro,heuristica,ÁLCOOL ETÍLICO
federal,alcool,2020,Federal/ES,6.9,litro,heuristica,ÁLCOOL ETÍLICO
federal,mascara_descartavel,2020,Federal/ES,1.2,unidade,unitario,MÁSCARA DESCARTÁVEL USO GERAL
federal,fralda,2020,Federal/ES,1.03,unidade,unitario,FRALDA DESCARTÁVEL
federal,alcool,2020,Federal/ES,7.0,litro,heuristica,ÁLCOOL ETÍLICO
federal,luva_procedimento,2020,Federal/ES,75.17,caixa_100,unitario,LUVA CIRÚRGICA
federal,desinfetante,2020,Federal/ES,39.43,litro,heuristica,DESINFETANTE
federal,alcool,2020,Federal/ES,7.5,litro,heuristica,ÁLCOOL ETÍLICO
federal,alcool,2020,Federal/ES,16.0,litro,heuristica,ÁLCOOL ETÍLICO
federal,alcool,2020,Federal/ES,6.22,litro,heuristica,ÁLCOOL ETÍLICO
federal,alcool,2020,Federal/ES,6.04,litro,heuristica,ÁLCOOL ETÍLICO
federal,alcool,2020,Federal/ES,11.0,litro,heuristica,ÁLCOOL ETÍLICO
federal,disjuntor,2020,Federal/ES,4.81,unidade,unitario,DISJUNTOR BAIXA TENSÃO
federal,disjuntor,2020,Federal/ES,4.81,unidade,unitario,DISJUNTOR BAIXA TENSÃO
federal,disjuntor,2020,Federal/ES,4.82,unidade,unitario,DISJUNTOR BAIXA TENSÃO
federal,disjuntor,2020,Federal/ES,4.82,unidade,unitario,DISJUNTOR BAIXA TENSÃO
federal,disjuntor,2020,Federal/ES,5.1,unidade,unitario,DISJUNTOR BAIXA TENSÃO
federal,disjuntor,2020,Federal/ES,5.1,unidade,unitario,DISJUNTOR BAIXA TENSÃO
federal,disjuntor,2020,Federal/ES,5.18,unidade,unitario,DISJUNTOR BAIXA TENSÃO
federal,disjuntor,2020,Federal/ES,17.03,unidade,unitario,DISJUNTOR BAIXA TENSÃO
federal,disjuntor,2020,Federal/ES,17.17,unidade,unitario,DISJUNTOR BAIXA TENSÃO
federal,disjuntor,2020,Federal/ES,17.14,unidade,unitario,DISJUNTOR BAIXA TENSÃO
federal,disjuntor,2020,Federal/ES,17.96,unidade,unitario,DISJUNTOR BAIXA TENSÃO
federal,disjuntor,2020,Federal/ES,17.96,unidade,unitario,DISJUNTOR BAIXA TENSÃO
federal,disjuntor,2020,Federal/ES,20.25,unidade,unitario,DISJUNTOR BAIXA TENSÃO
federal,disjuntor,2020,Federal/ES,24.05,unidade,unitario,DISJUNTOR BAIXA TENSÃO
federal,disjuntor,2020,Federal/ES,26.45,unidade,unitario,DISJUNTOR BAIXA TENSÃO
federal,disjuntor,2020,Federal/ES,28.17,unidade,unitario,DISJUNTOR BAIXA TENSÃO
federal,disjuntor,2020,Federal/ES,28.12,unidade,unitario,DISJUNTOR BAIXA TENSÃO
federal,disjuntor,2020,Federal/ES,50.69,unidade,unitario,DISJUNTOR BAIXA TENSÃO
federal,argamassa,2020,Federal/ES,4.65,kg,heuristica,ARGAMASSA
federal,tinta_latex,2020,Federal/ES,78.0,litro,heuristica,TINTA ACRÍLICA
federal,tinta_latex,2020,Federal/ES,78.0,litro,heuristica,TINTA ACRÍLICA
federal,tinta_latex,2020,Federal/ES,78.0,litro,heuristica,TINTA ACRÍLICA
federal,tinta_latex,2020,Federal/ES,78.0,litro,heuristica,TINTA ACRÍLICA
federal,tinta_latex,2020,Federal/ES,79.0,litro,heuristica,TINTA ACRÍLICA
federal,tinta_latex,2020,Federal/ES,30.0,litro,heuristica,TINTA ACRÍLICA
federal,tinta_latex,2020,Federal/ES,28.83,litro,heuristica,TINTA ACRÍLICA
federal,tinta_latex,2020,Federal/ES,32.85,litro,heuristica,TINTA ACRÍLICA
federal,tinta_latex,2020,Federal/ES,34.0,litro,heuristica,TINTA ACRÍLICA
federal,tinta_latex,2020,Federal/ES,30.0,litro,heuristica,TINTA ACRÍLICA
federal,tinta_latex,2020,Federal/ES,46.0,litro,heuristica,TINTA ACRÍLICA
federal,tinta_latex,2020,Federal/ES,46.0,litro,heuristica,TINTA ACRÍLICA
federal,tinta_latex,2020,Federal/ES,46.0,litro,heuristica,TINTA ACRÍLICA
federal,torneira,2020,Federal/ES,9.85,unidade,unitario,REPARO TORNEIRA
federal,torneira,2020,Federal/ES,35.0,unidade,unitario,TORNEIRA
federal,torneira,2020,Federal/ES,26.0,unidade,unitario,TORNEIRA
federal,torneira,2020,Federal/ES,19.84,unidade,unitario,TORNEIRA
federal,torneira,2020,Federal/ES,30.0,unidade,unitario,TORNEIRA
federal,torneira,2020,Federal/ES,30.0,unidade,unitario,TORNEIRA
federal,torneira,2020,Federal/ES,35.0,unidade,unitario,REPARO TORNEIRA
federal,vassoura,2020,Federal/ES,17.99,unidade,unitario,VASSOURA
federal,vassoura,2020,Federal/ES,17.05,unidade,unitario,VASSOURA
federal,vassoura,2020,Federal/ES,23.88,unidade,unitario,VASSOURA
federal,farinha_mandioca,2020,Federal/ES,4.15,kg,heuristica,FARINHA DE MANDIOCA
federal,alcool,2020,Federal/ES,3.99,litro,heuristica,ÁLCOOL ETÍLICO LIMPEZA DE AMBIENTES
federal,alcool,2020,Federal/ES,3.6,litro,heuristica,ÁLCOOL ETÍLICO LIMPEZA DE AMBIENTES
federal,apontador,2020,Federal/ES,0.77,unidade,unitario,APONTADOR LÁPIS
federal,apontador,2020,Federal/ES,0.99,unidade,unitario,APONTADOR LÁPIS
federal,caneta_esferografica,2020,Federal/ES,13.75,unidade,unitario,CANETA ESFEROGRÁFICA
federal,caneta_esferografica,2020,Federal/ES,19.88,unidade,unitario,CANETA ESFEROGRÁFICA
federal,caneta_esferografica,2020,Federal/ES,19.88,unidade,unitario,CANETA ESFEROGRÁFICA
federal,caneta_esferografica,2020,Federal/ES,19.88,unidade,unitario,CANETA ESFEROGRÁFICA
federal,toner,2020,Federal/ES,31.0,unidade,unitario,CARTUCHO TONER IMPRESSORA HP
federal,toner,2020,Federal/ES,50.0,unidade,unitario,CARTUCHO TONER IMPRESSORA SAMSUNG
federal,grampeador,2020,Federal/ES,25.77,unidade,unitario,GRAMPEADOR
federal,grampeador,2020,Federal/ES,14.93,unidade,unitario,GRAMPEADOR
federal,grampeador,2020,Federal/ES,6.04,unidade,unitario,GRAMPO GRAMPEADOR
federal,toner,2020,Federal/ES,34.99,unidade,unitario,CARTUCHO TONER IMPRESSORA HP
federal,toner,2020,Federal/ES,120.0,unidade,unitario,CARTUCHO TONER IMPRESSORA LEXMARK
federal,toner,2020,Federal/ES,118.0,unidade,unitario,CARTUCHO TONER IMPRESSORA LEXMARK
federal,toner,2020,Federal/ES,118.0,unidade,unitario,CARTUCHO TONER IMPRESSORA LEXMARK
federal,toner,2020,Federal/ES,118.0,unidade,unitario,CARTUCHO TONER IMPRESSORA LEXMARK
federal,toner,2020,Federal/ES,96.99,unidade,unitario,CARTUCHO TONER IMPRESSORA LEXMARK
federal,toner,2020,Federal/ES,238.0,unidade,unitario,CARTUCHO TONER IMPRESSORA LEXMARK
federal,toner,2020,Federal/ES,249.07,unidade,unitario,CARTUCHO TONER IMPRESSORA LEXMARK
federal,toner,2020,Federal/ES,247.11,unidade,unitario,CARTUCHO TONER IMPRESSORA LEXMARK
federal,toner,2020,Federal/ES,246.66,unidade,unitario,CARTUCHO TONER IMPRESSORA LEXMARK
federal,toner,2020,Federal/ES,248.14,unidade,unitario,CARTUCHO TONER IMPRESSORA LEXMARK
federal,ar_condicionado,2020,Federal/ES,957.8,unidade,unitario,AR CONDICIONADO - INSTALACAO/MONTAGEM/DESMONATAGEM/REMOÇÃO -(PAREDE / SISTEMAS)
federal,ar_condicionado,2020,Federal/ES,956.4783,unidade,unitario,AR CONDICIONADO - INSTALACAO/MONTAGEM/DESMONATAGEM/REMOÇÃO -(PAREDE / SISTEMAS)
federal,alcool,2020,Federal/ES,33.45,litro,heuristica,ÁLCOOL ETÍLICO
federal,alcool,2020,Federal/ES,4.2,litro,heuristica,ÁLCOOL ETÍLICO
federal,alcool,2020,Federal/ES,3.63,litro,heuristica,ÁLCOOL ETÍLICO
federal,seringa,2020,Federal/ES,0.31,unidade,unitario,SERINGA
federal,seringa,2020,Federal/ES,0.18,unidade,unitario,SERINGA
federal,seringa,2020,Federal/ES,0.22,unidade,unitario,SERINGA
federal,seringa,2020,Federal/ES,0.35,unidade,unitario,SERINGA
federal,seringa,2020,Federal/ES,0.5,unidade,unitario,SERINGA
federal,aas,2020,Federal/ES,0.09,unidade,unitario,ÁCIDO ACETILSALICÍLICO
federal,aas,2020,Federal/ES,0.21,unidade,unitario,ÁCIDO ACETILSALICÍLICO
federal,albendazol,2020,Federal/ES,0.47,unidade,unitario,ALBENDAZOL
federal,amoxicilina,2020,Federal/ES,0.19,unidade,unitario,AMOXICILINA
federal,amoxicilina,2020,Federal/ES,1.68,unidade,unitario,AMOXICILINA
federal,anlodipino,2020,Federal/ES,0.07,unidade,unitario,ANLODIPINO BESILATO
federal,atenolol,2020,Federal/ES,0.08,unidade,unitario,ATENOLOL
federal,azitromicina,2020,Federal/ES,3.29,unidade,unitario,AZITROMICINA
federal,captopril,2020,Federal/ES,0.11,unidade,unitario,CAPTOPRIL
federal,cefalexina,2020,Federal/ES,0.6,unidade,unitario,CEFALEXINA
federal,ciprofloxacino,2020,Federal/ES,0.28,unidade,unitario,CIPROFLOXACINO CLORIDRATO
federal,paracetamol,2020,Federal/ES,0.89,unidade,unitario,PARACETAMOL
federal,dexametasona,2020,Federal/ES,1.6,unidade,unitario,DEXAMETASONA
federal,dexametasona,2020,Federal/ES,0.74,unidade,unitario,DEXAMETASONA
federal,diazepam,2020,Federal/ES,0.78,unidade,unitario,DIAZEPAM
federal,diazepam,2020,Federal/ES,0.56,unidade,unitario,DIAZEPAM
federal,dipirona,2020,Federal/ES,0.79,unidade,unitario,DIPIRONA SÓDICA
federal,dipirona,2020,Federal/ES,0.15,unidade,unitario,DIPIRONA SÓDICA
federal,fenobarbital,2020,Federal/ES,2.22,unidade,unitario,FENOBARBITAL SÓDICO
federal,furosemida,2020,Federal/ES,0.66,unidade,unitario,FUROSEMIDA
federal,haloperidol,2020,Federal/ES,2.44,unidade,unitario,HALOPERIDOL
federal,ibuprofeno,2020,Federal/ES,0.23,unidade,unitario,IBUPROFENO
federal,losartana,2020,Federal/ES,0.17,unidade,unitario,LOSARTANA POTÁSSICA
federal,loratadina,2020,Federal/ES,0.12,unidade,unitario,LORATADINA
federal,metronidazol,2020,Federal/ES,0.61,unidade,unitario,METRONIDAZOL
federal,nimesulida,2020,Federal/ES,0.09,unidade,unitario,NIMESULIDA
federal,omeprazol,2020,Federal/ES,0.12,unidade,unitario,OMEPRAZOL
federal,paracetamol,2020,Federal/ES,0.17,unidade,unitario,PARACETAMOL
federal,paracetamol,2020,Federal/ES,0.2,unidade,unitario,PARACETAMOL
federal,paracetamol,2020,Federal/ES,0.22,unidade,unitario,PARACETAMOL
federal,prednisona,2020,Federal/ES,0.22,unidade,unitario,PREDNISONA
federal,metronidazol,2020,Federal/ES,14.14,unidade,unitario,METRONIDAZOL
federal,iogurte,2020,Federal/ES,4.5,litro,heuristica,IOGURTE NATURAL
federal,leite_po,2020,Federal/ES,27.5,kg,heuristica,LEITE EM PÓ
federal,requeijao,2020,Federal/ES,16.0,kg,heuristica,REQUEIJÃO
federal,tubo_pvc,2020,Federal/ES,38.0,metro,unitario,TUBO PVC SOLDÁVEL
federal,impressora,2020,Federal/ES,1500.0,unidade,unitario,IMPRESSORA LASER
federal,impressora,2020,Federal/ES,2217.0,unidade,unitario,IMPRESSORA LASER
federal,toner,2020,Federal/ES,450.0,unidade,unitario,CARTUCHO TONER IMPRESSORA LEXMARK
federal,toner,2020,Federal/ES,100.0,unidade,unitario,CARTUCHO TONER IMPRESSORA SAMSUNG
federal,toner,2020,Federal/ES,96.0,unidade,unitario,CARTUCHO TONER IMPRESSORA LEXMARK
federal,toner,2020,Federal/ES,119.33,unidade,unitario,CARTUCHO TONER IMPRESSORA BROTHER
federal,toner,2020,Federal/ES,148.89,unidade,unitario,CARTUCHO TONER IMPRESSORA BROTHER
federal,toner,2020,Federal/ES,35.0,unidade,unitario,CARTUCHO TONER IMPRESSORA / COPIADORA XEROX
federal,toner,2020,Federal/ES,317.64,unidade,unitario,CARTUCHO TONER IMPRESSORA LEXMARK
federal,toner,2020,Federal/ES,55.0,unidade,unitario,CARTUCHO TONER IMPRESSORA SAMSUNG
federal,toner,2020,Federal/ES,129.17,unidade,unitario,CARTUCHO TONER IMPRESSORA BROTHER
federal,toner,2020,Federal/ES,302.48,unidade,unitario,CARTUCHO TONER IMPRESSORA SAMSUNG
federal,toner,2020,Federal/ES,302.48,unidade,unitario,CARTUCHO TONER IMPRESSORA SAMSUNG
federal,toner,2020,Federal/ES,300.0,unidade,unitario,CARTUCHO TONER IMPRESSORA SAMSUNG
federal,toner,2020,Federal/ES,300.0,unidade,unitario,CARTUCHO TONER IMPRESSORA SAMSUNG
federal,impressora,2020,Federal/ES,599.0,unidade,unitario,ACESSÓRIO IMPRESSORA JATO DE TINTA
federal,toner,2020,Federal/ES,65.0,unidade,unitario,CARTUCHO TONER IMPRESSORA SAMSUNG
federal,toner,2020,Federal/ES,65.0,unidade,unitario,CARTUCHO TONER IMPRESSORA SAMSUNG
federal,toner,2020,Federal/ES,45.0,unidade,unitario,CARTUCHO TONER IMPRESSORA SAMSUNG
federal,carne_suina,2020,Federal/ES,12.0,kg,heuristica,CARNE SUÍNA IN NATURA
federal,carne_suina,2020,Federal/ES,15.5,kg,heuristica,CARNE SUÍNA IN NATURA
federal,carne_suina,2020,Federal/ES,12.4,kg,heuristica,CARNE SUÍNA IN NATURA
federal,carne_suina,2020,Federal/ES,11.4,kg,heuristica,CARNE SUÍNA IN NATURA
federal,carne_suina,2020,Federal/ES,13.9,kg,heuristica,CARNE SUÍNA IN NATURA
federal,carne_bovina,2020,Federal/ES,16.5,kg,heuristica,CARNE BOVINA IN NATURA
federal,carne_bovina,2020,Federal/ES,28.9,kg,heuristica,CARNE BOVINA IN NATURA
federal,carne_bovina,2020,Federal/ES,32.51,kg,heuristica,CARNE BOVINA IN NATURA
federal,carne_bovina,2020,Federal/ES,29.0,kg,heuristica,CARNE BOVINA IN NATURA
federal,carne_bovina,2020,Federal/ES,30.9,kg,heuristica,CARNE BOVINA IN NATURA
federal,carne_bovina,2020,Federal/ES,28.5,kg,heuristica,CARNE BOVINA IN NATURA
federal,carne_bovina,2020,Federal/ES,21.9,kg,heuristica,CARNE BOVINA IN NATURA
federal,carne_bovina,2020,Federal/ES,25.6,kg,heuristica,CARNE BOVINA IN NATURA
federal,carne_bovina,2020,Federal/ES,20.6,kg,heuristica,CARNE BOVINA IN NATURA
federal,carne_bovina,2020,Federal/ES,21.3,kg,heuristica,CARNE BOVINA IN NATURA
federal,carne_bovina,2020,Federal/ES,44.8,kg,heuristica,CARNE BOVINA IN NATURA
federal,carne_bovina,2020,Federal/ES,23.1,kg,heuristica,CARNE BOVINA IN NATURA
federal,carne_bovina,2020,Federal/ES,27.8,kg,heuristica,CARNE BOVINA IN NATURA
federal,carne_bovina,2020,Federal/ES,13.6,kg,heuristica,CARNE BOVINA IN NATURA
federal,carne_bovina,2020,Federal/ES,13.7,kg,heuristica,CARNE BOVINA IN NATURA
federal,carne_bovina,2020,Federal/ES,27.0,kg,heuristica,CARNE BOVINA IN NATURA
federal,carne_bovina,2020,Federal/ES,22.4,kg,heuristica,CARNE BOVINA IN NATURA
federal,carne_bovina,2020,Federal/ES,22.4,kg,heuristica,CARNE BOVINA IN NATURA
federal,carne_bovina,2020,Federal/ES,49.9,kg,heuristica,CARNE BOVINA IN NATURA
federal,carne_bovina,2020,Federal/ES,16.3,kg,heuristica,CARNE BOVINA IN NATURA
federal,carne_bovina,2020,Federal/ES,13.5,kg,heuristica,CARNE BOVINA IN NATURA
federal,carne_bovina,2020,Federal/ES,21.3,kg,heuristica,CARNE BOVINA IN NATURA
federal,carne_bovina,2020,Federal/ES,22.9,kg,heuristica,CARNE BOVINA IN NATURA
federal,tijolo,2020,Federal/ES,1.85,unidade,unitario,BLOCO DE CONCRETO
federal,cimento,2020,Federal/ES,24.0,saco_50kg,unitario,CIMENTO PORTLAND
federal,tinta_latex,2020,Federal/ES,48.72,litro,heuristica,TINTA ACRÍLICA
federal,tinta_latex,2020,Federal/ES,32.11,litro,heuristica,TINTA ACRÍLICA
federal,tinta_latex,2020,Federal/ES,29.86,litro,heuristica,TINTA ACRÍLICA
federal,pneu,2020,Federal/ES,136.96,unidade,unitario,LONA PNEU
federal,cimento,2020,Federal/ES,25.9,saco_50kg,unitario,CIMENTO PORTLAND
federal,agua_sanitaria,2020,Federal/ES,11.85,litro,heuristica,ÁGUA SANITÁRIA
federal,alcool,2020,Federal/ES,11.75,litro,heuristica,ÁLCOOL ETÍLICO
federal,mascara_descartavel,2020,Federal/ES,1.4375,unidade,unitario,MÁSCARA CIRÚRGICA
federal,tubo_pvc,2020,Federal/ES,21.49,metro,unitario,TUBO PVC SOLDÁVEL
federal,tubo_pvc,2020,Federal/ES,5.3,metro,unitario,TUBO PVC SOLDÁVEL
federal,torneira,2020,Federal/ES,143.0,unidade,unitario,REPARO TORNEIRA
federal,extintor,2020,Federal/ES,48.0,unidade,unitario,EXTINTOR INCÊNDIO
federal,cimento,2020,Federal/ES,24.51,saco_50kg,unitario,CIMENTO PORTLAND
federal,ar_condicionado,2020,Federal/ES,4390.0,unidade,unitario,AR CONDICIONADO - INSTALACAO/MONTAGEM/DESMONATAGEM/REMOÇÃO -(PAREDE / SISTEMAS)
federal,tubo_pvc,2020,Federal/ES,20.55,metro,unitario,TUBO PVC SOLDÁVEL
federal,tubo_pvc,2020,Federal/ES,29.5,metro,unitario,TUBO PVC SOLDÁVEL
federal,tubo_pvc,2020,Federal/ES,83.1,metro,unitario,TUBO PVC SOLDÁVEL
federal,tubo_pvc,2020,Federal/ES,16.4,metro,unitario,TUBO PVC SOLDÁVEL
federal,lampada_led,2020,Federal/ES,8.91,unidade,unitario,LÂMPADA LED
federal,lampada_led,2020,Federal/ES,11.8,unidade,unitario,LÂMPADA LED
federal,lampada_led,2020,Federal/ES,11.8,unidade,unitario,LÂMPADA LED
federal,lampada_led,2020,Federal/ES,9.0,unidade,unitario,LÂMPADA LED
federal,lampada_led,2020,Federal/ES,11.37,unidade,unitario,LÂMPADA LED
federal,lampada_led,2020,Federal/ES,6.78,unidade,unitario,LÂMPADA LED
federal,lampada_led,2020,Federal/ES,49.6,unidade,unitario,LÂMPADA LED
federal,lampada_led,2020,Federal/ES,24.9,unidade,unitario,LÂMPADA LED
federal,ar_condicionado,2020,Federal/ES,2350.0,unidade,unitario,AR CONDICIONADO - MANUTENCAO DE SISTEMAS / LIMPEZA
federal,disjuntor,2020,Federal/ES,26.2,unidade,unitario,DISJUNTOR BAIXA TENSÃO
federal,extintor,2020,Federal/ES,184.06,unidade,unitario,PROTETOR DE EXTINTOR DE INCENDIO
federal,extintor,2020,Federal/ES,68.9,unidade,unitario,PROTETOR DE EXTINTOR DE INCENDIO
federal,extintor,2020,Federal/ES,68.9,unidade,unitario,PROTETOR DE EXTINTOR DE INCENDIO
federal,impressora,2020,Federal/ES,2690.0,unidade,unitario,IMPRESSORA MULTIFUNCIONAL
federal,alcool,2020,Federal/ES,6.95,litro,heuristica,ÁLCOOL ETÍLICO
federal,alcool,2020,Federal/ES,4.73,litro,heuristica,ÁLCOOL ETÍLICO
federal,alcool,2020,Federal/ES,5.65,litro,heuristica,ÁLCOOL ETÍLICO LIMPEZA DE AMBIENTES
federal,extintor,2020,Federal/ES,50.0,unidade,unitario,CARGA EXTINTOR INCÊNDIO
federal,extintor,2020,Federal/ES,40.0,unidade,unitario,CARGA EXTINTOR INCÊNDIO
federal,extintor,2020,Federal/ES,40.0,unidade,unitario,CARGA EXTINTOR INCÊNDIO
federal,alcool,2020,Federal/ES,8.0,litro,heuristica,ÁLCOOL ETÍLICO
federal,ar_condicionado,2020,Federal/ES,2569.49,unidade,unitario,APARELHO AR CONDICIONADO
federal,ar_condicionado,2020,Federal/ES,2569.49,unidade,unitario,APARELHO AR CONDICIONADO
federal,ar_condicionado,2020,Federal/ES,6600.0,unidade,unitario,APARELHO AR CONDICIONADO
federal,ar_condicionado,2020,Federal/ES,6600.0,unidade,unitario,APARELHO AR CONDICIONADO
federal,ar_condicionado,2020,Federal/ES,3272.5,unidade,unitario,APARELHO AR CONDICIONADO
federal,ar_condicionado,2020,Federal/ES,3272.5,unidade,unitario,APARELHO AR CONDICIONADO
federal,ar_condicionado,2020,Federal/ES,8900.0,unidade,unitario,APARELHO AR CONDICIONADO
federal,ar_condicionado,2020,Federal/ES,8900.0,unidade,unitario,APARELHO AR CONDICIONADO
federal,alcool,2020,Federal/ES,4.28,litro,heuristica,ÁLCOOL ETÍLICO
federal,gasolina,2020,Federal/ES,4.1453,litro,quantidade_litros,GASOLINA
federal,diesel,2020,Federal/ES,3.2568,litro,quantidade_litros,ÓLEO DIESEL
federal,diesel,2020,Federal/ES,3.6517,litro,quantidade_litros,ÓLEO DIESEL
federal,tubo_pvc,2020,Federal/ES,19.5,metro,unitario,TUBO PVC SOLDÁVEL
federal,alcool,2020,Federal/ES,7.04,litro,heuristica,ÁLCOOL ETÍLICO
federal,alcool,2020,Federal/ES,24.47,litro,heuristica,ÁLCOOL ETÍLICO
federal,agulha_descartavel,2020,Federal/ES,0.25,unidade,unitario,AGULHA HIPODÉRMICA
federal,torneira,2020,Federal/ES,119.93,unidade,unitario,REPARO TORNEIRA
federal,detergente,2020,Federal/ES,7.42,litro,heuristica,DETERGENTE
federal,disjuntor,2020,Federal/ES,25.55,unidade,unitario,DISJUNTOR BAIXA TENSÃO
federal,disjuntor,2020,Federal/ES,29.25,unidade,unitario,DISJUNTOR BAIXA TENSÃO
federal,disjuntor,2020,Federal/ES,30.96,unidade,unitario,DISJUNTOR BAIXA TENSÃO
federal,disjuntor,2020,Federal/ES,22.5,unidade,unitario,DISJUNTOR BAIXA TENSÃO
federal,disjuntor,2020,Federal/ES,7.11,unidade,unitario,DISJUNTOR BAIXA TENSÃO
federal,disjuntor,2020,Federal/ES,6.75,unidade,unitario,DISJUNTOR BAIXA TENSÃO
federal,torneira,2020,Federal/ES,8.01,unidade,unitario,TORNEIRA
federal,tubo_pvc,2020,Federal/ES,4.85,metro,unitario,TUBO PVC SOLDÁVEL
federal,tubo_pvc,2020,Federal/ES,4.18,metro,unitario,TUBO PVC SOLDÁVEL
federal,tubo_pvc,2020,Federal/ES,7.73,metro,unitario,TUBO PVC SOLDÁVEL
federal,tubo_pvc,2020,Federal/ES,3.28,metro,unitario,TUBO PVC SOLDÁVEL
federal,tubo_pvc,2020,Federal/ES,6.3,metro,unitario,TUBO PVC SOLDÁVEL
federal,impressora,2020,Federal/ES,1224.66,unidade,unitario,IMPRESSORA LASER
federal,vassoura,2020,Federal/ES,17.86,unidade,unitario,VASSOURA
federal,notebook,2020,Federal/ES,5054.0,unidade,unitario,NOTEBOOK
federal,alcool,2020,Federal/ES,6.61,litro,heuristica,ÁLCOOL ETÍLICO
federal,alcool,2020,Federal/ES,6.61,litro,heuristica,ÁLCOOL ETÍLICO
federal,luva_procedimento,2020,Federal/ES,74.75,caixa_100,unitario,LUVA CIRÚRGICA
federal,luva_procedimento,2020,Federal/ES,74.75,caixa_100,unitario,LUVA CIRÚRGICA
federal,luva_procedimento,2020,Federal/ES,74.75,caixa_100,unitario,LUVA CIRÚRGICA
federal,luva_procedimento,2020,Federal/ES,74.75,caixa_100,unitario,LUVA CIRÚRGICA
federal,mascara_descartavel,2020,Federal/ES,0.4,unidade,unitario,MÁSCARA CIRÚRGICA
federal,ar_condicionado,2020,Federal/ES,2585.85,unidade,unitario,APARELHO AR CONDICIONADO
federal,ar_condicionado,2020,Federal/ES,1760.0,unidade,unitario,APARELHO AR CONDICIONADO
federal,ar_condicionado,2020,Federal/ES,2300.0,unidade,unitario,APARELHO AR CONDICIONADO
federal,ar_condicionado,2020,Federal/ES,4000.0,unidade,unitario,APARELHO AR CONDICIONADO
federal,ar_condicionado,2020,Federal/ES,6433.0,unidade,unitario,APARELHO AR CONDICIONADO
federal,notebook,2020,Federal/ES,7098.0,unidade,unitario,NOTEBOOK
federal,notebook,2020,Federal/ES,7098.0,unidade,unitario,NOTEBOOK
federal,notebook,2020,Federal/ES,7316.0,unidade,unitario,NOTEBOOK
federal,notebook,2020,Federal/ES,7098.0,unidade,unitario,NOTEBOOK
federal,notebook,2020,Federal/ES,7316.0,unidade,unitario,NOTEBOOK
federal,diesel,2020,Federal/ES,3.33,litro,quantidade_litros,ÓLEO DIESEL
federal,alcool,2020,Federal/ES,19.9995,litro,heuristica,ÁLCOOL ETÍLICO
federal,grampeador,2020,Federal/ES,34.8,unidade,unitario,GRAMPEADOR
federal,pneu,2020,Federal/ES,1742.0,unidade,unitario,PNEU VEÍCULO AUTOMOTIVO
federal,caneta_esferografica,2020,Federal/ES,0.4085,unidade,unitario,CANETA ESFEROGRÁFICA
federal,caneta_esferografica,2020,Federal/ES,0.409,unidade,unitario,CANETA ESFEROGRÁFICA
federal,caneta_esferografica,2020,Federal/ES,0.409,unidade,unitario,CANETA ESFEROGRÁFICA
federal,bebedouro,2020,Federal/ES,1840.0,unidade,unitario,BEBEDOURO ÁGUA
federal,diesel,2020,Federal/ES,3.5,litro,quantidade_litros,ÓLEO DIESEL
federal,diazepam,2020,Federal/ES,0.72,unidade,unitario,DIAZEPAM
federal,dipirona,2020,Federal/ES,0.15,unidade,unitario,DIPIRONA SÓDICA
federal,paracetamol,2020,Federal/ES,0.11,unidade,unitario,PARACETAMOL
federal,salbutamol,2020,Federal/ES,2.0,unidade,unitario,SALBUTAMOL
federal,propranolol,2020,Federal/ES,0.08,unidade,unitario,PROPRANOLOL CLORIDRATO
federal,dexametasona,2020,Federal/ES,0.46,unidade,unitario,DEXAMETASONA
federal,amoxicilina,2020,Federal/ES,0.24,unidade,unitario,AMOXICILINA
federal,dexametasona,2020,Federal/ES,1.46,unidade,unitario,DEXAMETASONA
federal,dexametasona,2020,Federal/ES,6.27,unidade,unitario,DEXAMETASONA
federal,metformina,2020,Federal/ES,0.11,unidade,unitario,METFORMINA CLORIDRATO
federal,ibuprofeno,2020,Federal/ES,1.38,unidade,unitario,IBUPROFENO
federal,enalapril,2020,Federal/ES,0.05,unidade,unitario,ENALAPRIL MALEATO
federal,ciprofloxacino,2020,Federal/ES,0.3,unidade,unitario,CIPROFLOXACINO CLORIDRATO
federal,azitromicina,2020,Federal/ES,1.95,unidade,unitario,AZITROMICINA
federal,cimento,2020,Federal/ES,25.5,saco_50kg,unitario,CIMENTO PORTLAND
federal,iogurte,2020,Federal/ES,6.69,litro,heuristica,IOGURTE NATURAL
federal,iogurte,2020,Federal/ES,6.69,litro,heuristica,IOGURTE NATURAL
federal,cimento,2020,Federal/ES,30.0,saco_50kg,unitario,CIMENTO PORTLAND
federal,torneira,2020,Federal/ES,84.0,unidade,unitario,TORNEIRA
federal,torneira,2020,Federal/ES,89.0,unidade,unitario,TORNEIRA
federal,lampada_led,2020,Federal/ES,10.5,unidade,unitario,LÂMPADA LED
federal,ar_condicionado,2020,Federal/ES,3785.0,unidade,unitario,APARELHO AR CONDICIONADO
federal,ar_condicionado,2020,Federal/ES,1184.99,unidade,unitario,APARELHO AR CONDICIONADO
federal,toner,2020,Federal/ES,1339.0,unidade,unitario,CARTUCHO TONER IMPRESSORA LEXMARK
federal,toner,2020,Federal/ES,1069.99,unidade,unitario,CARTUCHO TONER IMPRESSORA LEXMARK
federal,toner,2020,Federal/ES,803.99,unidade,unitario,CARTUCHO TONER IMPRESSORA LEXMARK
federal,toner,2020,Federal/ES,803.99,unidade,unitario,CARTUCHO TONER IMPRESSORA LEXMARK
federal,toner,2020,Federal/ES,803.99,unidade,unitario,CARTUCHO TONER IMPRESSORA LEXMARK
federal,toner,2020,Federal/ES,45.0,unidade,unitario,CARTUCHO TONER IMPRESSORA SAMSUNG
federal,toner,2020,Federal/ES,35.0,unidade,unitario,CARTUCHO TONER IMPRESSORA SAMSUNG
federal,toner,2020,Federal/ES,110.0,unidade,unitario,CARTUCHO TONER IMPRESSORA SAMSUNG
federal,toner,2020,Federal/ES,40.0,unidade,unitario,CARTUCHO TONER IMPRESSORA HP
federal,toner,2020,Federal/ES,82.0,unidade,unitario,CARTUCHO TONER IMPRESSORA / COPIADORA XEROX
federal,toner,2020,Federal/ES,82.0,unidade,unitario,CARTUCHO TONER IMPRESSORA / COPIADORA XEROX
federal,toner,2020,Federal/ES,82.0,unidade,unitario,CARTUCHO TONER IMPRESSORA / COPIADORA XEROX
federal,toner,2020,Federal/ES,81.6,unidade,unitario,CARTUCHO TONER IMPRESSORA / COPIADORA XEROX
federal,toner,2020,Federal/ES,85.0,unidade,unitario,CARTUCHO TONER IMPRESSORA HP
federal,toner,2020,Federal/ES,85.0,unidade,unitario,CARTUCHO TONER IMPRESSORA HP
federal,toner,2020,Federal/ES,83.0,unidade,unitario,CARTUCHO TONER IMPRESSORA HP
federal,toner,2020,Federal/ES,83.0,unidade,unitario,CARTUCHO TONER IMPRESSORA HP
federal,acucar,2020,Federal/ES,13.5,kg,heuristica,AÇÚCAR
federal,apontador,2020,Federal/ES,0.64,unidade,unitario,APONTADOR LÁPIS
federal,caneta_esferografica,2020,Federal/ES,0.37,unidade,unitario,CANETA ESFEROGRÁFICA
federal,caneta_esferografica,2020,Federal/ES,0.37,unidade,unitario,CANETA ESFEROGRÁFICA
federal,caneta_esferografica,2020,Federal/ES,0.37,unidade,unitario,CANETA ESFEROGRÁFICA
federal,envelope,2020,Federal/ES,0.07,unidade,unitario,ENVELOPE
federal,envelope,2020,Federal/ES,0.18,unidade,unitario,ENVELOPE
federal,envelope,2020,Federal/ES,0.11,unidade,unitario,ENVELOPE
federal,envelope,2020,Federal/ES,0.3,unidade,unitario,ENVELOPE
federal,envelope,2020,Federal/ES,0.87,unidade,unitario,ENVELOPE
federal,grampeador,2020,Federal/ES,23.0,unidade,unitario,GRAMPEADOR
federal,grampeador,2020,Federal/ES,14.38,unidade,unitario,GRAMPO GRAMPEADOR
federal,lapis,2020,Federal/ES,0.6,unidade,unitario,LÁPIS PRETO
federal,bebedouro,2020,Federal/ES,464.35,unidade,unitario,BEBEDOURO ÁGUA GARRAFÃO
federal,acucar,2020,Federal/ES,5.8333,kg,heuristica,AÇÚCAR
federal,ar_condicionado,2020,Federal/ES,2200.0,unidade,unitario,APARELHO AR CONDICIONADO
federal,ar_condicionado,2020,Federal/ES,2450.0,unidade,unitario,APARELHO AR CONDICIONADO
federal,ar_condicionado,2020,Federal/ES,3530.0,unidade,unitario,APARELHO AR CONDICIONADO
federal,toner,2020,Federal/ES,47.0,unidade,unitario,CARTUCHO TONER IMPRESSORA SAMSUNG
federal,toner,2020,Federal/ES,99.0,unidade,unitario,CARTUCHO TONER IMPRESSORA HP
federal,toner,2020,Federal/ES,99.0,unidade,unitario,CARTUCHO TONER IMPRESSORA HP
federal,toner,2020,Federal/ES,99.0,unidade,unitario,CARTUCHO TONER IMPRESSORA HP
federal,toner,2020,Federal/ES,99.0,unidade,unitario,CARTUCHO TONER IMPRESSORA HP
federal,toner,2020,Federal/ES,47.0,unidade,unitario,CARTUCHO TONER IMPRESSORA SAMSUNG
federal,toner,2020,Federal/ES,69.4,unidade,unitario,CARTUCHO TONER IMPRESSORA SAMSUNG
federal,ar_condicionado,2020,Federal/ES,3244.5,unidade,unitario,APARELHO AR CONDICIONADO
federal,ar_condicionado,2020,Federal/ES,3800.0,unidade,unitario,APARELHO AR CONDICIONADO
federal,torneira,2020,Federal/ES,240.03,unidade,unitario,REPARO TORNEIRA
federal,cimento,2020,Federal/ES,31.9,saco_50kg,unitario,CIMENTO PORTLAND
federal,acucar,2020,Federal/ES,7.17,kg,heuristica,AÇÚCAR
federal,acucar,2020,Federal/ES,8.9,kg,heuristica,AÇÚCAR
federal,creme_leite,2020,Federal/ES,16.38,kg,heuristica,CREME DE LEITE
federal,farinha_trigo,2020,Federal/ES,5.5,kg,heuristica,FARINHA DE TRIGO
federal,achocolatado,2020,Federal/ES,7.2,kg,heuristica,ACHOCOLATADO
federal,acucar,2020,Federal/ES,2.59,kg,heuristica,AÇÚCAR
federal,agua_mineral,2020,Federal/ES,1.58,litro,heuristica,ÁGUA MINERAL NATURAL
federal,agua_mineral,2020,Federal/ES,2.9,litro,heuristica,ÁGUA MINERAL NATURAL
federal,agua_mineral,2020,Federal/ES,0.6,litro,heuristica,ÁGUA MINERAL NATURAL
federal,agua_mineral,2020,Federal/ES,0.81,litro,heuristica,ÁGUA MINERAL NATURAL
federal,biscoito,2020,Federal/ES,4.4,kg,heuristica,BISCOITO
federal,biscoito,2020,Federal/ES,4.4,kg,heuristica,BISCOITO
federal,biscoito,2020,Federal/ES,9.8,kg,heuristica,BISCOITO
federal,biscoito,2020,Federal/ES,7.375,kg,heuristica,BISCOITO
federal,biscoito,2020,Federal/ES,6.0,kg,heuristica,BISCOITO
federal,biscoito,2020,Federal/ES,5.975,kg,heuristica,BISCOITO
federal,biscoito,2020,Federal/ES,5.25,kg,heuristica,BISCOITO
federal,macarrao,2020,Federal/ES,4.0,kg,heuristica,MACARRÃO
federal,macarrao,2020,Federal/ES,4.3,kg,heuristica,'MACARRÃO'
federal,macarrao,2020,Federal/ES,4.9,kg,heuristica,MACARRÃO
federal,macarrao,2020,Federal/ES,6.7,kg,heuristica,'MACARRÃO'
federal,macarrao,2020,Federal/ES,31.16,kg,heuristica,MACARRÃO
federal,polpa_fruta,2020,Federal/ES,11.68,kg,heuristica,POLPA DE FRUTA
federal,alcool,2020,Federal/ES,9.6,litro,heuristica,ÁLCOOL ETÍLICO LIMPEZA DE AMBIENTES
federal,suco,2020,Federal/ES,6.5,litro,heuristica,SUCO
federal,suco,2020,Federal/ES,5.99,litro,heuristica,SUCO
federal,suco,2020,Federal/ES,6.29,litro,heuristica,SUCO
federal,suco,2020,Federal/ES,6.93,litro,heuristica,SUCO
federal,suco,2020,Federal/ES,6.54,litro,heuristica,SUCO
federal,suco,2020,Federal/ES,6.91,litro,heuristica,SUCO
federal,suco,2020,Federal/ES,3.6,litro,heuristica,SUCO
federal,suco,2020,Federal/ES,13.06,litro,heuristica,SUCO
federal,vinagre,2020,Federal/ES,7.3333,litro,heuristica,VINAGRE
federal,vinagre,2020,Federal/ES,6.4,litro,heuristica,VINAGRE
federal,ar_condicionado,2020,Federal/ES,800.0,unidade,unitario,AR CONDICIONADO - MANUTENCAO DE APARELHOS DE PAREDE
federal,acucar,2020,Federal/ES,11.43,kg,heuristica,AÇÚCAR
federal,cadeira,2020,Federal/ES,210.0,unidade,unitario,CADEIRA FIXA
federal,cadeira,2020,Federal/ES,86.38,unidade,unitario,CADEIRA FIXA
federal,alcool,2020,Federal/ES,9.05,litro,heuristica,ÁLCOOL ETÍLICO
federal,alcool,2020,Federal/ES,7.31,litro,heuristica,ÁLCOOL ETÍLICO
federal,apontador,2020,Federal/ES,0.65,unidade,unitario,APONTADOR LÁPIS
federal,caneta_esferografica,2020,Federal/ES,19.5,unidade,unitario,CANETA ESFEROGRÁFICA
federal,caneta_esferografica,2020,Federal/ES,19.5,unidade,unitario,CANETA ESFEROGRÁFICA
federal,caneta_esferografica,2020,Federal/ES,19.5,unidade,unitario,CANETA ESFEROGRÁFICA
federal,envelope,2020,Federal/ES,0.05,unidade,unitario,ENVELOPE
federal,envelope,2020,Federal/ES,0.13,unidade,unitario,ENVELOPE
federal,envelope,2020,Federal/ES,0.24,unidade,unitario,ENVELOPE
federal,envelope,2020,Federal/ES,0.17,unidade,unitario,ENVELOPE
federal,envelope,2020,Federal/ES,0.47,unidade,unitario,ENVELOPE
federal,envelope,2020,Federal/ES,0.22,unidade,unitario,ENVELOPE
federal,grampeador,2020,Federal/ES,8.71,unidade,unitario,GRAMPEADOR
federal,bebedouro,2020,Federal/ES,725.0,unidade,unitario,BEBEDOURO ÁGUA
federal,bebedouro,2020,Federal/ES,2580.0,unidade,unitario,BEBEDOURO ÁGUA
federal,disjuntor,2020,Federal/ES,24.0,unidade,unitario,PEÇA / ACESSÓRIO DISJUNTOR
federal,disjuntor,2020,Federal/ES,24.0,unidade,unitario,PEÇA / ACESSÓRIO DISJUNTOR
federal,grampeador,2020,Federal/ES,22.8,unidade,unitario,GRAMPEADOR
federal,tubo_pvc,2020,Federal/ES,48.6,metro,unitario,TUBO PVC SOLDÁVEL
federal,tubo_pvc,2020,Federal/ES,23.0,metro,unitario,TUBO PVC SOLDÁVEL
federal,tubo_pvc,2020,Federal/ES,19.8,metro,unitario,TUBO PVC SOLDÁVEL
federal,tubo_pvc,2020,Federal/ES,37.8,metro,unitario,TUBO PVC SOLDÁVEL
federal,disjuntor,2020,Federal/ES,22.5,unidade,unitario,DISJUNTOR BAIXA TENSÃO
federal,envelope,2020,Federal/ES,0.225,unidade,unitario,ENVELOPE
federal,ar_condicionado,2020,Federal/ES,2100.0,unidade,unitario,AR CONDICIONADO - INSTALACAO/MONTAGEM/DESMONATAGEM/REMOÇÃO -(PAREDE / SISTEMAS)
federal,toner,2020,Federal/ES,187.0,unidade,unitario,CARTUCHO TONER IMPRESSORA HP
federal,toner,2020,Federal/ES,820.0,unidade,unitario,CARTUCHO TONER IMPRESSORA HP
federal,toner,2020,Federal/ES,840.0,unidade,unitario,CARTUCHO TONER IMPRESSORA HP
federal,gasolina,2020,Federal/ES,4.62,litro,quantidade_litros,GASOLINA
federal,diesel,2020,Federal/ES,3.57,litro,quantidade_litros,ÓLEO DIESEL
federal,ar_condicionado,2020,Federal/ES,800.0,unidade,unitario,AR CONDICIONADO - MANUTENCAO DE SISTEMAS / LIMPEZA
federal,ar_condicionado,2020,Federal/ES,1500.0,unidade,unitario,AR CONDICIONADO - MANUTENCAO DE SISTEMAS / LIMPEZA
federal,ar_condicionado,2020,Federal/ES,1550.0,unidade,unitario,AR CONDICIONADO - MANUTENCAO DE SISTEMAS / LIMPEZA
federal,alcool,2020,Federal/ES,5.82,litro,heuristica,ÁLCOOL ETÍLICO LIMPEZA DE AMBIENTES
federal,alcool,2020,Federal/ES,5.8,litro,heuristica,ÁLCOOL ETÍLICO LIMPEZA DE AMBIENTES
federal,alcool,2020,Federal/ES,8.0,litro,heuristica,ÁLCOOL ETÍLICO
federal,alcool,2020,Federal/ES,5.49,litro,heuristica,ÁLCOOL ETÍLICO
federal,toner,2020,Federal/ES,160.0,unidade,unitario,CARTUCHO TONER IMPRESSORA HP
federal,pneu,2020,Federal/ES,769.0,unidade,unitario,PNEU VEÍCULO AUTOMOTIVO
federal,cimento,2020,Federal/ES,25.5,saco_50kg,unitario,CIMENTO PORTLAND
federal,envelope,2020,Federal/ES,0.1556,unidade,unitario,ENVELOPE
federal,envelope,2020,Federal/ES,0.2401,unidade,unitario,ENVELOPE
federal,envelope,2020,Federal/ES,0.1601,unidade,unitario,ENVELOPE
federal,caneta_esferografica,2020,Federal/ES,0.48,unidade,unitario,CANETA ESFEROGRÁFICA
federal,caneta_esferografica,2020,Federal/ES,0.48,unidade,unitario,CANETA ESFEROGRÁFICA
federal,caneta_esferografica,2020,Federal/ES,0.48,unidade,unitario,CANETA ESFEROGRÁFICA
federal,lapis,2020,Federal/ES,0.25,unidade,unitario,LÁPIS PRETO
federal,acucar,2020,Federal/ES,2.39,kg,heuristica,AÇÚCAR
federal,lampada_led,2020,Federal/ES,14.9,unidade,unitario,LÂMPADA LED
federal,disjuntor,2020,Federal/ES,33.0,unidade,unitario,DISJUNTOR BAIXA TENSÃO
federal,disjuntor,2020,Federal/ES,33.0,unidade,unitario,DISJUNTOR BAIXA TENSÃO
federal,torneira,2020,Federal/ES,22.5,unidade,unitario,TORNEIRA
federal,cimento,2020,Federal/ES,27.0,saco_50kg,unitario,CIMENTO PORTLAND
federal,alcool,2020,Federal/ES,24.99,litro,heuristica,ÁLCOOL ETÍLICO LIMPEZA DE AMBIENTES
federal,alcool,2020,Federal/ES,4.5,litro,heuristica,ÁLCOOL ETÍLICO LIMPEZA DE AMBIENTES
federal,macarrao,2020,Federal/ES,20.36,kg,heuristica,MACARRÃO
federal,gasolina,2020,Federal/ES,4.7189,litro,quantidade_litros,GASOLINA
federal,desinfetante,2020,Federal/ES,5.5,litro,heuristica,DESINFETANTE
federal,seringa,2020,Federal/ES,2.1,unidade,unitario,SERINGA
federal,seringa,2020,Federal/ES,2.1,unidade,unitario,SERINGA
federal,bebedouro,2020,Federal/ES,3299.5,unidade,unitario,BEBEDOURO ÁGUA
federal,tubo_pvc,2020,Federal/ES,25.76,metro,unitario,TUBO PVC SOLDÁVEL
federal,tubo_pvc,2020,Federal/ES,60.13,metro,unitario,TUBO PVC SOLDÁVEL
federal,tubo_pvc,2020,Federal/ES,133.43,metro,unitario,TUBO PVC SOLDÁVEL
federal,torneira,2021,Federal/ES,44.0,unidade,unitario,TORNEIRA
federal,torneira,2021,Federal/ES,25.5,unidade,unitario,TORNEIRA
federal,torneira,2021,Federal/ES,68.31,unidade,unitario,TORNEIRA
federal,torneira,2021,Federal/ES,63.4,unidade,unitario,TORNEIRA
federal,tubo_pvc,2021,Federal/ES,55.89,metro,unitario,TUBO PVC SOLDÁVEL
federal,tubo_pvc,2021,Federal/ES,21.8,metro,unitario,TUBO PVC SOLDÁVEL
federal,lampada_led,2021,Federal/ES,11.2,unidade,unitario,LÂMPADA LED
federal,lampada_led,2021,Federal/ES,8.7,unidade,unitario,LÂMPADA LED
federal,lampada_led,2021,Federal/ES,21.48,unidade,unitario,LÂMPADA LED
federal,lampada_led,2021,Federal/ES,40.22,unidade,unitario,LÂMPADA LED
federal,disjuntor,2021,Federal/ES,7.22,unidade,unitario,DISJUNTOR ALTA TENSÃO
federal,disjuntor,2021,Federal/ES,8.0,unidade,unitario,DISJUNTOR ALTA TENSÃO
federal,disjuntor,2021,Federal/ES,8.0,unidade,unitario,DISJUNTOR ALTA TENSÃO
federal,disjuntor,2021,Federal/ES,9.0,unidade,unitario,DISJUNTOR ALTA TENSÃO
federal,disjuntor,2021,Federal/ES,32.0,unidade,unitario,DISJUNTOR ALTA TENSÃO
federal,disjuntor,2021,Federal/ES,62.14,unidade,unitario,DISJUNTOR ALTA TENSÃO
federal,disjuntor,2021,Federal/ES,43.8,unidade,unitario,DISJUNTOR ALTA TENSÃO
federal,disjuntor,2021,Federal/ES,45.4,unidade,unitario,DISJUNTOR ALTA TENSÃO
federal,disjuntor,2021,Federal/ES,48.6,unidade,unitario,DISJUNTOR ALTA TENSÃO
federal,disjuntor,2021,Federal/ES,117.1,unidade,unitario,DISJUNTOR ALTA TENSÃO
federal,grampeador,2021,Federal/ES,18.4,unidade,unitario,GRAMPEADOR
federal,grampeador,2021,Federal/ES,39.72,unidade,unitario,GRAMPEADOR
federal,grampeador,2021,Federal/ES,8.94,unidade,unitario,GRAMPEADOR
federal,grampeador,2021,Federal/ES,24.21,unidade,unitario,GRAMPO GRAMPEADOR
federal,lapis,2021,Federal/ES,0.66,unidade,unitario,LÁPIS PRETO
federal,pincel_quadro,2021,Federal/ES,2.1,unidade,unitario,PINCEL ATÔMICO
federal,pincel_quadro,2021,Federal/ES,2.84,unidade,unitario,PINCEL ATÔMICO
federal,pincel_quadro,2021,Federal/ES,1.5,unidade,unitario,PINCEL ATÔMICO
federal,bebedouro,2021,Federal/ES,1700.0,unidade,unitario,BEBEDOURO ÁGUA
federal,alcool,2021,Federal/ES,30.1,litro,heuristica,ÁLCOOL ETÍLICO
federal,acucar,2021,Federal/ES,3.14,kg,heuristica,AÇÚCAR
federal,acucar,2021,Federal/ES,3.14,kg,heuristica,AÇÚCAR
federal,alcool,2021,Federal/ES,3.77,litro,heuristica,ÁLCOOL ETÍLICO
federal,alcool,2021,Federal/ES,3.77,litro,heuristica,ÁLCOOL ETÍLICO
federal,caneta_esferografica,2021,Federal/ES,0.37,unidade,unitario,CANETA ESFEROGRÁFICA
federal,caneta_esferografica,2021,Federal/ES,0.37,unidade,unitario,CANETA ESFEROGRÁFICA
federal,caneta_esferografica,2021,Federal/ES,0.37,unidade,unitario,CANETA ESFEROGRÁFICA
federal,caneta_esferografica,2021,Federal/ES,0.37,unidade,unitario,CANETA ESFEROGRÁFICA
federal,caneta_esferografica,2021,Federal/ES,0.37,unidade,unitario,CANETA ESFEROGRÁFICA
federal,caneta_esferografica,2021,Federal/ES,0.37,unidade,unitario,CANETA ESFEROGRÁFICA
federal,envelope,2021,Federal/ES,0.58,unidade,unitario,ENVELOPE
federal,envelope,2021,Federal/ES,0.58,unidade,unitario,ENVELOPE
federal,envelope,2021,Federal/ES,0.32,unidade,unitario,ENVELOPE
federal,envelope,2021,Federal/ES,0.32,unidade,unitario,ENVELOPE
federal,envelope,2021,Federal/ES,0.33,unidade,unitario,ENVELOPE
federal,envelope,2021,Federal/ES,0.33,unidade,unitario,ENVELOPE
federal,envelope,2021,Federal/ES,0.34,unidade,unitario,ENVELOPE
federal,envelope,2021,Federal/ES,0.34,unidade,unitario,ENVELOPE
federal,grampeador,2021,Federal/ES,8.06,unidade,unitario,GRAMPEADOR
federal,grampeador,2021,Federal/ES,8.06,unidade,unitario,GRAMPEADOR
federal,lapis,2021,Federal/ES,0.17,unidade,unitario,LÁPIS PRETO
federal,lapis,2021,Federal/ES,0.17,unidade,unitario,LÁPIS PRETO
federal,toner,2021,Federal/ES,138.0,unidade,unitario,CARTUCHO TONER IMPRESSORA SAMSUNG
federal,toner,2021,Federal/ES,138.0,unidade,unitario,CARTUCHO TONER IMPRESSORA SAMSUNG
federal,toner,2021,Federal/ES,335.0,unidade,unitario,CARTUCHO TONER IMPRESSORA LEXMARK
federal,toner,2021,Federal/ES,335.0,unidade,unitario,CARTUCHO TONER IMPRESSORA LEXMARK
federal,toner,2021,Federal/ES,269.0,unidade,unitario,CARTUCHO TONER IMPRESSORA LEXMARK
federal,toner,2021,Federal/ES,269.0,unidade,unitario,CARTUCHO TONER IMPRESSORA LEXMARK
federal,toner,2021,Federal/ES,212.0,unidade,unitario,CARTUCHO TONER IMPRESSORA LEXMARK
federal,toner,2021,Federal/ES,212.0,unidade,unitario,CARTUCHO TONER IMPRESSORA LEXMARK
federal,toner,2021,Federal/ES,260.0,unidade,unitario,CARTUCHO TONER IMPRESSORA LEXMARK
federal,toner,2021,Federal/ES,260.0,unidade,unitario,CARTUCHO TONER IMPRESSORA LEXMARK
federal,agua_mineral,2021,Federal/ES,7.83,litro,heuristica,ÁGUA MINERAL NATURAL
federal,agua_mineral,2021,Federal/ES,7.83,litro,heuristica,ÁGUA MINERAL NATURAL
federal,mascara_descartavel,2021,Federal/ES,0.42,unidade,unitario,MÁSCARA DESCARTÁVEL USO GERAL
federal,mascara_descartavel,2021,Federal/ES,0.42,unidade,unitario,MÁSCARA DESCARTÁVEL USO GERAL
federal,alcool,2021,Federal/ES,4.99,litro,heuristica,ÁLCOOL ETÍLICO LIMPEZA DE AMBIENTES
federal,alcool,2021,Federal/ES,4.99,litro,heuristica,ÁLCOOL ETÍLICO LIMPEZA DE AMBIENTES
federal,desinfetante,2021,Federal/ES,17.2,litro,heuristica,DESINFETANTE
federal,desinfetante,2021,Federal/ES,17.2,litro,heuristica,DESINFETANTE
federal,sabonete,2021,Federal/ES,0.87,unidade,unitario,SABONETE
federal,sabonete,2021,Federal/ES,0.87,unidade,unitario,SABONETE
federal,papel_higienico,2021,Federal/ES,0.5,rolo,unitario,PAPEL HIGIÊNICO
federal,papel_higienico,2021,Federal/ES,0.5,rolo,unitario,PAPEL HIGIÊNICO
federal,sabonete,2021,Federal/ES,9.5,unidade,unitario,SABONETE
federal,sabonete,2021,Federal/ES,9.5,unidade,unitario,SABONETE
federal,detergente,2021,Federal/ES,2.3,litro,heuristica,DETERGENTE
federal,detergente,2021,Federal/ES,2.3,litro,heuristica,DETERGENTE
federal,alcool,2021,Federal/ES,4.5,litro,heuristica,ÁLCOOL ETÍLICO
federal,alcool,2021,Federal/ES,4.5,litro,heuristica,ÁLCOOL ETÍLICO
federal,torneira,2021,Federal/ES,67.0,unidade,unitario,TORNEIRA
federal,torneira,2021,Federal/ES,27.5,unidade,unitario,TORNEIRA
federal,mascara_descartavel,2021,Federal/ES,0.93,unidade,unitario,MÁSCARA CIRÚRGICA
federal,pneu,2021,Federal/ES,855.0,unidade,unitario,PNEU VEÍCULO AUTOMOTIVO
federal,cimento,2021,Federal/ES,27.5,saco_50kg,unitario,CIMENTO PORTLAND
federal,argamassa,2021,Federal/ES,9.0,kg,heuristica,ARGAMASSA
federal,argamassa,2021,Federal/ES,3.7,kg,heuristica,ARGAMASSA
federal,vassoura,2021,Federal/ES,16.28,unidade,unitario,VASSOURA
federal,vassoura,2021,Federal/ES,14.1,unidade,unitario,VASSOURA
federal,tijolo,2021,Federal/ES,3.37,unidade,unitario,BLOCO DE CONCRETO
federal,alcool,2021,Federal/ES,16.2,litro,heuristica,ÁLCOOL ETÍLICO
federal,acucar,2021,Federal/ES,9.23,kg,heuristica,AÇÚCAR
federal,alcool,2021,Federal/ES,13.67,litro,heuristica,ÁLCOOL ETÍLICO
federal,alcool,2021,Federal/ES,5.69,litro,heuristica,ÁLCOOL ETÍLICO
federal,alcool,2021,Federal/ES,22.06,litro,heuristica,ÁLCOOL ETÍLICO LIMPEZA DE AMBIENTES
federal,sabonete,2021,Federal/ES,6.5,unidade,unitario,SABONETE LÍQUIDO
federal,sabonete,2021,Federal/ES,14.0,unidade,unitario,SABONETE LÍQUIDO
federal,papel_toalha,2021,Federal/ES,20.7,rolo,unitario,DISPENSER PAPEL TOALHA
federal,pneu,2021,Federal/ES,1781.41,unidade,unitario,PNEU VEÍCULO TERRAPLENAGEM
federal,ar_condicionado,2021,Federal/ES,4050.0,unidade,unitario,AR CONDICIONADO - INSTALACAO/MONTAGEM/DESMONATAGEM/REMOÇÃO -(PAREDE / SISTEMAS)
federal,sabonete,2021,Federal/ES,13.95,unidade,unitario,SABONETE LÍQUIDO
federal,ar_condicionado,2021,Federal/ES,1225.0,unidade,unitario,AR CONDICIONADO - INSTALACAO/MONTAGEM/DESMONATAGEM/REMOÇÃO -(PAREDE / SISTEMAS)
federal,ar_condicionado,2021,Federal/ES,1225.0,unidade,unitario,AR CONDICIONADO - INSTALACAO/MONTAGEM/DESMONATAGEM/REMOÇÃO -(PAREDE / SISTEMAS)
federal,carne_bovina,2021,Federal/ES,25.0,kg,heuristica,CARNE BOVINA IN NATURA
federal,acucar,2021,Federal/ES,11.69,kg,heuristica,AÇÚCAR
federal,acucar,2021,Federal/ES,11.69,kg,heuristica,AÇÚCAR
federal,atenolol,2021,Federal/ES,0.08,unidade,unitario,ATENOLOL
federal,captopril,2021,Federal/ES,0.05,unidade,unitario,CAPTOPRIL
federal,aas,2021,Federal/ES,0.55,unidade,unitario,ÁCIDO ACETILSALICÍLICO
federal,loratadina,2021,Federal/ES,0.12,unidade,unitario,LORATADINA
federal,loratadina,2021,Federal/ES,2.78,unidade,unitario,LORATADINA
federal,metronidazol,2021,Federal/ES,0.15,unidade,unitario,METRONIDAZOL
federal,impressora,2021,Federal/ES,2700.0,unidade,unitario,IMPRESSORA MULTIFUNCIONAL
federal,agua_sanitaria,2021,Federal/ES,1.69,litro,heuristica,ÁGUA SANITÁRIA
federal,alcool,2021,Federal/ES,5.2,litro,heuristica,ÁLCOOL ETÍLICO LIMPEZA DE AMBIENTES
federal,alcool,2021,Federal/ES,5.5,litro,heuristica,ÁLCOOL ETÍLICO
federal,alcool,2021,Federal/ES,7.06,litro,heuristica,ÁLCOOL ETÍLICO LIMPEZA DE AMBIENTES
federal,alcool,2021,Federal/ES,5.55,litro,heuristica,ÁLCOOL ETÍLICO
federal,detergente,2021,Federal/ES,18.16,litro,heuristica,DETERGENTE SANEANTE
federal,detergente,2021,Federal/ES,2.18,litro,heuristica,DETERGENTE
federal,detergente,2021,Federal/ES,24.4,litro,heuristica,DETERGENTE
federal,papel_toalha,2021,Federal/ES,21.4,rolo,unitario,DISPENSER PAPEL TOALHA
federal,papel_toalha,2021,Federal/ES,22.9,rolo,unitario,DISPENSER PAPEL TOALHA
federal,papel_toalha,2021,Federal/ES,23.0,rolo,unitario,DISPENSER PAPEL TOALHA
federal,papel_toalha,2021,Federal/ES,23.0,rolo,unitario,DISPENSER PAPEL TOALHA
federal,papel_higienico,2021,Federal/ES,2.8,rolo,unitario,PAPEL HIGIÊNICO
federal,sabonete,2021,Federal/ES,14.9,unidade,unitario,SABONETE LÍQUIDO
federal,sabonete,2021,Federal/ES,4.1,unidade,unitario,SABONETE LÍQUIDO
federal,vassoura,2021,Federal/ES,13.1,unidade,unitario,VASSOURA
federal,vassoura,2021,Federal/ES,7.5,unidade,unitario,VASSOURA
federal,vassoura,2021,Federal/ES,7.3,unidade,unitario,VASSOURA
federal,vassoura,2021,Federal/ES,3.8,unidade,unitario,VASSOURA
federal,seringa,2021,Federal/ES,1.8,unidade,unitario,SERINGA
federal,seringa,2021,Federal/ES,0.17,unidade,unitario,SERINGA
federal,seringa,2021,Federal/ES,0.19,unidade,unitario,SERINGA
federal,seringa,2021,Federal/ES,0.41,unidade,unitario,SERINGA
federal,seringa,2021,Federal/ES,0.42,unidade,unitario,SERINGA
federal,seringa,2021,Federal/ES,0.19,unidade,unitario,SERINGA
federal,seringa,2021,Federal/ES,2.4,unidade,unitario,SERINGA
federal,seringa,2021,Federal/ES,1.8,unidade,unitario,SERINGA
federal,seringa,2021,Federal/ES,4.8,unidade,unitario,SERINGA
federal,detergente,2021,Federal/ES,2.8,litro,heuristica,DETERGENTE
federal,papel_toalha,2021,Federal/ES,22.3,rolo,unitario,DISPENSER PAPEL TOALHA
federal,papel_toalha,2021,Federal/ES,23.0,rolo,unitario,DISPENSER PAPEL TOALHA
federal,papel_higienico,2021,Federal/ES,3.67,rolo,unitario,PAPEL HIGIÊNICO
federal,papel_higienico,2021,Federal/ES,11.0,rolo,unitario,PAPEL HIGIÊNICO
federal,sabonete,2021,Federal/ES,1.2,unidade,unitario,SABONETE
federal,agua_sanitaria,2021,Federal/ES,2.08,litro,heuristica,ÁGUA SANITÁRIA
federal,alcool,2021,Federal/ES,9.17,litro,heuristica,ÁLCOOL ETÍLICO LIMPEZA DE AMBIENTES
federal,alcool,2021,Federal/ES,5.45,litro,heuristica,ÁLCOOL ETÍLICO LIMPEZA DE AMBIENTES
federal,detergente,2021,Federal/ES,3.4,litro,heuristica,DETERGENTE
federal,vassoura,2021,Federal/ES,5.79,unidade,unitario,VASSOURA
federal,vassoura,2021,Federal/ES,4.49,unidade,unitario,ESCOVA DE VASSOURA MAGICA
federal,agua_sanitaria,2021,Federal/ES,8.26,litro,heuristica,ÁGUA SANITÁRIA
federal,alcool,2021,Federal/ES,4.78,litro,heuristica,ÁLCOOL ETÍLICO
federal,vassoura,2021,Federal/ES,3.6,unidade,unitario,ESCOVA DE VASSOURA MAGICA
federal,alcool,2021,Federal/ES,4.78,litro,heuristica,ÁLCOOL ETÍLICO
federal,amaciante,2021,Federal/ES,2.7,litro,heuristica,AMACIANTE DE ROUPA
federal,vassoura,2021,Federal/ES,9.75,unidade,unitario,VASSOURA
federal,vassoura,2021,Federal/ES,11.8,unidade,unitario,VASSOURA
federal,vassoura,2021,Federal/ES,14.0,unidade,unitario,VASSOURA
federal,vassoura,2021,Federal/ES,5.3,unidade,unitario,ESCOVA DE VASSOURA MAGICA
federal,alcool,2021,Federal/ES,5.36,litro,heuristica,ÁLCOOL ETÍLICO
federal,agua_mineral,2021,Federal/ES,8.44,litro,heuristica,ÁGUA MINERAL NATURAL
federal,agua_mineral,2021,Federal/ES,8.44,litro,heuristica,ÁGUA MINERAL NATURAL
federal,clonazepam,2021,Federal/ES,0.055,unidade,unitario,CLONAZEPAM
federal,sinvastatina,2021,Federal/ES,0.09,unidade,unitario,SINVASTATINA
federal,losartana,2021,Federal/ES,0.09,unidade,unitario,LOSARTANA POTÁSSICA
federal,furosemida,2021,Federal/ES,0.09,unidade,unitario,FUROSEMIDA
federal,salbutamol,2021,Federal/ES,7.6,unidade,unitario,SALBUTAMOL
federal,pneu,2021,Federal/ES,2199.5,unidade,unitario,PNEU TRATOR RODAS TRAÇÃO
federal,pneu,2021,Federal/ES,920.5,unidade,unitario,PNEU TRATOR RODAS TRAÇÃO
federal,pneu,2021,Federal/ES,635.0,unidade,unitario,PNEU VEÍCULO AUTOMOTIVO
federal,pneu,2021,Federal/ES,840.0,unidade,unitario,PNEU VEÍCULO AUTOMOTIVO
federal,pneu,2021,Federal/ES,365.29,unidade,unitario,PNEU VEÍCULO AUTOMOTIVO
federal,pneu,2021,Federal/ES,288.0,unidade,unitario,PNEU VEÍCULO AUTOMOTIVO
federal,pneu,2021,Federal/ES,635.0,unidade,unitario,PNEU VEÍCULO AUTOMOTIVO
federal,pneu,2021,Federal/ES,314.5,unidade,unitario,PNEU VEÍCULO AUTOMOTIVO
federal,dexametasona,2021,Federal/ES,7.37,unidade,unitario,DEXAMETASONA
federal,dexametasona,2021,Federal/ES,5.72,unidade,unitario,DEXAMETASONA
federal,diesel,2021,Federal/ES,4.09,litro,quantidade_litros,ÓLEO DIESEL
federal,diesel,2021,Federal/ES,4.09,litro,quantidade_litros,ÓLEO DIESEL
federal,gasolina,2021,Federal/ES,5.24,litro,quantidade_litros,GASOLINA
federal,gasolina,2021,Federal/ES,5.24,litro,quantidade_litros,GASOLINA
federal,acucar,2021,Federal/ES,13.19,kg,heuristica,AÇÚCAR
federal,biscoito,2021,Federal/ES,44.95,kg,heuristica,BISCOITO
federal,biscoito,2021,Federal/ES,44.95,kg,heuristica,BISCOITO
federal,carne_bovina,2021,Federal/ES,33.4,kg,heuristica,CARNE BOVINA IN NATURA
federal,carne_bovina,2021,Federal/ES,45.59,kg,heuristica,CARNE BOVINA IN NATURA
federal,farinha_mandioca,2021,Federal/ES,5.49,kg,heuristica,FARINHA DE MANDIOCA
federal,farinha_trigo,2021,Federal/ES,3.89,kg,heuristica,FARINHA DE TRIGO
federal,macarrao,2021,Federal/ES,5.78,kg,heuristica,MACARRÃO
federal,macarrao,2021,Federal/ES,10.58,kg,heuristica,MACARRÃO
federal,macarrao,2021,Federal/ES,17.96,kg,heuristica,MACARRÃO
federal,canjica,2021,Federal/ES,3.69,kg,heuristica,CANJICA
federal,suco,2021,Federal/ES,6.99,litro,heuristica,SUCO
federal,suco,2021,Federal/ES,6.99,litro,heuristica,SUCO
federal,suco,2021,Federal/ES,11.99,litro,heuristica,SUCO
federal,vinagre,2021,Federal/ES,6.2133,litro,heuristica,VINAGRE
federal,ar_condicionado,2021,Federal/ES,6080.0,unidade,unitario,AR CONDICIONADO - INSTALACAO/MONTAGEM/DESMONATAGEM/REMOÇÃO -(PAREDE / SISTEMAS)
federal,mascara_descartavel,2021,Federal/ES,0.315,unidade,unitario,MÁSCARA CIRÚRGICA
federal,apontador,2021,Federal/ES,0.63,unidade,unitario,APONTADOR LÁPIS
federal,acucar,2021,Federal/ES,4.42,kg,heuristica,AÇÚCAR
federal,agua_mineral,2021,Federal/ES,5.9,litro,heuristica,ÁGUA MINERAL NATURAL
federal,gasolina,2021,Federal/ES,5.48,litro,quantidade_litros,GASOLINA
federal,lampada_led,2021,Federal/ES,19.0,unidade,unitario,LÂMPADA LED
federal,lampada_led,2021,Federal/ES,51.34,unidade,unitario,LÂMPADA LED
federal,lampada_led,2021,Federal/ES,19.0,unidade,unitario,LÂMPADA LED
federal,torneira,2021,Federal/ES,230.0,unidade,unitario,TORNEIRA
federal,ar_condicionado,2021,Federal/ES,1850.0,unidade,unitario,APARELHO AR CONDICIONADO
federal,farinha_trigo,2021,Federal/ES,4.59,kg,heuristica,FARINHA DE TRIGO
federal,farinha_trigo,2021,Federal/ES,4.59,kg,heuristica,FARINHA DE TRIGO
federal,leite_integral,2021,Federal/ES,4.02,litro,heuristica,LEITE FLUIDO
federal,leite_integral,2021,Federal/ES,4.02,litro,heuristica,LEITE FLUIDO
federal,farinha_trigo,2021,Federal/ES,4.49,kg,heuristica,FARINHA DE TRIGO
federal,farinha_trigo,2021,Federal/ES,4.49,kg,heuristica,FARINHA DE TRIGO
federal,leite_integral,2021,Federal/ES,3.89,litro,heuristica,LEITE FLUIDO
federal,leite_integral,2021,Federal/ES,3.89,litro,heuristica,LEITE FLUIDO
federal,farinha_mandioca,2021,Federal/ES,6.7,kg,heuristica,FARINHA DE MANDIOCA
federal,leite_integral,2021,Federal/ES,3.4,litro,heuristica,LEITE FLUIDO
federal,leite_integral,2021,Federal/ES,3.4,litro,heuristica,LEITE FLUIDO
federal,leite_integral,2021,Federal/ES,3.4,litro,heuristica,LEITE FLUIDO
federal,acucar,2021,Federal/ES,13.26,kg,heuristica,AÇÚCAR
federal,acucar,2021,Federal/ES,13.26,kg,heuristica,AÇÚCAR
federal,alcool,2021,Federal/ES,21.99,litro,heuristica,ÁLCOOL ETÍLICO
federal,agua_mineral,2021,Federal/ES,7.96,litro,heuristica,ÁGUA MINERAL NATURAL
federal,extintor,2021,Federal/ES,59.0,unidade,unitario,VÁLVULA EXTINTOR INCÊNDIO
federal,extintor,2021,Federal/ES,44.5,unidade,unitario,VÁLVULA EXTINTOR INCÊNDIO
federal,alcool,2021,Federal/ES,9.2,litro,heuristica,ÁLCOOL ETÍLICO LIMPEZA DE AMBIENTES
federal,detergente,2021,Federal/ES,20.4,litro,heuristica,DETERGENTE SANEANTE
federal,agua_mineral,2021,Federal/ES,9.47,litro,heuristica,ÁGUA MINERAL NATURAL
federal,alcool,2021,Federal/ES,3.58,litro,heuristica,ÁLCOOL ETÍLICO LIMPEZA DE AMBIENTES
federal,mascara_descartavel,2021,Federal/ES,0.2787,unidade,unitario,MÁSCARA CIRÚRGICA
federal,diesel,2021,Federal/ES,6.56,litro,quantidade_litros,ÓLEO DIESEL
federal,pneu,2021,Federal/ES,2046.0,unidade,unitario,PNEU VEÍCULO TERRAPLENAGEM
federal,carbamazepina,2021,Federal/ES,0.2,unidade,unitario,CARBAMAZEPINA
federal,fenobarbital,2021,Federal/ES,1.99,unidade,unitario,FENOBARBITAL SÓDICO
federal,dipirona,2021,Federal/ES,1.15,unidade,unitario,DIPIRONA SÓDICA
federal,dipirona,2021,Federal/ES,0.56,unidade,unitario,DIPIRONA SÓDICA
federal,hidroclorotiazida,2021,Federal/ES,0.04,unidade,unitario,HIDROCLOROTIAZIDA
federal,omeprazol,2021,Federal/ES,0.1,unidade,unitario,OMEPRAZOL
federal,levotiroxina,2021,Federal/ES,0.21,unidade,unitario,LEVOTIROXINA SÓDICA
federal,prednisona,2021,Federal/ES,0.18,unidade,unitario,PREDNISONA
federal,notebook,2021,Federal/ES,4350.25,unidade,unitario,NOTEBOOK
federal,amitriptilina,2021,Federal/ES,0.12,unidade,unitario,AMITRIPTILINA CLORIDRATO
federal,diazepam,2021,Federal/ES,0.094,unidade,unitario,DIAZEPAM
federal,fenobarbital,2021,Federal/ES,5.2,unidade,unitario,FENOBARBITAL SÓDICO
federal,haloperidol,2021,Federal/ES,1.09,unidade,unitario,HALOPERIDOL
federal,prednisona,2021,Federal/ES,0.14,unidade,unitario,PREDNISONA
federal,prednisolona,2021,Federal/ES,4.0,unidade,unitario,PREDNISOLONA
federal,cefalexina,2021,Federal/ES,0.53,unidade,unitario,CEFALEXINA
federal,toner,2021,Federal/ES,46.66,unidade,unitario,CARTUCHO TONER IMPRESSORA SAMSUNG
federal,notebook,2021,Federal/ES,4080.0,unidade,unitario,NOTEBOOK
federal,toner,2021,Federal/ES,386.6667,unidade,unitario,CARTUCHO TONER IMPRESSORA / COPIADORA SHARP
federal,toner,2021,Federal/ES,50.5517,unidade,unitario,CARTUCHO TONER IMPRESSORA HP
federal,toner,2021,Federal/ES,49.0,unidade,unitario,CARTUCHO TONER IMPRESSORA HP
federal,toner,2021,Federal/ES,40.0,unidade,unitario,CARTUCHO TONER IMPRESSORA HP
federal,toner,2021,Federal/ES,50.5517,unidade,unitario,CARTUCHO TONER IMPRESSORA HP
federal,extintor,2021,Federal/ES,400.0,unidade,unitario,PEÇA REPOSIÇÃO EXTINTOR INCÊNDIO
federal,disjuntor,2021,Federal/ES,38.0,unidade,unitario,DISJUNTOR BAIXA TENSÃO
federal,disjuntor,2021,Federal/ES,36.4,unidade,unitario,DISJUNTOR BAIXA TENSÃO
federal,disjuntor,2021,Federal/ES,40.0,unidade,unitario,DISJUNTOR BAIXA TENSÃO
federal,disjuntor,2021,Federal/ES,10.75,unidade,unitario,DISJUNTOR BAIXA TENSÃO
federal,lampada_led,2021,Federal/ES,12.92,unidade,unitario,LÂMPADA LED
federal,lampada_led,2021,Federal/ES,27.0,unidade,unitario,LÂMPADA LED
federal,ar_condicionado,2021,Federal/ES,3194.0,unidade,unitario,AR CONDICIONADO - MANUTENCAO DE SISTEMAS / LIMPEZA
federal,iogurte,2021,Federal/ES,5.8,litro,heuristica,IOGURTE NATURAL
federal,leite_integral,2021,Federal/ES,4.5,litro,heuristica,LEITE FLUIDO
federal,leite_po,2021,Federal/ES,26.75,kg,heuristica,LEITE EM PÓ
federal,requeijao,2021,Federal/ES,15.0,kg,heuristica,REQUEIJÃO
federal,ar_condicionado,2021,Federal/ES,1485.0,unidade,unitario,APARELHO AR CONDICIONADO
federal,ar_condicionado,2021,Federal/ES,1656.0,unidade,unitario,APARELHO AR CONDICIONADO
federal,ar_condicionado,2021,Federal/ES,2590.0,unidade,unitario,APARELHO AR CONDICIONADO
federal,ar_condicionado,2021,Federal/ES,3295.0,unidade,unitario,APARELHO AR CONDICIONADO
federal,ar_condicionado,2021,Federal/ES,4453.52,unidade,unitario,APARELHO AR CONDICIONADO
federal,ar_condicionado,2021,Federal/ES,7450.0,unidade,unitario,APARELHO AR CONDICIONADO
federal,ar_condicionado,2021,Federal/ES,10472.0,unidade,unitario,APARELHO AR CONDICIONADO
federal,tubo_pvc,2021,Federal/ES,20.4,metro,unitario,TUBO PVC SOLDÁVEL
federal,tubo_pvc,2021,Federal/ES,16.07,metro,unitario,TUBO PVC SOLDÁVEL
federal,gasolina,2021,Federal/ES,5.94,litro,quantidade_litros,GASOLINA
federal,diesel,2021,Federal/ES,4.46,litro,quantidade_litros,ÓLEO DIESEL
federal,achocolatado,2021,Federal/ES,20.5,kg,heuristica,ACHOCOLATADO
federal,acucar,2021,Federal/ES,9.86,kg,heuristica,AÇÚCAR
federal,agua_mineral,2021,Federal/ES,0.7,litro,heuristica,ÁGUA MINERAL NATURAL
federal,amaciante,2021,Federal/ES,9.645,litro,heuristica,AMACIANTE DE CARNE
federal,biscoito,2021,Federal/ES,6.5,kg,heuristica,BISCOITO
federal,biscoito,2021,Federal/ES,7.125,kg,heuristica,BISCOITO
federal,biscoito,2021,Federal/ES,5.05,kg,heuristica,BISCOITO
federal,biscoito,2021,Federal/ES,4.9,kg,heuristica,BISCOITO
federal,amaciante,2021,Federal/ES,4.405,litro,heuristica,AMACIANTE DE CARNE
federal,farinha_trigo,2021,Federal/ES,3.3,kg,heuristica,FARINHA DE TRIGO
federal,iogurte,2021,Federal/ES,3.4,litro,heuristica,IOGURTE NATURAL
federal,polpa_fruta,2021,Federal/ES,7.55,kg,heuristica,POLPA DE FRUTA
federal,carne_suina,2021,Federal/ES,18.9,kg,heuristica,CARNE SUÍNA IN NATURA
federal,suco,2021,Federal/ES,4.15,litro,heuristica,SUCO
federal,suco,2021,Federal/ES,4.77,litro,heuristica,SUCO
federal,suco,2021,Federal/ES,8.21,litro,heuristica,SUCO
federal,suco,2021,Federal/ES,5.35,litro,heuristica,SUCO
federal,tubo_pvc,2021,Federal/ES,62.9,metro,unitario,TUBO PVC SOLDÁVEL
federal,tubo_pvc,2021,Federal/ES,179.9,metro,unitario,TUBO PVC SOLDÁVEL
federal,torneira,2021,Federal/ES,131.2,unidade,unitario,TORNEIRA
federal,torneira,2021,Federal/ES,19.9,unidade,unitario,TORNEIRA
federal,furosemida,2021,Federal/ES,0.86,unidade,unitario,FUROSEMIDA
federal,lampada_led,2021,Federal/ES,15.9,unidade,unitario,LÂMPADA LED
federal,luva_procedimento,2021,Federal/ES,9.3,caixa_100,unitario,LUVA CIRÚRGICA
federal,gasolina,2021,Federal/ES,5.79,litro,quantidade_litros,GASOLINA
federal,diesel,2021,Federal/ES,4.79,litro,quantidade_litros,ÓLEO DIESEL
federal,agua_mineral,2021,Federal/ES,8.47,litro,heuristica,ÁGUA MINERAL NATURAL
federal,mascara_descartavel,2021,Federal/ES,0.64,unidade,unitario,MÁSCARA CIRÚRGICA
federal,alcool,2021,Federal/ES,12.0,litro,heuristica,ÁLCOOL ETÍLICO
federal,ar_condicionado,2021,Federal/ES,883.3333,unidade,unitario,AR CONDICIONADO - INSTALACAO/MONTAGEM/DESMONATAGEM/REMOÇÃO -(PAREDE / SISTEMAS)
federal,ar_condicionado,2021,Federal/ES,1200.0,unidade,unitario,AR CONDICIONADO - INSTALACAO/MONTAGEM/DESMONATAGEM/REMOÇÃO -(PAREDE / SISTEMAS)
federal,ar_condicionado,2021,Federal/ES,1200.0,unidade,unitario,AR CONDICIONADO - INSTALACAO/MONTAGEM/DESMONATAGEM/REMOÇÃO -(PAREDE / SISTEMAS)
federal,disjuntor,2021,Federal/ES,34.0,unidade,unitario,DISJUNTOR BAIXA TENSÃO
federal,disjuntor,2021,Federal/ES,34.0,unidade,unitario,DISJUNTOR BAIXA TENSÃO
federal,disjuntor,2021,Federal/ES,38.0,unidade,unitario,DISJUNTOR BAIXA TENSÃO
federal,torneira,2021,Federal/ES,60.0,unidade,unitario,TORNEIRA
federal,cimento,2021,Federal/ES,27.0,saco_50kg,unitario,CIMENTO PORTLAND
federal,tijolo,2021,Federal/ES,2.4,unidade,unitario,BLOCO DE CONCRETO
federal,torneira,2021,Federal/ES,234.32,unidade,unitario,TORNEIRA
federal,tubo_pvc,2021,Federal/ES,39.0,metro,unitario,TUBO PVC SOLDÁVEL
federal,tubo_pvc,2021,Federal/ES,25.29,metro,unitario,TUBO PVC SOLDÁVEL
federal,tubo_pvc,2021,Federal/ES,20.5,metro,unitario,TUBO PVC SOLDÁVEL
federal,bebedouro,2021,Federal/ES,657.29,unidade,unitario,BEBEDOURO ÁGUA
federal,bebedouro,2021,Federal/ES,2700.0,unidade,unitario,BEBEDOURO ÁGUA
federal,extintor,2021,Federal/ES,113.7,unidade,unitario,SISTEMA DE EXTINTOR DE INCENDIO EM AERONAVES
federal,extintor,2021,Federal/ES,121.48,unidade,unitario,SISTEMA DE EXTINTOR DE INCENDIO EM AERONAVES
federal,extintor,2021,Federal/ES,364.7,unidade,unitario,SISTEMA DE EXTINTOR DE INCENDIO EM AERONAVES
federal,ar_condicionado,2021,Federal/ES,5500.0,unidade,unitario,AR CONDICIONADO - COMPRESSOR
federal,acucar,2021,Federal/ES,7.34,kg,heuristica,AÇÚCAR
federal,cimento,2021,Federal/ES,27.0,saco_50kg,unitario,CIMENTO PORTLAND
federal,cimento,2021,Federal/ES,28.0,saco_50kg,unitario,CIMENTO PORTLAND
federal,tijolo,2021,Federal/ES,1.9,unidade,unitario,BLOCO DE CONCRETO
federal,tijolo,2021,Federal/ES,1.75,unidade,unitario,BLOCO DE CONCRETO
federal,ar_condicionado,2021,Federal/ES,3841.6667,unidade,unitario,AR CONDICIONADO - MANUTENCAO DE SISTEMAS / LIMPEZA
federal,ar_condicionado,2021,Federal/ES,3388.0,unidade,unitario,AR CONDICIONADO - MANUTENCAO DE SISTEMAS / LIMPEZA
federal,ar_condicionado,2021,Federal/ES,9080.06,unidade,unitario,AR CONDICIONADO - MANUTENCAO DE SISTEMAS / LIMPEZA
federal,fralda,2021,Federal/ES,0.45,unidade,unitario,FRALDA DESCARTÁVEL
federal,fralda,2021,Federal/ES,0.53,unidade,unitario,FRALDA DESCARTÁVEL
federal,fralda,2021,Federal/ES,0.58,unidade,unitario,FRALDA DESCARTÁVEL
federal,fralda,2021,Federal/ES,1.09,unidade,unitario,FRALDA DESCARTÁVEL
federal,fralda,2021,Federal/ES,3.2,unidade,unitario,FRALDA DESCARTÁVEL
federal,ar_condicionado,2021,Federal/ES,2050.0,unidade,unitario,AR CONDICIONADO - INSTALACAO/MONTAGEM/DESMONATAGEM/REMOÇÃO -(PAREDE / SISTEMAS)
federal,detergente,2021,Federal/ES,10.14,litro,heuristica,DETERGENTE
federal,desinfetante,2021,Federal/ES,15.69,litro,heuristica,DESINFETANTE
federal,detergente,2021,Federal/ES,16.1,litro,heuristica,DETERGENTE SANEANTE
federal,alcool,2021,Federal/ES,7.67,litro,heuristica,ÁLCOOL ETÍLICO
federal,alcool,2021,Federal/ES,8.0,litro,heuristica,ÁLCOOL ETÍLICO
federal,alcool,2021,Federal/ES,6.73,litro,heuristica,ÁLCOOL ETÍLICO
federal,desinfetante,2021,Federal/ES,28.5,litro,heuristica,DESINFETANTE
federal,luva_procedimento,2021,Federal/ES,57.09,caixa_100,unitario,LUVA CIRÚRGICA
federal,lampada_led,2021,Federal/ES,11.8,unidade,unitario,LÂMPADA LED
federal,extintor,2021,Federal/ES,70.0,unidade,unitario,CARGA EXTINTOR INCÊNDIO
federal,ar_condicionado,2021,Federal/ES,4530.0,unidade,unitario,AR CONDICIONADO - MANUTENCAO DE SISTEMAS / LIMPEZA
federal,envelope,2021,Federal/ES,0.41,unidade,unitario,ENVELOPE
federal,envelope,2021,Federal/ES,0.43,unidade,unitario,'ENVELOPE'
federal,dipirona,2021,Federal/ES,11.0,unidade,unitario,DIPIRONA SÓDICA
federal,dexametasona,2021,Federal/ES,10.79,unidade,unitario,DEXAMETASONA
federal,fenobarbital,2021,Federal/ES,0.21,unidade,unitario,FENOBARBITAL SÓDICO
federal,anlodipino,2021,Federal/ES,0.04,unidade,unitario,ANLODIPINO BESILATO
federal,levotiroxina,2021,Federal/ES,0.1,unidade,unitario,LEVOTIROXINA SÓDICA
federal,levotiroxina,2021,Federal/ES,0.11,unidade,unitario,LEVOTIROXINA SÓDICA
federal,albendazol,2021,Federal/ES,1.25,unidade,unitario,ALBENDAZOL
federal,amoxicilina,2021,Federal/ES,6.8,unidade,unitario,AMOXICILINA
federal,metronidazol,2021,Federal/ES,2.37,unidade,unitario,METRONIDAZOL
federal,amoxicilina,2021,Federal/ES,0.69,unidade,unitario,AMOXICILINA
federal,amoxicilina,2021,Federal/ES,13.0,unidade,unitario,AMOXICILINA
federal,alcool,2021,Federal/ES,14.9,litro,heuristica,ÁLCOOL ETÍLICO
federal,cimento,2021,Federal/ES,23.13,saco_50kg,unitario,CIMENTO PORTLAND
federal,ar_condicionado,2021,Federal/ES,4204.99,unidade,unitario,APARELHO AR CONDICIONADO
federal,ar_condicionado,2021,Federal/ES,2419.99,unidade,unitario,APARELHO AR CONDICIONADO
federal,ar_condicionado,2021,Federal/ES,1884.34,unidade,unitario,APARELHO AR CONDICIONADO
federal,extintor,2021,Federal/ES,46.9,unidade,unitario,CARGA EXTINTOR INCÊNDIO
federal,extintor,2021,Federal/ES,46.25,unidade,unitario,CARGA EXTINTOR INCÊNDIO
federal,desinfetante,2021,Federal/ES,11.0,litro,heuristica,DESINFETANTE
federal,detergente,2021,Federal/ES,4.58,litro,heuristica,DETERGENTE
federal,alcool,2021,Federal/ES,14.87,litro,heuristica,ÁLCOOL ETÍLICO
federal,alcool,2021,Federal/ES,14.92,litro,heuristica,ÁLCOOL ETÍLICO
federal,agulha_descartavel,2021,Federal/ES,0.12,unidade,unitario,AGULHA HIPODÉRMICA
federal,agulha_descartavel,2021,Federal/ES,0.12,unidade,unitario,AGULHA HIPODÉRMICA
federal,luva_procedimento,2021,Federal/ES,14.27,caixa_100,unitario,LUVA CIRÚRGICA
federal,luva_procedimento,2021,Federal/ES,99.25,caixa_100,unitario,LUVA CIRÚRGICA
federal,luva_procedimento,2021,Federal/ES,97.0,caixa_100,unitario,LUVA CIRÚRGICA
federal,seringa,2021,Federal/ES,0.25,unidade,unitario,SERINGA
federal,seringa,2021,Federal/ES,0.25,unidade,unitario,SERINGA
federal,ar_condicionado,2021,Federal/ES,12485.0,unidade,unitario,AR CONDICIONADO - MANUTENCAO DE SISTEMAS / LIMPEZA
federal,alcool,2021,Federal/ES,21.87,litro,heuristica,ÁLCOOL ETÍLICO
federal,extintor,2021,Federal/ES,115.0,unidade,unitario,PEÇA REPOSIÇÃO EXTINTOR INCÊNDIO
federal,ar_condicionado,2021,Federal/ES,3194.0,unidade,unitario,AR CONDICIONADO - MANUTENCAO DE SISTEMAS / LIMPEZA
federal,cimento,2021,Federal/ES,30.56,saco_50kg,unitario,CIMENTO PORTLAND
federal,ar_condicionado,2021,Federal/ES,800.0,unidade,unitario,AR CONDICIONADO - MANUTENCAO DE APARELHOS DE PAREDE
federal,cimento,2021,Federal/ES,26.7,saco_50kg,unitario,CIMENTO PORTLAND
federal,tijolo,2021,Federal/ES,1.35,unidade,unitario,BLOCO DE CONCRETO
federal,carne_bovina,2021,Federal/ES,23.0,kg,heuristica,CARNE BOVINA IN NATURA
federal,alcool,2021,Federal/ES,14.0,litro,heuristica,ÁLCOOL ETÍLICO
federal,luva_procedimento,2021,Federal/ES,90.0,caixa_100,unitario,LUVA CIRÚRGICA
federal,luva_procedimento,2021,Federal/ES,90.0,caixa_100,unitario,LUVA CIRÚRGICA
federal,luva_procedimento,2021,Federal/ES,90.0,caixa_100,unitario,LUVA CIRÚRGICA
federal,luva_procedimento,2021,Federal/ES,90.0,caixa_100,unitario,LUVA CIRÚRGICA
federal,cimento,2021,Federal/ES,26.7,saco_50kg,unitario,CIMENTO PORTLAND
federal,disjuntor,2021,Federal/ES,45.9,unidade,unitario,DISJUNTOR BAIXA TENSÃO
federal,pneu,2021,Federal/ES,121.0,unidade,unitario,PNEU CARRINHO MÃO
federal,pneu,2021,Federal/ES,121.0,unidade,unitario,PNEU CARRINHO MÃO
federal,acucar,2021,Federal/ES,15.49,kg,heuristica,AÇÚCAR
federal,toner,2021,Federal/ES,230.0,unidade,unitario,CARTUCHO TONER IMPRESSORA BROTHER
federal,cimento,2021,Federal/ES,30.0,saco_50kg,unitario,CIMENTO PORTLAND
federal,alcool,2021,Federal/ES,4.8,litro,heuristica,ÁLCOOL ETÍLICO
federal,alcool,2021,Federal/ES,31.5,litro,heuristica,ÁLCOOL ETÍLICO
federal,ar_condicionado,2021,Federal/ES,9980.0,unidade,unitario,AR CONDICIONADO - MANUTENCAO DE SISTEMAS / LIMPEZA
federal,cadeira,2021,Federal/ES,150.0,unidade,unitario,CADEIRA FIXA
federal,haloperidol,2021,Federal/ES,0.26,unidade,unitario,HALOPERIDOL
federal,cefalexina,2021,Federal/ES,10.14,unidade,unitario,CEFALEXINA
federal,metronidazol,2021,Federal/ES,8.0,unidade,unitario,METRONIDAZOL
federal,risperidona,2021,Federal/ES,0.1,unidade,unitario,RISPERIDONA
federal,dipirona,2021,Federal/ES,8.5,unidade,unitario,DIPIRONA SÓDICA
federal,dexametasona,2021,Federal/ES,4.69,unidade,unitario,DEXAMETASONA
federal,tubo_pvc,2021,Federal/ES,31.66,metro,unitario,TUBO PVC SOLDÁVEL
federal,tubo_pvc,2021,Federal/ES,64.16,metro,unitario,TUBO PVC SOLDÁVEL
federal,tubo_pvc,2021,Federal/ES,119.63,metro,unitario,TUBO PVC SOLDÁVEL
federal,notebook,2021,Federal/ES,3829.0,unidade,unitario,NOTEBOOK
federal,notebook,2021,Federal/ES,3829.0,unidade,unitario,NOTEBOOK
federal,bacon,2021,Federal/ES,29.82,kg,heuristica,'BACON DEFUMADO'
federal,carne_suina,2021,Federal/ES,14.85,kg,heuristica,CARNE SUÍNA IN NATURA
federal,carne_suina,2021,Federal/ES,16.8,kg,heuristica,CARNE SUÍNA IN NATURA
federal,carne_suina,2021,Federal/ES,15.5,kg,heuristica,CARNE SUÍNA IN NATURA
federal,carne_suina,2021,Federal/ES,15.1,kg,heuristica,CARNE SUÍNA IN NATURA
federal,carne_suina,2021,Federal/ES,15.97,kg,heuristica,CARNE SUÍNA IN NATURA
federal,carne_suina,2021,Federal/ES,11.13,kg,heuristica,CARNE SUÍNA IN NATURA
federal,carne_suina,2021,Federal/ES,19.5,kg,heuristica,CARNE SUÍNA IN NATURA
federal,carne_bovina,2021,Federal/ES,17.46,kg,heuristica,CARNE BOVINA IN NATURA
federal,carne_bovina,2021,Federal/ES,37.8,kg,heuristica,CARNE BOVINA IN NATURA
federal,carne_bovina,2021,Federal/ES,37.8,kg,heuristica,CARNE BOVINA IN NATURA
federal,carne_bovina,2021,Federal/ES,37.1,kg,heuristica,CARNE BOVINA IN NATURA
federal,carne_bovina,2021,Federal/ES,36.43,kg,heuristica,CARNE BOVINA IN NATURA
federal,carne_bovina,2021,Federal/ES,36.43,kg,heuristica,CARNE BOVINA IN NATURA
federal,carne_bovina,2021,Federal/ES,29.4,kg,heuristica,CARNE BOVINA IN NATURA
federal,carne_bovina,2021,Federal/ES,33.0,kg,heuristica,CARNE BOVINA IN NATURA
federal,carne_bovina,2021,Federal/ES,23.9,kg,heuristica,CARNE BOVINA IN NATURA
federal,carne_bovina,2021,Federal/ES,23.9,kg,heuristica,CARNE BOVINA IN NATURA
federal,carne_bovina,2021,Federal/ES,28.9,kg,heuristica,CARNE BOVINA IN NATURA
federal,carne_bovina,2021,Federal/ES,36.0,kg,heuristica,CARNE BOVINA IN NATURA
federal,carne_bovina,2021,Federal/ES,15.4,kg,heuristica,CARNE BOVINA IN NATURA
federal,carne_bovina,2021,Federal/ES,15.4,kg,heuristica,CARNE BOVINA IN NATURA
federal,carne_bovina,2021,Federal/ES,32.6,kg,heuristica,CARNE BOVINA IN NATURA
federal,carne_bovina,2021,Federal/ES,33.7,kg,heuristica,CARNE BOVINA IN NATURA
federal,carne_bovina,2021,Federal/ES,32.34,kg,heuristica,CARNE BOVINA IN NATURA
federal,carne_bovina,2021,Federal/ES,31.5,kg,heuristica,CARNE BOVINA IN NATURA
federal,carne_bovina,2021,Federal/ES,23.86,kg,heuristica,CARNE BOVINA IN NATURA
federal,carne_bovina,2021,Federal/ES,17.7,kg,heuristica,CARNE BOVINA IN NATURA
federal,toner,2021,Federal/ES,130.0,unidade,unitario,CARTUCHO TONER IMPRESSORA SAMSUNG
federal,toner,2021,Federal/ES,80.0,unidade,unitario,CARTUCHO TONER IMPRESSORA SAMSUNG
federal,cimento,2021,Federal/ES,30.99,saco_50kg,unitario,CIMENTO PORTLAND
federal,biscoito,2021,Federal/ES,13.725,kg,heuristica,BISCOITO
federal,biscoito,2021,Federal/ES,6.225,kg,heuristica,BISCOITO
federal,biscoito,2021,Federal/ES,5.475,kg,heuristica,BISCOITO
federal,acucar,2021,Federal/ES,15.99,kg,heuristica,'AÇÚCAR'
federal,suco,2021,Federal/ES,3.99,litro,heuristica,SUCO
federal,extintor,2021,Federal/ES,45.0,unidade,unitario,CARGA EXTINTOR INCÊNDIO
federal,extintor,2021,Federal/ES,45.0,unidade,unitario,CARGA EXTINTOR INCÊNDIO
federal,tijolo,2021,Federal/ES,1.5,unidade,unitario,BLOCO DE CONCRETO
federal,bebedouro,2021,Federal/ES,1907.5,unidade,unitario,BEBEDOURO ÁGUA
federal,bebedouro,2021,Federal/ES,1450.0,unidade,unitario,BEBEDOURO ÁGUA
federal,lampada_led,2021,Federal/ES,10.13,unidade,unitario,LÂMPADA LED
federal,detergente,2021,Federal/ES,2.5,litro,heuristica,DETERGENTE
federal,papel_higienico,2021,Federal/ES,2.25,rolo,unitario,PAPEL HIGIÊNICO
federal,sabonete,2021,Federal/ES,9.99,unidade,unitario,SABONETE LÍQUIDO
federal,impressora,2021,Federal/ES,2298.0,unidade,unitario,IMPRESSORA MULTIFUNCIONAL
federal,extintor,2021,Federal/ES,45.0,unidade,unitario,CARGA EXTINTOR INCÊNDIO
federal,cimento,2021,Federal/ES,32.0,saco_50kg,unitario,CIMENTO PORTLAND
federal,ar_condicionado,2021,Federal/ES,850.0,unidade,unitario,AR CONDICIONADO - MANUTENCAO DE SISTEMAS / LIMPEZA
federal,dexametasona,2021,Federal/ES,3.33,unidade,unitario,DEXAMETASONA
federal,grampeador,2021,Federal/ES,47.75,unidade,unitario,GRAMPEADOR
federal,apontador,2021,Federal/ES,0.21,unidade,unitario,APONTADOR LÁPIS
federal,caneta_esferografica,2021,Federal/ES,0.42,unidade,unitario,CANETA ESFEROGRÁFICA
federal,caneta_esferografica,2021,Federal/ES,0.42,unidade,unitario,CANETA ESFEROGRÁFICA
federal,caneta_esferografica,2021,Federal/ES,0.42,unidade,unitario,CANETA ESFEROGRÁFICA
federal,envelope,2021,Federal/ES,0.15,unidade,unitario,ENVELOPE
federal,envelope,2021,Federal/ES,0.21,unidade,unitario,ENVELOPE
federal,envelope,2021,Federal/ES,0.17,unidade,unitario,ENVELOPE
federal,envelope,2021,Federal/ES,0.2,unidade,unitario,ENVELOPE
federal,envelope,2021,Federal/ES,0.59,unidade,unitario,ENVELOPE
federal,grampeador,2021,Federal/ES,9.4,unidade,unitario,GRAMPEADOR
federal,lapis,2021,Federal/ES,0.24,unidade,unitario,LÁPIS PRETO
federal,pincel_quadro,2021,Federal/ES,1.76,unidade,unitario,PINCEL ATÔMICO
federal,agua_sanitaria,2021,Federal/ES,2.19,litro,heuristica,ÁGUA SANITÁRIA
federal,alcool,2021,Federal/ES,25.99,litro,heuristica,ÁLCOOL ETÍLICO
federal,luva_procedimento,2021,Federal/ES,100.0,caixa_100,unitario,LUVA CIRÚRGICA
federal,luva_procedimento,2021,Federal/ES,100.0,caixa_100,unitario,LUVA CIRÚRGICA
federal,diazepam,2021,Federal/ES,0.79,unidade,unitario,DIAZEPAM
federal,dipirona,2021,Federal/ES,0.12,unidade,unitario,DIPIRONA SÓDICA
federal,paracetamol,2021,Federal/ES,0.104,unidade,unitario,PARACETAMOL
federal,salbutamol,2021,Federal/ES,1.33,unidade,unitario,SALBUTAMOL
federal,propranolol,2021,Federal/ES,0.09,unidade,unitario,PROPRANOLOL CLORIDRATO
federal,dexametasona,2021,Federal/ES,0.62,unidade,unitario,DEXAMETASONA
federal,amoxicilina,2021,Federal/ES,0.16,unidade,unitario,AMOXICILINA
federal,dexametasona,2021,Federal/ES,0.97,unidade,unitario,DEXAMETASONA
federal,dexametasona,2021,Federal/ES,6.69,unidade,unitario,DEXAMETASONA
federal,metformina,2021,Federal/ES,0.09,unidade,unitario,METFORMINA CLORIDRATO
federal,ibuprofeno,2021,Federal/ES,2.3,unidade,unitario,IBUPROFENO
federal,enalapril,2021,Federal/ES,0.0404,unidade,unitario,ENALAPRIL MALEATO
federal,ciprofloxacino,2021,Federal/ES,0.22,unidade,unitario,CIPROFLOXACINO CLORIDRATO
federal,azitromicina,2021,Federal/ES,0.924,unidade,unitario,AZITROMICINA
federal,impressora,2021,Federal/ES,3159.9,unidade,unitario,IMPRESSORA MULTIFUNCIONAL
federal,acucar,2021,Federal/ES,4.59,kg,heuristica,AÇÚCAR
federal,carne_bovina,2021,Federal/ES,28.9,kg,heuristica,CARNE BOVINA IN NATURA
federal,carne_bovina,2021,Federal/ES,27.9,kg,heuristica,CARNE BOVINA IN NATURA
federal,carne_bovina,2021,Federal/ES,39.49,kg,heuristica,CARNE BOVINA IN NATURA
federal,carne_bovina,2021,Federal/ES,25.99,kg,heuristica,CARNE BOVINA IN NATURA
federal,carne_bovina,2021,Federal/ES,32.49,kg,heuristica,CARNE BOVINA IN NATURA
federal,farinha_trigo,2021,Federal/ES,3.79,kg,heuristica,FARINHA DE TRIGO
federal,iogurte,2021,Federal/ES,3.45,litro,heuristica,IOGURTE NATURAL
federal,leite_integral,2021,Federal/ES,3.99,litro,heuristica,LEITE FLUIDO
federal,leite_po,2021,Federal/ES,39.975,kg,heuristica,LEITE EM PÓ
federal,leite_integral,2021,Federal/ES,3.79,litro,heuristica,LEITE FLUIDO
federal,macarrao,2021,Federal/ES,9.9,kg,heuristica,MACARRÃO
federal,sabonete,2021,Federal/ES,11.49,unidade,unitario,SABONETE LÍQUIDO
federal,extintor,2021,Federal/ES,40.0,unidade,unitario,CARGA EXTINTOR INCÊNDIO
federal,extintor,2021,Federal/ES,50.0,unidade,unitario,CARGA EXTINTOR INCÊNDIO
federal,extintor,2021,Federal/ES,40.0,unidade,unitario,CARGA EXTINTOR INCÊNDIO
federal,acucar,2021,Federal/ES,12.2,kg,heuristica,AÇÚCAR
federal,cafe,2021,Federal/ES,43.88,kg,heuristica,'CAFÉ'
federal,acucar,2021,Federal/ES,5.0,kg,heuristica,'AÇÚCAR'
federal,extintor,2021,Federal/ES,86.36,unidade,unitario,CARGA EXTINTOR INCÊNDIO
federal,extintor,2021,Federal/ES,120.0,unidade,unitario,CARGA EXTINTOR INCÊNDIO
federal,extintor,2021,Federal/ES,105.0,unidade,unitario,CARGA EXTINTOR INCÊNDIO
federal,grampeador,2021,Federal/ES,35.8,unidade,unitario,GRAMPO GRAMPEADOR
federal,pasta_arquivo,2021,Federal/ES,4.99,unidade,unitario,SUPORTE PASTA SUSPENSA
federal,pasta_arquivo,2021,Federal/ES,4.99,unidade,unitario,SUPORTE PASTA SUSPENSA
federal,pasta_arquivo,2021,Federal/ES,5.87,unidade,unitario,SUPORTE PASTA SUSPENSA
federal,pasta_arquivo,2021,Federal/ES,5.87,unidade,unitario,SUPORTE PASTA SUSPENSA
federal,pasta_arquivo,2021,Federal/ES,2.65,unidade,unitario,SUPORTE PASTA SUSPENSA
federal,pasta_arquivo,2021,Federal/ES,2.65,unidade,unitario,SUPORTE PASTA SUSPENSA
federal,disjuntor,2021,Federal/ES,28.62,unidade,unitario,DISJUNTOR BAIXA TENSÃO
federal,disjuntor,2021,Federal/ES,28.62,unidade,unitario,DISJUNTOR BAIXA TENSÃO
federal,disjuntor,2021,Federal/ES,28.9,unidade,unitario,DISJUNTOR BAIXA TENSÃO
federal,disjuntor,2021,Federal/ES,29.27,unidade,unitario,DISJUNTOR BAIXA TENSÃO
federal,disjuntor,2021,Federal/ES,29.27,unidade,unitario,DISJUNTOR BAIXA TENSÃO
federal,disjuntor,2021,Federal/ES,68.13,unidade,unitario,DISJUNTOR BAIXA TENSÃO
federal,disjuntor,2021,Federal/ES,135.63,unidade,unitario,DISJUNTOR BAIXA TENSÃO
federal,lampada_led,2021,Federal/ES,6.1,unidade,unitario,LÂMPADA LED
federal,lampada_led,2021,Federal/ES,11.7,unidade,unitario,LÂMPADA LED
federal,ar_condicionado,2021,Federal/ES,800.0,unidade,unitario,AR CONDICIONADO - MANUTENCAO SISTEMA CENTRAL
federal,ar_condicionado,2021,Federal/ES,800.0,unidade,unitario,AR CONDICIONADO - MANUTENCAO SISTEMA CENTRAL
federal,ar_condicionado,2021,Federal/ES,800.0,unidade,unitario,AR CONDICIONADO - MANUTENCAO SISTEMA CENTRAL
federal,pincel_quadro,2021,Federal/ES,4.5,unidade,unitario,PINCEL ATÔMICO
federal,pincel_quadro,2021,Federal/ES,4.5,unidade,unitario,PINCEL ATÔMICO
federal,cadeira,2021,Federal/ES,190.54,unidade,unitario,CADEIRA ESCOLAR
federal,carne_bovina,2021,Federal/ES,29.89,kg,heuristica,CARNE BOVINA IN NATURA
federal,carne_bovina,2021,Federal/ES,41.99,kg,heuristica,CARNE BOVINA IN NATURA
federal,carne_bovina,2021,Federal/ES,41.98,kg,heuristica,CARNE BOVINA IN NATURA
federal,carne_bovina,2021,Federal/ES,33.59,kg,heuristica,CARNE BOVINA IN NATURA
federal,ar_condicionado,2021,Federal/ES,1387.14,unidade,unitario,AR CONDICIONADO - INSTALACAO/MONTAGEM/DESMONATAGEM/REMOÇÃO -(PAREDE / SISTEMAS)
federal,ar_condicionado,2021,Federal/ES,1656.76,unidade,unitario,AR CONDICIONADO - INSTALACAO/MONTAGEM/DESMONATAGEM/REMOÇÃO -(PAREDE / SISTEMAS)
federal,ar_condicionado,2021,Federal/ES,1521.34,unidade,unitario,AR CONDICIONADO - INSTALACAO/MONTAGEM/DESMONATAGEM/REMOÇÃO -(PAREDE / SISTEMAS)
federal,envelope,2021,Federal/ES,0.75,unidade,unitario,ENVELOPE
federal,envelope,2021,Federal/ES,0.36,unidade,unitario,ENVELOPE
federal,notebook,2021,Federal/ES,4509.9967,unidade,unitario,NOTEBOOK
federal,tinta_latex,2021,Federal/ES,12.71,litro,heuristica,TINTA ACRÍLICA
federal,tubo_pvc,2021,Federal/ES,55.58,metro,unitario,TUBO PVC SOLDÁVEL
federal,tubo_pvc,2021,Federal/ES,148.08,metro,unitario,TUBO PVC SOLDÁVEL
federal,cimento,2021,Federal/ES,27.68,saco_50kg,unitario,CIMENTO PORTLAND
federal,argamassa,2021,Federal/ES,3.99,kg,heuristica,ARGAMASSA
federal,tinta_latex,2021,Federal/ES,38.45,litro,heuristica,TINTA ACRÍLICA
federal,tinta_latex,2021,Federal/ES,51.48,litro,heuristica,TINTA ACRÍLICA
federal,tinta_latex,2021,Federal/ES,55.44,litro,heuristica,TINTA ACRÍLICA
federal,torneira,2021,Federal/ES,64.35,unidade,unitario,TORNEIRA
federal,torneira,2021,Federal/ES,48.0,unidade,unitario,TORNEIRA
federal,vassoura,2021,Federal/ES,17.98,unidade,unitario,VASSOURA JARDINAGEM
federal,acucar,2021,Federal/ES,16.15,kg,heuristica,AÇÚCAR
federal,macarrao,2021,Federal/ES,8.6,kg,heuristica,MACARRÃO
federal,biscoito,2021,Federal/ES,6.25,kg,heuristica,BISCOITO
federal,leite_integral,2021,Federal/ES,3.89,litro,heuristica,LEITE FLUIDO
federal,gasolina,2021,Federal/ES,6.64,litro,quantidade_litros,GASOLINA
federal,diesel,2021,Federal/ES,5.19,litro,quantidade_litros,ÓLEO DIESEL
federal,achocolatado,2021,Federal/ES,12.425,kg,heuristica,ACHOCOLATADO
federal,suco,2021,Federal/ES,4.5,litro,heuristica,SUCO
federal,alcool,2021,Federal/ES,8.3,litro,heuristica,ÁLCOOL ETÍLICO
federal,caneta_esferografica,2021,Federal/ES,0.61,unidade,unitario,CANETA ESFEROGRÁFICA
federal,caneta_esferografica,2021,Federal/ES,0.61,unidade,unitario,CANETA ESFEROGRÁFICA
federal,caneta_esferografica,2021,Federal/ES,0.61,unidade,unitario,CANETA ESFEROGRÁFICA
federal,lapis,2021,Federal/ES,0.25,unidade,unitario,LÁPIS PRETO
federal,apontador,2021,Federal/ES,0.34,unidade,unitario,APONTADOR LÁPIS
federal,grampeador,2021,Federal/ES,13.1,unidade,unitario,GRAMPEADOR
federal,acucar,2021,Federal/ES,3.8,kg,heuristica,'AÇÚCAR'
federal,biscoito,2021,Federal/ES,9.75,kg,heuristica,BISCOITO
federal,biscoito,2021,Federal/ES,13.6,kg,heuristica,BISCOITO
federal,biscoito,2021,Federal/ES,8.75,kg,heuristica,BISCOITO
federal,biscoito,2021,Federal/ES,9.7,kg,heuristica,BISCOITO
federal,biscoito,2021,Federal/ES,14.85,kg,heuristica,BISCOITO
federal,biscoito,2021,Federal/ES,12.0,kg,heuristica,BISCOITO
federal,biscoito,2021,Federal/ES,11.975,kg,heuristica,BISCOITO
federal,vinagre,2021,Federal/ES,3.0,litro,heuristica,VINAGRE
federal,canjica,2021,Federal/ES,4.89,kg,heuristica,CANJICA
federal,macarrao,2021,Federal/ES,6.1,kg,heuristica,MACARRÃO
federal,macarrao,2021,Federal/ES,9.0,kg,heuristica,MACARRÃO
federal,macarrao,2021,Federal/ES,14.08,kg,heuristica,MACARRÃO
federal,farinha_trigo,2021,Federal/ES,5.0,kg,heuristica,FARINHA DE TRIGO
federal,farinha_trigo,2021,Federal/ES,7.0,kg,heuristica,FARINHA DE TRIGO
federal,leite_po,2021,Federal/ES,36.6,kg,heuristica,LEITE EM PÓ
federal,leite_po,2021,Federal/ES,31.9,kg,heuristica,LEITE EM PÓ
federal,leite_integral,2021,Federal/ES,3.95,litro,heuristica,LEITE FLUIDO
federal,leite_integral,2021,Federal/ES,4.1,litro,heuristica,LEITE FLUIDO
federal,leite_po,2021,Federal/ES,40.0,kg,heuristica,LEITE EM PÓ
federal,achocolatado,2021,Federal/ES,9.875,kg,heuristica,ACHOCOLATADO
federal,achocolatado,2021,Federal/ES,9.325,kg,heuristica,ACHOCOLATADO
federal,haloperidol,2021,Federal/ES,3.8,unidade,unitario,HALOPERIDOL
federal,paracetamol,2021,Federal/ES,0.9456,unidade,unitario,PARACETAMOL
federal,fluoxetina,2021,Federal/ES,0.08,unidade,unitario,FLUOXETINA
federal,furosemida,2021,Federal/ES,1.1,unidade,unitario,FUROSEMIDA
federal,dexametasona,2021,Federal/ES,2.77,unidade,unitario,DEXAMETASONA
federal,agua_sanitaria,2021,Federal/ES,2.27,litro,heuristica,ÁGUA SANITÁRIA
federal,biscoito,2021,Federal/ES,30.0,kg,heuristica,BISCOITO
federal,biscoito,2021,Federal/ES,18.75,kg,heuristica,BISCOITO
federal,toner,2021,Federal/ES,123.2,unidade,unitario,CARTUCHO TONER IMPRESSORA BROTHER
federal,acucar,2021,Federal/ES,10.7,kg,heuristica,AÇÚCAR
federal,leite_condensado,2021,Federal/ES,8.35,kg,heuristica,LEITE CONDENSADO
federal,leite_po,2021,Federal/ES,44.875,kg,heuristica,LEITE EM PÓ
federal,leite_integral,2021,Federal/ES,4.69,litro,heuristica,LEITE FLUIDO
federal,vinagre,2021,Federal/ES,3.0,litro,heuristica,VINAGRE
federal,acucar,2021,Federal/ES,19.8,kg,heuristica,'AÇÚCAR'
federal,acucar,2021,Federal/ES,4.38,kg,heuristica,AÇÚCAR
federal,ar_condicionado,2021,Federal/ES,2300.0,unidade,unitario,APARELHO AR CONDICIONADO
federal,ar_condicionado,2021,Federal/ES,2300.0,unidade,unitario,APARELHO AR CONDICIONADO
federal,ar_condicionado,2021,Federal/ES,2600.0,unidade,unitario,APARELHO AR CONDICIONADO
federal,ar_condicionado,2021,Federal/ES,2600.0,unidade,unitario,APARELHO AR CONDICIONADO
federal,ar_condicionado,2021,Federal/ES,3450.0,unidade,unitario,APARELHO AR CONDICIONADO
federal,ar_condicionado,2021,Federal/ES,3450.0,unidade,unitario,APARELHO AR CONDICIONADO
federal,ar_condicionado,2021,Federal/ES,7499.99,unidade,unitario,APARELHO AR CONDICIONADO
federal,ar_condicionado,2021,Federal/ES,7640.0,unidade,unitario,APARELHO AR CONDICIONADO
federal,ar_condicionado,2021,Federal/ES,9299.99,unidade,unitario,APARELHO AR CONDICIONADO
federal,ar_condicionado,2021,Federal/ES,9301.0,unidade,unitario,APARELHO AR CONDICIONADO
federal,ar_condicionado,2021,Federal/ES,9300.0,unidade,unitario,APARELHO AR CONDICIONADO
federal,ar_condicionado,2021,Federal/ES,9700.0,unidade,unitario,APARELHO AR CONDICIONADO
federal,agua_sanitaria,2021,Federal/ES,2.4,litro,heuristica,ÁGUA SANITÁRIA
federal,alcool,2021,Federal/ES,7.8,litro,heuristica,ÁLCOOL ETÍLICO
federal,detergente,2021,Federal/ES,3.5,litro,heuristica,DETERGENTE
federal,pneu,2021,Federal/ES,1870.0,unidade,unitario,PNEU VEÍCULO AUTOMOTIVO
federal,pneu,2021,Federal/ES,1870.0,unidade,unitario,PNEU VEÍCULO AUTOMOTIVO
federal,pneu,2021,Federal/ES,634.75,unidade,unitario,PNEU VEÍCULO AUTOMOTIVO
federal,pneu,2021,Federal/ES,634.75,unidade,unitario,PNEU VEÍCULO AUTOMOTIVO
federal,pneu,2021,Federal/ES,658.0,unidade,unitario,PNEU VEÍCULO AUTOMOTIVO
federal,pneu,2021,Federal/ES,658.0,unidade,unitario,PNEU VEÍCULO AUTOMOTIVO
federal,pneu,2021,Federal/ES,309.0,unidade,unitario,PNEU VEÍCULO AUTOMOTIVO
federal,pneu,2021,Federal/ES,309.0,unidade,unitario,PNEU VEÍCULO AUTOMOTIVO
federal,ar_condicionado,2021,Federal/ES,4060.0,unidade,unitario,AR CONDICIONADO - MANUTENCAO DE APARELHOS DE PAREDE
federal,agua_mineral,2021,Federal/ES,10.35,litro,heuristica,ÁGUA MINERAL NATURAL
federal,alcool,2021,Federal/ES,24.55,litro,heuristica,ÁLCOOL ETÍLICO
federal,alcool,2021,Federal/ES,4.78,litro,heuristica,ÁLCOOL ETÍLICO
federal,alcool,2021,Federal/ES,6.3,litro,heuristica,ÁLCOOL ETÍLICO
federal,mascara_descartavel,2021,Federal/ES,0.17,unidade,unitario,MÁSCARA CIRÚRGICA
federal,seringa,2021,Federal/ES,0.2,unidade,unitario,SERINGA
federal,seringa,2021,Federal/ES,0.19,unidade,unitario,SERINGA
federal,seringa,2021,Federal/ES,0.21,unidade,unitario,SERINGA
federal,seringa,2021,Federal/ES,0.35,unidade,unitario,SERINGA
federal,seringa,2021,Federal/ES,0.54,unidade,unitario,SERINGA
federal,disjuntor,2021,Federal/ES,8.0,unidade,unitario,CAIXA DE PAREDE DE FONTE COM DISJUNTOR
federal,disjuntor,2021,Federal/ES,8.0,unidade,unitario,CAIXA DE PAREDE DE FONTE COM DISJUNTOR
federal,disjuntor,2021,Federal/ES,8.2,unidade,unitario,CAIXA DE PAREDE DE FONTE COM DISJUNTOR
federal,disjuntor,2021,Federal/ES,8.0,unidade,unitario,CAIXA DE PAREDE DE FONTE COM DISJUNTOR
federal,disjuntor,2021,Federal/ES,8.0,unidade,unitario,CAIXA DE PAREDE DE FONTE COM DISJUNTOR
federal,disjuntor,2021,Federal/ES,8.0,unidade,unitario,CAIXA DE PAREDE DE FONTE COM DISJUNTOR
federal,disjuntor,2021,Federal/ES,8.0,unidade,unitario,CAIXA DE PAREDE DE FONTE COM DISJUNTOR
federal,disjuntor,2021,Federal/ES,25.0,unidade,unitario,CAIXA DE PAREDE DE FONTE COM DISJUNTOR
federal,disjuntor,2021,Federal/ES,25.0,unidade,unitario,CAIXA DE PAREDE DE FONTE COM DISJUNTOR
federal,disjuntor,2021,Federal/ES,25.5,unidade,unitario,CAIXA DE PAREDE DE FONTE COM DISJUNTOR
federal,disjuntor,2021,Federal/ES,27.0,unidade,unitario,CAIXA DE PAREDE DE FONTE COM DISJUNTOR
federal,disjuntor,2021,Federal/ES,26.06,unidade,unitario,CAIXA DE PAREDE DE FONTE COM DISJUNTOR
federal,disjuntor,2021,Federal/ES,40.0,unidade,unitario,CAIXA DE PAREDE DE FONTE COM DISJUNTOR
federal,disjuntor,2021,Federal/ES,40.0,unidade,unitario,CAIXA DE PAREDE DE FONTE COM DISJUNTOR
federal,disjuntor,2021,Federal/ES,40.0,unidade,unitario,CAIXA DE PAREDE DE FONTE COM DISJUNTOR
federal,disjuntor,2021,Federal/ES,45.0,unidade,unitario,CAIXA DE PAREDE DE FONTE COM DISJUNTOR
federal,disjuntor,2021,Federal/ES,45.0,unidade,unitario,CAIXA DE PAREDE DE FONTE COM DISJUNTOR
federal,disjuntor,2021,Federal/ES,56.0,unidade,unitario,CAIXA DE PAREDE DE FONTE COM DISJUNTOR
federal,torneira,2021,Federal/ES,53.0,unidade,unitario,TORNEIRA
federal,bebedouro,2021,Federal/ES,794.0,unidade,unitario,BEBEDOURO ÁGUA
federal,bebedouro,2021,Federal/ES,2555.0,unidade,unitario,BEBEDOURO ÁGUA
federal,bebedouro,2021,Federal/ES,1663.0,unidade,unitario,BEBEDOURO ÁGUA
federal,extintor,2021,Federal/ES,500.0,unidade,unitario,PEÇA REPOSIÇÃO EXTINTOR INCÊNDIO
federal,achocolatado,2021,Federal/ES,9.275,kg,heuristica,ACHOCOLATADO
federal,acucar,2021,Federal/ES,5.49,kg,heuristica,'AÇÚCAR'
federal,agua_mineral,2021,Federal/ES,1.82,litro,heuristica,ÁGUA MINERAL NATURAL
federal,agua_mineral,2021,Federal/ES,1.16,litro,heuristica,ÁGUA MINERAL NATURAL
federal,agua_mineral,2021,Federal/ES,1.92,litro,heuristica,ÁGUA MINERAL NATURAL
federal,agua_mineral,2021,Federal/ES,2.58,litro,heuristica,ÁGUA MINERAL NATURAL
federal,biscoito,2021,Federal/ES,5.425,kg,heuristica,BISCOITO
federal,biscoito,2021,Federal/ES,7.9,kg,heuristica,BISCOITO
federal,biscoito,2021,Federal/ES,4.8,kg,heuristica,BISCOITO
federal,biscoito,2021,Federal/ES,4.6,kg,heuristica,BISCOITO
federal,canjica,2021,Federal/ES,3.87,kg,heuristica,CANJICA
federal,macarrao,2021,Federal/ES,5.76,kg,heuristica,MACARRÃO
federal,macarrao,2021,Federal/ES,5.76,kg,heuristica,MACARRÃO
federal,macarrao,2021,Federal/ES,6.88,kg,heuristica,MACARRÃO
federal,macarrao,2021,Federal/ES,9.88,kg,heuristica,MACARRÃO
federal,macarrao,2021,Federal/ES,29.68,kg,heuristica,MACARRÃO
federal,polpa_fruta,2021,Federal/ES,16.9,kg,heuristica,POLPA DE FRUTA
federal,suco,2021,Federal/ES,4.56,litro,heuristica,SUCO
federal,suco,2021,Federal/ES,4.39,litro,heuristica,SUCO
federal,suco,2021,Federal/ES,5.5,litro,heuristica,SUCO
federal,suco,2021,Federal/ES,10.75,litro,heuristica,SUCO
federal,suco,2021,Federal/ES,7.28,litro,heuristica,SUCO
federal,suco,2021,Federal/ES,10.0,litro,heuristica,SUCO
federal,suco,2021,Federal/ES,5.7,litro,heuristica,SUCO
federal,suco,2021,Federal/ES,9.9,litro,heuristica,SUCO
federal,suco,2021,Federal/ES,12.0,litro,heuristica,SUCO
federal,vinagre,2021,Federal/ES,6.1333,litro,heuristica,VINAGRE
federal,vinagre,2021,Federal/ES,5.3333,litro,heuristica,VINAGRE
federal,bebedouro,2021,Federal/ES,1697.97,unidade,unitario,BEBEDOURO ÁGUA
federal,toner,2021,Federal/ES,40.0,unidade,unitario,CARTUCHO TONER IMPRESSORA SAMSUNG
federal,tijolo,2021,Federal/ES,3.1,unidade,unitario,BLOCO DE CONCRETO
federal,tinta_latex,2021,Federal/ES,76.9,litro,heuristica,TINTA ACRÍLICA
federal,torneira,2021,Federal/ES,47.5,unidade,unitario,TORNEIRA
federal,torneira,2021,Federal/ES,40.0,unidade,unitario,TORNEIRA
federal,torneira,2021,Federal/ES,8.0,unidade,unitario,TORNEIRA
federal,torneira,2021,Federal/ES,6.0,unidade,unitario,TORNEIRA
federal,torneira,2021,Federal/ES,45.6,unidade,unitario,TORNEIRA
federal,torneira,2021,Federal/ES,59.2,unidade,unitario,TORNEIRA
federal,ar_condicionado,2021,Federal/ES,2994.97,unidade,unitario,APARELHO AR CONDICIONADO
federal,ar_condicionado,2021,Federal/ES,2994.97,unidade,unitario,APARELHO AR CONDICIONADO
federal,ar_condicionado,2021,Federal/ES,11800.0,unidade,unitario,APARELHO AR CONDICIONADO
federal,ar_condicionado,2021,Federal/ES,11800.0,unidade,unitario,APARELHO AR CONDICIONADO
federal,achocolatado,2021,Federal/ES,19.7,kg,heuristica,ACHOCOLATADO
federal,agua_mineral,2021,Federal/ES,0.79,litro,heuristica,ÁGUA MINERAL NATURAL
federal,amaciante,2021,Federal/ES,5.015,litro,heuristica,AMACIANTE DE CARNE
federal,biscoito,2021,Federal/ES,8.3,kg,heuristica,BISCOITO
federal,biscoito,2021,Federal/ES,7.55,kg,heuristica,BISCOITO
federal,biscoito,2021,Federal/ES,8.075,kg,heuristica,BISCOITO
federal,biscoito,2021,Federal/ES,5.425,kg,heuristica,BISCOITO
federal,biscoito,2021,Federal/ES,4.675,kg,heuristica,BISCOITO
federal,amaciante,2021,Federal/ES,6.165,litro,heuristica,AMACIANTE DE CARNE
federal,farinha_trigo,2021,Federal/ES,3.46,kg,heuristica,FARINHA DE TRIGO
federal,iogurte,2021,Federal/ES,3.3,litro,heuristica,IOGURTE NATURAL
federal,polpa_fruta,2021,Federal/ES,11.09,kg,heuristica,POLPA DE FRUTA
federal,carne_suina,2021,Federal/ES,21.0,kg,heuristica,CARNE SUÍNA IN NATURA
federal,suco,2021,Federal/ES,4.49,litro,heuristica,SUCO
federal,disjuntor,2021,Federal/ES,66.99,unidade,unitario,DISJUNTOR BAIXA TENSÃO
federal,disjuntor,2021,Federal/ES,24.99,unidade,unitario,DISJUNTOR BAIXA TENSÃO
federal,disjuntor,2021,Federal/ES,7.8,unidade,unitario,DISJUNTOR BAIXA TENSÃO
federal,disjuntor,2021,Federal/ES,18.0,unidade,unitario,DISJUNTOR BAIXA TENSÃO
federal,disjuntor,2021,Federal/ES,25.0,unidade,unitario,DISJUNTOR BAIXA TENSÃO
federal,disjuntor,2021,Federal/ES,25.99,unidade,unitario,DISJUNTOR BAIXA TENSÃO
federal,disjuntor,2021,Federal/ES,25.99,unidade,unitario,DISJUNTOR BAIXA TENSÃO
federal,disjuntor,2021,Federal/ES,37.99,unidade,unitario,DISJUNTOR MÉDIA TENSÃO
federal,disjuntor,2021,Federal/ES,6.8,unidade,unitario,DISJUNTOR BAIXA TENSÃO
federal,disjuntor,2021,Federal/ES,25.99,unidade,unitario,DISJUNTOR BAIXA TENSÃO
federal,disjuntor,2021,Federal/ES,35.3,unidade,unitario,DISJUNTOR BAIXA TENSÃO
federal,disjuntor,2021,Federal/ES,8.01,unidade,unitario,DISJUNTOR BAIXA TENSÃO
federal,disjuntor,2021,Federal/ES,10.3,unidade,unitario,DISJUNTOR BAIXA TENSÃO
federal,disjuntor,2021,Federal/ES,7.92,unidade,unitario,DISJUNTOR BAIXA TENSÃO
federal,lampada_led,2021,Federal/ES,32.76,unidade,unitario,LÂMPADA LED
federal,lampada_led,2021,Federal/ES,11.84,unidade,unitario,LÂMPADA LED
federal,lampada_led,2021,Federal/ES,9.07,unidade,unitario,LÂMPADA LED
federal,lampada_led,2021,Federal/ES,29.96,unidade,unitario,LÂMPADA LED
federal,lampada_led,2021,Federal/ES,48.37,unidade,unitario,LÂMPADA LED
federal,lampada_led,2021,Federal/ES,52.48,unidade,unitario,LÂMPADA LED
federal,desinfetante,2021,Federal/ES,6.0,litro,heuristica,DESINFETANTE
federal,alcool,2021,Federal/ES,7.1,litro,heuristica,ÁLCOOL ETÍLICO
federal,alcool,2021,Federal/ES,6.5,litro,heuristica,ÁLCOOL ETÍLICO LIMPEZA DE AMBIENTES
federal,acucar,2021,Federal/ES,16.28,kg,heuristica,AÇÚCAR
federal,farinha_mandioca,2021,Federal/ES,3.1,kg,heuristica,FARINHA DE MANDIOCA
federal,macarrao,2021,Federal/ES,8.8,kg,heuristica,MACARRÃO
federal,biscoito,2021,Federal/ES,6.25,kg,heuristica,BISCOITO
federal,biscoito,2021,Federal/ES,6.25,kg,heuristica,BISCOITO
federal,leite_integral,2021,Federal/ES,3.78,litro,heuristica,LEITE FLUIDO
federal,sabonete,2021,Federal/ES,1.4,unidade,unitario,SABONETE
federal,papel_higienico,2021,Federal/ES,3.9,rolo,unitario,PAPEL HIGIÊNICO
federal,ar_condicionado,2021,Federal/ES,2000.0,unidade,unitario,AR CONDICIONADO - MANUTENCAO DE SISTEMAS / LIMPEZA
federal,ar_condicionado,2021,Federal/ES,1000.0,unidade,unitario,AR CONDICIONADO - MANUTENCAO DE SISTEMAS / LIMPEZA
federal,cimento,2021,Federal/ES,26.0,saco_50kg,unitario,CIMENTO PORTLAND
federal,cimento,2021,Federal/ES,28.0,saco_50kg,unitario,CIMENTO PORTLAND
federal,tubo_pvc,2021,Federal/ES,24.0,metro,unitario,TUBO PVC SOLDÁVEL
federal,tubo_pvc,2021,Federal/ES,36.97,metro,unitario,TUBO PVC SOLDÁVEL
federal,tubo_pvc,2021,Federal/ES,92.43,metro,unitario,TUBO PVC SOLDÁVEL
federal,tubo_pvc,2021,Federal/ES,19.33,metro,unitario,TUBO PVC SOLDÁVEL
federal,lampada_led,2021,Federal/ES,7.34,unidade,unitario,LÂMPADA LED
federal,lampada_led,2021,Federal/ES,15.15,unidade,unitario,LÂMPADA LED
federal,tijolo,2021,Federal/ES,2.5,unidade,unitario,BLOCO DE CONCRETO
federal,cimento,2021,Federal/ES,27.0,saco_50kg,unitario,CIMENTO PORTLAND
federal,acucar,2021,Federal/ES,20.0,kg,heuristica,AÇÚCAR
federal,pincel_quadro,2021,Federal/ES,4.0,unidade,unitario,PINCEL ATÔMICO
federal,pincel_quadro,2021,Federal/ES,4.0,unidade,unitario,PINCEL ATÔMICO
federal,biscoito,2021,Federal/ES,57.15,kg,heuristica,BISCOITO
federal,suco,2021,Federal/ES,6.9,litro,heuristica,SUCO
federal,detergente,2021,Federal/ES,3.58,litro,heuristica,DETERGENTE
federal,lapis,2021,Federal/ES,0.8,unidade,unitario,LÁPIS PRETO
federal,caneta_esferografica,2021,Federal/ES,0.66,unidade,unitario,CANETA ESFEROGRÁFICA
federal,caneta_esferografica,2021,Federal/ES,0.66,unidade,unitario,CANETA ESFEROGRÁFICA
federal,pincel_quadro,2021,Federal/ES,3.76,unidade,unitario,PINCEL ATÔMICO
federal,pincel_quadro,2021,Federal/ES,3.76,unidade,unitario,PINCEL ATÔMICO
federal,farinha_mandioca,2021,Federal/ES,5.3,kg,heuristica,FARINHA DE MANDIOCA
federal,polpa_fruta,2021,Federal/ES,8.5,kg,heuristica,POLPA DE FRUTA
federal,polpa_fruta,2021,Federal/ES,8.0,kg,heuristica,POLPA DE FRUTA
federal,polpa_fruta,2021,Federal/ES,9.65,kg,heuristica,POLPA DE FRUTA
federal,polpa_fruta,2021,Federal/ES,8.1,kg,heuristica,POLPA DE FRUTA
federal,polpa_fruta,2021,Federal/ES,8.42,kg,heuristica,POLPA DE FRUTA
federal,caneta_esferografica,2021,Federal/ES,0.72,unidade,unitario,CANETA ESFEROGRÁFICA
federal,caneta_esferografica,2021,Federal/ES,0.72,unidade,unitario,CANETA ESFEROGRÁFICA
federal,caneta_esferografica,2021,Federal/ES,0.72,unidade,unitario,CANETA ESFEROGRÁFICA
federal,lapis,2021,Federal/ES,0.66,unidade,unitario,LÁPIS PRETO
federal,alcool,2021,Federal/ES,33.7,litro,heuristica,ÁLCOOL ETÍLICO
federal,alcool,2021,Federal/ES,6.9,litro,heuristica,ÁLCOOL ETÍLICO
federal,ar_condicionado,2021,Federal/ES,2950.0,unidade,unitario,APARELHO AR CONDICIONADO
federal,ar_condicionado,2021,Federal/ES,3599.0,unidade,unitario,APARELHO AR CONDICIONADO
federal,bebedouro,2021,Federal/ES,2620.0,unidade,unitario,BEBEDOURO ÁGUA
federal,ar_condicionado,2021,Federal/ES,10315.0,unidade,unitario,AR CONDICIONADO - INSTALACAO/MONTAGEM/DESMONATAGEM/REMOÇÃO -(PAREDE / SISTEMAS)
federal,ar_condicionado,2021,Federal/ES,4000.0,unidade,unitario,APARELHO AR CONDICIONADO
federal,ar_condicionado,2021,Federal/ES,7500.0,unidade,unitario,APARELHO AR CONDICIONADO
federal,amoxicilina,2021,Federal/ES,0.29,unidade,unitario,AMOXICILINA
federal,loratadina,2021,Federal/ES,0.19,unidade,unitario,LORATADINA
federal,paracetamol,2021,Federal/ES,0.17,unidade,unitario,PARACETAMOL
federal,ar_condicionado,2021,Federal/ES,1785.59,unidade,unitario,APARELHO AR CONDICIONADO
federal,ar_condicionado,2021,Federal/ES,3150.0,unidade,unitario,APARELHO AR CONDICIONADO
federal,ar_condicionado,2021,Federal/ES,4070.0,unidade,unitario,APARELHO AR CONDICIONADO
federal,ar_condicionado,2021,Federal/ES,4939.95,unidade,unitario,APARELHO AR CONDICIONADO
federal,ar_condicionado,2021,Federal/ES,7019.0,unidade,unitario,APARELHO AR CONDICIONADO
federal,seringa,2021,Federal/ES,0.34,unidade,unitario,SERINGA
federal,agua_sanitaria,2021,Federal/ES,1.72,litro,heuristica,ÁGUA SANITÁRIA
federal,alcool,2021,Federal/ES,6.89,litro,heuristica,ÁLCOOL ETÍLICO
federal,detergente,2021,Federal/ES,3.0,litro,heuristica,DETERGENTE
federal,papel_higienico,2021,Federal/ES,0.57,rolo,unitario,PAPEL HIGIÊNICO
federal,sabonete,2021,Federal/ES,1.11,unidade,unitario,SABONETE
federal,vassoura,2021,Federal/ES,9.5,unidade,unitario,VASSOURA
federal,tubo_pvc,2021,Federal/ES,28.15,metro,unitario,TUBO PVC SOLDÁVEL
federal,tubo_pvc,2021,Federal/ES,55.43,metro,unitario,TUBO PVC SOLDÁVEL
federal,extintor,2022,Federal/ES,40.0,unidade,unitario,CARGA EXTINTOR INCÊNDIO
federal,extintor,2022,Federal/ES,58.0,unidade,unitario,CARGA EXTINTOR INCÊNDIO
federal,extintor,2022,Federal/ES,68.0,unidade,unitario,CARGA EXTINTOR INCÊNDIO
federal,extintor,2022,Federal/ES,45.0,unidade,unitario,CARGA EXTINTOR INCÊNDIO
federal,extintor,2022,Federal/ES,72.0,unidade,unitario,CARGA EXTINTOR INCÊNDIO
federal,caneta_esferografica,2022,Federal/ES,0.6598,unidade,unitario,CANETA ESFEROGRÁFICA
federal,lapis,2022,Federal/ES,0.31,unidade,unitario,LÁPIS PRETO
federal,apontador,2022,Federal/ES,0.6296,unidade,unitario,APONTADOR LÁPIS
federal,torneira,2022,Federal/ES,40.0,unidade,unitario,TORNEIRA
federal,torneira,2022,Federal/ES,40.0,unidade,unitario,TORNEIRA
federal,diesel,2022,Federal/ES,7.74,litro,quantidade_litros,ÓLEO DIESEL
federal,disjuntor,2022,Federal/ES,9.0,unidade,unitario,DISJUNTOR BAIXA TENSÃO
federal,disjuntor,2022,Federal/ES,69.98,unidade,unitario,PEÇA / ACESSÓRIO DISJUNTOR
federal,disjuntor,2022,Federal/ES,69.98,unidade,unitario,PEÇA / ACESSÓRIO DISJUNTOR
federal,apontador,2022,Federal/ES,1.15,unidade,unitario,APONTADOR LÁPIS
federal,toner,2022,Federal/ES,76.75,unidade,unitario,CARTUCHO TONER IMPRESSORA HP
federal,toner,2022,Federal/ES,98.99,unidade,unitario,CARTUCHO TONER IMPRESSORA HP
federal,grampeador,2022,Federal/ES,19.9,unidade,unitario,GRAMPEADOR
federal,grampeador,2022,Federal/ES,15.35,unidade,unitario,GRAMPO GRAMPEADOR
federal,alcool,2022,Federal/ES,15.99,litro,heuristica,ÁLCOOL ETÍLICO
federal,alcool,2022,Federal/ES,18.0,litro,heuristica,ÁLCOOL ETÍLICO
federal,detergente,2022,Federal/ES,3.28,litro,heuristica,DETERGENTE
federal,seringa,2022,Federal/ES,1.98,unidade,unitario,SERINGA
federal,seringa,2022,Federal/ES,0.18,unidade,unitario,SERINGA
federal,seringa,2022,Federal/ES,0.21,unidade,unitario,SERINGA
federal,seringa,2022,Federal/ES,0.34,unidade,unitario,SERINGA
federal,seringa,2022,Federal/ES,0.45,unidade,unitario,SERINGA
federal,seringa,2022,Federal/ES,0.23,unidade,unitario,SERINGA
federal,seringa,2022,Federal/ES,0.38,unidade,unitario,SERINGA
federal,seringa,2022,Federal/ES,3.41,unidade,unitario,SERINGA
federal,seringa,2022,Federal/ES,2.11,unidade,unitario,SERINGA
federal,seringa,2022,Federal/ES,4.95,unidade,unitario,SERINGA
federal,seringa,2022,Federal/ES,6.0,unidade,unitario,SERINGA
federal,fralda,2022,Federal/ES,1.25,unidade,unitario,FRALDA DESCARTÁVEL
federal,alcool,2022,Federal/ES,26.95,litro,heuristica,ÁLCOOL ETÍLICO
federal,alcool,2022,Federal/ES,28.6,litro,heuristica,ÁLCOOL ETÍLICO
federal,ar_condicionado,2022,Federal/ES,2300.73,unidade,unitario,APARELHO AR CONDICIONADO
federal,ar_condicionado,2022,Federal/ES,2649.61,unidade,unitario,APARELHO AR CONDICIONADO
federal,ar_condicionado,2022,Federal/ES,3456.4,unidade,unitario,APARELHO AR CONDICIONADO
federal,ar_condicionado,2022,Federal/ES,5098.0,unidade,unitario,APARELHO AR CONDICIONADO
federal,ar_condicionado,2022,Federal/ES,5300.0,unidade,unitario,APARELHO AR CONDICIONADO
federal,ar_condicionado,2022,Federal/ES,7504.49,unidade,unitario,APARELHO AR CONDICIONADO
federal,ar_condicionado,2022,Federal/ES,9500.0,unidade,unitario,APARELHO AR CONDICIONADO
federal,ar_condicionado,2022,Federal/ES,9525.23,unidade,unitario,APARELHO AR CONDICIONADO
federal,lampada_led,2022,Federal/ES,17.2,unidade,unitario,LÂMPADA LED
federal,lampada_led,2022,Federal/ES,17.2,unidade,unitario,LÂMPADA LED
federal,lampada_led,2022,Federal/ES,7.95,unidade,unitario,LÂMPADA LED
federal,lampada_led,2022,Federal/ES,7.95,unidade,unitario,LÂMPADA LED
federal,ar_condicionado,2022,Federal/ES,7950.0,unidade,unitario,AR CONDICIONADO - MANUTENCAO DE SISTEMAS / LIMPEZA
federal,ar_condicionado,2022,Federal/ES,7950.0,unidade,unitario,AR CONDICIONADO - MANUTENCAO DE SISTEMAS / LIMPEZA
federal,seringa,2022,Federal/ES,2.67,unidade,unitario,SERINGA LABORATÓRIO
federal,cimento,2022,Federal/ES,27.71,saco_50kg,unitario,CIMENTO PORTLAND
federal,azitromicina,2022,Federal/ES,1.26,unidade,unitario,AZITROMICINA
federal,azitromicina,2022,Federal/ES,1.26,unidade,unitario,AZITROMICINA
federal,dipirona,2022,Federal/ES,0.18,unidade,unitario,DIPIRONA SÓDICA
federal,dipirona,2022,Federal/ES,0.18,unidade,unitario,DIPIRONA SÓDICA
federal,ibuprofeno,2022,Federal/ES,0.22,unidade,unitario,IBUPROFENO
federal,ibuprofeno,2022,Federal/ES,0.22,unidade,unitario,IBUPROFENO
federal,nimesulida,2022,Federal/ES,0.2,unidade,unitario,NIMESULIDA
federal,nimesulida,2022,Federal/ES,0.2,unidade,unitario,NIMESULIDA
federal,pneu,2022,Federal/ES,959.0,unidade,unitario,BOMBA ENCHER PNEU DE BICICLETA
federal,metronidazol,2022,Federal/ES,3.4,unidade,unitario,METRONIDAZOL
federal,torneira,2022,Federal/ES,54.29,unidade,unitario,TORNEIRA
federal,cadeira,2022,Federal/ES,154.0,unidade,unitario,CADEIRA FIXA
federal,toner,2022,Federal/ES,58.7,unidade,unitario,CARTUCHO TONER IMPRESSORA SAMSUNG
federal,detergente,2022,Federal/ES,3.6,litro,heuristica,DETERGENTE
federal,envelope,2022,Federal/ES,0.32,unidade,unitario,ENVELOPE
federal,grampeador,2022,Federal/ES,19.58,unidade,unitario,GRAMPEADOR
federal,papel_higienico,2022,Federal/ES,5.23,rolo,unitario,PAPEL HIGIÊNICO
federal,sabonete,2022,Federal/ES,6.23,unidade,unitario,SABONETE LÍQUIDO
federal,vassoura,2022,Federal/ES,12.68,unidade,unitario,VASSOURA
federal,caneta_esferografica,2022,Federal/ES,0.5,unidade,unitario,CANETA ESFEROGRÁFICA
federal,pneu,2022,Federal/ES,500.0,unidade,unitario,PNEU VEÍCULO AUTOMOTIVO
federal,pneu,2022,Federal/ES,550.0,unidade,unitario,PNEU VEÍCULO AUTOMOTIVO
federal,ar_condicionado,2022,Federal/ES,800.0,unidade,unitario,AR CONDICIONADO - MANUTENCAO DE APARELHOS DE PAREDE
federal,ar_condicionado,2022,Federal/ES,800.0,unidade,unitario,AR CONDICIONADO - MANUTENCAO DE APARELHOS DE PAREDE
federal,ar_condicionado,2022,Federal/ES,800.0,unidade,unitario,AR CONDICIONADO - MANUTENCAO DE APARELHOS DE PAREDE
federal,cimento,2022,Federal/ES,29.0,saco_50kg,unitario,CIMENTO PORTLAND
federal,ar_condicionado,2022,Federal/ES,1250.0,unidade,unitario,AR CONDICIONADO - MANUTENCAO DE SISTEMAS / LIMPEZA
federal,ar_condicionado,2022,Federal/ES,900.0,unidade,unitario,AR CONDICIONADO - MANUTENCAO DE SISTEMAS / LIMPEZA
federal,ar_condicionado,2022,Federal/ES,1500.0,unidade,unitario,AR CONDICIONADO - MANUTENCAO DE SISTEMAS / LIMPEZA
federal,extintor,2022,Federal/ES,329.99,unidade,unitario,EXTINTOR INCÊNDIO
federal,acucar,2022,Federal/ES,5.2,kg,heuristica,'AÇÚCAR'
federal,biscoito,2022,Federal/ES,18.0,kg,heuristica,BISCOITO
federal,macarrao,2022,Federal/ES,8.4,kg,heuristica,MACARRÃO
federal,lampada_led,2022,Federal/ES,84.0,unidade,unitario,LÂMPADA LED
federal,ar_condicionado,2022,Federal/ES,1300.0,unidade,unitario,AR CONDICIONADO - INSTALACAO/MONTAGEM/DESMONATAGEM/REMOÇÃO -(PAREDE / SISTEMAS)
federal,ar_condicionado,2022,Federal/ES,1100.0,unidade,unitario,AR CONDICIONADO - INSTALACAO/MONTAGEM/DESMONATAGEM/REMOÇÃO -(PAREDE / SISTEMAS)
federal,ar_condicionado,2022,Federal/ES,4150.0,unidade,unitario,APARELHO AR CONDICIONADO
federal,paracetamol,2022,Federal/ES,0.21,unidade,unitario,PARACETAMOL
federal,dipirona,2022,Federal/ES,0.23,unidade,unitario,DIPIRONA SÓDICA
federal,ibuprofeno,2022,Federal/ES,0.26,unidade,unitario,IBUPROFENO
federal,amoxicilina,2022,Federal/ES,0.19,unidade,unitario,AMOXICILINA
federal,cefalexina,2022,Federal/ES,0.57,unidade,unitario,CEFALEXINA
federal,omeprazol,2022,Federal/ES,0.17,unidade,unitario,OMEPRAZOL
federal,acucar,2022,Federal/ES,4.07,kg,heuristica,AÇÚCAR
federal,ar_condicionado,2022,Federal/ES,1770.23,unidade,unitario,APARELHO AR CONDICIONADO
federal,ar_condicionado,2022,Federal/ES,1770.23,unidade,unitario,APARELHO AR CONDICIONADO
federal,impressora,2022,Federal/ES,2500.0,unidade,unitario,IMPRESSORA MULTIFUNCIONAL
federal,impressora,2022,Federal/ES,2500.0,unidade,unitario,IMPRESSORA MULTIFUNCIONAL
federal,apontador,2022,Federal/ES,0.7,unidade,unitario,APONTADOR LÁPIS
federal,caneta_esferografica,2022,Federal/ES,6.84,unidade,unitario,CANETA ESFEROGRÁFICA
federal,envelope,2022,Federal/ES,0.17,unidade,unitario,ENVELOPE PARA CONVITE
federal,envelope,2022,Federal/ES,0.69,unidade,unitario,ENVELOPE
federal,grampeador,2022,Federal/ES,11.97,unidade,unitario,GRAMPEADOR
federal,grampeador,2022,Federal/ES,18.75,unidade,unitario,GRAMPO GRAMPEADOR
federal,pasta_arquivo,2022,Federal/ES,25.0,unidade,unitario,SUPORTE PASTA SUSPENSA
federal,atenolol,2022,Federal/ES,0.0986,unidade,unitario,ATENOLOL
federal,captopril,2022,Federal/ES,0.0676,unidade,unitario,CAPTOPRIL
federal,loratadina,2022,Federal/ES,0.13,unidade,unitario,LORATADINA
federal,loratadina,2022,Federal/ES,2.75,unidade,unitario,LORATADINA
federal,metronidazol,2022,Federal/ES,0.1656,unidade,unitario,METRONIDAZOL
federal,acucar,2022,Federal/ES,3.78,kg,heuristica,AÇÚCAR
federal,ar_condicionado,2022,Federal/ES,14100.0,unidade,unitario,AR CONDICIONADO - MANUTENCAO DE APARELHOS DE PAREDE
federal,ar_condicionado,2022,Federal/ES,14100.0,unidade,unitario,AR CONDICIONADO - MANUTENCAO SISTEMA CENTRAL
federal,ar_condicionado,2022,Federal/ES,2200.0,unidade,unitario,APARELHO AR CONDICIONADO
federal,aas,2022,Federal/ES,0.05,unidade,unitario,ÁCIDO ACETILSALICÍLICO
federal,aas,2022,Federal/ES,0.26,unidade,unitario,ÁCIDO ACETILSALICÍLICO
federal,albendazol,2022,Federal/ES,0.42,unidade,unitario,ALBENDAZOL
federal,amoxicilina,2022,Federal/ES,0.21,unidade,unitario,AMOXICILINA
federal,amoxicilina,2022,Federal/ES,1.3,unidade,unitario,AMOXICILINA
federal,atenolol,2022,Federal/ES,0.1,unidade,unitario,ATENOLOL
federal,azitromicina,2022,Federal/ES,0.85,unidade,unitario,AZITROMICINA
federal,captopril,2022,Federal/ES,0.1,unidade,unitario,CAPTOPRIL
federal,cefalexina,2022,Federal/ES,0.51,unidade,unitario,CEFALEXINA
federal,ciprofloxacino,2022,Federal/ES,0.22,unidade,unitario,CIPROFLOXACINO CLORIDRATO
federal,paracetamol,2022,Federal/ES,0.81,unidade,unitario,PARACETAMOL
federal,dexametasona,2022,Federal/ES,1.28,unidade,unitario,DEXAMETASONA
federal,dexametasona,2022,Federal/ES,0.68,unidade,unitario,DEXAMETASONA
federal,dexametasona,2022,Federal/ES,3.51,unidade,unitario,DEXAMETASONA
federal,diazepam,2022,Federal/ES,0.86,unidade,unitario,DIAZEPAM
federal,diazepam,2022,Federal/ES,0.16,unidade,unitario,DIAZEPAM
federal,dipirona,2022,Federal/ES,1.11,unidade,unitario,DIPIRONA SÓDICA
federal,fenobarbital,2022,Federal/ES,3.01,unidade,unitario,FENOBARBITAL SÓDICO
federal,ibuprofeno,2022,Federal/ES,0.2,unidade,unitario,IBUPROFENO
federal,losartana,2022,Federal/ES,0.1,unidade,unitario,LOSARTANA POTÁSSICA
federal,loratadina,2022,Federal/ES,0.1,unidade,unitario,LORATADINA
federal,metronidazol,2022,Federal/ES,0.68,unidade,unitario,METRONIDAZOL
federal,nimesulida,2022,Federal/ES,0.12,unidade,unitario,NIMESULIDA
federal,omeprazol,2022,Federal/ES,0.11,unidade,unitario,OMEPRAZOL
federal,paracetamol,2022,Federal/ES,0.2,unidade,unitario,PARACETAMOL
federal,prednisona,2022,Federal/ES,0.21,unidade,unitario,PREDNISONA
federal,propranolol,2022,Federal/ES,0.13,unidade,unitario,PROPRANOLOL CLORIDRATO
federal,clonazepam,2022,Federal/ES,0.13,unidade,unitario,CLONAZEPAM
federal,metformina,2022,Federal/ES,0.23,unidade,unitario,METFORMINA CLORIDRATO
federal,aas,2022,Federal/ES,0.75,unidade,unitario,ÁCIDO ACETILSALICÍLICO
federal,fenobarbital,2022,Federal/ES,0.155,unidade,unitario,FENOBARBITAL SÓDICO
federal,anlodipino,2022,Federal/ES,0.036,unidade,unitario,ANLODIPINO BESILATO
federal,levotiroxina,2022,Federal/ES,0.078,unidade,unitario,LEVOTIROXINA SÓDICA
federal,levotiroxina,2022,Federal/ES,0.093,unidade,unitario,LEVOTIROXINA SÓDICA
federal,albendazol,2022,Federal/ES,1.03,unidade,unitario,ALBENDAZOL
federal,amoxicilina,2022,Federal/ES,5.41,unidade,unitario,AMOXICILINA
federal,metronidazol,2022,Federal/ES,3.13,unidade,unitario,METRONIDAZOL
federal,amoxicilina,2022,Federal/ES,0.79,unidade,unitario,AMOXICILINA
federal,amoxicilina,2022,Federal/ES,13.86,unidade,unitario,AMOXICILINA
federal,alcool,2022,Federal/ES,15.0,litro,heuristica,ÁLCOOL ETÍLICO
federal,ar_condicionado,2022,Federal/ES,1800.0,unidade,unitario,APARELHO AR CONDICIONADO
federal,ar_condicionado,2022,Federal/ES,1850.0,unidade,unitario,APARELHO AR CONDICIONADO
federal,ar_condicionado,2022,Federal/ES,2641.0,unidade,unitario,APARELHO AR CONDICIONADO
federal,ar_condicionado,2022,Federal/ES,4500.0,unidade,unitario,APARELHO AR CONDICIONADO
federal,ar_condicionado,2022,Federal/ES,8535.81,unidade,unitario,APARELHO AR CONDICIONADO
federal,farinha_mandioca,2022,Federal/ES,3.98,kg,heuristica,FARINHA DE MANDIOCA
federal,leite_integral,2022,Federal/ES,4.9,litro,heuristica,LEITE FLUIDO
federal,farinha_mandioca,2022,Federal/ES,3.98,kg,heuristica,FARINHA DE MANDIOCA
federal,leite_integral,2022,Federal/ES,4.73,litro,heuristica,LEITE FLUIDO
federal,macarrao,2022,Federal/ES,12.84,kg,heuristica,MACARRÃO
federal,macarrao,2022,Federal/ES,13.0,kg,heuristica,MACARRÃO
federal,farinha_mandioca,2022,Federal/ES,4.69,kg,heuristica,FARINHA DE MANDIOCA
federal,leite_integral,2022,Federal/ES,4.73,litro,heuristica,LEITE FLUIDO
federal,macarrao,2022,Federal/ES,12.84,kg,heuristica,MACARRÃO
federal,macarrao,2022,Federal/ES,13.0,kg,heuristica,MACARRÃO
federal,disjuntor,2022,Federal/ES,120.99,unidade,unitario,PEÇA / ACESSÓRIO DISJUNTOR
federal,lampada_led,2022,Federal/ES,11.13,unidade,unitario,LÂMPADA LED
federal,carne_bovina,2022,Federal/ES,26.9,kg,heuristica,CARNE BOVINA IN NATURA
federal,carne_bovina,2022,Federal/ES,28.75,kg,heuristica,CARNE BOVINA IN NATURA
federal,carne_bovina,2022,Federal/ES,33.26,kg,heuristica,CARNE BOVINA IN NATURA
federal,carne_bovina,2022,Federal/ES,33.26,kg,heuristica,CARNE BOVINA IN NATURA
federal,carne_bovina,2022,Federal/ES,37.0,kg,heuristica,CARNE BOVINA IN NATURA
federal,carne_bovina,2022,Federal/ES,39.04,kg,heuristica,CARNE BOVINA IN NATURA
federal,carne_bovina,2022,Federal/ES,43.43,kg,heuristica,CARNE BOVINA IN NATURA
federal,carne_bovina,2022,Federal/ES,43.43,kg,heuristica,CARNE BOVINA IN NATURA
federal,carne_bovina,2022,Federal/ES,36.0,kg,heuristica,CARNE BOVINA IN NATURA
federal,carne_bovina,2022,Federal/ES,38.18,kg,heuristica,CARNE BOVINA IN NATURA
federal,carne_suina,2022,Federal/ES,17.33,kg,heuristica,CARNE SUÍNA IN NATURA
federal,carne_suina,2022,Federal/ES,17.38,kg,heuristica,CARNE SUÍNA IN NATURA
federal,carne_bovina,2022,Federal/ES,28.75,kg,heuristica,CARNE BOVINA IN NATURA
federal,carne_bovina,2022,Federal/ES,28.75,kg,heuristica,CARNE BOVINA IN NATURA
federal,carne_bovina,2022,Federal/ES,33.2,kg,heuristica,CARNE BOVINA IN NATURA
federal,carne_bovina,2022,Federal/ES,42.9,kg,heuristica,CARNE BOVINA IN NATURA
federal,carne_bovina,2022,Federal/ES,43.42,kg,heuristica,CARNE BOVINA IN NATURA
federal,carne_bovina,2022,Federal/ES,38.1,kg,heuristica,CARNE BOVINA IN NATURA
federal,carne_bovina,2022,Federal/ES,38.99,kg,heuristica,CARNE BOVINA IN NATURA
federal,carne_bovina,2022,Federal/ES,39.0,kg,heuristica,CARNE BOVINA IN NATURA
federal,carne_suina,2022,Federal/ES,17.3,kg,heuristica,CARNE SUÍNA IN NATURA
federal,carne_suina,2022,Federal/ES,32.3,kg,heuristica,CARNE SUÍNA IN NATURA
federal,carne_bovina,2022,Federal/ES,28.75,kg,heuristica,CARNE BOVINA IN NATURA
federal,carne_bovina,2022,Federal/ES,33.26,kg,heuristica,CARNE BOVINA IN NATURA
federal,carne_bovina,2022,Federal/ES,39.04,kg,heuristica,CARNE BOVINA IN NATURA
federal,carne_bovina,2022,Federal/ES,43.43,kg,heuristica,CARNE BOVINA IN NATURA
federal,carne_bovina,2022,Federal/ES,38.18,kg,heuristica,CARNE BOVINA IN NATURA
federal,carne_suina,2022,Federal/ES,17.33,kg,heuristica,CARNE SUÍNA IN NATURA
federal,carne_suina,2022,Federal/ES,17.38,kg,heuristica,CARNE SUÍNA IN NATURA
federal,agua_sanitaria,2022,Federal/ES,2.0,litro,heuristica,ÁGUA SANITÁRIA
federal,alcool,2022,Federal/ES,8.66,litro,heuristica,ÁLCOOL ETÍLICO
federal,alcool,2022,Federal/ES,7.0,litro,heuristica,ÁLCOOL ETÍLICO
federal,alcool,2022,Federal/ES,7.6,litro,heuristica,ÁLCOOL ETÍLICO
federal,desinfetante,2022,Federal/ES,8.8,litro,heuristica,DESINFETANTE
federal,desinfetante,2022,Federal/ES,2.12,litro,heuristica,DESINFETANTE
federal,desinfetante,2022,Federal/ES,7.0,litro,heuristica,DESINFETANTE
federal,detergente,2022,Federal/ES,2.98,litro,heuristica,DETERGENTE
federal,papel_toalha,2022,Federal/ES,17.99,rolo,unitario,DISPENSER PAPEL TOALHA
federal,papel_toalha,2022,Federal/ES,19.8,rolo,unitario,DISPENSER PAPEL TOALHA
federal,papel_higienico,2022,Federal/ES,4.056,rolo,unitario,PAPEL HIGIÊNICO
federal,sabonete,2022,Federal/ES,13.5,unidade,unitario,SABONETE
federal,sabonete,2022,Federal/ES,5.99,unidade,unitario,SABONETE
federal,vassoura,2022,Federal/ES,14.85,unidade,unitario,VASSOURA
federal,vassoura,2022,Federal/ES,9.99,unidade,unitario,VASSOURA
federal,vassoura,2022,Federal/ES,9.18,unidade,unitario,VASSOURA
federal,vassoura,2022,Federal/ES,6.74,unidade,unitario,VASSOURA
federal,alcool,2022,Federal/ES,3.95,litro,heuristica,ÁLCOOL ETÍLICO LIMPEZA DE AMBIENTES
federal,alcool,2022,Federal/ES,5.0,litro,heuristica,ÁLCOOL ETÍLICO LIMPEZA DE AMBIENTES
federal,alcool,2022,Federal/ES,34.9,litro,heuristica,ÁLCOOL ETÍLICO LIMPEZA DE AMBIENTES
federal,detergente,2022,Federal/ES,3.2,litro,heuristica,DETERGENTE
federal,detergente,2022,Federal/ES,16.36,litro,heuristica,DETERGENTE
federal,papel_higienico,2022,Federal/ES,5.46,rolo,unitario,PAPEL HIGIÊNICO
federal,sabonete,2022,Federal/ES,5.9,unidade,unitario,SABONETE LÍQUIDO
federal,sabonete,2022,Federal/ES,3.2,unidade,unitario,SABONETE LÍQUIDO
federal,desinfetante,2022,Federal/ES,22.2,litro,heuristica,DESINFETANTE
federal,vassoura,2022,Federal/ES,10.0,unidade,unitario,VASSOURA
federal,mascara_descartavel,2022,Federal/ES,0.17,unidade,unitario,MÁSCARA CIRÚRGICA
federal,alcool,2022,Federal/ES,3.95,litro,heuristica,ÁLCOOL ETÍLICO LIMPEZA DE AMBIENTES
federal,alcool,2022,Federal/ES,34.9,litro,heuristica,ÁLCOOL ETÍLICO LIMPEZA DE AMBIENTES
federal,detergente,2022,Federal/ES,3.6,litro,heuristica,DETERGENTE
federal,detergente,2022,Federal/ES,16.34,litro,heuristica,DETERGENTE
federal,sabonete,2022,Federal/ES,6.4,unidade,unitario,SABONETE LÍQUIDO
federal,desinfetante,2022,Federal/ES,25.9,litro,heuristica,DESINFETANTE
federal,vassoura,2022,Federal/ES,9.85,unidade,unitario,VASSOURA
federal,mascara_descartavel,2022,Federal/ES,0.17,unidade,unitario,MÁSCARA CIRÚRGICA
federal,alcool,2022,Federal/ES,3.95,litro,heuristica,ÁLCOOL ETÍLICO LIMPEZA DE AMBIENTES
federal,alcool,2022,Federal/ES,34.9,litro,heuristica,ÁLCOOL ETÍLICO LIMPEZA DE AMBIENTES
federal,detergente,2022,Federal/ES,3.02,litro,heuristica,DETERGENTE
federal,detergente,2022,Federal/ES,16.0,litro,heuristica,DETERGENTE
federal,sabonete,2022,Federal/ES,6.4,unidade,unitario,SABONETE LÍQUIDO
federal,desinfetante,2022,Federal/ES,22.75,litro,heuristica,DESINFETANTE
federal,vassoura,2022,Federal/ES,9.9,unidade,unitario,VASSOURA
federal,mascara_descartavel,2022,Federal/ES,0.17,unidade,unitario,MÁSCARA CIRÚRGICA
federal,vassoura,2022,Federal/ES,6.98,unidade,unitario,VASSOURA
federal,macarrao,2022,Federal/ES,11.28,kg,heuristica,MACARRÃO
federal,macarrao,2022,Federal/ES,12.86,kg,heuristica,MACARRÃO
federal,macarrao,2022,Federal/ES,13.9,kg,heuristica,MACARRÃO
federal,vinagre,2022,Federal/ES,5.96,litro,heuristica,VINAGRE
federal,ar_condicionado,2022,Federal/ES,16030.0,unidade,unitario,AR CONDICIONADO - MANUTENCAO DE APARELHOS DE PAREDE
federal,cimento,2022,Federal/ES,28.9,saco_50kg,unitario,CIMENTO PORTLAND
federal,torneira,2022,Federal/ES,192.0,unidade,unitario,ACIONAMENTO ELETRICO / MANUAL - TORNEIRA / CHUVEIR
federal,torneira,2022,Federal/ES,4.0,unidade,unitario,TORNEIRA
federal,lampada_led,2022,Federal/ES,8.52,unidade,unitario,LÂMPADA LED
federal,argamassa,2022,Federal/ES,2.68,kg,heuristica,ARGAMASSA
federal,detergente,2022,Federal/ES,3.68,litro,heuristica,DETERGENTE
federal,bebedouro,2022,Federal/ES,2399.0,unidade,unitario,BEBEDOURO ÁGUA
federal,tubo_pvc,2022,Federal/ES,47.23,metro,unitario,TUBO PVC SOLDÁVEL
federal,seringa,2022,Federal/ES,2.0,unidade,unitario,SERINGA
federal,bebedouro,2022,Federal/ES,2980.0,unidade,unitario,BEBEDOURO ÁGUA
federal,carbamazepina,2022,Federal/ES,0.215,unidade,unitario,CARBAMAZEPINA
federal,dipirona,2022,Federal/ES,1.22,unidade,unitario,DIPIRONA SÓDICA
federal,dipirona,2022,Federal/ES,1.2,unidade,unitario,DIPIRONA SÓDICA
federal,fenobarbital,2022,Federal/ES,1.99,unidade,unitario,FENOBARBITAL SÓDICO
federal,hidroclorotiazida,2022,Federal/ES,0.0312,unidade,unitario,HIDROCLOROTIAZIDA
federal,levotiroxina,2022,Federal/ES,0.18,unidade,unitario,LEVOTIROXINA SÓDICA
federal,omeprazol,2022,Federal/ES,0.11,unidade,unitario,OMEPRAZOL
federal,omeprazol,2022,Federal/ES,11.9999,unidade,unitario,OMEPRAZOL
federal,prednisona,2022,Federal/ES,0.16,unidade,unitario,PREDNISONA
federal,acucar,2022,Federal/ES,12.2,kg,heuristica,AÇÚCAR
federal,agua_mineral,2022,Federal/ES,10.0,litro,heuristica,ÁGUA MINERAL NATURAL
federal,agua_mineral,2022,Federal/ES,1.35,litro,heuristica,ÁGUA MINERAL NATURAL
federal,carne_suina,2022,Federal/ES,19.98,kg,heuristica,CARNE SUÍNA IN NATURA
federal,biscoito,2022,Federal/ES,10.8,kg,heuristica,BISCOITO
federal,biscoito,2022,Federal/ES,8.975,kg,heuristica,BISCOITO
federal,biscoito,2022,Federal/ES,10.375,kg,heuristica,BISCOITO
federal,farinha_trigo,2022,Federal/ES,7.49,kg,heuristica,FARINHA DE TRIGO
federal,farinha_trigo,2022,Federal/ES,4.88,kg,heuristica,FARINHA DE TRIGO
federal,iogurte,2022,Federal/ES,9.99,litro,heuristica,IOGURTE NATURAL
federal,leite_po,2022,Federal/ES,42.45,kg,heuristica,LEITE EM PÓ
federal,leite_integral,2022,Federal/ES,4.58,litro,heuristica,LEITE FLUIDO
federal,carne_suina,2022,Federal/ES,12.98,kg,heuristica,CARNE SUÍNA IN NATURA
federal,carne_bovina,2022,Federal/ES,36.9,kg,heuristica,CARNE BOVINA IN NATURA
federal,carne_suina,2022,Federal/ES,18.98,kg,heuristica,CARNE SUÍNA IN NATURA
federal,suco,2022,Federal/ES,6.98,litro,heuristica,SUCO
federal,suco,2022,Federal/ES,11.25,litro,heuristica,SUCO
federal,carne_suina,2022,Federal/ES,11.9,kg,heuristica,CARNE SUÍNA IN NATURA
federal,vinagre,2022,Federal/ES,5.32,litro,heuristica,VINAGRE
federal,acucar,2022,Federal/ES,5.48,kg,heuristica,AÇÚCAR
federal,acucar,2022,Federal/ES,19.98,kg,heuristica,AÇÚCAR
federal,biscoito,2022,Federal/ES,10.375,kg,heuristica,BISCOITO
federal,acucar,2022,Federal/ES,12.2,kg,heuristica,AÇÚCAR
federal,carne_bovina,2022,Federal/ES,47.98,kg,heuristica,CARNE BOVINA IN NATURA
federal,farinha_trigo,2022,Federal/ES,7.49,kg,heuristica,FARINHA DE TRIGO
federal,iogurte,2022,Federal/ES,3.99,litro,heuristica,IOGURTE NATURAL
federal,leite_po,2022,Federal/ES,42.45,kg,heuristica,LEITE EM PÓ
federal,leite_integral,2022,Federal/ES,4.59,litro,heuristica,LEITE FLUIDO
federal,leite_integral,2022,Federal/ES,4.59,litro,heuristica,LEITE FLUIDO
federal,macarrao,2022,Federal/ES,12.4,kg,heuristica,MACARRÃO
federal,suco,2022,Federal/ES,2.48,litro,heuristica,SUCO
federal,acucar,2022,Federal/ES,5.48,kg,heuristica,AÇÚCAR
federal,macarrao,2022,Federal/ES,8.2,kg,heuristica,MACARRÃO
federal,carne_bovina,2022,Federal/ES,29.9,kg,heuristica,CARNE BOVINA IN NATURA
federal,agua_sanitaria,2022,Federal/ES,2.28,litro,heuristica,ÁGUA SANITÁRIA
federal,alcool,2022,Federal/ES,5.49,litro,heuristica,ÁLCOOL ETÍLICO LIMPEZA DE AMBIENTES
federal,alcool,2022,Federal/ES,7.58,litro,heuristica,ÁLCOOL ETÍLICO LIMPEZA DE AMBIENTES
federal,alcool,2022,Federal/ES,6.89,litro,heuristica,ÁLCOOL ETÍLICO LIMPEZA DE AMBIENTES
federal,amaciante,2022,Federal/ES,2.4,litro,heuristica,AMACIANTE DE ROUPA
federal,detergente,2022,Federal/ES,2.9,litro,heuristica,DETERGENTE
federal,detergente,2022,Federal/ES,2.9,litro,heuristica,DETERGENTE
federal,papel_toalha,2022,Federal/ES,24.45,rolo,unitario,DISPENSER PAPEL TOALHA
federal,papel_higienico,2022,Federal/ES,3.7,rolo,unitario,PAPEL HIGIÊNICO
federal,sabonete,2022,Federal/ES,1.2,unidade,unitario,SABONETE
federal,sabonete,2022,Federal/ES,11.9,unidade,unitario,SABONETE LÍQUIDO
federal,vassoura,2022,Federal/ES,10.6,unidade,unitario,VASSOURA
federal,vassoura,2022,Federal/ES,9.89,unidade,unitario,VASSOURA
federal,tijolo,2022,Federal/ES,1.75,unidade,unitario,BLOCO DE CONCRETO
federal,tijolo,2022,Federal/ES,3.25,unidade,unitario,BLOCO DE CONCRETO
federal,cimento,2022,Federal/ES,29.0,saco_50kg,unitario,CIMENTO PORTLAND
federal,ar_condicionado,2022,Federal/ES,3898.0,unidade,unitario,AR CONDICIONADO - MANUTENCAO DE SISTEMAS / LIMPEZA
federal,ar_condicionado,2022,Federal/ES,3898.0,unidade,unitario,AR CONDICIONADO - MANUTENCAO DE SISTEMAS / LIMPEZA
federal,ar_condicionado,2022,Federal/ES,1710.0,unidade,unitario,APARELHO AR CONDICIONADO
federal,ar_condicionado,2022,Federal/ES,2250.0,unidade,unitario,APARELHO AR CONDICIONADO
federal,ar_condicionado,2022,Federal/ES,3300.0,unidade,unitario,APARELHO AR CONDICIONADO
federal,ar_condicionado,2022,Federal/ES,4180.0,unidade,unitario,APARELHO AR CONDICIONADO
federal,ar_condicionado,2022,Federal/ES,5950.0,unidade,unitario,APARELHO AR CONDICIONADO
federal,ar_condicionado,2022,Federal/ES,7579.0,unidade,unitario,APARELHO AR CONDICIONADO
federal,ar_condicionado,2022,Federal/ES,7589.0,unidade,unitario,APARELHO AR CONDICIONADO
federal,acucar,2022,Federal/ES,20.54,kg,heuristica,AÇÚCAR
federal,agua_mineral,2022,Federal/ES,9.5,litro,heuristica,ÁGUA MINERAL NATURAL
federal,farinha_mandioca,2022,Federal/ES,5.5,kg,heuristica,FARINHA DE MANDIOCA
federal,leite_integral,2022,Federal/ES,4.75,litro,heuristica,LEITE FLUIDO
federal,acucar,2022,Federal/ES,6.71,kg,heuristica,AÇÚCAR
federal,acucar,2022,Federal/ES,6.71,kg,heuristica,AÇÚCAR
federal,acucar,2022,Federal/ES,19.5,kg,heuristica,AÇÚCAR
federal,acucar,2022,Federal/ES,19.5,kg,heuristica,AÇÚCAR
federal,carne_bovina,2022,Federal/ES,34.98,kg,heuristica,CARNE BOVINA IN NATURA
federal,carne_bovina,2022,Federal/ES,34.98,kg,heuristica,CARNE BOVINA IN NATURA
federal,carne_bovina,2022,Federal/ES,43.65,kg,heuristica,CARNE BOVINA IN NATURA
federal,carne_bovina,2022,Federal/ES,43.65,kg,heuristica,CARNE BOVINA IN NATURA
federal,creme_leite,2022,Federal/ES,20.83,kg,heuristica,CREME DE LEITE
federal,creme_leite,2022,Federal/ES,20.83,kg,heuristica,CREME DE LEITE
federal,macarrao,2022,Federal/ES,8.78,kg,heuristica,MACARRÃO
federal,macarrao,2022,Federal/ES,8.78,kg,heuristica,MACARRÃO
federal,macarrao,2022,Federal/ES,13.78,kg,heuristica,MACARRÃO
federal,macarrao,2022,Federal/ES,13.78,kg,heuristica,MACARRÃO
federal,canjica,2022,Federal/ES,5.8,kg,heuristica,CANJICA
federal,canjica,2022,Federal/ES,5.8,kg,heuristica,CANJICA
federal,suco,2022,Federal/ES,13.66,litro,heuristica,SUCO
federal,suco,2022,Federal/ES,13.66,litro,heuristica,SUCO
federal,suco,2022,Federal/ES,17.06,litro,heuristica,SUCO
federal,suco,2022,Federal/ES,17.06,litro,heuristica,SUCO
federal,suco,2022,Federal/ES,13.66,litro,heuristica,SUCO
federal,suco,2022,Federal/ES,13.66,litro,heuristica,SUCO
federal,vinagre,2022,Federal/ES,7.9733,litro,heuristica,VINAGRE
federal,vinagre,2022,Federal/ES,7.9733,litro,heuristica,VINAGRE
federal,caneta_esferografica,2022,Federal/ES,0.46,unidade,unitario,CANETA ESFEROGRÁFICA
federal,caneta_esferografica,2022,Federal/ES,0.46,unidade,unitario,CANETA ESFEROGRÁFICA
federal,envelope,2022,Federal/ES,0.25,unidade,unitario,ENVELOPE
federal,lapis,2022,Federal/ES,0.37,unidade,unitario,LÁPIS PRETO
federal,papel_toalha,2022,Federal/ES,23.0,rolo,unitario,DISPENSER PAPEL TOALHA
federal,ar_condicionado,2022,Federal/ES,15508.0,unidade,unitario,AR CONDICIONADO - MANUTENCAO DE APARELHOS DE PAREDE
federal,disjuntor,2022,Federal/ES,15.0,unidade,unitario,DISJUNTOR BAIXA TENSÃO
federal,toner,2022,Federal/ES,30.0,unidade,unitario,CARTUCHO TONER IMPRESSORA BROTHER
federal,clonazepam,2022,Federal/ES,0.0576,unidade,unitario,CLONAZEPAM
federal,furosemida,2022,Federal/ES,0.07,unidade,unitario,FUROSEMIDA
federal,losartana,2022,Federal/ES,0.08,unidade,unitario,LOSARTANA POTÁSSICA
federal,salbutamol,2022,Federal/ES,7.92,unidade,unitario,SALBUTAMOL
federal,sinvastatina,2022,Federal/ES,0.08,unidade,unitario,SINVASTATINA
federal,seringa,2022,Federal/ES,1.86,unidade,unitario,SERINGA
federal,ar_condicionado,2022,Federal/ES,1700.0,unidade,unitario,APARELHO AR CONDICIONADO
federal,ar_condicionado,2022,Federal/ES,2450.0,unidade,unitario,APARELHO AR CONDICIONADO
federal,ar_condicionado,2022,Federal/ES,3100.0,unidade,unitario,APARELHO AR CONDICIONADO
federal,ar_condicionado,2022,Federal/ES,5700.0,unidade,unitario,APARELHO AR CONDICIONADO
federal,ar_condicionado,2022,Federal/ES,4200.0,unidade,unitario,APARELHO AR CONDICIONADO
federal,ar_condicionado,2022,Federal/ES,7790.0,unidade,unitario,APARELHO AR CONDICIONADO
federal,ar_condicionado,2022,Federal/ES,7950.0,unidade,unitario,APARELHO AR CONDICIONADO
federal,bebedouro,2022,Federal/ES,2391.0,unidade,unitario,BEBEDOURO ÁGUA
federal,lampada_led,2022,Federal/ES,35.57,unidade,unitario,LÂMPADA LED
federal,lampada_led,2022,Federal/ES,25.81,unidade,unitario,LÂMPADA LED
federal,alcool,2022,Federal/ES,26.5,litro,heuristica,ÁLCOOL ETÍLICO
federal,leite_integral,2022,Federal/ES,6.9,litro,heuristica,LEITE FLUIDO
federal,ar_condicionado,2022,Federal/ES,3898.0,unidade,unitario,AR CONDICIONADO - MANUTENCAO DE SISTEMAS / LIMPEZA
federal,mascara_descartavel,2022,Federal/ES,0.16,unidade,unitario,MÁSCARA CIRÚRGICA
federal,carne_suina,2022,Federal/ES,17.99,kg,heuristica,CARNE SUÍNA IN NATURA
federal,carne_suina,2022,Federal/ES,19.99,kg,heuristica,CARNE SUÍNA IN NATURA
federal,carne_suina,2022,Federal/ES,15.7,kg,heuristica,CARNE SUÍNA IN NATURA
federal,carne_suina,2022,Federal/ES,15.7,kg,heuristica,CARNE SUÍNA IN NATURA
federal,carne_suina,2022,Federal/ES,14.65,kg,heuristica,CARNE SUÍNA IN NATURA
federal,carne_suina,2022,Federal/ES,14.65,kg,heuristica,CARNE SUÍNA IN NATURA
federal,carne_bovina,2022,Federal/ES,31.8,kg,heuristica,CARNE BOVINA IN NATURA
federal,carne_bovina,2022,Federal/ES,37.5,kg,heuristica,CARNE BOVINA IN NATURA
federal,carne_bovina,2022,Federal/ES,40.7,kg,heuristica,CARNE BOVINA IN NATURA
federal,carne_bovina,2022,Federal/ES,33.89,kg,heuristica,CARNE BOVINA IN NATURA
federal,carne_bovina,2022,Federal/ES,34.9,kg,heuristica,CARNE BOVINA IN NATURA
federal,carne_bovina,2022,Federal/ES,29.99,kg,heuristica,CARNE BOVINA IN NATURA
federal,carne_bovina,2022,Federal/ES,30.6,kg,heuristica,CARNE BOVINA IN NATURA
federal,carne_bovina,2022,Federal/ES,39.98,kg,heuristica,CARNE BOVINA IN NATURA
federal,carne_bovina,2022,Federal/ES,20.44,kg,heuristica,CARNE BOVINA IN NATURA
federal,carne_bovina,2022,Federal/ES,32.88,kg,heuristica,CARNE BOVINA IN NATURA
federal,carne_bovina,2022,Federal/ES,21.0,kg,heuristica,CARNE BOVINA IN NATURA
federal,carne_bovina,2022,Federal/ES,21.3,kg,heuristica,CARNE BOVINA IN NATURA
federal,carne_bovina,2022,Federal/ES,29.0,kg,heuristica,CARNE BOVINA IN NATURA
federal,achocolatado,2022,Federal/ES,13.25,kg,heuristica,ACHOCOLATADO
federal,acucar,2022,Federal/ES,4.49,kg,heuristica,'AÇÚCAR'
federal,agua_mineral,2022,Federal/ES,4.56,litro,heuristica,ÁGUA MINERAL NATURAL
federal,agua_mineral,2022,Federal/ES,0.62,litro,heuristica,ÁGUA MINERAL NATURAL
federal,agua_mineral,2022,Federal/ES,1.14,litro,heuristica,ÁGUA MINERAL NATURAL
federal,biscoito,2022,Federal/ES,4.875,kg,heuristica,BISCOITO
federal,biscoito,2022,Federal/ES,4.95,kg,heuristica,BISCOITO
federal,biscoito,2022,Federal/ES,5.0,kg,heuristica,BISCOITO
federal,biscoito,2022,Federal/ES,11.175,kg,heuristica,BISCOITO
federal,biscoito,2022,Federal/ES,4.9,kg,heuristica,BISCOITO
federal,biscoito,2022,Federal/ES,5.75,kg,heuristica,BISCOITO
federal,biscoito,2022,Federal/ES,5.875,kg,heuristica,BISCOITO
federal,macarrao,2022,Federal/ES,6.54,kg,heuristica,MACARRÃO
federal,macarrao,2022,Federal/ES,6.38,kg,heuristica,MACARRÃO
federal,canjica,2022,Federal/ES,6.0,kg,heuristica,CANJICA
federal,polpa_fruta,2022,Federal/ES,23.99,kg,heuristica,POLPA DE FRUTA
federal,suco,2022,Federal/ES,16.0,litro,heuristica,SUCO
federal,suco,2022,Federal/ES,5.5,litro,heuristica,SUCO
federal,suco,2022,Federal/ES,5.87,litro,heuristica,SUCO
federal,suco,2022,Federal/ES,11.82,litro,heuristica,SUCO
federal,suco,2022,Federal/ES,7.87,litro,heuristica,SUCO
federal,suco,2022,Federal/ES,15.99,litro,heuristica,SUCO
federal,suco,2022,Federal/ES,5.9,litro,heuristica,SUCO
federal,suco,2022,Federal/ES,13.99,litro,heuristica,SUCO
federal,vinagre,2022,Federal/ES,9.32,litro,heuristica,VINAGRE
federal,vinagre,2022,Federal/ES,7.8533,litro,heuristica,VINAGRE
federal,iogurte,2022,Federal/ES,8.5,litro,heuristica,IOGURTE NATURAL
federal,leite_integral,2022,Federal/ES,4.88,litro,heuristica,LEITE FLUIDO
federal,leite_po,2022,Federal/ES,35.0,kg,heuristica,LEITE EM PÓ
federal,disjuntor,2022,Federal/ES,8.0,unidade,unitario,DISJUNTOR BAIXA TENSÃO
federal,disjuntor,2022,Federal/ES,8.0,unidade,unitario,DISJUNTOR BAIXA TENSÃO
federal,disjuntor,2022,Federal/ES,8.0,unidade,unitario,DISJUNTOR BAIXA TENSÃO
federal,disjuntor,2022,Federal/ES,7.5,unidade,unitario,DISJUNTOR BAIXA TENSÃO
federal,disjuntor,2022,Federal/ES,7.5,unidade,unitario,DISJUNTOR BAIXA TENSÃO
federal,disjuntor,2022,Federal/ES,35.0,unidade,unitario,DISJUNTOR BAIXA TENSÃO
federal,disjuntor,2022,Federal/ES,35.0,unidade,unitario,DISJUNTOR BAIXA TENSÃO
federal,disjuntor,2022,Federal/ES,35.0,unidade,unitario,DISJUNTOR BAIXA TENSÃO
federal,disjuntor,2022,Federal/ES,40.0,unidade,unitario,DISJUNTOR BAIXA TENSÃO
federal,ar_condicionado,2022,Federal/ES,869.0,unidade,unitario,AR CONDICIONADO - INSTALACAO/MONTAGEM/DESMONATAGEM/REMOÇÃO -(PAREDE / SISTEMAS)
federal,ar_condicionado,2022,Federal/ES,1169.0,unidade,unitario,AR CONDICIONADO - INSTALACAO/MONTAGEM/DESMONATAGEM/REMOÇÃO -(PAREDE / SISTEMAS)
federal,papel_toalha,2022,Federal/ES,23.0,rolo,unitario,DISPENSER PAPEL TOALHA
federal,papel_higienico,2022,Federal/ES,4.65,rolo,unitario,PAPEL HIGIÊNICO
federal,papel_higienico,2022,Federal/ES,13.72,rolo,unitario,PAPEL HIGIÊNICO
federal,sabonete,2022,Federal/ES,1.2,unidade,unitario,SABONETE
federal,agua_sanitaria,2022,Federal/ES,2.84,litro,heuristica,ÁGUA SANITÁRIA
federal,alcool,2022,Federal/ES,5.1,litro,heuristica,ÁLCOOL ETÍLICO LIMPEZA DE AMBIENTES
federal,alcool,2022,Federal/ES,8.42,litro,heuristica,ÁLCOOL ETÍLICO LIMPEZA DE AMBIENTES
federal,detergente,2022,Federal/ES,3.2,litro,heuristica,DETERGENTE
federal,vassoura,2022,Federal/ES,6.76,unidade,unitario,VASSOURA
federal,agua_sanitaria,2022,Federal/ES,9.5,litro,heuristica,ÁGUA SANITÁRIA
federal,alcool,2022,Federal/ES,9.78,litro,heuristica,ÁLCOOL ETÍLICO LIMPEZA DE AMBIENTES
federal,sabonete,2022,Federal/ES,6.05,unidade,unitario,SABONETE LÍQUIDO
federal,sabonete,2022,Federal/ES,4.85,unidade,unitario,SABONETE LÍQUIDO
federal,agua_sanitaria,2022,Federal/ES,9.0,litro,heuristica,ÁGUA SANITÁRIA
federal,amaciante,2022,Federal/ES,2.84,litro,heuristica,AMACIANTE DE ROUPA
federal,vassoura,2022,Federal/ES,11.07,unidade,unitario,VASSOURA
federal,vassoura,2022,Federal/ES,16.36,unidade,unitario,VASSOURA
federal,agua_mineral,2022,Federal/ES,9.0,litro,heuristica,ÁGUA MINERAL NATURAL
federal,gasolina,2022,Federal/ES,6.727,litro,quantidade_litros,GASOLINA
federal,diesel,2022,Federal/ES,5.585,litro,quantidade_litros,ÓLEO DIESEL
federal,lampada_led,2022,Federal/ES,8.9,unidade,unitario,LÂMPADA LED
federal,bebedouro,2022,Federal/ES,3218.0,unidade,unitario,BEBEDOURO ÁGUA
federal,ar_condicionado,2022,Federal/ES,1950.0,unidade,unitario,APARELHO AR CONDICIONADO
federal,ar_condicionado,2022,Federal/ES,2930.2,unidade,unitario,APARELHO AR CONDICIONADO
federal,ar_condicionado,2022,Federal/ES,3918.0,unidade,unitario,APARELHO AR CONDICIONADO
federal,ar_condicionado,2022,Federal/ES,7225.05,unidade,unitario,APARELHO AR CONDICIONADO
federal,ar_condicionado,2022,Federal/ES,9717.48,unidade,unitario,APARELHO AR CONDICIONADO
federal,extintor,2022,Federal/ES,158.172,unidade,unitario,EXTINTOR INCÊNDIO
federal,extintor,2022,Federal/ES,162.3,unidade,unitario,EXTINTOR INCÊNDIO
federal,extintor,2022,Federal/ES,610.79,unidade,unitario,EXTINTOR INCÊNDIO
federal,impressora,2022,Federal/ES,4235.56,unidade,unitario,IMPRESSORA MULTIFUNCIONAL
federal,impressora,2022,Federal/ES,4282.1,unidade,unitario,IMPRESSORA MULTIFUNCIONAL
federal,impressora,2022,Federal/ES,2449.0,unidade,unitario,IMPRESSORA MULTIFUNCIONAL
federal,notebook,2022,Federal/ES,4312.0,unidade,unitario,NOTEBOOK
federal,cadeira,2022,Federal/ES,291.0,unidade,unitario,CADEIRA ESCOLAR
federal,tijolo,2022,Federal/ES,3.2,unidade,unitario,BLOCO DE CONCRETO
federal,argamassa,2022,Federal/ES,5.0,kg,heuristica,ARGAMASSA
federal,tubo_pvc,2022,Federal/ES,22.75,metro,unitario,TUBO PVC SOLDÁVEL
federal,tubo_pvc,2022,Federal/ES,28.5,metro,unitario,TUBO PVC SOLDÁVEL
federal,cimento,2022,Federal/ES,32.9,saco_50kg,unitario,CIMENTO PORTLAND
federal,disjuntor,2022,Federal/ES,33.29,unidade,unitario,DISJUNTOR BAIXA TENSÃO
federal,disjuntor,2022,Federal/ES,75.0,unidade,unitario,DISJUNTOR MÉDIA TENSÃO
federal,tubo_pvc,2022,Federal/ES,108.0,metro,unitario,TUBO PVC SOLDÁVEL
federal,tubo_pvc,2022,Federal/ES,88.5,metro,unitario,TUBO PVC SOLDÁVEL
federal,gasolina,2022,Federal/ES,7.799,litro,quantidade_litros,GASOLINA
federal,diesel,2022,Federal/ES,6.996,litro,quantidade_litros,ÓLEO DIESEL
federal,amitriptilina,2022,Federal/ES,0.08,unidade,unitario,AMITRIPTILINA CLORIDRATO
federal,cefalexina,2022,Federal/ES,0.48,unidade,unitario,CEFALEXINA
federal,diazepam,2022,Federal/ES,0.09,unidade,unitario,DIAZEPAM
federal,fenobarbital,2022,Federal/ES,4.12,unidade,unitario,FENOBARBITAL SÓDICO
federal,haloperidol,2022,Federal/ES,1.62,unidade,unitario,HALOPERIDOL
federal,prednisolona,2022,Federal/ES,4.16,unidade,unitario,PREDNISOLONA
federal,prednisona,2022,Federal/ES,0.065,unidade,unitario,PREDNISONA
federal,agua_mineral,2022,Federal/ES,10.5,litro,heuristica,ÁGUA MINERAL NATURAL
federal,envelope,2022,Federal/ES,0.27,unidade,unitario,ENVELOPE
federal,caneta_esferografica,2022,Federal/ES,0.65,unidade,unitario,CANETA ESFEROGRÁFICA
federal,caneta_esferografica,2022,Federal/ES,0.64,unidade,unitario,CANETA ESFEROGRÁFICA
federal,caneta_esferografica,2022,Federal/ES,0.78,unidade,unitario,CANETA ESFEROGRÁFICA
federal,envelope,2022,Federal/ES,0.36,unidade,unitario,ENVELOPE
federal,lapis,2022,Federal/ES,0.29,unidade,unitario,LÁPIS PRETO
federal,torneira,2022,Federal/ES,14.8,unidade,unitario,TORNEIRA
federal,disjuntor,2022,Federal/ES,6.0,unidade,unitario,DISJUNTOR BAIXA TENSÃO
federal,disjuntor,2022,Federal/ES,6.0,unidade,unitario,DISJUNTOR BAIXA TENSÃO
federal,disjuntor,2022,Federal/ES,6.5,unidade,unitario,DISJUNTOR BAIXA TENSÃO
federal,disjuntor,2022,Federal/ES,6.5,unidade,unitario,DISJUNTOR BAIXA TENSÃO
federal,disjuntor,2022,Federal/ES,19.9,unidade,unitario,DISJUNTOR BAIXA TENSÃO
federal,disjuntor,2022,Federal/ES,19.9,unidade,unitario,DISJUNTOR BAIXA TENSÃO
federal,disjuntor,2022,Federal/ES,19.9,unidade,unitario,DISJUNTOR BAIXA TENSÃO
federal,disjuntor,2022,Federal/ES,19.9,unidade,unitario,DISJUNTOR BAIXA TENSÃO
federal,disjuntor,2022,Federal/ES,31.19,unidade,unitario,DISJUNTOR BAIXA TENSÃO
federal,disjuntor,2022,Federal/ES,33.0,unidade,unitario,DISJUNTOR BAIXA TENSÃO
federal,disjuntor,2022,Federal/ES,33.0,unidade,unitario,DISJUNTOR BAIXA TENSÃO
federal,disjuntor,2022,Federal/ES,33.0,unidade,unitario,DISJUNTOR BAIXA TENSÃO
federal,disjuntor,2022,Federal/ES,113.63,unidade,unitario,DISJUNTOR BAIXA TENSÃO
federal,disjuntor,2022,Federal/ES,120.24,unidade,unitario,DISJUNTOR BAIXA TENSÃO
federal,papel_higienico,2022,Federal/ES,5.38,rolo,unitario,PAPEL HIGIÊNICO
federal,caneta_esferografica,2022,Federal/ES,0.62,unidade,unitario,CANETA ESFEROGRÁFICA
federal,grampeador,2022,Federal/ES,8.89,unidade,unitario,GRAMPO GRAMPEADOR
federal,disjuntor,2022,Federal/ES,198.37,unidade,unitario,CONJUNTO (KIT) VEDAÇÃO PARA DISJUNTOR
federal,agua_sanitaria,2022,Federal/ES,2.2,litro,heuristica,ÁGUA SANITÁRIA
federal,agua_sanitaria,2022,Federal/ES,2.2,litro,heuristica,ÁGUA SANITÁRIA
federal,desinfetante,2022,Federal/ES,2.29,litro,heuristica,DESINFETANTE
federal,desinfetante,2022,Federal/ES,2.29,litro,heuristica,DESINFETANTE
federal,detergente,2022,Federal/ES,2.8,litro,heuristica,DETERGENTE
federal,detergente,2022,Federal/ES,2.8,litro,heuristica,DETERGENTE
federal,papel_higienico,2022,Federal/ES,2.54,rolo,unitario,PAPEL HIGIÊNICO
federal,papel_higienico,2022,Federal/ES,2.54,rolo,unitario,PAPEL HIGIÊNICO
federal,achocolatado,2022,Federal/ES,21.25,kg,heuristica,ACHOCOLATADO
federal,agua_mineral,2022,Federal/ES,0.98,litro,heuristica,ÁGUA MINERAL NATURAL
federal,agua_mineral,2022,Federal/ES,1.4,litro,heuristica,ÁGUA MINERAL NATURAL
federal,biscoito,2022,Federal/ES,9.75,kg,heuristica,BISCOITO
federal,biscoito,2022,Federal/ES,8.0,kg,heuristica,BISCOITO
federal,biscoito,2022,Federal/ES,6.75,kg,heuristica,BISCOITO
federal,biscoito,2022,Federal/ES,6.225,kg,heuristica,BISCOITO
federal,biscoito,2022,Federal/ES,4.75,kg,heuristica,BISCOITO
federal,creme_leite,2022,Federal/ES,15.74,kg,heuristica,CREME DE LEITE
federal,farinha_trigo,2022,Federal/ES,3.35,kg,heuristica,FARINHA DE TRIGO
federal,acucar,2022,Federal/ES,7.77,kg,heuristica,AÇÚCAR
federal,leite_condensado,2022,Federal/ES,16.99,kg,heuristica,LEITE CONDENSADO
federal,carne_suina,2022,Federal/ES,19.0,kg,heuristica,CARNE SUÍNA IN NATURA
federal,polpa_fruta,2022,Federal/ES,15.0,kg,heuristica,POLPA DE FRUTA
federal,polpa_fruta,2022,Federal/ES,6.16,kg,heuristica,POLPA DE FRUTA
federal,polpa_fruta,2022,Federal/ES,8.5,kg,heuristica,POLPA DE FRUTA
federal,suco,2022,Federal/ES,7.03,litro,heuristica,SUCO
federal,vinagre,2022,Federal/ES,5.2,litro,heuristica,VINAGRE
federal,acucar,2022,Federal/ES,4.5,kg,heuristica,AÇÚCAR
federal,alcool,2022,Federal/ES,15.8,litro,heuristica,ÁLCOOL ETÍLICO
federal,dexametasona,2022,Federal/ES,8.8,unidade,unitario,DEXAMETASONA
federal,acucar,2022,Federal/ES,19.17,kg,heuristica,AÇÚCAR
federal,creme_leite,2022,Federal/ES,17.29,kg,heuristica,CREME DE LEITE
federal,farinha_mandioca,2022,Federal/ES,4.69,kg,heuristica,FARINHA DE MANDIOCA
federal,macarrao,2022,Federal/ES,15.0,kg,heuristica,MACARRÃO
federal,macarrao,2022,Federal/ES,15.96,kg,heuristica,MACARRÃO
federal,macarrao,2022,Federal/ES,31.6,kg,heuristica,MACARRÃO
federal,macarrao,2022,Federal/ES,17.18,kg,heuristica,MACARRÃO
federal,vinagre,2022,Federal/ES,7.32,litro,heuristica,VINAGRE
federal,carne_bovina,2022,Federal/ES,28.94,kg,heuristica,CARNE BOVINA IN NATURA
federal,carne_bovina,2022,Federal/ES,30.24,kg,heuristica,CARNE BOVINA IN NATURA
federal,carne_bovina,2022,Federal/ES,38.98,kg,heuristica,CARNE BOVINA IN NATURA
federal,carne_bovina,2022,Federal/ES,32.97,kg,heuristica,CARNE BOVINA IN NATURA
federal,carne_bovina,2022,Federal/ES,35.97,kg,heuristica,CARNE BOVINA IN NATURA
federal,carne_suina,2022,Federal/ES,19.98,kg,heuristica,CARNE SUÍNA IN NATURA
federal,carne_suina,2022,Federal/ES,17.65,kg,heuristica,CARNE SUÍNA IN NATURA
federal,carne_suina,2022,Federal/ES,20.42,kg,heuristica,CARNE SUÍNA IN NATURA
federal,macarrao,2022,Federal/ES,14.24,kg,heuristica,MACARRÃO
federal,macarrao,2022,Federal/ES,16.36,kg,heuristica,MACARRÃO
federal,macarrao,2022,Federal/ES,16.5,kg,heuristica,MACARRÃO
federal,vinagre,2022,Federal/ES,8.0,litro,heuristica,VINAGRE
federal,carne_bovina,2022,Federal/ES,27.98,kg,heuristica,CARNE BOVINA IN NATURA
federal,carne_bovina,2022,Federal/ES,31.29,kg,heuristica,CARNE BOVINA IN NATURA
federal,carne_bovina,2022,Federal/ES,33.49,kg,heuristica,CARNE BOVINA IN NATURA
federal,carne_bovina,2022,Federal/ES,35.69,kg,heuristica,CARNE BOVINA IN NATURA
federal,carne_bovina,2022,Federal/ES,38.98,kg,heuristica,CARNE BOVINA IN NATURA
federal,carne_suina,2022,Federal/ES,17.65,kg,heuristica,CARNE SUÍNA IN NATURA
federal,carne_suina,2022,Federal/ES,19.89,kg,heuristica,CARNE SUÍNA IN NATURA
federal,leite_po,2022,Federal/ES,89.0,kg,heuristica,LEITE EM PÓ
federal,carne_bovina,2022,Federal/ES,29.98,kg,heuristica,CARNE BOVINA IN NATURA
federal,carne_bovina,2022,Federal/ES,31.91,kg,heuristica,CARNE BOVINA IN NATURA
federal,carne_bovina,2022,Federal/ES,40.83,kg,heuristica,CARNE BOVINA IN NATURA
federal,carne_bovina,2022,Federal/ES,43.3,kg,heuristica,CARNE BOVINA IN NATURA
federal,carne_bovina,2022,Federal/ES,30.04,kg,heuristica,CARNE BOVINA IN NATURA
federal,carne_bovina,2022,Federal/ES,31.86,kg,heuristica,CARNE BOVINA IN NATURA
federal,carne_bovina,2022,Federal/ES,40.84,kg,heuristica,CARNE BOVINA IN NATURA
federal,carne_bovina,2022,Federal/ES,43.81,kg,heuristica,CARNE BOVINA IN NATURA
federal,carne_bovina,2022,Federal/ES,29.98,kg,heuristica,CARNE BOVINA IN NATURA
federal,carne_bovina,2022,Federal/ES,34.32,kg,heuristica,CARNE BOVINA IN NATURA
federal,carne_bovina,2022,Federal/ES,43.81,kg,heuristica,CARNE BOVINA IN NATURA
federal,ar_condicionado,2022,Federal/ES,2760.0,unidade,unitario,AR CONDICIONADO - MANUTENCAO DE SISTEMAS / LIMPEZA
federal,ar_condicionado,2022,Federal/ES,1750.0,unidade,unitario,AR CONDICIONADO - MANUTENCAO DE SISTEMAS / LIMPEZA
federal,ar_condicionado,2022,Federal/ES,1300.0,unidade,unitario,AR CONDICIONADO - MANUTENCAO DE SISTEMAS / LIMPEZA
federal,ar_condicionado,2022,Federal/ES,2353.0,unidade,unitario,AR CONDICIONADO - MANUTENCAO DE SISTEMAS / LIMPEZA
federal,lampada_led,2022,Federal/ES,14.9,unidade,unitario,LÂMPADA LED
federal,tijolo,2022,Federal/ES,2.2,unidade,unitario,BLOCO DE CONCRETO
federal,ar_condicionado,2022,Federal/ES,4439.0,unidade,unitario,AR CONDICIONADO - MANUTENCAO DE APARELHOS DE PAREDE
federal,ar_condicionado,2022,Federal/ES,828.0,unidade,unitario,AR CONDICIONADO - MANUTENCAO DE APARELHOS DE PAREDE
federal,alcool,2022,Federal/ES,6.83,litro,heuristica,ÁLCOOL ETÍLICO
federal,alcool,2022,Federal/ES,7.49,litro,heuristica,ÁLCOOL ETÍLICO
federal,detergente,2022,Federal/ES,3.28,litro,heuristica,DETERGENTE
federal,vassoura,2022,Federal/ES,16.39,unidade,unitario,VASSOURA
federal,tubo_pvc,2022,Federal/ES,27.5,metro,unitario,TUBO PVC SOLDÁVEL
federal,tubo_pvc,2022,Federal/ES,55.0,metro,unitario,TUBO PVC SOLDÁVEL
federal,tubo_pvc,2022,Federal/ES,83.33,metro,unitario,TUBO PVC SOLDÁVEL
federal,tubo_pvc,2022,Federal/ES,18.55,metro,unitario,TUBO PVC SOLDÁVEL
federal,tubo_pvc,2022,Federal/ES,45.05,metro,unitario,TUBO PVC SOLDÁVEL
federal,agua_mineral,2022,Federal/ES,9.79,litro,heuristica,ÁGUA MINERAL NATURAL
federal,lampada_led,2022,Federal/ES,13.79,unidade,unitario,LÂMPADA LED
federal,lampada_led,2022,Federal/ES,20.88,unidade,unitario,LÂMPADA LED
federal,lampada_led,2022,Federal/ES,29.0,unidade,unitario,LÂMPADA LED
federal,lampada_led,2022,Federal/ES,37.26,unidade,unitario,LÂMPADA LED
federal,lampada_led,2022,Federal/ES,77.32,unidade,unitario,LÂMPADA LED
federal,lampada_led,2022,Federal/ES,15.81,unidade,unitario,LÂMPADA LED
federal,tubo_pvc,2022,Federal/ES,18.55,metro,unitario,TUBO PVC SOLDÁVEL
federal,tubo_pvc,2022,Federal/ES,18.0,metro,unitario,TUBO PVC SOLDÁVEL
federal,disjuntor,2022,Federal/ES,34.47,unidade,unitario,DISJUNTOR BAIXA TENSÃO
federal,lampada_led,2022,Federal/ES,16.0,unidade,unitario,LÂMPADA LED
federal,alcool,2022,Federal/ES,11.11,litro,heuristica,ÁLCOOL ETÍLICO
federal,mascara_descartavel,2022,Federal/ES,0.21,unidade,unitario,MÁSCARA CIRÚRGICA
federal,lampada_led,2022,Federal/ES,45.0,unidade,unitario,LÂMPADA LED
federal,disjuntor,2022,Federal/ES,55.0,unidade,unitario,DISJUNTOR BAIXA TENSÃO
federal,disjuntor,2022,Federal/ES,145.31,unidade,unitario,DISJUNTOR BAIXA TENSÃO
federal,extintor,2022,Federal/ES,95.0,unidade,unitario,CARGA EXTINTOR INCÊNDIO
federal,ar_condicionado,2022,Federal/ES,2049.5,unidade,unitario,APARELHO AR CONDICIONADO
federal,ar_condicionado,2022,Federal/ES,2055.0,unidade,unitario,APARELHO AR CONDICIONADO
federal,biscoito,2022,Federal/ES,13.225,kg,heuristica,BISCOITO
federal,biscoito,2022,Federal/ES,12.125,kg,heuristica,BISCOITO
federal,cadeira,2022,Federal/ES,320.0,unidade,unitario,CADEIRA FIXA
federal,tubo_pvc,2022,Federal/ES,17.39,metro,unitario,TUBO PVC SOLDÁVEL
federal,cimento,2022,Federal/ES,36.89,saco_50kg,unitario,CIMENTO PORTLAND
federal,disjuntor,2022,Federal/ES,39.5,unidade,unitario,DISJUNTOR BAIXA TENSÃO
federal,agua_mineral,2022,Federal/ES,9.85,litro,heuristica,ÁGUA MINERAL NATURAL
federal,acucar,2022,Federal/ES,4.195,kg,heuristica,AÇÚCAR
federal,disjuntor,2022,Federal/ES,8.12,unidade,unitario,DISJUNTOR BAIXA TENSÃO
federal,disjuntor,2022,Federal/ES,8.12,unidade,unitario,DISJUNTOR BAIXA TENSÃO
federal,disjuntor,2022,Federal/ES,26.37,unidade,unitario,DISJUNTOR BAIXA TENSÃO
federal,cimento,2022,Federal/ES,39.4,saco_50kg,unitario,CIMENTO PORTLAND
federal,fralda,2022,Federal/ES,0.56,unidade,unitario,FRALDA DESCARTÁVEL
federal,fralda,2022,Federal/ES,0.6,unidade,unitario,FRALDA DESCARTÁVEL
federal,fralda,2022,Federal/ES,0.72,unidade,unitario,FRALDA DESCARTÁVEL
federal,fralda,2022,Federal/ES,1.39,unidade,unitario,FRALDA DESCARTÁVEL
federal,acucar,2022,Federal/ES,5.69,kg,heuristica,AÇÚCAR
federal,farinha_trigo,2022,Federal/ES,5.99,kg,heuristica,FARINHA DE TRIGO
federal,leite_integral,2022,Federal/ES,7.58,litro,heuristica,LEITE FLUIDO
federal,vinagre,2022,Federal/ES,9.8533,litro,heuristica,VINAGRE
federal,agua_sanitaria,2022,Federal/ES,3.98,litro,heuristica,ÁGUA SANITÁRIA
federal,carne_bovina,2022,Federal/ES,49.98,kg,heuristica,CARNE BOVINA IN NATURA
federal,bebedouro,2022,Federal/ES,450.0,unidade,unitario,BEBEDOURO ÁGUA
federal,alcool,2022,Federal/ES,18.0,litro,heuristica,ÁLCOOL ETÍLICO
federal,alcool,2022,Federal/ES,21.95,litro,heuristica,ÁLCOOL ETÍLICO
federal,seringa,2022,Federal/ES,0.56,unidade,unitario,SERINGA
federal,seringa,2022,Federal/ES,0.25,unidade,unitario,SERINGA
federal,ar_condicionado,2022,Federal/ES,860.0,unidade,unitario,AR CONDICIONADO - INSTALACAO/MONTAGEM/DESMONATAGEM/REMOÇÃO -(PAREDE / SISTEMAS)
federal,ar_condicionado,2022,Federal/ES,800.0,unidade,unitario,AR CONDICIONADO - INSTALACAO/MONTAGEM/DESMONATAGEM/REMOÇÃO -(PAREDE / SISTEMAS)
federal,ar_condicionado,2022,Federal/ES,8636.96,unidade,unitario,APARELHO AR CONDICIONADO
federal,bebedouro,2022,Federal/ES,646.27,unidade,unitario,BEBEDOURO ÁGUA GARRAFÃO
federal,diazepam,2022,Federal/ES,1.98,unidade,unitario,DIAZEPAM
federal,metronidazol,2022,Federal/ES,6.4325,unidade,unitario,METRONIDAZOL
federal,bebedouro,2022,Federal/ES,650.0,unidade,unitario,BEBEDOURO ÁGUA GARRAFÃO
federal,bebedouro,2022,Federal/ES,2499.0,unidade,unitario,BEBEDOURO ÁGUA
federal,bebedouro,2022,Federal/ES,729.0,unidade,unitario,BEBEDOURO ÁGUA
federal,apontador,2022,Federal/ES,0.35,unidade,unitario,APONTADOR LÁPIS
federal,apontador,2022,Federal/ES,0.35,unidade,unitario,APONTADOR LÁPIS
federal,caneta_esferografica,2022,Federal/ES,0.47,unidade,unitario,CANETA ESFEROGRÁFICA
federal,caneta_esferografica,2022,Federal/ES,0.47,unidade,unitario,CANETA ESFEROGRÁFICA
federal,caneta_esferografica,2022,Federal/ES,0.48,unidade,unitario,CANETA ESFEROGRÁFICA
federal,caneta_esferografica,2022,Federal/ES,0.48,unidade,unitario,CANETA ESFEROGRÁFICA
federal,caneta_esferografica,2022,Federal/ES,0.48,unidade,unitario,CANETA ESFEROGRÁFICA
federal,caneta_esferografica,2022,Federal/ES,0.48,unidade,unitario,CANETA ESFEROGRÁFICA
federal,pincel_quadro,2022,Federal/ES,1.54,unidade,unitario,PINCEL ATÔMICO
federal,pincel_quadro,2022,Federal/ES,1.54,unidade,unitario,PINCEL ATÔMICO
federal,acucar,2022,Federal/ES,4.05,kg,heuristica,AÇÚCAR
federal,toner,2022,Federal/ES,115.0,unidade,unitario,CARTUCHO TONER IMPRESSORA HP
federal,toner,2022,Federal/ES,110.0,unidade,unitario,CARTUCHO TONER IMPRESSORA HP
federal,toner,2022,Federal/ES,110.0,unidade,unitario,CARTUCHO TONER IMPRESSORA HP
federal,toner,2022,Federal/ES,110.0,unidade,unitario,CARTUCHO TONER IMPRESSORA HP
federal,toner,2022,Federal/ES,92.0,unidade,unitario,CARTUCHO TONER IMPRESSORA HP
federal,caneta_esferografica,2022,Federal/ES,0.68,unidade,unitario,CANETA ESFEROGRÁFICA
federal,lapis,2022,Federal/ES,0.27,unidade,unitario,LÁPIS PRETO
federal,apontador,2022,Federal/ES,0.42,unidade,unitario,APONTADOR LÁPIS
federal,apontador,2022,Federal/ES,0.27,unidade,unitario,APONTADOR LÁPIS
federal,caneta_esferografica,2022,Federal/ES,0.49,unidade,unitario,CANETA ESFEROGRÁFICA
federal,caneta_esferografica,2022,Federal/ES,0.48,unidade,unitario,CANETA ESFEROGRÁFICA
federal,caneta_esferografica,2022,Federal/ES,0.48,unidade,unitario,CANETA ESFEROGRÁFICA
federal,envelope,2022,Federal/ES,0.21,unidade,unitario,ENVELOPE
federal,envelope,2022,Federal/ES,0.225,unidade,unitario,ENVELOPE
federal,envelope,2022,Federal/ES,0.2,unidade,unitario,ENVELOPE
federal,envelope,2022,Federal/ES,0.27,unidade,unitario,ENVELOPE
federal,envelope,2022,Federal/ES,0.69,unidade,unitario,ENVELOPE
federal,grampeador,2022,Federal/ES,7.98,unidade,unitario,GRAMPEADOR
federal,grampeador,2022,Federal/ES,12.0,unidade,unitario,GRAMPO GRAMPEADOR
federal,lapis,2022,Federal/ES,0.29,unidade,unitario,LÁPIS PRETO
federal,pincel_quadro,2022,Federal/ES,1.85,unidade,unitario,PINCEL ATÔMICO
federal,furosemida,2022,Federal/ES,3.27,unidade,unitario,FUROSEMIDA
federal,diazepam,2022,Federal/ES,1.2,unidade,unitario,DIAZEPAM
federal,carne_bovina,2022,Federal/ES,29.9,kg,heuristica,CARNE BOVINA IN NATURA
federal,acucar,2022,Federal/ES,15.3,kg,heuristica,AÇÚCAR
federal,acucar,2022,Federal/ES,18.48,kg,heuristica,AÇÚCAR
federal,acucar,2022,Federal/ES,7.55,kg,heuristica,AÇÚCAR
federal,acucar,2022,Federal/ES,4.99,kg,heuristica,AÇÚCAR
federal,carne_suina,2022,Federal/ES,18.98,kg,heuristica,CARNE SUÍNA IN NATURA
federal,creme_leite,2022,Federal/ES,8.58,kg,heuristica,CREME DE LEITE
federal,farinha_trigo,2022,Federal/ES,9.25,kg,heuristica,FARINHA DE TRIGO
federal,farinha_trigo,2022,Federal/ES,5.99,kg,heuristica,FARINHA DE TRIGO
federal,iogurte,2022,Federal/ES,4.98,litro,heuristica,IOGURTE NATURAL
federal,leite_condensado,2022,Federal/ES,8.99,kg,heuristica,LEITE CONDENSADO
federal,leite_po,2022,Federal/ES,55.0,kg,heuristica,LEITE EM PÓ
federal,leite_po,2022,Federal/ES,49.2,kg,heuristica,LEITE EM PÓ
federal,leite_integral,2022,Federal/ES,5.48,litro,heuristica,LEITE FLUIDO
federal,carne_suina,2022,Federal/ES,19.98,kg,heuristica,CARNE SUÍNA IN NATURA
federal,carne_bovina,2022,Federal/ES,38.9,kg,heuristica,CARNE BOVINA IN NATURA
federal,carne_suina,2022,Federal/ES,18.98,kg,heuristica,CARNE SUÍNA IN NATURA
federal,suco,2022,Federal/ES,5.98,litro,heuristica,SUCO
federal,suco,2022,Federal/ES,6.99,litro,heuristica,SUCO
federal,carne_suina,2022,Federal/ES,12.98,kg,heuristica,CARNE SUÍNA IN NATURA
federal,vinagre,2022,Federal/ES,5.32,litro,heuristica,VINAGRE
federal,vinagre,2022,Federal/ES,9.8533,litro,heuristica,VINAGRE
federal,biscoito,2022,Federal/ES,11.45,kg,heuristica,BISCOITO
federal,suco,2022,Federal/ES,25.0,litro,heuristica,SUCO
federal,leite_integral,2022,Federal/ES,8.9,litro,heuristica,LEITE FLUIDO
federal,farinha_trigo,2022,Federal/ES,7.89,kg,heuristica,FARINHA DE TRIGO
federal,bebedouro,2022,Federal/ES,2357.0,unidade,unitario,BEBEDOURO ÁGUA
federal,bebedouro,2022,Federal/ES,1900.0,unidade,unitario,BEBEDOURO ÁGUA
federal,ar_condicionado,2022,Federal/ES,1578.3333,unidade,unitario,APARELHO AR CONDICIONADO
federal,ar_condicionado,2022,Federal/ES,2349.2857,unidade,unitario,APARELHO AR CONDICIONADO
federal,ar_condicionado,2022,Federal/ES,1000.0,unidade,unitario,AR CONDICIONADO - ESTUDOS E PROJETOS DE SISTEMA
federal,ar_condicionado,2022,Federal/ES,8449.98,unidade,unitario,AR CONDICIONADO - INSTALACAO/MONTAGEM/DESMONATAGEM/REMOÇÃO -(PAREDE / SISTEMAS)
federal,vassoura,2022,Federal/ES,32.54,unidade,unitario,VASSOURA JARDINAGEM
federal,ar_condicionado,2022,Federal/ES,2852.0,unidade,unitario,APARELHO AR CONDICIONADO
federal,ar_condicionado,2022,Federal/ES,1849.33,unidade,unitario,APARELHO AR CONDICIONADO
federal,gasolina,2022,Federal/ES,5.91,litro,quantidade_litros,GASOLINA
federal,diesel,2022,Federal/ES,7.18,litro,quantidade_litros,ÓLEO DIESEL
federal,ar_condicionado,2022,Federal/ES,13156.0,unidade,unitario,APARELHO AR CONDICIONADO
federal,disjuntor,2022,Federal/ES,23.86,unidade,unitario,DISJUNTOR BAIXA TENSÃO
federal,disjuntor,2022,Federal/ES,23.86,unidade,unitario,DISJUNTOR BAIXA TENSÃO
federal,lampada_led,2022,Federal/ES,13.99,unidade,unitario,LÂMPADA LED
federal,lampada_led,2022,Federal/ES,13.99,unidade,unitario,LÂMPADA LED
federal,lampada_led,2022,Federal/ES,12.5,unidade,unitario,LÂMPADA LED
federal,lampada_led,2022,Federal/ES,12.5,unidade,unitario,LÂMPADA LED
federal,alcool,2022,Federal/ES,5.69,litro,heuristica,ÁLCOOL ETÍLICO LIMPEZA DE AMBIENTES
federal,alcool,2022,Federal/ES,6.6,litro,heuristica,ÁLCOOL ETÍLICO LIMPEZA DE AMBIENTES
federal,detergente,2022,Federal/ES,21.62,litro,heuristica,DETERGENTE SANEANTE
federal,detergente,2022,Federal/ES,3.36,litro,heuristica,DETERGENTE
federal,detergente,2022,Federal/ES,27.96,litro,heuristica,DETERGENTE
federal,detergente,2022,Federal/ES,8.6,litro,heuristica,DETERGENTE SANEANTE
federal,papel_higienico,2022,Federal/ES,8.0,rolo,unitario,PAPEL HIGIÊNICO
federal,sabonete,2022,Federal/ES,4.45,unidade,unitario,SABONETE LÍQUIDO
federal,sabonete,2022,Federal/ES,3.32,unidade,unitario,SABONETE LÍQUIDO
federal,desinfetante,2022,Federal/ES,25.9,litro,heuristica,DESINFETANTE
federal,vassoura,2022,Federal/ES,13.07,unidade,unitario,VASSOURA
federal,mascara_descartavel,2022,Federal/ES,0.2,unidade,unitario,MÁSCARA CIRÚRGICA
federal,agua_sanitaria,2022,Federal/ES,3.02,litro,heuristica,ÁGUA SANITÁRIA
federal,alcool,2022,Federal/ES,5.2,litro,heuristica,ÁLCOOL ETÍLICO LIMPEZA DE AMBIENTES
federal,alcool,2022,Federal/ES,6.25,litro,heuristica,ÁLCOOL ETÍLICO LIMPEZA DE AMBIENTES
federal,detergente,2022,Federal/ES,21.58,litro,heuristica,DETERGENTE SANEANTE
federal,detergente,2022,Federal/ES,3.36,litro,heuristica,DETERGENTE
federal,detergente,2022,Federal/ES,27.96,litro,heuristica,DETERGENTE
federal,detergente,2022,Federal/ES,13.8,litro,heuristica,DETERGENTE SANEANTE
federal,papel_higienico,2022,Federal/ES,7.5,rolo,unitario,PAPEL HIGIÊNICO
federal,sabonete,2022,Federal/ES,4.45,unidade,unitario,SABONETE LÍQUIDO
federal,sabonete,2022,Federal/ES,3.32,unidade,unitario,SABONETE LÍQUIDO
federal,desinfetante,2022,Federal/ES,25.9,litro,heuristica,DESINFETANTE
federal,vassoura,2022,Federal/ES,11.34,unidade,unitario,VASSOURA
federal,mascara_descartavel,2022,Federal/ES,0.17,unidade,unitario,MÁSCARA CIRÚRGICA
federal,agua_sanitaria,2022,Federal/ES,3.02,litro,heuristica,ÁGUA SANITÁRIA
federal,alcool,2022,Federal/ES,7.11,litro,heuristica,ÁLCOOL ETÍLICO LIMPEZA DE AMBIENTES
federal,alcool,2022,Federal/ES,6.59,litro,heuristica,ÁLCOOL ETÍLICO LIMPEZA DE AMBIENTES
federal,detergente,2022,Federal/ES,21.4,litro,heuristica,DETERGENTE SANEANTE
federal,detergente,2022,Federal/ES,3.34,litro,heuristica,DETERGENTE
federal,detergente,2022,Federal/ES,27.96,litro,heuristica,DETERGENTE
federal,detergente,2022,Federal/ES,13.8,litro,heuristica,DETERGENTE SANEANTE
federal,papel_higienico,2022,Federal/ES,11.4,rolo,unitario,PAPEL HIGIÊNICO
federal,sabonete,2022,Federal/ES,13.17,unidade,unitario,SABONETE LÍQUIDO
federal,sabonete,2022,Federal/ES,3.32,unidade,unitario,SABONETE LÍQUIDO
federal,desinfetante,2022,Federal/ES,25.9,litro,heuristica,DESINFETANTE
federal,vassoura,2022,Federal/ES,11.93,unidade,unitario,VASSOURA
federal,mascara_descartavel,2022,Federal/ES,0.17,unidade,unitario,MÁSCARA CIRÚRGICA
federal,vassoura,2022,Federal/ES,7.08,unidade,unitario,VASSOURA
federal,mascara_descartavel,2022,Federal/ES,0.1,unidade,unitario,MÁSCARA CIRÚRGICA
federal,dipirona,2022,Federal/ES,0.35,unidade,unitario,DIPIRONA SÓDICA
federal,paracetamol,2022,Federal/ES,0.45,unidade,unitario,PARACETAMOL
federal,paracetamol,2022,Federal/ES,1.1,unidade,unitario,PARACETAMOL
federal,farinha_trigo,2022,Federal/ES,4.49,kg,heuristica,FARINHA DE TRIGO
federal,leite_integral,2022,Federal/ES,5.3,litro,heuristica,LEITE FLUIDO
federal,macarrao,2022,Federal/ES,11.4,kg,heuristica,MACARRÃO
federal,macarrao,2022,Federal/ES,12.2,kg,heuristica,MACARRÃO
federal,carne_suina,2022,Federal/ES,15.47,kg,heuristica,CARNE SUÍNA IN NATURA
federal,carne_suina,2022,Federal/ES,19.98,kg,heuristica,CARNE SUÍNA IN NATURA
federal,carne_suina,2022,Federal/ES,16.94,kg,heuristica,CARNE SUÍNA IN NATURA
federal,carne_suina,2022,Federal/ES,15.75,kg,heuristica,CARNE SUÍNA IN NATURA
federal,farinha_mandioca,2022,Federal/ES,4.13,kg,heuristica,FARINHA DE MANDIOCA
federal,farinha_trigo,2022,Federal/ES,5.39,kg,heuristica,FARINHA DE TRIGO
federal,leite_integral,2022,Federal/ES,5.3,litro,heuristica,LEITE FLUIDO
federal,macarrao,2022,Federal/ES,12.5,kg,heuristica,MACARRÃO
federal,macarrao,2022,Federal/ES,31.18,kg,heuristica,MACARRÃO
federal,carne_suina,2022,Federal/ES,17.19,kg,heuristica,CARNE SUÍNA IN NATURA
federal,carne_suina,2022,Federal/ES,16.8,kg,heuristica,CARNE SUÍNA IN NATURA
federal,carne_suina,2022,Federal/ES,19.89,kg,heuristica,CARNE SUÍNA IN NATURA
federal,farinha_mandioca,2022,Federal/ES,4.13,kg,heuristica,FARINHA DE MANDIOCA
federal,leite_integral,2022,Federal/ES,5.55,litro,heuristica,LEITE FLUIDO
federal,macarrao,2022,Federal/ES,11.62,kg,heuristica,MACARRÃO
federal,macarrao,2022,Federal/ES,13.62,kg,heuristica,MACARRÃO
federal,macarrao,2022,Federal/ES,18.98,kg,heuristica,MACARRÃO
federal,macarrao,2022,Federal/ES,30.98,kg,heuristica,MACARRÃO
federal,carne_bovina,2022,Federal/ES,28.97,kg,heuristica,CARNE BOVINA IN NATURA
federal,carne_suina,2022,Federal/ES,16.47,kg,heuristica,CARNE SUÍNA IN NATURA
federal,carne_suina,2022,Federal/ES,20.9,kg,heuristica,CARNE SUÍNA IN NATURA
federal,carne_suina,2022,Federal/ES,18.39,kg,heuristica,CARNE SUÍNA IN NATURA
federal,carne_suina,2022,Federal/ES,17.39,kg,heuristica,CARNE SUÍNA IN NATURA
federal,carne_suina,2022,Federal/ES,17.39,kg,heuristica,CARNE SUÍNA IN NATURA
federal,carne_suina,2022,Federal/ES,15.64,kg,heuristica,CARNE SUÍNA IN NATURA
federal,carne_suina,2022,Federal/ES,18.2,kg,heuristica,CARNE SUÍNA IN NATURA
federal,carne_suina,2022,Federal/ES,16.6,kg,heuristica,CARNE SUÍNA IN NATURA
federal,carne_suina,2022,Federal/ES,19.89,kg,heuristica,CARNE SUÍNA IN NATURA
federal,notebook,2022,Federal/ES,7399.0,unidade,unitario,NOTEBOOK
federal,notebook,2022,Federal/ES,6490.0,unidade,unitario,NOTEBOOK
federal,impressora,2022,Federal/ES,2121.0,unidade,unitario,IMPRESSORA JATO TINTA
federal,detergente,2022,Federal/ES,10.6,litro,heuristica,DETERGENTE
federal,desinfetante,2022,Federal/ES,14.4,litro,heuristica,DESINFETANTE
federal,alcool,2022,Federal/ES,9.6,litro,heuristica,ÁLCOOL ETÍLICO
federal,alcool,2022,Federal/ES,11.23,litro,heuristica,ÁLCOOL ETÍLICO LIMPEZA DE AMBIENTES
federal,desinfetante,2022,Federal/ES,40.0,litro,heuristica,DESINFETANTE
federal,amoxicilina,2022,Federal/ES,0.2939,unidade,unitario,AMOXICILINA
federal,azitromicina,2022,Federal/ES,0.82,unidade,unitario,AZITROMICINA
federal,ciprofloxacino,2022,Federal/ES,0.29,unidade,unitario,CIPROFLOXACINO CLORIDRATO
federal,dexametasona,2022,Federal/ES,0.39,unidade,unitario,DEXAMETASONA
federal,dexametasona,2022,Federal/ES,7.41,unidade,unitario,DEXAMETASONA
federal,diazepam,2022,Federal/ES,0.915,unidade,unitario,DIAZEPAM
federal,dipirona,2022,Federal/ES,0.16,unidade,unitario,DIPIRONA SÓDICA
federal,enalapril,2022,Federal/ES,0.065,unidade,unitario,ENALAPRIL MALEATO
federal,ibuprofeno,2022,Federal/ES,2.57,unidade,unitario,IBUPROFENO
federal,metformina,2022,Federal/ES,0.145,unidade,unitario,METFORMINA CLORIDRATO
federal,paracetamol,2022,Federal/ES,0.1,unidade,unitario,PARACETAMOL
federal,propranolol,2022,Federal/ES,0.07,unidade,unitario,PROPRANOLOL CLORIDRATO
federal,haloperidol,2022,Federal/ES,0.26,unidade,unitario,HALOPERIDOL
federal,risperidona,2022,Federal/ES,0.13,unidade,unitario,RISPERIDONA
federal,aas,2022,Federal/ES,0.056,unidade,unitario,ÁCIDO ACETILSALICÍLICO
federal,biscoito,2022,Federal/ES,27.55,kg,heuristica,BISCOITO
federal,biscoito,2022,Federal/ES,21.25,kg,heuristica,BISCOITO
federal,bebedouro,2022,Federal/ES,1321.0,unidade,unitario,BEBEDOURO ÁGUA
federal,impressora,2022,Federal/ES,975.0,unidade,unitario,IMPRESSORA LASER
federal,cimento,2022,Federal/ES,36.9,saco_50kg,unitario,CIMENTO PORTLAND
federal,torneira,2022,Federal/ES,72.92,unidade,unitario,TORNEIRA
federal,ar_condicionado,2022,Federal/ES,4280.0,unidade,unitario,AR CONDICIONADO - MANUTENCAO DE APARELHOS DE PAREDE
federal,ar_condicionado,2022,Federal/ES,4280.0,unidade,unitario,AR CONDICIONADO - MANUTENCAO DE APARELHOS DE PAREDE
federal,ar_condicionado,2022,Federal/ES,4280.0,unidade,unitario,AR CONDICIONADO - MANUTENCAO DE APARELHOS DE PAREDE
federal,ar_condicionado,2022,Federal/ES,950.0,unidade,unitario,AR CONDICIONADO - MANUTENCAO DE APARELHOS DE PAREDE
federal,cadeira,2022,Federal/ES,120.0,unidade,unitario,CADEIRA FIXA
federal,seringa,2022,Federal/ES,2.32,unidade,unitario,SERINGA
federal,seringa,2022,Federal/ES,2.7,unidade,unitario,SERINGA
federal,dexametasona,2022,Federal/ES,2.47,unidade,unitario,DEXAMETASONA
federal,fluoxetina,2022,Federal/ES,0.1,unidade,unitario,FLUOXETINA
federal,furosemida,2022,Federal/ES,1.9,unidade,unitario,FUROSEMIDA
federal,haloperidol,2022,Federal/ES,3.59,unidade,unitario,HALOPERIDOL
federal,paracetamol,2022,Federal/ES,1.38,unidade,unitario,PARACETAMOL
federal,acucar,2022,Federal/ES,4.5,kg,heuristica,AÇÚCAR
federal,leite_po,2022,Federal/ES,49.5,kg,heuristica,LEITE EM PÓ
federal,leite_integral,2022,Federal/ES,6.4,litro,heuristica,LEITE FLUIDO
federal,leite_integral,2022,Federal/ES,6.6,litro,heuristica,LEITE FLUIDO
federal,achocolatado,2022,Federal/ES,14.625,kg,heuristica,ACHOCOLATADO
federal,detergente,2022,Federal/ES,5.0,litro,heuristica,DETERGENTE
federal,papel_higienico,2022,Federal/ES,0.83,rolo,unitario,PAPEL HIGIÊNICO
federal,acucar,2022,Federal/ES,7.56,kg,heuristica,AÇÚCAR
federal,acucar,2022,Federal/ES,4.89,kg,heuristica,AÇÚCAR
federal,carne_bovina,2022,Federal/ES,47.29,kg,heuristica,CARNE BOVINA IN NATURA
federal,carne_bovina,2022,Federal/ES,48.92,kg,heuristica,CARNE BOVINA IN NATURA
federal,farinha_trigo,2022,Federal/ES,5.96,kg,heuristica,FARINHA DE TRIGO
federal,leite_condensado,2022,Federal/ES,8.75,kg,heuristica,LEITE CONDENSADO
federal,leite_po,2022,Federal/ES,50.35,kg,heuristica,LEITE EM PÓ
federal,leite_integral,2022,Federal/ES,5.87,litro,heuristica,LEITE FLUIDO
federal,macarrao,2022,Federal/ES,10.04,kg,heuristica,MACARRÃO
federal,carne_bovina,2022,Federal/ES,29.93,kg,heuristica,CARNE BOVINA IN NATURA
federal,carne_bovina,2022,Federal/ES,37.7,kg,heuristica,CARNE BOVINA IN NATURA
federal,vinagre,2022,Federal/ES,7.9333,litro,heuristica,VINAGRE
federal,carne_bovina,2022,Federal/ES,36.9,kg,heuristica,CARNE BOVINA IN NATURA
federal,macarrao,2022,Federal/ES,15.5,kg,heuristica,MACARRÃO
federal,acucar,2022,Federal/ES,4.99,kg,heuristica,AÇÚCAR
federal,carne_bovina,2022,Federal/ES,47.98,kg,heuristica,CARNE BOVINA IN NATURA
federal,carne_bovina,2022,Federal/ES,47.98,kg,heuristica,CARNE BOVINA IN NATURA
federal,creme_leite,2022,Federal/ES,9.99,kg,heuristica,CREME DE LEITE
federal,farinha_trigo,2022,Federal/ES,5.99,kg,heuristica,FARINHA DE TRIGO
federal,leite_condensado,2022,Federal/ES,8.99,kg,heuristica,LEITE CONDENSADO
federal,leite_po,2022,Federal/ES,52.45,kg,heuristica,LEITE EM PÓ
federal,leite_integral,2022,Federal/ES,5.38,litro,heuristica,LEITE FLUIDO
federal,macarrao,2022,Federal/ES,10.96,kg,heuristica,MACARRÃO
federal,carne_bovina,2022,Federal/ES,29.9,kg,heuristica,CARNE BOVINA IN NATURA
federal,carne_bovina,2022,Federal/ES,35.9,kg,heuristica,CARNE BOVINA IN NATURA
federal,macarrao,2022,Federal/ES,14.2,kg,heuristica,MACARRÃO
federal,acucar,2022,Federal/ES,7.55,kg,heuristica,AÇÚCAR
federal,carne_bovina,2022,Federal/ES,36.9,kg,heuristica,CARNE BOVINA IN NATURA
federal,vinagre,2022,Federal/ES,10.6533,litro,heuristica,VINAGRE
federal,grampeador,2022,Federal/ES,19.9,unidade,unitario,GRAMPEADOR
federal,apontador,2022,Federal/ES,2.06,unidade,unitario,APONTADOR LÁPIS
federal,pneu,2022,Federal/ES,106.0,unidade,unitario,PNEU CARRINHO MÃO
federal,torneira,2022,Federal/ES,112.83,unidade,unitario,TORNEIRA
federal,torneira,2022,Federal/ES,53.55,unidade,unitario,TORNEIRA
federal,torneira,2022,Federal/ES,35.64,unidade,unitario,TORNEIRA
federal,torneira,2022,Federal/ES,5.12,unidade,unitario,TORNEIRA
federal,alcool,2022,Federal/ES,13.0,litro,heuristica,ÁLCOOL ETÍLICO
federal,alcool,2022,Federal/ES,14.4,litro,heuristica,ÁLCOOL ETÍLICO
federal,alcool,2022,Federal/ES,22.92,litro,heuristica,ÁLCOOL ETÍLICO
federal,agua_mineral,2022,Federal/ES,8.87,litro,heuristica,ÁGUA MINERAL NATURAL
federal,luva_procedimento,2022,Federal/ES,39.0,caixa_100,unitario,LUVA CIRÚRGICA
federal,luva_procedimento,2022,Federal/ES,39.0,caixa_100,unitario,LUVA CIRÚRGICA
federal,luva_procedimento,2022,Federal/ES,32.25,caixa_100,unitario,LUVA CIRÚRGICA
federal,luva_procedimento,2022,Federal/ES,30.0,caixa_100,unitario,LUVA CIRÚRGICA
federal,seringa,2022,Federal/ES,0.42,unidade,unitario,SERINGA
federal,seringa,2022,Federal/ES,0.53,unidade,unitario,SERINGA
federal,alcool,2022,Federal/ES,11.0,litro,heuristica,ÁLCOOL ETÍLICO
federal,farinha_mandioca,2022,Federal/ES,5.75,kg,heuristica,FARINHA DE MANDIOCA
federal,farinha_mandioca,2022,Federal/ES,5.45,kg,heuristica,FARINHA DE MANDIOCA
federal,farinha_mandioca,2022,Federal/ES,5.75,kg,heuristica,FARINHA DE MANDIOCA
federal,ar_condicionado,2022,Federal/ES,5060.0,unidade,unitario,AR CONDICIONADO - MANUTENCAO SISTEMA CENTRAL
federal,toner,2022,Federal/ES,110.0,unidade,unitario,CARTUCHO TONER IMPRESSORA / COPIADORA XEROX
federal,ar_condicionado,2022,Federal/ES,890.0,unidade,unitario,AR CONDICIONADO - MANUTENCAO DE APARELHOS DE PAREDE
federal,cadeira,2022,Federal/ES,370.0,unidade,unitario,CADEIRA ESCOLAR
federal,torneira,2022,Federal/ES,100.0,unidade,unitario,TORNEIRA
federal,extintor,2022,Federal/ES,49.0,unidade,unitario,CARGA EXTINTOR INCÊNDIO
federal,extintor,2022,Federal/ES,49.0,unidade,unitario,CARGA EXTINTOR INCÊNDIO
federal,seringa,2022,Federal/ES,0.7,unidade,unitario,SERINGA
federal,seringa,2022,Federal/ES,0.75,unidade,unitario,SERINGA
federal,seringa,2022,Federal/ES,1.0,unidade,unitario,SERINGA
federal,seringa,2022,Federal/ES,1.5,unidade,unitario,SERINGA
federal,lampada_led,2022,Federal/ES,28.99,unidade,unitario,LÂMPADA LED
federal,lampada_led,2022,Federal/ES,20.49,unidade,unitario,LÂMPADA LED
federal,vassoura,2022,Federal/ES,21.96,unidade,unitario,VASSOURA
federal,vassoura,2022,Federal/ES,19.12,unidade,unitario,VASSOURA
federal,polpa_fruta,2022,Federal/ES,22.63,kg,heuristica,POLPA DE FRUTA
federal,seringa,2022,Federal/ES,1.8,unidade,unitario,SERINGA
federal,seringa,2022,Federal/ES,0.15,unidade,unitario,SERINGA
federal,seringa,2022,Federal/ES,0.17,unidade,unitario,SERINGA
federal,seringa,2022,Federal/ES,0.299,unidade,unitario,SERINGA
federal,seringa,2022,Federal/ES,0.48,unidade,unitario,SERINGA
federal,seringa,2022,Federal/ES,0.16,unidade,unitario,SERINGA
federal,seringa,2022,Federal/ES,0.69,unidade,unitario,SERINGA
federal,seringa,2022,Federal/ES,1.75,unidade,unitario,SERINGA
federal,seringa,2022,Federal/ES,4.25,unidade,unitario,SERINGA
federal,polpa_fruta,2022,Federal/ES,11.0,kg,heuristica,POLPA DE FRUTA
federal,alcool,2022,Federal/ES,17.65,litro,heuristica,ÁLCOOL ETÍLICO
federal,lampada_led,2022,Federal/ES,5.79,unidade,unitario,LÂMPADA LED
federal,lampada_led,2022,Federal/ES,12.47,unidade,unitario,LÂMPADA LED
federal,bebedouro,2022,Federal/ES,785.0,unidade,unitario,BEBEDOURO ÁGUA
federal,bebedouro,2022,Federal/ES,672.1,unidade,unitario,BEBEDOURO ÁGUA GARRAFÃO
federal,bebedouro,2022,Federal/ES,1900.0,unidade,unitario,BEBEDOURO ÁGUA
federal,ar_condicionado,2024,Federal/ES,18000.0,unidade,unitario,"Estudos e Projetos de Sistemas de Refrigeração Estudos e Projetos de Sistemas de Refrigeração, contratação de empresa es"
federal,bebedouro,2024,Federal/ES,340.0,unidade,unitario,Manutenção de Geladeiras e Bebedouros Manutenção preventiva/corretiva do Bebedouro IBBL - 1068 -- 33997085 Manutenção de
federal,bebedouro,2024,Federal/ES,583.33,unidade,unitario,"Manutenção de Geladeiras e Bebedouros Manutenção em bebedouro industrial de inox 4 torneiras 200 L (Modelo WFS010)
 Manu"
federal,bebedouro,2024,Federal/ES,305.0,unidade,unitario,Manutenção de Geladeiras e Bebedouros Manutenção preventiva/ corretiva do Bebedouro IBBL - 502 -- 33996587 Manutenção de
federal,bebedouro,2024,Federal/ES,390.0,unidade,unitario,Manutenção de Geladeiras e Bebedouros Manutenção preventiva/corretiva do Bebedouro INOX PURIPRESS PRESSÃO 127V - INMA 18
federal,bebedouro,2024,Federal/ES,340.0,unidade,unitario,Manutenção de Geladeiras e Bebedouros Manutenção preventiva/corretiva do Bebedouro IBBL - 1071 - 33997087 Manutenção de 
federal,ar_condicionado,2024,Federal/ES,850.0,unidade,unitario,Ar Condicionado - Instalação/Montagem/Desmontagem/Remoção - (Parede / Sistemas) Serviço de instalação de equipamento de 
federal,ar_condicionado,2024,Federal/ES,1200.0,unidade,unitario,Ar Condicionado - Instalação/Montagem/Desmontagem/Remoção - (Parede / Sistemas) Ar Condicionado - Instalação/Montagem/De
federal,ar_condicionado,2024,Federal/ES,850.0,unidade,unitario,Ar Condicionado - Instalação/Montagem/Desmontagem/Remoção - (Parede / Sistemas) Serviço de instalação de equipamento de 
federal,ar_condicionado,2024,Federal/ES,850.0,unidade,unitario,Ar Condicionado - Instalação/Montagem/Desmontagem/Remoção - (Parede / Sistemas) Serviço de instalação de equipamento de 
federal,ar_condicionado,2024,Federal/ES,1200.0,unidade,unitario,Ar condicionado - instalação/montagem/desmontagem/remoção - (parede / sistemas) Serviço de instalação de equipamento de 
federal,ar_condicionado,2024,Federal/ES,850.0,unidade,unitario,Ar condicionado - instalação/montagem/desmontagem/remoção - (parede / sistemas) Serviço de instalação de equipamento de 
federal,ar_condicionado,2024,Federal/ES,2800.0,unidade,unitario,Ar condicionado - instalação/montagem/desmontagem/remoção - (parede / sistemas) Serviço de instalação de equipamento de 
federal,ar_condicionado,2024,Federal/ES,2800.0,unidade,unitario,Ar Condicionado - Instalação/Montagem/Desmontagem/Remoção - (Parede / Sistemas) Ar Condicionado - Instalação/Montagem/De
federal,ar_condicionado,2024,Federal/ES,850.0,unidade,unitario,Ar Condicionado - Instalação/Montagem/Desmontagem/Remoção - (Parede / Sistemas) Serviço de instalação de equipamento de 
federal,ar_condicionado,2024,Federal/ES,3200.0,unidade,unitario,Ar Condicionado - Instalação/Montagem/Desmontagem/Remoção - (Parede / Sistemas) Instalação de condicionador de ar SPLIT 
federal,ar_condicionado,2024,Federal/ES,850.0,unidade,unitario,Ar Condicionado - Instalação/Montagem/Desmontagem/Remoção - (Parede / Sistemas) Serviço de instalação de equipamento de 
federal,ar_condicionado,2024,Federal/ES,850.0,unidade,unitario,Ar Condicionado - Instalação/Montagem/Desmontagem/Remoção - (Parede / Sistemas) Ar Condicionado - Instalação/Montagem/De
federal,ar_condicionado,2024,Federal/ES,1200.0,unidade,unitario,Ar Condicionado - Instalação/Montagem/Desmontagem/Remoção - (Parede / Sistemas) Serviço de instalação de equipamento de 
federal,ar_condicionado,2024,Federal/ES,850.0,unidade,unitario,Ar Condicionado - Instalação/Montagem/Desmontagem/Remoção - (Parede / Sistemas) Serviço de instalação de equipamento de 
federal,ar_condicionado,2024,Federal/ES,1600.0,unidade,unitario,Ar Condicionado - Instalação/Montagem/Desmontagem/Remoção - (Parede / Sistemas) Instalação de condicionador de ar SPLIT 
federal,ar_condicionado,2024,Federal/ES,1600.0,unidade,unitario,Ar Condicionado - Instalação/Montagem/Desmontagem/Remoção - (Parede / Sistemas) Instalação de condicionador de ar SPLIT 
federal,ar_condicionado,2024,Federal/ES,1600.0,unidade,unitario,Ar Condicionado - Instalação/Montagem/Desmontagem/Remoção - (Parede / Sistemas) Instalação de condicionador de ar SPLIT 
federal,ar_condicionado,2024,Federal/ES,2800.0,unidade,unitario,Ar Condicionado - Instalação/Montagem/Desmontagem/Remoção - (Parede / Sistemas) Ar Condicionado - Instalação/Montagem/De
federal,ar_condicionado,2024,Federal/ES,1200.0,unidade,unitario,Ar condicionado - instalação/montagem/desmontagem/remoção - (parede / sistemas) Serviço de instalação de equipamento de 
federal,ar_condicionado,2024,Federal/ES,850.0,unidade,unitario,Ar condicionado - instalação/montagem/desmontagem/remoção - (parede / sistemas) Serviço de instalação de equipamento de 
federal,ar_condicionado,2024,Federal/ES,850.0,unidade,unitario,Ar Condicionado - Instalação/Montagem/Desmontagem/Remoção - (Parede / Sistemas) Serviço de instalação de equipamento de 
federal,ar_condicionado,2024,Federal/ES,850.0,unidade,unitario,Ar Condicionado - Instalação/Montagem/Desmontagem/Remoção - (Parede / Sistemas) Serviço de instalação de equipamento de 
federal,ar_condicionado,2024,Federal/ES,850.0,unidade,unitario,Ar Condicionado - Instalação/Montagem/Desmontagem/Remoção - (Parede / Sistemas) Serviço de instalação de equipamento de 
federal,ar_condicionado,2024,Federal/ES,850.0,unidade,unitario,Ar condicionado - instalação/montagem/desmontagem/remoção - (parede / sistemas) Serviço de instalação de equipamento de 
federal,ar_condicionado,2024,Federal/ES,1200.0,unidade,unitario,Ar Condicionado - Instalação/Montagem/Desmontagem/Remoção - (Parede / Sistemas) Serviço de instalação de equipamento de 
federal,ar_condicionado,2024,Federal/ES,2800.0,unidade,unitario,Ar Condicionado - Instalação/Montagem/Desmontagem/Remoção - (Parede / Sistemas) Serviço de instalação de equipamento de 
federal,ar_condicionado,2024,Federal/ES,1200.0,unidade,unitario,Ar condicionado - instalação/montagem/desmontagem/remoção - (parede / sistemas) Serviço de instalação de equipamento de 
federal,ar_condicionado,2024,Federal/ES,850.0,unidade,unitario,Ar Condicionado - Instalação/Montagem/Desmontagem/Remoção - (Parede / Sistemas) Serviço de instalação de equipamento de 
federal,ar_condicionado,2024,Federal/ES,850.0,unidade,unitario,Ar Condicionado - Instalação/Montagem/Desmontagem/Remoção - (Parede / Sistemas) Serviço de instalação de equipamento de 
federal,ar_condicionado,2024,Federal/ES,1549.64,unidade,unitario,Ar Condicionado - Instalação/Montagem/Desmontagem/Remoção - (Parede / Sistemas) Ar Condicionado - Instalação/Montagem/De
federal,ar_condicionado,2023,Federal/ES,840.0,unidade,unitario,Ar Condicionado - Instalação/Montagem/Desmontagem/Remoção - (Parede / Sistemas) Ar Condicionado - Instalação/Montagem ap
federal,ar_condicionado,2023,Federal/ES,840.0,unidade,unitario,Ar Condicionado - Instalação/Montagem/Desmontagem/Remoção - (Parede / Sistemas) Ar Condicionado - Instalação/Montagem ap
federal,ar_condicionado,2023,Federal/ES,2315.0,unidade,unitario,Ar Condicionado - Instalação/Montagem/Desmontagem/Remoção - (Parede / Sistemas) Ar Condicionado - Instalação/Montagem ap
federal,ar_condicionado,2023,Federal/ES,2350.0,unidade,unitario,Ar Condicionado - Instalação/Montagem/Desmontagem/Remoção - (Parede / Sistemas) Ar Condicionado - Instalação/Montagem ap
federal,ar_condicionado,2023,Federal/ES,2160.0,unidade,unitario,Ar Condicionado - Instalação/Montagem/Desmontagem/Remoção - (Parede / Sistemas) Ar Condicionado - Instalação/Montagem ap
federal,ar_condicionado,2023,Federal/ES,2315.0,unidade,unitario,Ar Condicionado - Instalação/Montagem/Desmontagem/Remoção - (Parede / Sistemas) Ar Condicionado - Instalação/Montagem ap
federal,ar_condicionado,2023,Federal/ES,1520.0,unidade,unitario,Ar Condicionado - Instalação/Montagem/Desmontagem/Remoção - (Parede / Sistemas) Ar Condicionado - Instalação/Montagem ap
federal,ar_condicionado,2023,Federal/ES,1690.0,unidade,unitario,Ar Condicionado - Instalação/Montagem/Desmontagem/Remoção - (Parede / Sistemas) Ar Condicionado - Instalação/Montagem ap
federal,ar_condicionado,2024,Federal/ES,16298.86,unidade,unitario,Ar Condicionado - Instalação/Montagem/Desmontagem/Remoção - (Parede / Sistemas) Ar Condicionado - Instalação/Montagem/De
federal,ar_condicionado,2024,Federal/ES,1333.0,unidade,unitario,Ar Condicionado - Instalação/Montagem/Desmontagem/Remoção - (Parede / Sistemas) Ar Condicionado - Instalação/Montagem/De
federal,ar_condicionado,2024,Federal/ES,3116.33,unidade,unitario,Ar Condicionado - Instalação/Montagem/Desmontagem/Remoção - (Parede / Sistemas) Ar Condicionado - Instalação/Montagem/De
federal,ar_condicionado,2024,Federal/ES,1466.33,unidade,unitario,Ar Condicionado - Instalação/Montagem/Desmontagem/Remoção - (Parede / Sistemas) Ar Condicionado - Instalação/Montagem/De
federal,suco,2024,Federal/ES,25.21,litro,heuristica,"Fornecimento de Refeições / Lanches / Salgados / Doces Kit lanche
Cada kit lanche deve conter:
- um suco de caixinha (em"
federal,suco,2024,Federal/ES,13.9,litro,heuristica,Fornecimento de Refeições / Lanches / Salgados / Doces Kit lanche Cada kit lanche deve conter: um suco de caixinha (em c
federal,acucar,2024,Federal/ES,22.0,kg,heuristica,Fornecimento de Refeições / Lanches / Salgados / Doces Coffee break Serviço de coffee break deve ser composto por: - caf
federal,requeijao,2024,Federal/ES,14.0,kg,heuristica,"Fornecimento de Refeições / Lanches / Salgados / Doces Kit lanche dia do estudante
2.1 Pão de batata assado:
Recheio de "
federal,acucar,2024,Federal/ES,22.0,kg,heuristica,"Fornecimento de Refeições / Lanches / Salgados / Doces Coffee break
Serviço de coffee break deve ser composto por:
- caf"
federal,suco,2024,Federal/ES,30.0,litro,heuristica,"Cantina / bar / lanchonete / refeição rápida / restaurante Fornecimento de alimentação (JANTAR) sendo:

Marmita G indivi"
federal,suco,2024,Federal/ES,30.0,litro,heuristica,"Cantina / bar / lanchonete / refeição rápida / restaurante Fornecimento de alimentação (ALMOÇO) sendo:

Marmita G indivi"
federal,extintor,2024,Federal/ES,75.0,unidade,unitario,"Manutenção extintores / mangueiras - combate incêndio Recarga de Extintor C02 de 06 Kg 
Números de Patrimônios: 33997909"
federal,extintor,2024,Federal/ES,75.0,unidade,unitario,"Manutenção extintores / mangueiras - combate incêndio Recarga de Extintor C02 de 06 Kg 
Números de Patrimônios: 33997375"
federal,alcool,2024,Federal/ES,8.43,litro,unidade_declarada,Álcool Etílico 
federal,desinfetante,2024,Federal/ES,8.05,litro,unidade_declarada,Desinfetante 
federal,toner,2024,Federal/ES,188.93,unidade,unitario,Cartucho toner impressora hp 
federal,ar_condicionado,2024,Federal/ES,2737.0,unidade,unitario,"Aparelho Ar Condicionado tipo: split, modelo: hi wall, capacidade refrigeração: 7.000, tensão: 220, características adic"
federal,ar_condicionado,2024,Federal/ES,2923.0,unidade,unitario,"Aparelho Ar Condicionado tipo: split hi wall, capacidade refrigeração: 12.000, tensão: 220, freqüência: 60, característi"
federal,ar_condicionado,2024,Federal/ES,8136.6,unidade,unitario,"Aparelho ar condicionado Aparelho Ar Condicionado Tipo: Split Cassete , Capacidade Refrigeração: 60.000 BTU/H, Tensão: 1"
federal,ar_condicionado,2024,Federal/ES,13099.0,unidade,unitario,"Aparelho ar condicionado APARELHO AR CONDICIONADO, CAPACIDADE REFRIGERAÇÃO 60.000 BTU/H, TENSÃO 110/220 V, TIPO SPLIT CA"
federal,ar_condicionado,2024,Federal/ES,9478.0,unidade,unitario,"Aparelho ar condicionado APARELHO AR CONDICIONADO, CAPACIDADE REFRIGERAÇÃO 48.000 BTU/H, TENSÃO 110/220 V, TIPO SPLIT PI"
federal,ar_condicionado,2024,Federal/ES,8182.9,unidade,unitario,"Aparelho ar condicionado Aparelho Ar Condicionado Tipo: Split Piso Teto , Capacidade Refrigeração: 48.000 BTU/H, Tensão:"
federal,ar_condicionado,2024,Federal/ES,12399.99,unidade,unitario,"Aparelho ar condicionado APARELHO AR CONDICIONADO, CAPACIDADE REFRIGERAÇÃO 48.000 BTU/H, TENSÃO 110/220 V, TIPO SPLIT PI"
federal,ar_condicionado,2024,Federal/ES,5500.0,unidade,unitario,Locação Aparelho Ar Condicionado Aluguel e instalação de 4 un. de climatizador de ar evaporativo de 20.000 btus. Locação
federal,ar_condicionado,2024,Federal/ES,16959.0,unidade,unitario,"Aparelho ar condicionado APARELHO AR CONDICIONADO, CAPACIDADE REFRIGERAÇÃO 60.000 BTU/H, VAZÃO AR 1.750M3/H, TENSÃO 220 "
federal,ar_condicionado,2024,Federal/ES,8383.23,unidade,unitario,"Aparelho ar condicionado Aparelho Ar Condicionado Tipo: Split , Modelo: Parede/Teto , Capacidade Refrigeração: 60.000 BT"
federal,ar_condicionado,2024,Federal/ES,4385.93,unidade,unitario,"Aparelho ar condicionado Aparelho Ar Condicionado Capacidade Refrigeração: 30.000 BTU/H, Tensão: 220 V, Freqüência: 60 H"
federal,gas_glp,2024,Federal/ES,92.3,botijao_13kg,unitario,"Regulador Gás Regulador Gás Material: Alumínio Fundido, Tipo Fechamento: Redistro Manual, Componente: Alavanca, Tipo Ros"
federal,biscoito,2024,Federal/ES,9.725,kg,heuristica,"Biscoito tipo: peta, ingredientes: polvilho, classificação: salgado Biscoito tipo: peta, ingredientes: polvilho, classif"
federal,tubo_pvc,2024,Federal/ES,33.8,metro,unitario,"Tubo Pvc Soldável Tubo Pvc Soldável Aplicação: Hidráulica , Cor: Marrom , Diâmetro Nominal: 32 MM, Comprimento: 6 M, Com"
federal,tubo_pvc,2024,Federal/ES,31.0,metro,unitario,"Tubo Pvc Soldável Tubo Pvc Soldável Aplicação: Hidráulica , Cor: Marrom , Diâmetro Nominal: 32 MM, Comprimento: 6 M, Com"
federal,tubo_pvc,2024,Federal/ES,60.37,metro,unitario,"Tubo Pvc Soldável Tubo Pvc Soldável Aplicação: Hidráulica , Cor: Marrom , Diâmetro Nominal: 32 MM, Comprimento: 6 M, Com"
federal,biscoito,2024,Federal/ES,5.425,kg,heuristica,"Biscoito Biscoito Apresentação: Redondo , Sabor: Morango , Características Adicionais: Com Recheio , Classificação: Doce"
federal,acucar,2024,Federal/ES,20.9,kg,heuristica,"Vinho cor: branco, classe: mesa, teor açúcar: seco Vinho cor: branco, classe: mesa, teor açúcar: seco"
federal,acucar,2024,Federal/ES,20.9,kg,heuristica,"Vinho cor: branco, classe: mesa, teor açúcar: seco Vinho cor: branco, classe: mesa, teor açúcar: seco"
federal,detergente,2024,Federal/ES,3.1,litro,heuristica,"Detergente DETERGENTE líquido neutro, viscoso, para uso geral, preparado com tensoativo aniônico, biodegradável. Deverá "
federal,apontador,2024,Federal/ES,3.61,unidade,unitario,"Apontador Lápis Apontador Lápis Material: Metal , Tipo: Escolar , Cor: Prateado , Tamanho: Pequeno , Quantidade Furos: 1"
federal,ar_condicionado,2024,Federal/ES,6000.0,unidade,unitario,Ar Condicionado - Manutenção Sistema Central Ar Condicionado - Manutenção Sistema Central Ar Condicionado - Manutenção S
federal,ar_condicionado,2024,Federal/ES,5900.0,unidade,unitario,Ar condicionado - manutenção sistema central Ar condicionado - manutenção sistema central Ar condicionado - manutenção s
federal,toner,2024,Federal/ES,100.0,unidade,unitario,Aluguel de Impressora / Multifuncional / Plotter /Scanner Aluguel de Impressora / Multifuncional / Plotter /Scanner - Im
federal,sabonete,2024,Federal/ES,12.94,unidade,unitario,"Sabonete Líquido Sabonete Líquido Aspecto Físico: Líquido Cremoso Perolado, Cor: Branca, Acidez: NeutroPH, Aplicação: Co"
federal,torneira,2024,Federal/ES,36.345,unidade,unitario,"Garrafa Térmica Garrafa Térmica Material: Plástico, Capacidade: 5L, Características Adicionais: Sem Torneira Com Tampa R"
federal,amoxicilina,2024,Federal/ES,0.35,unidade,unitario,Amoxicilina Amoxicilina Concentração: 500mg
federal,fluoxetina,2024,Federal/ES,0.08,unidade,unitario,Fluoxetina Fluoxetina Dosagem: 20 M
federal,fluoxetina,2024,Federal/ES,0.119,unidade,unitario,Fluoxetina Fluoxetina Dosagem: 20 M
federal,tubo_pvc,2024,Federal/ES,75.43,metro,unitario,"Tubo Pvc Soldável Tubo Pvc Soldável Aplicação: Hidráulica , Cor: Marrom , Diâmetro Nominal: 50 MM, Comprimento: 6 M, Com"
federal,tubo_pvc,2024,Federal/ES,69.0,metro,unitario,"Tubo Pvc Soldável Tubo Pvc Soldável Aplicação: Hidráulica , Cor: Marrom , Diâmetro Nominal: 50 MM, Comprimento: 6 M, Com"
federal,brita,2024,Federal/ES,155.51,m3,unitario,"Brita Brita Material: Rocha Triturada , Tamanho: Brita 0"
federal,brita,2024,Federal/ES,155.51,m3,unitario,"Brita Brita Material: Rocha Triturada , Tamanho: Brita 0"
federal,agua_sanitaria,2024,Federal/ES,19.46,litro,heuristica,"Água Sanitária Água Sanitária Composição Química: Hipoclorito De Sódio, Hidróxido De Sódio, Cloreto , Teor Cloro Ativo: "
federal,agua_sanitaria,2024,Federal/ES,1.99,litro,unidade_declarada,"Água sanitária Água Sanitária Composição Química: Hipoclorito De Sódio, Hidróxido De Sódio, Cloreto , Teor Cloro Ativo: "
federal,tubo_pvc,2024,Federal/ES,70.54,metro,unitario,"Tubo Pvc Soldável Tubo Pvc Soldável Aplicação: Hidráulica , Cor: Marrom , Diâmetro Nominal: 40 MM, Comprimento: 6 M, Com"
federal,tubo_pvc,2024,Federal/ES,69.0,metro,unitario,"Tubo Pvc Soldável Tubo Pvc Soldável Aplicação: Hidráulica , Cor: Marrom , Diâmetro Nominal: 40 MM, Comprimento: 6 M, Com"
federal,tubo_pvc,2024,Federal/ES,20.82,metro,unitario,"Tubo Pvc Soldável Tubo Pvc Soldável Aplicação: Instalações Prediais Água Fria , Diâmetro Nominal: 25 MM, Comprimento: 6 "
federal,tubo_pvc,2024,Federal/ES,18.2,metro,unitario,"Tubo Pvc Soldável Tubo Pvc Soldável Aplicação: Instalações Prediais Água Fria , Diâmetro Nominal: 25 MM, Comprimento: 6 "
federal,brita,2024,Federal/ES,198.91,m3,unitario,"Brita material: rocha triturada, tamanho: brita 1 Brita material: rocha triturada, tamanho: brita 1"
federal,brita,2024,Federal/ES,138.93,m3,unitario,"Brita Brita Material: Rocha Triturada , Tamanho: Brita 1"
federal,brita,2024,Federal/ES,138.93,m3,unitario,"Brita Brita Material: Rocha Triturada , Tamanho: Brita 1"
federal,brita,2024,Federal/ES,136.5,m3,unitario,"Brita Brita Material: Rocha Triturada , Tamanho: Brita 1"
federal,brita,2024,Federal/ES,195.73,m3,unitario,"Brita Brita Material: Rocha Triturada, Tamanho: Brita 1"
federal,canjica,2024,Federal/ES,3.59,kg,heuristica,"Milho tipo: grão, aplicação: mungunzá (canjica) Milho tipo: grão, aplicação: mungunzá (canjica)"
federal,dexametasona,2024,Federal/ES,0.992,unidade,unitario,"Dexametasona Dexametasona Dosagem: 4 MG/ML, Forma Farmacêutica: Solução Injetável"
federal,omeprazol,2024,Federal/ES,8.45,unidade,unitario,"Omeprazol Omeprazol Concentração: 40 MG, Uso: Injetável"
federal,bebedouro,2024,Federal/ES,2000.0,unidade,unitario,"Bebedouro água Bebedouro Água Acabamento Externo: Inoxidado , Altura: 1,10 M, Largura: O,50 M, Características Adicionai"
federal,ar_condicionado,2024,Federal/ES,3890.3,unidade,unitario,"Aparelho ar condicionado Aparelho Ar Condicionado Tipo: Split , Modelo: Parede , Capacidade Refrigeração: 24.000 BTU/H, "
federal,ar_condicionado,2024,Federal/ES,7820.0,unidade,unitario,"Aparelho ar condicionado APARELHO AR CONDICIONADO, CAPACIDADE REFRIGERAÇÃO 24.000 BTU/H, CAPACIDADEAQUECIMENTO 24.000 BT"
federal,ar_condicionado,2024,Federal/ES,3422.93,unidade,unitario,"Aparelho ar condicionado Aparelho Ar Condicionado Tipo: Split , Modelo: Parede , Capacidade Refrigeração: 24.000 BTU/H, "
federal,acucar,2024,Federal/ES,23.99,kg,heuristica,"Broa De Fubá ingredientes: açucar, farinha de trigo, farinha de milho e ovo, aplicação: alimentação de pessoal Broa De F"
federal,ar_condicionado,2024,Federal/ES,1840.0,unidade,unitario,"Aparelho ar condicionado APARELHO AR CONDICIONADO, CAPACIDADE REFRIGERAÇÃO 9.000 BTU/H, TENSÃO 220 V,TIPO SPLIT, CARACTE"
federal,ar_condicionado,2024,Federal/ES,1576.23,unidade,unitario,"Aparelho ar condicionado Aparelho Ar Condicionado Tipo: Split , Capacidade Refrigeração: 9.000 BTU/H, Tensão: 220 V, Car"
federal,suco,2024,Federal/ES,8.85,litro,heuristica,"Suco Suco Apresentação: Líquido , Sabor: Uva , Tipo: Natural , Características Adicionais: Pronto Para Consumo E Embalag"
federal,suco,2024,Federal/ES,8.04,litro,heuristica,"Suco Suco Apresentação: Líquido , Sabor: Manga , Tipo: Natural , Características Adicionais: Pronto Para Consumo E Embal"
federal,clonazepam,2024,Federal/ES,0.055,unidade,unitario,Clonazepam Clonazepam Dosagem: 2 M
federal,suco,2024,Federal/ES,7.98,litro,heuristica,"Suco Suco Apresentação: Líquido , Sabor: Goiaba , Tipo: Natural , Características Adicionais: Pronto Para Consumo E Emba"
federal,ar_condicionado,2024,Federal/ES,6640.0,unidade,unitario,"Aparelho ar condicionado APARELHO AR CONDICIONADO, CAPACIDADE REFRIGERAÇÃO 21.000 BTU/H, VAZÃO AR 1.400M3/H, TENSÃO 220 "
federal,ar_condicionado,2024,Federal/ES,4090.26,unidade,unitario,"Aparelho ar condicionado Aparelho Ar Condicionado Tipo: Janela , Capacidade Refrigeração: 21.000 BTU/H, Vazão Ar: 1.400 "
federal,alcool,2024,Federal/ES,5.0,litro,heuristica,"Álcool Etílico Álcool Etílico Tipo: Hidratado , Teor Alcoólico: 70%_(70°Gl) , Apresentação: Líquido"
federal,alcool,2024,Federal/ES,7.99,litro,heuristica,"Álcool Etílico Álcool Etílico Tipo: Hidratado , Teor Alcoólico: 70%_(70°Gl) , Apresentação: Líquido"
federal,alcool,2024,Federal/ES,5.05,litro,unidade_declarada,"Álcool Etílico Álcool Etílico Tipo: Hidratado , Teor Alcoólico: 70%_(70°Gl) , Apresentação: Líquido"
federal,alcool,2024,Federal/ES,7.99,litro,heuristica,"Álcool Etílico Álcool Etílico Tipo: Hidratado, Teor Alcoólico: 70%_(70°Gl), Apresentação: Líquido"
federal,alcool,2024,Federal/ES,5.88,litro,unidade_declarada,"Álcool Etílico Álcool Etílico Tipo: Hidratado, Teor Alcoólico: 70%_(70°Gl), Apresentação: Líquido"
federal,cadeira,2024,Federal/ES,41.99,unidade,unitario,"Cadeira Fixa Cadeira Fixa Material Assento: Plástico Polipropileno , Material Encosto: Plástico Polipropileno , Tipo Bas"
federal,dipirona,2024,Federal/ES,0.36,unidade,unitario,Dipirona Sódica Dipirona Sódica Dosagem: 500MG
federal,frango,2024,Federal/ES,5.804,kg,unidade_declarada,"Ração Animal ingredientes: farinha de carne e ossos bovino, carne de frango ,, espécie animal: cão Detalhamento do Item "
federal,detergente,2024,Federal/ES,6.16,litro,heuristica,"Detergente Detergente Aplicação: Lavanderia Hospitalar P/Sujidade Pesada , Características Adicionais: Em Pó Biodegradáv"
federal,suco,2024,Federal/ES,2.99,litro,heuristica,"Suco apresentação: polpa congelada, sabor: abacaxi, tipo: natural Suco apresentação: polpa congelada, sabor: abacaxi, ti"
federal,haloperidol,2024,Federal/ES,0.24,unidade,unitario,Haloperidol Haloperidol Dosagem: 5 M
federal,ibuprofeno,2024,Federal/ES,0.28,unidade,unitario,Ibuprofeno Ibuprofeno Dosagem: 600MG
federal,grampeador,2024,Federal/ES,23.11,unidade,unitario,"Grampo Grampeador Grampo Grampeador Material: Metal , Tratamento Superficial: Galvanizado , Tamanho: 106/6"
federal,disjuntor,2024,Federal/ES,37.97,unidade,unitario,"Disjuntor Baixa Tensão Disjuntor Baixa Tensão Funcionamento: Termomagnético , Número Pólos: 3 , Corrente Nominal: 25 A, "
federal,disjuntor,2024,Federal/ES,37.97,unidade,unitario,"Disjuntor Baixa Tensão Disjuntor Baixa Tensão Funcionamento: Termomagnético , Número Pólos: 3 , Corrente Nominal: 25 A, "
federal,paracetamol,2024,Federal/ES,1.36,unidade,unitario,"Paracetamol Paracetamol Dosagem Solução Oral: 200 MG/ML, Apresentação: Solução Oral"
federal,torneira,2024,Federal/ES,134.0,unidade,unitario,"Torneira Torneira Material Corpo: Metal , Tipo: Tanque , Diâmetro: 1/2 POL, Acabamento Superficial: Cromado , Caracteris"
federal,paracetamol,2024,Federal/ES,0.25,unidade,unitario,Paracetamol Paracetamol Dosagem Comprimido: 750MG
federal,grampeador,2024,Federal/ES,11.86,unidade,unitario,"Grampeador GRAMPEADOR, TRATAMENTO SUPERFICIAL PINTADO, MATERIAL METAL E PLÁSTICO, TIPOMESA, CAPACIDADE ATÉ 20 FL, TAMANH"
federal,vassoura,2024,Federal/ES,13.03,unidade,unitario,"Vassoura Vassoura Material Cerdas: Piaçava , Material Cabo: Madeira , Material Cepa: Madeira , Comprimento Cepa: 20 CM, "
federal,suco,2024,Federal/ES,10.0,litro,unidade_declarada,"Suco Suco Apresentação: Líquido , Sabor: Variado , Tipo: Industrializado , Características Adicionais: Polpa De Fruta Na"
federal,suco,2024,Federal/ES,10.4,litro,unidade_declarada,"Suco Suco Apresentação: Líquido , Sabor: Variado , Tipo: Industrializado , Características Adicionais: Polpa De Fruta Na"
federal,suco,2024,Federal/ES,11.0,litro,unidade_declarada,"Suco Suco Apresentação: Líquido , Sabor: Variado , Tipo: Industrializado , Características Adicionais: Polpa De Fruta Na"
federal,suco,2024,Federal/ES,11.9,litro,unidade_declarada,"Suco Suco Apresentação: Líquido , Sabor: Variado , Tipo: Industrializado , Características Adicionais: Polpa De Fruta Na"
federal,acucar,2024,Federal/ES,20.9,kg,heuristica,"Vinho cor: branco, classe: mesa, teor açúcar: suave Vinho cor: branco, classe: mesa, teor açúcar: suave"
federal,acucar,2024,Federal/ES,20.9,kg,heuristica,"Vinho cor: branco, classe: mesa, teor açúcar: suave Vinho cor: branco, classe: mesa, teor açúcar: suave"
federal,disjuntor,2024,Federal/ES,11.77,unidade,unitario,"Disjuntor Baixa Tensão Disjuntor Baixa Tensão Funcionamento: Termomagnético , Número Pólos: 1 , Corrente Nominal: 16 A, "
federal,disjuntor,2024,Federal/ES,11.77,unidade,unitario,"Disjuntor Baixa Tensão Disjuntor Baixa Tensão Funcionamento: Termomagnético , Número Pólos: 1 , Corrente Nominal: 16 A, "
federal,disjuntor,2024,Federal/ES,34.2,unidade,unitario,"Disjuntor Baixa Tensão Disjuntor Baixa Tensão Funcionamento: Termomagnético , Número Pólos: 3 , Corrente Nominal: 32 A, "
federal,disjuntor,2024,Federal/ES,34.2,unidade,unitario,"Disjuntor Baixa Tensão Disjuntor Baixa Tensão Funcionamento: Termomagnético , Número Pólos: 3 , Corrente Nominal: 32 A, "
federal,disjuntor,2024,Federal/ES,58.8,unidade,unitario,"Disjuntor Baixa Tensão Disjuntor Baixa Tensão Funcionamento: Termomagnético , Número Pólos: 3 , Corrente Nominal: 40 A, "
federal,disjuntor,2024,Federal/ES,58.8,unidade,unitario,"Disjuntor Baixa Tensão Disjuntor Baixa Tensão Funcionamento: Termomagnético , Número Pólos: 3 , Corrente Nominal: 40 A, "
federal,detergente,2024,Federal/ES,4.0,litro,heuristica,"Detergente DETERGENTE, COMPOSIÇÃO TENSOATIVOS ANIÔNICOS BIODEGRADÁVEIS, APLICAÇÃO REMOÇÃOGORDURA E SUJEIRA EM GERAL., CA"
federal,tubo_pvc,2024,Federal/ES,8.83,metro,unitario,"Tubo pvc soldável Tubo Pvc Soldável Aplicação: Hidráulica, Cor: Marrom, Diâmetro Nominal: 1/2POL, Comprimento: 3M, Espes"
federal,ar_condicionado,2024,Federal/ES,3165.0,unidade,unitario,"Aparelho ar condicionado APARELHO AR CONDICIONADO, CAPACIDADE REFRIGERAÇÃO 18.000 BTU/H, TENSÃO 220 V,FREQÜÊNCIA 50/60 H"
federal,detergente,2024,Federal/ES,2.68,litro,heuristica,"Detergente Detergente Composição: Tesoativos Aniônicos, Coadjuvante, Preservantes, , Componente Ativo: Linear Alquibenze"
federal,ar_condicionado,2024,Federal/ES,2696.74,unidade,unitario,"Aparelho ar condicionado Aparelho Ar Condicionado Modelo: Parede , Capacidade Refrigeração: 18.000 BTU/H, Tensão: 220 V,"
federal,cefalexina,2024,Federal/ES,0.83,unidade,unitario,Cefalexina Cefalexina Dosagem: 500 M
federal,agua_sanitaria,2024,Federal/ES,1.85,litro,heuristica,"Água sanitária Água Sanitária Composição Química: Hipoclorito De Sódio, Hidróxido De Sódio, Cloreto , Teor Cloro Ativo: "
federal,agua_sanitaria,2024,Federal/ES,1.88,litro,heuristica,"Água sanitária Água Sanitária Composição Química: Hipoclorito De Sódio, Hidróxido De Sódio, Cloreto , Teor Cloro Ativo: "
federal,agua_sanitaria,2024,Federal/ES,1.85,litro,heuristica,"Água sanitária Água Sanitária Composição Química: Hipoclorito De Sódio, Hidróxido De Sódio, Cloreto , Teor Cloro Ativo: "
federal,agua_sanitaria,2024,Federal/ES,2.9,litro,heuristica,"Água Sanitária ÁGUA SANITÁRIA, COMPOSIÇÃO QUÍMICA HIPOCLORITO DE SÓDIO, HIDRÓXIDO DE SÓDIO,CLORETO, TEOR CLORO ATIVO VAR"
federal,papel_higienico,2024,Federal/ES,6.89,rolo,unitario,"Papel Higiênico Papel Higiênico Material: Celulose Virgem , Comprimento: 300 M, Largura: 10 CM, Quantidade Folhas: Simpl"
federal,papel_higienico,2024,Federal/ES,6.3,rolo,unitario,"Papel Higiênico Papel Higiênico Material: Celulose Virgem , Comprimento: 300 M, Largura: 10 CM, Quantidade Folhas: Simpl"
federal,detergente,2024,Federal/ES,3.36,litro,heuristica,"Detergente Detergente Composição: Tesoativos Aniônicos, Coadjuvante, Preservantes, , Componente Ativo: Linear Alquibenze"
federal,cadeira,2024,Federal/ES,305.07,unidade,unitario,"Encosto Cadeira Escolar Encosto Cadeira Escolar Material: Pvc, Tratamento Superficial: Resinado, Cor: Verde, Comprimento"
federal,detergente,2024,Federal/ES,3.16,litro,heuristica,"Detergente Detergente Composição: Tesoativos Aniônicos, Coadjuvante, Preservantes, , Componente Ativo: Linear Alquibenze"
federal,cimento,2024,Federal/ES,38.0,saco_50kg,unitario,"Cimento Portland material: clinker, tipo: cp iii Cimento Portland material: clinker, tipo: cp iii"
federal,cimento,2024,Federal/ES,35.0,saco_50kg,unitario,"Cimento Portland material: clinker, tipo: cp iii O valor é referente ao saco de 50kg (unidade de fornecimento que foi co"
federal,cimento,2024,Federal/ES,41.29,saco_50kg,unitario,"Cimento Portland Cimento Portland Material: Clinker , Tipo: Cp Iii"
federal,envelope,2024,Federal/ES,4.7,unidade,unitario,"Protetor crachá Protetor Crachá Material: Plástico Transparente , Características Adicionais: Com Abertura Lateral , Tam"
federal,ar_condicionado,2024,Federal/ES,1643.27,unidade,unitario,"Aparelho ar condicionado Aparelho Ar Condicionado Tipo: Split Hi Wall , Capacidade Refrigeração: 12.000 BTU/H, Vazão Ar:"
federal,ar_condicionado,2024,Federal/ES,3212.63,unidade,unitario,"Aparelho ar condicionado APARELHO AR CONDICIONADO, CAPACIDADE REFRIGERAÇÃO 12.000 BTU/H, VAZÃO AR 526M3/H, TENSÃO 220 V,"
federal,papel_a4,2024,Federal/ES,20.0,resma,unitario,"Papel Correspondência tipo papel: papel sulfite, gramatura: 75, cor: extrabranca, comprimento: 297, largura: 210 Papel C"
federal,vinagre,2024,Federal/ES,8.6,litro,heuristica,"Molho Pimenta MOLHO PIMENTA, COMPOSIÇÃO ÁGUA/PIMENTA VERMELHA MOÍDA/VINAGRE DE ÁLCOOL/SAL,APLICAÇÃO ALIMENTOS, TIPO USO "
federal,vinagre,2024,Federal/ES,8.1867,litro,heuristica,"Molho Pimenta MOLHO PIMENTA, COMPOSIÇÃO ÁGUA/PIMENTA VERMELHA MOÍDA/VINAGRE DE ÁLCOOL/SAL,APLICAÇÃO ALIMENTOS, TIPO USO "
federal,vinagre,2024,Federal/ES,8.04,litro,heuristica,"Molho Pimenta MOLHO PIMENTA, COMPOSIÇÃO ÁGUA/PIMENTA VERMELHA MOÍDA/VINAGRE DE ÁLCOOL/SAL,APLICAÇÃO ALIMENTOS, TIPO USO "
federal,ar_condicionado,2024,Federal/ES,9751.31,unidade,unitario,"Aparelho ar condicionado Aparelho Ar Condicionado Tipo: Split De Parede , Capacidade Refrigeração: 27.000 BTU/H, Tensão:"
federal,ar_condicionado,2024,Federal/ES,9767.53,unidade,unitario,"Aparelho ar condicionado Aparelho Ar Condicionado Tipo: Split De Parede , Capacidade Refrigeração: 27.000 BTU/H, Tensão:"
federal,vinagre,2024,Federal/ES,11.8667,litro,heuristica,"Vinagre matéria-prima: maçã, tipo: aromático, acidez: 4,20, aspecto físico: líquido, aspecto visual: límpido e sem depós"
federal,tijolo,2024,Federal/ES,3.15,unidade,unitario,"Bloco De Concreto comprimento: 40, largura: 10, altura: 20, aplicação: construção civil Bloco De Concreto comprimento: 4"
federal,tijolo,2024,Federal/ES,3.19,unidade,unitario,"Bloco De Concreto comprimento: 40, largura: 10, altura: 20, aplicação: construção civil Bloco De Concreto comprimento: 4"
federal,bebedouro,2024,Federal/ES,751.14,unidade,unitario,"Bebedouro água garrafão Bebedouro Água Garrafão Material: Inox , Tipo: Vertical Elétrico , Capacidade: 20 L, Voltagem: 1"
federal,sabonete,2024,Federal/ES,14.57,unidade,unitario,"Sabonete Líquido Sabonete Líquido Aspecto Físico: Líquido Viscoso Cremoso , Odor: Côco , Acidez: Ph Neutro PH, Aplicação"
federal,disjuntor,2024,Federal/ES,51.85,unidade,unitario,"Disjuntor Baixa Tensão Disjuntor Baixa Tensão Funcionamento: Termomagnético , Número Pólos: 2 , Corrente Nominal: 25 A, "
federal,acucar,2024,Federal/ES,20.9,kg,heuristica,"Vinho cor: tinto, classe: mesa, teor açúcar: seco Vinho cor: tinto, classe: mesa, teor açúcar: seco"
federal,acucar,2024,Federal/ES,19.9,kg,heuristica,"Vinho cor: tinto, classe: mesa, teor açúcar: seco Vinho cor: tinto, classe: mesa, teor açúcar: seco"
federal,haloperidol,2024,Federal/ES,4.55,unidade,unitario,"Haloperidol Haloperidol Concentração: 2 MG/ML, Tipo Uso: Solução Oral-Gotas"
federal,haloperidol,2024,Federal/ES,1.9,unidade,unitario,"Haloperidol Haloperidol Concentração: 5 MG/ML, Tipo Uso: Solução Injetável"
federal,cabo_eletrico,2024,Federal/ES,6.11,metro,unitario,"Terminal Cabo Terminal Cabo Material: Cobre Banhado , Bitola: 35 MM2, Aplicação: Instalações Elétricas , Características"
federal,cabo_eletrico,2024,Federal/ES,6.11,metro,unitario,"Terminal Cabo Terminal Cabo Material: Cobre Banhado , Bitola: 35 MM2, Aplicação: Instalações Elétricas , Características"
federal,detergente,2024,Federal/ES,15.35,litro,unidade_declarada,"Detergente Enzimático Detergente Enzimático Composição: A Base De Amilase, Protease, Lipase E Carboidrase"
federal,biscoito,2024,Federal/ES,12.475,kg,heuristica,"Biscoito apresentação: quadrado, tipo: cream cracker, classificação: salgado Biscoito apresentação: quadrado, tipo: crea"
federal,torneira,2024,Federal/ES,29.7,unidade,unitario,"Garrafa térmica Garrafa Térmica Material: Plástico , Capacidade: 5 L, Características Adicionais: Com Torneira, Alça E P"
federal,salbutamol,2024,Federal/ES,11.4,unidade,unitario,"Salbutamol Salbutamol Dosagem: 0,5mg/Ml , Uso: Solução Injetável"
federal,vinagre,2024,Federal/ES,7.6,litro,heuristica,"Vinagre VINAGRE, MATÉRIA-PRIMA FERMENTADO ACÉTICO DE ÁLCOOL E VINHO TINTO, TIPO AGRIN,ASPECTO FÍSICO LÍQUIDO"
federal,vinagre,2024,Federal/ES,7.6,litro,heuristica,"Vinagre VINAGRE, MATÉRIA-PRIMA FERMENTADO ACÉTICO DE ÁLCOOL E VINHO TINTO, TIPO AGRIN,ASPECTO FÍSICO LÍQUIDO"
federal,vinagre,2024,Federal/ES,3.8533,litro,heuristica,"Vinagre matéria-prima: fermentado acético de álcool e vinho tinto, tipo: agrin, aspecto físico: líquido Vinagre matéria-"
federal,argamassa,2024,Federal/ES,8.35,kg,heuristica,"Desempenadeira manual Desempenadeira Manual Material: Aço, Comprimento: 25CM, Largura: 12CM, Aplicação: Argamassa, Carac"
federal,clonazepam,2024,Federal/ES,0.0595,unidade,unitario,"Clonazepam Clonazepam Dosagem: 0,5 M"
federal,dipirona,2024,Federal/ES,0.59,unidade,unitario,"Escopolamina Butilbrometo Escopolamina Butilbrometo Apresentação: Associada Com Dipirona Sódica, Dosagem: 10mg + 250mg"
federal,acucar,2024,Federal/ES,2.89,kg,heuristica,"Biscoito Biscoito Apresentação: Retangular , Sabor: Morango , Tipo: Wafer , Ingredientes: Açúcar, Farinha De Trigo, Ovo "
federal,acucar,2024,Federal/ES,2.39,kg,heuristica,"Biscoito Biscoito Apresentação: Retangular , Sabor: Chocolate , Tipo: Wafer , Ingredientes: Açúcar, Farinha De Trigo, Ov"
federal,acucar,2024,Federal/ES,5.02,kg,heuristica,"""açúcar"" ""Açúcar"" Tipo: Refinado , Características Adicionais: Branco, 1ª Qualidade"
federal,acucar,2024,Federal/ES,5.02,kg,heuristica,"""Açúcar"" ""Açúcar"" Tipo: Refinado , Características Adicionais: Branco, 1ª Qualidade"
federal,acucar,2024,Federal/ES,5.44,kg,unidade_declarada,"""Açúcar"" tipo: refinado, características adicionais: branco, 1ª qualidade ""Açúcar"" tipo: refinado, características adici"
federal,acucar,2024,Federal/ES,4.42,kg,unidade_declarada,"""Açúcar"" tipo: refinado, características adicionais: branco, 1ª qualidade Açúcar cristal, Marca Paineiras. ""Açúcar"" tipo"
federal,acucar,2024,Federal/ES,2.97,kg,unidade_declarada,"""açúcar"" ""Açúcar"" Tipo: Refinado , Características Adicionais: Branco, 1ª Qualidade"
federal,acucar,2024,Federal/ES,4.42,kg,unidade_declarada,"""Açúcar"" características adicionais: branco, 1ª qualidade, tipo: refinado ""Açúcar"" características adicionais: branco, 1"
federal,risperidona,2024,Federal/ES,0.08,unidade,unitario,Risperidona Risperidona Dosagem: 1 M
federal,loratadina,2024,Federal/ES,3.6,unidade,unitario,"Loratadina Loratadina Concentração: 1mg/Ml , Tipo Medicamento: Xarope"
federal,bebedouro,2024,Federal/ES,1984.0,unidade,unitario,"Bebedouro água Bebedouro Água Tipo: Industrial, Características Adicionais: 2 Torneiras Geladas, Voltagem: 110V, Materia"
federal,tubo_pvc,2024,Federal/ES,24.55,metro,unitario,"Tubo pvc soldável Tubo Pvc Soldável Aplicação: Rede Hidráulica E Esgoto, Cor: Branca, Diâmetro Nominal: 50MM, Compriment"
federal,ar_condicionado,2024,Federal/ES,4388.9,unidade,unitario,"Aparelho ar condicionado Aparelho Ar Condicionado Tipo: Split , Modelo: Parede/Teto , Capacidade Refrigeração: 48.000 BT"
federal,ar_condicionado,2024,Federal/ES,13540.0,unidade,unitario,"Aparelho ar condicionado APARELHO AR CONDICIONADO, CAPACIDADE REFRIGERAÇÃO 48.000 BTU/H, TENSÃO 220 V,QUANTIDADE FASES 3"
federal,disjuntor,2024,Federal/ES,60.1,unidade,unitario,"Disjuntor Baixa Tensão Disjuntor Baixa Tensão Funcionamento: Termomagnético , Número Pólos: 3 , Corrente Nominal: 63 A, "
federal,disjuntor,2024,Federal/ES,60.1,unidade,unitario,"Disjuntor Baixa Tensão Disjuntor Baixa Tensão Funcionamento: Termomagnético , Número Pólos: 3 , Corrente Nominal: 63 A, "
federal,desinfetante,2024,Federal/ES,9.0,litro,unidade_declarada,"Desinfetante DESINFETANTE, COMPOSIÇÃO À BASE DE ORTOFTALALDEÍDO, TEOR ATIVO A 0,55%, FORMAFÍSICA SOLUÇÃO AQUOSA PRONTA"
federal,desinfetante,2024,Federal/ES,4.0,litro,unidade_declarada,"Desinfetante DESINFETANTE, COMPOSIÇÃO À BASE DE ORTOFTALALDEÍDO, TEOR ATIVO A 0,55%, FORMAFÍSICA SOLUÇÃO AQUOSA PRONTA"
federal,cabo_eletrico,2024,Federal/ES,8.92,metro,unitario,"Terminal Cabo Terminal Cabo Material: Cobre , Bitola: 16 MM2, Aplicação: Instalações Elétricas , Características Adicion"
federal,cabo_eletrico,2024,Federal/ES,8.92,metro,unitario,"Terminal Cabo Terminal Cabo Material: Cobre , Bitola: 16 MM2, Aplicação: Instalações Elétricas , Características Adicion"
federal,pneu,2024,Federal/ES,461.33,unidade,unitario,"Pneu Veículo Automotivo Pneu Veículo Automotivo Material Banda Rodagem: Borracha Alta Resistência , Características Adic"
federal,papel_toalha,2024,Federal/ES,3.8,rolo,unitario,"Toalha De Papel Toalha De Papel Material: Papel / Celulose Virgem , Quantidade Toalha: 120 UN, Comprimento: 22 CM, Largu"
federal,vassoura,2024,Federal/ES,12.95,unidade,unitario,"Vassoura Vassoura Material Cerdas: Piaçava , Material Cabo: Madeira , Material Cepa: Madeira , Comprimento Cepa: 50 CM, "
federal,apontador,2024,Federal/ES,0.5,unidade,unitario,"Apontador Lápis Apontador Lápis Material: Plástico , Tipo: Escolar , Tamanho: Pequeno , Quantidade Furos: 1"
federal,torneira,2024,Federal/ES,59.76,unidade,unitario,"Torneira Torneira Material Corpo: Metal Cromado , Tipo: Longa , Diâmetro: 1/2 POL, Acabamento Superficial: Cromado , Car"
federal,dexametasona,2024,Federal/ES,0.23,unidade,unitario,Dexametasona Dexametasona Dosagem: 4 M
federal,biscoito,2024,Federal/ES,4.875,kg,heuristica,"Biscoito Biscoito Apresentação: Waffer , Sabor: Variado"
federal,biscoito,2024,Federal/ES,5.225,kg,heuristica,"Biscoito Biscoito Apresentação: Waffer , Sabor: Variado"
federal,pendrive,2024,Federal/ES,25.52,unidade,unitario,"Memória Flash Memória Flash Capacidade: 32 GB, Tipo: Pen Drive , Interface: Usb 2.0 E Windows Xp/Vista/7 , Característic"
federal,pendrive,2024,Federal/ES,41.0,unidade,unitario,"Memória flash Memória Flash Capacidade: 32 GB, Tipo: Pen Drive , Interface: Usb 2.0 E Windows Xp/Vista/7 , Característic"
federal,pendrive,2024,Federal/ES,23.345,unidade,unitario,"Memória Flash Memória Flash Capacidade: 32 GB, Tipo: Pen Drive , Interface: Usb 2.0 E Windows Xp/Vista/7 , Característic"
federal,extintor,2024,Federal/ES,161.7,unidade,unitario,"Extintor incêndio Extintor Incêndio Material Cilindro: Aço Astm 1541 , Capacidade: 6 KG, Peso: 9 KG, Pressão Serviço: 10"
federal,agua_sanitaria,2024,Federal/ES,2.16,litro,heuristica,"Água Sanitária Água Sanitária Composição Química: Hipoclorito De Sódio, Hidróxido De Sódio, Cloreto , Cor: Incolor , Apl"
federal,disjuntor,2024,Federal/ES,26.99,unidade,unitario,"Disjuntor baixa tensão Disjuntor Baixa Tensão Funcionamento: Termomagnético, Número Pólos: 3, Corrente Nominal: 50A, Núm"
federal,tubo_pvc,2024,Federal/ES,16.2,metro,unitario,"Tubo Pvc Soldável Tubo Pvc Soldável Aplicação: Hidráulica , Cor: Marrom , Diâmetro Nominal: 20 MM, Comprimento: 6 M, Mat"
federal,tubo_pvc,2024,Federal/ES,17.41,metro,unitario,"Tubo Pvc Soldável Tubo Pvc Soldável Aplicação: Hidráulica , Cor: Marrom , Diâmetro Nominal: 20 MM, Comprimento: 6 M, Mat"
federal,alcool,2024,Federal/ES,7.0,litro,heuristica,"Álcool Etílico Limpeza De Ambientes Álcool Etílico Limpeza De Ambientes Tipo: Etílico Hidratado , Aplicação: Limpeza , C"
federal,ar_condicionado,2024,Federal/ES,4042.0,unidade,unitario,"Aparelho Ar Condicionado Aparelho Ar Condicionado Tipo: Split , Capacidade Refrigeração: 24.000 BTU, Tensão: 220 V, Cara"
federal,tubo_pvc,2024,Federal/ES,15.89,metro,unitario,"Tubo pvc soldável Tubo Pvc Soldável Aplicação: Rede Hidráulica E Esgoto, Cor: Branca, Diâmetro Nominal: 40MM, Compriment"
federal,ar_condicionado,2024,Federal/ES,8499.0,unidade,unitario,"Aparelho ar condicionado Aparelho Ar Condicionado Tipo: Bi-Split, 2 Evaporadores Hi-Wall 12.000 Btus , Capacidade Refrig"
federal,disjuntor,2024,Federal/ES,47.52,unidade,unitario,"Disjuntor Baixa Tensão Disjuntor Baixa Tensão Funcionamento: Termomagnético , Número Pólos: 2 , Corrente Nominal: 20 A, "
federal,papel_toalha,2024,Federal/ES,7.74,rolo,unitario,"Toalha De Papel Toalha De Papel Material: 100% Fibra Celulose Virgem , Tipo Folha: 2 Dobras , Comprimento: 23 CM, Largur"
federal,ar_condicionado,2024,Federal/ES,1900.0,unidade,unitario,"Aparelho Ar Condicionado Aparelho Ar Condicionado Tipo: Split , Capacidade Refrigeração: 9.000 BTU, Tensão: 220 V, Carac"
federal,disjuntor,2024,Federal/ES,162.26,unidade,unitario,"Disjuntor Baixa Tensão Disjuntor Baixa Tensão Funcionamento: Termomagnético , Número Pólos: 3 , Corrente Nominal: 80"
federal,disjuntor,2024,Federal/ES,162.26,unidade,unitario,"Disjuntor Baixa Tensão Disjuntor Baixa Tensão Funcionamento: Termomagnético , Número Pólos: 3 , Corrente Nominal: 80"
federal,bebedouro,2024,Federal/ES,2400.0,unidade,unitario,"Bebedouro água BEBEDOURO ÁGUA, TIPO INDUSTRIAL, CARACTERÍSTICAS ADICIONAIS 4 TORNEIRAS LATÃOCROMADO, SERPENTINA COBRE LO"
federal,ar_condicionado,2024,Federal/ES,3550.0,unidade,unitario,"Aparelho Ar Condicionado APARELHO AR CONDICIONADO, CAPACIDADE REFRIGERAÇÃO 12.000 BTU, TENSÃO 110 V,MODELO PORTÁTIL, CAR"
federal,ar_condicionado,2024,Federal/ES,10299.99,unidade,unitario,"Aparelho ar condicionado APARELHO AR CONDICIONADO, CAPACIDADE REFRIGERAÇÃO 36.000 BTU/H, TENSÃO 220 V,FREQÜÊNCIA 60 HZ, "
federal,ar_condicionado,2024,Federal/ES,6045.35,unidade,unitario,"Aparelho ar condicionado Aparelho Ar Condicionado Tipo: Split , Modelo: Teto , Capacidade Refrigeração: 36.000 BTU/H, Te"
federal,alcool,2024,Federal/ES,6.0,litro,unidade_declarada,"Álcool etílico ÁLCOOL ETÍLICO, ASPECTO FÍSICO LÍQUIDO LÍMPIDO, INCOLOR, VOLÁTIL, FÓRMULAQUÍMICA C2H5OH, PESO MOLECULAR 4"
federal,disjuntor,2024,Federal/ES,21.05,unidade,unitario,"Disjuntor Baixa Tensão Disjuntor Baixa Tensão Funcionamento: Termomagnético , Número Pólos: 2 , Corrente Nominal: 16 A, "
federal,disjuntor,2024,Federal/ES,21.05,unidade,unitario,"Disjuntor Baixa Tensão Disjuntor Baixa Tensão Funcionamento: Termomagnético , Número Pólos: 2 , Corrente Nominal: 16 A, "
federal,envelope,2024,Federal/ES,0.92,unidade,unitario,"Matriz odontológica MATRIZ ODONTOLÓGICA, MATERIAL POLIÉSTER, TIPO PRÉ-CORTADA, FORMATO FITA,APRESENTAÇÃO ENVELOPE 50 FOL"
federal,envelope,2024,Federal/ES,0.92,unidade,unitario,"Matriz Odontológica Matriz Odontológica Material: Poliéster , Tipo: Pré-Cortada , Formato: Fita , Apresentação: Envelope"
federal,cimento,2024,Federal/ES,32.44,saco_50kg,unitario,"Cimento Portland Cimento Portland Material: Clinker , Tipo: Cp Ii - E 32"
federal,cimento,2024,Federal/ES,32.44,saco_50kg,unitario,"Cimento Portland Cimento Portland Material: Clinker , Tipo: Cp Ii - E 32"
federal,bebedouro,2024,Federal/ES,645.0,unidade,unitario,"Bebedouro água garrafão BEBEDOURO ÁGUA GARRAFÃO, MATERIAL AÇO INOXIDÁVEL, TIPO ELÉTRICO DE COLUNA,CAPACIDADE 20 L, VOLTA"
federal,bebedouro,2024,Federal/ES,586.0,unidade,unitario,"Bebedouro água garrafão BEBEDOURO ÁGUA GARRAFÃO, MATERIAL AÇO INOXIDÁVEL, TIPO ELÉTRICO DE COLUNA,CAPACIDADE 20 L, VOLTA"
federal,suco,2024,Federal/ES,7.4,litro,heuristica,"Suco Suco Apresentação: Líquido , Sabor: Pêssego , Tipo: Natural , Características Adicionais: Pronto Para Consumo E Emb"
federal,papel_toalha,2024,Federal/ES,7.89,rolo,unitario,"Toalha de papel Toalha De Papel Material: 100% Fibras Celulósicas , Tipo Folha: 2 Dobras , Comprimento: 23 CM, Largura: "
federal,suco,2024,Federal/ES,22.9799,litro,descricao,"Jarra Jarra Material: Vidro, Capacidade: 1L, Modelo: Com Alça E Tampa Plástica, Aplicação: Água/Suco"
federal,ar_condicionado,2024,Federal/ES,10098.99,unidade,unitario,"Aparelho ar condicionado APARELHO AR CONDICIONADO, CAPACIDADE REFRIGERAÇÃO 60.000 BTU, TENSÃO 220 V,FREQÜÊNCIA 60 HZ, TI"
federal,ar_condicionado,2024,Federal/ES,10098.99,unidade,unitario,"Aparelho ar condicionado APARELHO AR CONDICIONADO, CAPACIDADE REFRIGERAÇÃO 60.000 BTU, TENSÃO 220 V,FREQÜÊNCIA 60 HZ, TI"
federal,bebedouro,2024,Federal/ES,1379.98,unidade,unitario,"Bebedouro água Bebedouro Água Tipo: Vertical Elétrico, Características Adicionais: Pré-Tratamento Contra Corrosão/Pintur"
federal,suco,2024,Federal/ES,36.6667,litro,descricao,"Copo de vidro COPO DE VIDRO, CAPACIDADE 300 ML, COR TRANSPARENTE, TIPO USO ÁGUA/SUCO/REFRIGERANTE"
federal,suco,2024,Federal/ES,18.1867,litro,descricao,"Copo De Vidro Copo De Vidro Capacidade: 300 ML, Cor: Transparente , Tipo Uso: Água/Suco/Refrigerante"
federal,suco,2024,Federal/ES,29.6667,litro,descricao,"Copo De Vidro Copo De Vidro Capacidade: 300ML, Cor: Transparente, Tipo Uso: Água/Suco/Refrigerante"
federal,lapis,2024,Federal/ES,2.82,unidade,unitario,"Lápis Preto Lápis Preto Material Corpo: Madeira, Diâmetro Carga: 3MM, Dureza Carga: 6b, Formato Corpo: Sextavado"
federal,cadeira,2024,Federal/ES,360.0,unidade,unitario,"Cadeira fixa CADEIRA FIXA, MATERIAL ASSENTO ESPUMA POLIURETANO INJETADO, MATERIAL ENCOSTOESPUMA POLIURETANO INJETADO, MA"
federal,ar_condicionado,2024,Federal/ES,5247.44,unidade,unitario,"Aparelho ar condicionado Aparelho Ar Condicionado Tipo: Controle Mecânico/Compressor Rotativo/3 Velocidade , Modelo: Jan"
federal,ar_condicionado,2024,Federal/ES,4399.99,unidade,unitario,"Aparelho ar condicionado APARELHO AR CONDICIONADO, CAPACIDADE REFRIGERAÇÃO 21.000 BTU, TENSÃO 220 V,FREQÜÊNCIA 60 HZ, TI"
federal,suco,2024,Federal/ES,5.4257,litro,descricao,"Jarra Jarra Material: Plástico Resistente , Capacidade: 3,5 L, Modelo: Com Tampa , Cor: Branca , Aplicação: Água/Suco , "
federal,detergente,2024,Federal/ES,19.89,litro,unidade_declarada,"Detergente - uso odontológico DETERGENTE - USO ODONTOLÓGICO, ASPECTO FÍSICO LÍQUIDO, COMPOSIÇÃOLAURILDIETILENOGLICOLETER"
federal,vassoura,2024,Federal/ES,21.6,unidade,unitario,"Vassoura VASSOURA, MATERIAL CERDAS PIAÇAVA, MATERIAL CABO MADEIRA, MATERIAL CEPAMADEIRA, COMPRIMENTO CEPA 40 CM, COMPRIM"
federal,bebedouro,2024,Federal/ES,1249.9,unidade,unitario,"Bebedouro água Bebedouro Água Tipo: Pressão, Características Adicionais: 2 Saídas, Jato/Copo, Termostato, Serpentina, Ma"
federal,seringa,2024,Federal/ES,0.1,unidade,unitario,"Seringa Seringa Material: Polipropileno , Capacidade: 1 ML, Tipo Bico: Bico Central Luer Lock Ou Slip , Tipo Vedação: Êm"
federal,tubo_pvc,2024,Federal/ES,24.85,metro,unitario,"Tubo pvc soldável Tubo Pvc Soldável Diâmetro Nominal: 32MM, Comprimento: 3M, Pressão: 80 Mca, Material: Ppr"
federal,torneira,2024,Federal/ES,239.56,unidade,unitario,"Barrilete Barrilete Material: Plástico , Graduação: Graduado , Capacidade: 5 L, Componentes: Com Tampa , Acessórios: Com"
federal,pendrive,2024,Federal/ES,115.0,unidade,unitario,"Memória portátil microcomputador MEMÓRIA PORTÁTIL MICROCOMPUTADOR, CAPACIDADE MEMÓRIA 256 GB, INTERFACE USB 3.0, VELOCID"
federal,caneta_esferografica,2024,Federal/ES,1.61,unidade,unitario,"Caneta Esferográfica Caneta Esferográfica Material: Papel Reciclado , Material Ponta: Latão Com Esfera De Tungstênio , T"
federal,lampada_led,2024,Federal/ES,3.74,unidade,unitario,"Lâmpada Led Lâmpada Led Tensão Nominal: Bivolt V, Potência Nominal: 15 W, Tipo Base: E-27 , Tipo Bulbo: Par-38 , Vida Mé"
federal,agua_mineral,2024,Federal/ES,1.95,litro,heuristica,"Água Mineral Natural tipo: especial com gás, material embalagem: plástico, tipo embalagem: descartável Água Mineral Natu"
federal,papel_toalha,2024,Federal/ES,7.89,rolo,unitario,"Toalha De Papel Toalha De Papel Material: 100% Celulose Virgem , Tipo Folha: 2 Dobras , Comprimento: 20 CM, Largura: 21 "
federal,detergente,2024,Federal/ES,3.5,litro,heuristica,"Detergente DETERGENTE, COMPOSIÇÃO ALQUIL BENZENO SULFATO SÓDIO, LAURIL, ÉTER, NEUTR O,CARACTERÍSTICAS ADICIONAIS BIODEGR"
federal,extintor,2024,Federal/ES,183.0,unidade,unitario,"Extintor Incêndio EXTINTOR INCÊNDIO, MATERIAL MANGUEIRA BORRACHA, MATERIAL TRAMA AÇO, MATERIALVÁLVULA SAÍDA LATÃO FORJAD"
federal,desinfetante,2024,Federal/ES,30.0,litro,unidade_declarada,"Desinfetante Desinfetante Composição: À Base De Ácido Cítrico , Teor Ativo: A 50% , Forma Física: Solução Hidroalcoólica"
federal,alcool,2024,Federal/ES,16.72,litro,unidade_declarada,"Álcool Etílico Álcool Etílico Aspecto Físico: Líquido Límpido, Incolor, Volátil, Teor Alcoólico: Mínimo De 99,5°Gl, Fórm"
federal,alcool,2024,Federal/ES,14.0,litro,unidade_declarada,"Álcool Etílico Álcool Etílico Aspecto Físico: Líquido Límpido, Incolor, Volátil, Teor Alcoólico: Mínimo De 99,5°Gl, Fórm"
federal,alcool,2024,Federal/ES,9.99,litro,heuristica,"Álcool Etílico composição básica: com emoliente, forma farmacêutica: gel, teor alcoólico: 70% v/v Álcool Etílico composi"
federal,ar_condicionado,2024,Federal/ES,2725.0,unidade,unitario,"Aparelho Ar Condicionado Aparelho Ar Condicionado Tipo: Split , Modelo: Split Inverter , Capacidade Refrigeração: 12.000"
federal,ar_condicionado,2024,Federal/ES,2650.0,unidade,unitario,"Aparelho Ar Condicionado tipo: split, modelo: split inverter, capacidade refrigeração: 12.000, tensão: 110/220, caracter"
federal,alcool,2024,Federal/ES,5.0,litro,heuristica,"Álcool Etílico ÁLCOOL ETÍLICO, TEOR ALCOÓLICO 70% V/V, COMPOSIÇÃO BÁSICA COM EMOLIENTE, FORMAFARMACÊUTICA GEL"
federal,desinfetante,2024,Federal/ES,11.99,litro,unidade_declarada,"Desinfetante Desinfetante Princípio Ativo: À Base De Didecildimetilamônio E Phmb, Forma Física: Solução Aquosa Concentra"
federal,desinfetante,2024,Federal/ES,34.23,litro,unidade_declarada,"Desinfetante Desinfetante Princípio Ativo: À Base De Didecildimetilamônio E Phmb , Forma Física: Solução Aquosa Concentr"
federal,carne_suina,2024,Federal/ES,25.79,kg,unidade_declarada,"Carne suína in natura CARNE SUÍNA IN NATURA, TIPO CORTE SOBREPALETA (COPA LOMBO), APRESENTAÇÃOCORTADA, ESTADO DE CONSERV"
federal,carne_suina,2024,Federal/ES,26.59,kg,unidade_declarada,"Carne suína in natura CARNE SUÍNA IN NATURA, TIPO CORTE SOBREPALETA (COPA LOMBO), APRESENTAÇÃOCORTADA, ESTADO DE CONSERV"
federal,carne_suina,2024,Federal/ES,21.48,kg,unidade_declarada,"Carne suína in natura CARNE SUÍNA IN NATURA, TIPO CORTE SOBREPALETA (COPA LOMBO), APRESENTAÇÃOCORTADA, ESTADO DE CONSERV"
federal,carne_suina,2024,Federal/ES,27.98,kg,unidade_declarada,"Carne suína in natura CARNE SUÍNA IN NATURA, TIPO CORTE SOBREPALETA (COPA LOMBO), APRESENTAÇÃOCORTADA, ESTADO DE CONSERV"
federal,carne_suina,2024,Federal/ES,27.67,kg,unidade_declarada,"Carne suína in natura CARNE SUÍNA IN NATURA, TIPO CORTE SOBREPALETA (COPA LOMBO), APRESENTAÇÃOCORTADA, ESTADO DE CONSERV"
federal,ar_condicionado,2024,Federal/ES,7550.0,unidade,unitario,"Aparelho ar condicionado APARELHO AR CONDICIONADO, CAPACIDADE REFRIGERAÇÃO 36.000 BTU/H, TENSÃO 220 V,TIPO SPLIT, MODELO"
federal,ar_condicionado,2024,Federal/ES,7600.0,unidade,unitario,"Aparelho ar condicionado APARELHO AR CONDICIONADO, CAPACIDADE REFRIGERAÇÃO 36.000 BTU/H, TENSÃO 220 V,TIPO SPLIT, MODELO"
federal,torneira,2024,Federal/ES,38.49,unidade,unitario,"Introdutor percutâneo Introdutor Percutâneo Tipo: Arterial , Componente 1: Bainha Valvulada C/ Saída Lateral, Dilatador "
federal,carne_suina,2024,Federal/ES,23.9,kg,unidade_declarada,"Carne Suína In Natura tipo corte: barriga, apresentação: peça inteira, estado de conservação: congelado(a) Carne Suína I"
federal,seringa,2024,Federal/ES,0.12,unidade,unitario,"Seringa Seringa Material: Polipropileno , Capacidade: 3 ML, Tipo Bico: Bico Central Luer Lock Ou Slip , Tipo Vedação: Êm"
federal,torneira,2024,Federal/ES,4.74,unidade,unitario,"Torneira material corpo: pvc, diâmetro: 1/2, caracteristicas adicionais: com bico, aplicação: jardim Torneira material c"
federal,acucar,2024,Federal/ES,9.95,kg,heuristica,"Suco apresentação: líquido, sabor: uva, tipo: integral, características adicionais: concentrado e sem adição de açúcar, "
federal,acucar,2024,Federal/ES,22.98,kg,heuristica,"Suco apresentação: líquido, sabor: uva, tipo: integral, características adicionais: concentrado e sem adição de açúcar, "
federal,bebedouro,2024,Federal/ES,687.5,unidade,unitario,"Bebedouro água BEBEDOURO ÁGUA, TIPO PRESSÃO, CARACTERÍSTICAS ADICIONAIS 2 SAÍDAS ÁGUA (1 PARACOPO E 1 PARA BOCA), VOLTAG"
federal,papel_toalha,2024,Federal/ES,10.8,rolo,unitario,"Toalha De Papel TOALHA DE PAPEL, MATERIAL 100% FIBRA CELULOSE VIRGEM, TIPO FOLHA INTERFOLHA,COMPRIMENTO 22,50 CM, LARGUR"
federal,linguica,2024,Federal/ES,18.9,kg,unidade_declarada,"Embutido EMBUTIDO, TIPO LINGUIÇA PAIO, TIPO PREPARAÇÃO DEFUMADA, ESTADO DE CONSERVAÇÃORESFRIADO(A)"
federal,linguica,2024,Federal/ES,18.79,kg,unidade_declarada,"Embutido EMBUTIDO, TIPO LINGUIÇA PAIO, TIPO PREPARAÇÃO DEFUMADA, ESTADO DE CONSERVAÇÃORESFRIADO(A)"
federal,acucar,2024,Federal/ES,9.49,kg,heuristica,"Refrigerante material: água gasosa/xarope, sabor: cola, características adicionais: sem açucar Refrigerante material: ág"
federal,frango,2024,Federal/ES,11.44,kg,unidade_declarada,"Carne de ave in natura Carne De Ave In Natura Tipo Animal: Frango , Tipo Corte: Coxa E Sobrecoxa , Apresentação: Inteiro"
federal,frango,2024,Federal/ES,14.9,kg,unidade_declarada,"Carne de ave in natura CARNE DE AVE IN NATURA, TIPO ANIMAL FRANGO, TIPO CORTE COXA E SOBRECOXA,APRESENTAÇÃO INTEIRO, EST"
federal,frango,2024,Federal/ES,15.9,kg,unidade_declarada,"Carne de ave in natura CARNE DE AVE IN NATURA, TIPO ANIMAL FRANGO, TIPO CORTE COXA E SOBRECOXA,APRESENTAÇÃO INTEIRO, EST"
federal,frango,2024,Federal/ES,15.69,kg,unidade_declarada,"Carne de ave in natura CARNE DE AVE IN NATURA, TIPO ANIMAL FRANGO, TIPO CORTE COXA E SOBRECOXA,APRESENTAÇÃO INTEIRO, EST"
federal,alcool,2024,Federal/ES,8.3,litro,unidade_declarada,"Álcool etílico limpeza de ambientes ÁLCOOL ETÍLICO LIMPEZA DE AMBIENTES, TIPO ETÍLICO HIDRATADO, APLICAÇÃO LIMPEZA, CONC"
federal,agua_mineral,2024,Federal/ES,1.6,litro,heuristica,"Água mineral natural Água Mineral Natural Tipo: Sem Gás , Material Embalagem: Plástico , Tipo Embalagem: Descartável"
federal,agua_mineral,2024,Federal/ES,2.96,litro,heuristica,"Água mineral natural Água Mineral Natural Tipo: Sem Gás , Material Embalagem: Plástico , Tipo Embalagem: Descartável"
federal,agua_mineral,2024,Federal/ES,1.19,litro,heuristica,"Água Mineral Natural tipo: sem gás, material embalagem: plástico, tipo embalagem: descartável Água Mineral Natural tipo:"
federal,agua_mineral,2024,Federal/ES,1.69,litro,heuristica,"Água Mineral Natural tipo: sem gás, material embalagem: plástico, tipo embalagem: descartável Água Mineral Natural tipo:"
federal,agua_mineral,2024,Federal/ES,2.79,litro,heuristica,"Água Mineral Natural Água Mineral Natural Tipo: Sem Gás , Material Embalagem: Plástico , Tipo Embalagem: Descartável"
federal,agua_mineral,2024,Federal/ES,2.65,litro,heuristica,"Água Mineral Natural Água Mineral Natural Tipo: Sem Gás , Material Embalagem: Plástico , Tipo Embalagem: Descartável"
federal,agua_mineral,2024,Federal/ES,2.3,litro,heuristica,"Água Mineral Natural material embalagem: plástico, tipo: sem gás, tipo embalagem: descartável Água Mineral Natural mater"
federal,agua_mineral,2024,Federal/ES,2.5,litro,heuristica,"Água mineral natural ÁGUA MINERAL NATURAL, TIPO SEM GÁS, MATERIAL EMBALAGEM PLÁSTICO, TIPOEMBALAGEM DESCARTÁVEL"
federal,carne_suina,2023,Federal/ES,15.85,kg,unidade_declarada,"Carne Suína In Natura tipo corte: toucinho, apresentação: em manta, estado de conservação: congelado(a) Carne Suína In N"
federal,carne_suina,2024,Federal/ES,18.24,kg,unidade_declarada,"Carne suína in natura Carne Suína In Natura Tipo Corte: Toucinho , Apresentação: Em Manta , Estado De Conservação: Conge"
federal,carne_suina,2024,Federal/ES,20.4,kg,unidade_declarada,"Carne suína in natura CARNE SUÍNA IN NATURA, TIPO CORTE TOUCINHO, APRESENTAÇÃO EM MANTA, ESTADO DECONSERVAÇÃO CONGELADO("
federal,carne_suina,2024,Federal/ES,33.5,kg,unidade_declarada,"Carne Suína In Natura tipo corte: toucinho, apresentação: em manta, estado de conservação: congelado(a) Carne Suína In N"
federal,carne_suina,2024,Federal/ES,15.9,kg,unidade_declarada,"Carne Suína In Natura tipo corte: toucinho, apresentação: em manta, estado de conservação: congelado(a) Carne Suína In N"
federal,carne_suina,2024,Federal/ES,17.25,kg,unidade_declarada,"Carne suína in natura Carne Suína In Natura Tipo Corte: Pernil , Apresentação: Fatiada , Processamento: Sem Pele , Estad"
federal,carne_suina,2024,Federal/ES,19.1,kg,unidade_declarada,"Carne suína in natura CARNE SUÍNA IN NATURA, TIPO CORTE PERNIL, APRESENTAÇÃO FATIADA, PROCESSAMENTOSEM PELE, ESTADO DE C"
federal,carne_suina,2024,Federal/ES,23.38,kg,unidade_declarada,"Carne suína in natura CARNE SUÍNA IN NATURA, TIPO CORTE PERNIL, APRESENTAÇÃO FATIADA, PROCESSAMENTOSEM PELE, ESTADO DE C"
federal,carne_suina,2024,Federal/ES,22.79,kg,unidade_declarada,"Carne suína in natura CARNE SUÍNA IN NATURA, TIPO CORTE PERNIL, APRESENTAÇÃO FATIADA, PROCESSAMENTOSEM PELE, ESTADO DE C"
federal,carne_suina,2024,Federal/ES,23.37,kg,unidade_declarada,"Carne suína in natura CARNE SUÍNA IN NATURA, TIPO CORTE PERNIL, APRESENTAÇÃO FATIADA, PROCESSAMENTOSEM PELE, ESTADO DE C"
federal,carne_suina,2024,Federal/ES,22.88,kg,unidade_declarada,"Carne suína in natura CARNE SUÍNA IN NATURA, TIPO CORTE PERNIL, APRESENTAÇÃO FATIADA, PROCESSAMENTOSEM PELE, ESTADO DE C"
federal,desinfetante,2024,Federal/ES,4.01,litro,unidade_declarada,"Desinfetante Desinfetante Composição: À Base De Quaternário De Amônio , Princípio Ativo: Cloreto Alquil Dimetil Benzil A"
federal,ar_condicionado,2024,Federal/ES,11030.36,unidade,unitario,"Aparelho ar condicionado Aparelho Ar Condicionado Tipo: Multi Split , Modelo: Controle Remoto (Distinto Por Unidade Evap"
federal,agua_mineral,2024,Federal/ES,11.0,litro,heuristica,"Água Mineral Natural tipo: sem gás, material embalagem: plástico, tipo embalagem: retornável Água Mineral Natural tipo: "
federal,agua_mineral,2024,Federal/ES,11.15,litro,heuristica,"Água Mineral Natural Água Mineral Natural Tipo: Sem Gás, Material Embalagem: Plástico, Tipo Embalagem: Retornável"
federal,agua_mineral,2024,Federal/ES,10.9,litro,heuristica,"Água Mineral Natural Água Mineral Natural Tipo: Sem Gás, Material Embalagem: Plástico, Tipo Embalagem: Retornável"
federal,agua_mineral,2024,Federal/ES,11.9,litro,heuristica,"Água Mineral Natural Água Mineral Natural Tipo: Sem Gás, Material Embalagem: Plástico, Tipo Embalagem: Retornável"
federal,agua_mineral,2024,Federal/ES,11.9,litro,heuristica,"Água Mineral Natural Água Mineral Natural Tipo: Sem Gás, Material Embalagem: Plástico, Tipo Embalagem: Retornável"
federal,agua_mineral,2024,Federal/ES,11.9,litro,heuristica,"Água Mineral Natural Água Mineral Natural Tipo: Sem Gás, Material Embalagem: Plástico, Tipo Embalagem: Retornável"
federal,agua_mineral,2024,Federal/ES,10.9,litro,heuristica,"Água Mineral Natural Água Mineral Natural Tipo: Sem Gás, Material Embalagem: Plástico, Tipo Embalagem: Retornável"
federal,agua_mineral,2024,Federal/ES,12.0,litro,heuristica,"Água Mineral Natural material embalagem: plástico, tipo: sem gás, tipo embalagem: retornável Água Mineral Natural materi"
federal,agua_mineral,2024,Federal/ES,11.0,litro,heuristica,"Água Mineral Natural material embalagem: plástico, tipo: sem gás, tipo embalagem: retornável Água Mineral Natural materi"
federal,agua_mineral,2024,Federal/ES,10.9,litro,heuristica,"Água Mineral Natural Água Mineral Natural Tipo: Sem Gás, Material Embalagem: Plástico, Tipo Embalagem: Retornável"
federal,torneira,2024,Federal/ES,25.08,unidade,unitario,"Introdutor percutâneo Introdutor Percutâneo Tipo: Arterial/Venoso , Componente 1: Bainha Valvulada C/ Saída Lateral, Dil"
federal,agua_mineral,2024,Federal/ES,10.9,litro,heuristica,"Água Mineral Natural Água Mineral Natural Tipo: Sem Gás, Material Embalagem: Plástico, Tipo Embalagem: Retornável"
federal,agua_mineral,2024,Federal/ES,10.9,litro,heuristica,"Água Mineral Natural Água Mineral Natural Tipo: Sem Gás, Material Embalagem: Plástico, Tipo Embalagem: Retornável"
federal,agua_mineral,2024,Federal/ES,11.9,litro,heuristica,"Água Mineral Natural Água Mineral Natural Tipo: Sem Gás, Material Embalagem: Plástico, Tipo Embalagem: Retornável"
federal,carne_bovina,2024,Federal/ES,29.93,kg,unidade_declarada,"Carne bovina in natura Carne Bovina In Natura Tipo Corte: Paleta (Pá) , Apresentação: Moida , Estado De Conservação: Res"
federal,carne_suina,2024,Federal/ES,27.5,kg,unidade_declarada,"Carne suína in natura Carne Suína In Natura Tipo Corte: Costela/Costelinha , Apresentação: Em Manta , Estado De Conserva"
federal,carne_suina,2024,Federal/ES,27.9,kg,unidade_declarada,"Carne Suína In Natura tipo corte: lombo, apresentação: fatiada, processamento: temperada, estado de conservação: resfria"
federal,amaciante,2024,Federal/ES,2.105,litro,heuristica,"Amaciante de roupa Amaciante De Roupa Aspecto Físico: Líquido Viscoso , Composição: Cloreto Diestearil Dimetil Amônio Te"
federal,leite_po,2024,Federal/ES,53.75,kg,heuristica,"Leite Em Pó origem: de vaca, teor gordura: desnatado, solubilidade: instantâneo Leite Em Pó origem: de vaca, teor gordur"
federal,leite_po,2024,Federal/ES,53.75,kg,heuristica,"Leite Em Pó origem: de vaca, teor gordura: desnatado, solubilidade: instantâneo Leite Em Pó origem: de vaca, teor gordur"
federal,vassoura,2024,Federal/ES,10.0,unidade,unitario,"Vassoura Vassoura Material Cerdas: Pêlo Sintético , Material Cepa: Polipropileno , Comprimento Cepa: 40 CM, Característi"
federal,linguica,2024,Federal/ES,25.5,kg,unidade_declarada,"Embutido Embutido Tipo: Linguiça Calabresa , Tamanho: Grossa , Tipo Preparação: Defumada , Estado De Conservação: Resfri"
federal,linguica,2024,Federal/ES,29.68,kg,unidade_declarada,"Embutido Embutido Tipo: Linguiça Calabresa , Tamanho: Grossa , Tipo Preparação: Defumada , Estado De Conservação: Resfri"
federal,torneira,2024,Federal/ES,76.9,unidade,unitario,"Torneira Torneira Material Corpo: Metal , Tipo: Automática , Diâmetro: 1/2 POL, Acabamento Superficial: Cromado , Caract"
federal,torneira,2024,Federal/ES,81.35,unidade,unitario,"Torneira Torneira Material Corpo: Metal , Tipo: Automática , Diâmetro: 1/2 POL, Acabamento Superficial: Cromado , Caract"
federal,seringa,2024,Federal/ES,0.13,unidade,unitario,"Seringa Seringa Material: Polipropileno , Capacidade: 5 ML, Tipo Bico: Bico Central Luer Lock Ou Slip , Tipo Vedação: Êm"
federal,bebedouro,2024,Federal/ES,392.76,unidade,unitario,"Bebedouro água Bebedouro Água Tipo: Industrial , Características Adicionais: 1 Torneira Água Gelada, 1 Torneira Água Nat"
federal,bebedouro,2024,Federal/ES,540.0,unidade,unitario,"Bebedouro água BEBEDOURO ÁGUA, TIPO INDUSTRIAL, CARACTERÍSTICAS ADICIONAIS 1 TORNEIRA ÁGUAGELADA, 1 TORNEIRA ÁGUA NATURA"
federal,bebedouro,2024,Federal/ES,610.0,unidade,unitario,"Bebedouro água BEBEDOURO ÁGUA, TIPO INDUSTRIAL, CARACTERÍSTICAS ADICIONAIS 1 TORNEIRA ÁGUAGELADA, 1 TORNEIRA ÁGUA NATURA"
federal,carne_bovina,2024,Federal/ES,16.8,kg,unidade_declarada,"Carne bovina in natura Carne Bovina In Natura Tipo Corte: Bucho , Apresentação: Peça Inteira , Estado De Conservação: Co"
federal,carne_suina,2024,Federal/ES,21.99,kg,unidade_declarada,"Carne Suína In Natura tipo corte: pernil, apresentação: peça inteira, processamento: sem osso, sem pele, estado de conse"
federal,carne_suina,2024,Federal/ES,23.9,kg,unidade_declarada,"Carne Suína In Natura tipo corte: pernil, apresentação: peça inteira, processamento: sem osso, sem pele, estado de conse"
federal,torneira,2024,Federal/ES,38.18,unidade,unitario,"Torneira Torneira Material Corpo: Metal Cromado , Tipo: De Mesa , Diâmetro: 1/2 POL, Acabamento Superficial: Cromado , C"
federal,torneira,2024,Federal/ES,38.0,unidade,unitario,"Torneira Torneira Material Corpo: Metal Cromado , Tipo: De Mesa , Diâmetro: 1/2 POL, Acabamento Superficial: Cromado , C"
federal,carne_suina,2024,Federal/ES,23.27,kg,unidade_declarada,"Carne suína in natura CARNE SUÍNA IN NATURA, TIPO CORTE PERNIL, APRESENTAÇÃO CORTADA EM TIRAS,PROCESSAMENTO SEM PELE, ES"
federal,carne_suina,2024,Federal/ES,21.48,kg,unidade_declarada,"Carne suína in natura CARNE SUÍNA IN NATURA, TIPO CORTE PERNIL, APRESENTAÇÃO CORTADA EM TIRAS,PROCESSAMENTO SEM PELE, ES"
federal,carne_suina,2024,Federal/ES,23.98,kg,unidade_declarada,"Carne suína in natura CARNE SUÍNA IN NATURA, TIPO CORTE PERNIL, APRESENTAÇÃO CORTADA EM TIRAS,PROCESSAMENTO SEM PELE, ES"
federal,carne_suina,2024,Federal/ES,19.1,kg,unidade_declarada,"Carne suína in natura CARNE SUÍNA IN NATURA, TIPO CORTE PERNIL, APRESENTAÇÃO CORTADA EM TIRAS,PROCESSAMENTO SEM PELE, ES"
federal,frango,2024,Federal/ES,30.76,kg,unidade_declarada,"Carne de ave in natura Carne De Ave In Natura Tipo Animal: Frango , Tipo Corte: Coração , Apresentação: Inteiro , Estado"
federal,frango,2024,Federal/ES,30.9,kg,unidade_declarada,"Carne de ave in natura Carne De Ave In Natura Tipo Animal: Frango , Tipo Corte: Coração , Apresentação: Inteiro , Estado"
federal,tubo_pvc,2024,Federal/ES,23.19,metro,unitario,"Tubo Pvc Soldável Tubo Pvc Soldável Diâmetro Nominal: 20 MM, Comprimento: 3"
federal,disjuntor,2024,Federal/ES,26.99,unidade,unitario,"Disjuntor baixa tensão Disjuntor Baixa Tensão Funcionamento: Termomagnético, Modelo: Caixa Moldada X160 3p3d, Número Pól"
federal,carne_bovina,2024,Federal/ES,29.08,kg,unidade_declarada,"Carne bovina in natura Carne Bovina In Natura Tipo Corte: Paleta (Pá) , Apresentação: Peça Inteira , Estado De Conservaç"
federal,torneira,2024,Federal/ES,27.9,unidade,unitario,"Introdutor percutâneo Introdutor Percutâneo Tipo: Arterial , Componente 1: Bainha Valvulada C/ Saída Lateral, Dilatador "
federal,sabonete,2024,Federal/ES,3.62,unidade,unitario,"Artigo para higiene no leito Artigo Para Higiene No Leito Tipo: Lenço Umedecido , Material: Poliéster , Tamanho: Cerca D"
federal,torneira,2024,Federal/ES,318.89,unidade,unitario,"Barrilete BARRILETE, MATERIAL PLÁSTICO, GRADUAÇÃO GRADUADO, CAPACIDADE 30 L, COMPONENTESCOM TAMPA, ACESSÓRIOS COM TORNEI"
federal,torneira,2024,Federal/ES,58.554,unidade,unitario,"Torneira Torneira Material Corpo: Metal , Tipo: Bica Móvel , Diâmetro: 1/2 POL, Acabamento Superficial: Cromado , Caract"
federal,detergente,2024,Federal/ES,10.0,litro,heuristica,"Detergente - Industrial Detergente - Industrial Aspecto Físico: Líquido, Componentes: Hidróxido De Sódio, Polímero Catiô"
federal,diesel,2024,Federal/ES,5.86,litro,unidade_declarada,"Óleo Diesel Óleo Diesel Uso: Automotivo, Apresentação: Com Biodiesel"
federal,sabonete,2024,Federal/ES,8.69,unidade,unitario,"Saboneteira Saboneteira Altura: 16CM, Largura: 7,5CM, Capacidade: 500ML, Tipo Uso: Sabonete Líquido, Características Adi"
federal,creme_leite,2024,Federal/ES,14.99,kg,heuristica,"Creme De Leite CREME DE LEITE, TEOR GORDURA ATÉ 20% DE GORDURA, PROCESSAMENTO UHT, TRATAMENTOHOMOGENEIZADO"
federal,creme_leite,2024,Federal/ES,15.49,kg,heuristica,"Creme De Leite CREME DE LEITE, TEOR GORDURA ATÉ 20% DE GORDURA, PROCESSAMENTO UHT, TRATAMENTOHOMOGENEIZADO"
federal,creme_leite,2024,Federal/ES,15.29,kg,heuristica,"Creme De Leite CREME DE LEITE, TEOR GORDURA ATÉ 20% DE GORDURA, PROCESSAMENTO UHT, TRATAMENTOHOMOGENEIZADO"
federal,frango,2024,Federal/ES,13.89,kg,unidade_declarada,"Embutido EMBUTIDO, TIPO LINGUIÇA DE FRANGO, TAMANHO GROSSA, TIPO PREPARAÇÃO FRESCA,ESTADO DE CONSERVAÇÃO CONGELADO(A)"
federal,frango,2024,Federal/ES,14.28,kg,unidade_declarada,"Embutido EMBUTIDO, TIPO LINGUIÇA DE FRANGO, TAMANHO GROSSA, TIPO PREPARAÇÃO FRESCA,ESTADO DE CONSERVAÇÃO CONGELADO(A)"
federal,frango,2024,Federal/ES,13.89,kg,unidade_declarada,"Embutido EMBUTIDO, TIPO LINGUIÇA DE FRANGO, TAMANHO GROSSA, TIPO PREPARAÇÃO FRESCA,ESTADO DE CONSERVAÇÃO CONGELADO(A)"
federal,frango,2024,Federal/ES,14.55,kg,unidade_declarada,"Embutido EMBUTIDO, TIPO LINGUIÇA DE FRANGO, TAMANHO GROSSA, TIPO PREPARAÇÃO FRESCA,ESTADO DE CONSERVAÇÃO CONGELADO(A)"
federal,torneira,2024,Federal/ES,29.775,unidade,unitario,"Torneira Torneira Material Corpo: Metal , Tipo: Bóia Caixa-D'Água , Diâmetro: 1/2 POL, Caracteristicas Adicionais: Balão"
federal,ar_condicionado,2024,Federal/ES,3390.0,unidade,unitario,"Aparelho Ar Condicionado tipo: split hi wall, capacidade refrigeração: 12.000, tensão: 220, características adicionais 1"
federal,ar_condicionado,2024,Federal/ES,2538.9,unidade,unitario,"Aparelho Ar Condicionado capacidade refrigeração: 12.000, características adicionais 1: controle remoto s/fio, inverter,"
federal,ar_condicionado,2024,Federal/ES,1813.0,unidade,unitario,"Aparelho ar condicionado APARELHO AR CONDICIONADO, CAPACIDADE REFRIGERAÇÃO 12.000 BTU, TENSÃO 220 V,TIPO SPLIT HI WALL, "
federal,ar_condicionado,2024,Federal/ES,1813.0,unidade,unitario,"Aparelho ar condicionado APARELHO AR CONDICIONADO, CAPACIDADE REFRIGERAÇÃO 12.000 BTU, TENSÃO 220 V,TIPO SPLIT HI WALL, "
federal,ar_condicionado,2024,Federal/ES,1813.0,unidade,unitario,"Aparelho ar condicionado APARELHO AR CONDICIONADO, CAPACIDADE REFRIGERAÇÃO 12.000 BTU, TENSÃO 220 V,TIPO SPLIT HI WALL, "
federal,carne_bovina,2024,Federal/ES,29.68,kg,unidade_declarada,Carne bovina in natura 
federal,seringa,2024,Federal/ES,0.48,unidade,unitario,Seringa 
federal,dipirona,2024,Federal/ES,10.5,unidade,unitario,Dipirona Sódica 
federal,chuchu,2024,Federal/ES,3.75,kg,unidade_declarada,Legume In Natura tipo: chuchu verde 
federal,lampada_led,2024,Federal/ES,19.0,unidade,unitario,"Lâmpada led Lâmpada Led Tensão Nominal: BivoltV, Potência Nominal: 50W, Tipo Base: E-27, Fluxo Luminoso: 4500LM, Tipo: S"
federal,ar_condicionado,2024,Federal/ES,2769.0,unidade,unitario,"Aparelho ar condicionado APARELHO AR CONDICIONADO, CAPACIDADE REFRIGERAÇÃO 18.000 BTU, TENSÃO 220 V,TIPO SPLIT HI WALL, "
federal,ar_condicionado,2024,Federal/ES,2768.0,unidade,unitario,"Aparelho ar condicionado APARELHO AR CONDICIONADO, CAPACIDADE REFRIGERAÇÃO 18.000 BTU, TENSÃO 220 V,TIPO SPLIT HI WALL, "
federal,ar_condicionado,2024,Federal/ES,3000.0,unidade,unitario,"Aparelho ar condicionado APARELHO AR CONDICIONADO, CAPACIDADE REFRIGERAÇÃO 18.000 BTU, TENSÃO 220 V,TIPO SPLIT HI WALL, "
federal,seringa,2024,Federal/ES,1.25,unidade,unitario,"Seringa Seringa Material: Polipropileno , Capacidade: 60 ML, Tipo Bico: Bico Central Luer Lock Ou Slip , Tipo Vedação: Ê"
federal,farinha_trigo,2024,Federal/ES,5.75,kg,unidade_declarada,"Macarrão MACARRÃO, TEOR DE UMIDADE MASSA SECA, BASE DA MASSA DE FARINHA DE TRIGO,INGREDIENTES ADICIONAIS COM OVOS, APRES"
federal,farinha_trigo,2024,Federal/ES,5.85,kg,unidade_declarada,"Macarrão MACARRÃO, TEOR DE UMIDADE MASSA SECA, BASE DA MASSA DE FARINHA DE TRIGO,INGREDIENTES ADICIONAIS COM OVOS, APRES"
federal,farinha_trigo,2024,Federal/ES,6.29,kg,unidade_declarada,"Macarrão MACARRÃO, TEOR DE UMIDADE MASSA SECA, BASE DA MASSA DE FARINHA DE TRIGO,INGREDIENTES ADICIONAIS COM OVOS, APRES"
federal,iogurte,2024,Federal/ES,4.19,litro,heuristica,"Iogurte Natural teor gordura: integral, sabor: sem sabor Iogurte Natural teor gordura: integral, sabor: sem sabor"
federal,iogurte,2024,Federal/ES,3.19,litro,heuristica,"Iogurte Natural teor gordura: integral, sabor: sem sabor Iogurte Natural teor gordura: integral, sabor: sem sabor"
federal,fuba,2024,Federal/ES,4.79,kg,heuristica,"Farinha De Milho grão: amarelo, tipo: fubá mimoso, característica adicional: transgênico, ingrediente adicional: fortifi"
federal,fuba,2024,Federal/ES,3.39,kg,heuristica,"Farinha De Milho grão: amarelo, tipo: fubá mimoso, característica adicional: transgênico, ingrediente adicional: fortifi"
federal,pimentao,2024,Federal/ES,9.0,kg,unidade_declarada,"Legume In Natura LEGUME IN NATURA, TIPO PIMENTÃO VERMELHO"
federal,pimentao,2024,Federal/ES,9.9,kg,unidade_declarada,Legume In Natura tipo: pimentão vermelho Legume In Natura tipo: pimentão vermelho
federal,carne_bovina,2024,Federal/ES,26.9,kg,unidade_declarada,"Carne Bovina In Natura tipo corte: músculo traseiro, apresentação: cortada em cubos, estado de conservação: resfriado(a)"
federal,carne_bovina,2024,Federal/ES,26.9,kg,heuristica,"Carne Bovina In Natura tipo corte: músculo traseiro, apresentação: cortada em cubos, estado de conservação: resfriado(a)"
federal,farinha_mandioca,2024,Federal/ES,3.89,kg,heuristica,"Farinha De Mandioca FARINHA DE MANDIOCA, GRUPO SECA, SUBGRUPO BRANCA, CLASSE FINA, ASPECTO FÍSICOTIPO 1, ACIDEZ BAIXA AC"
federal,farinha_mandioca,2024,Federal/ES,3.9,kg,heuristica,"Farinha De Mandioca FARINHA DE MANDIOCA, GRUPO SECA, SUBGRUPO BRANCA, CLASSE FINA, ASPECTO FÍSICOTIPO 1, ACIDEZ BAIXA AC"
federal,farinha_mandioca,2024,Federal/ES,5.9,kg,heuristica,"Farinha De Mandioca Farinha De Mandioca Grupo: Seca , Subgrupo: Branca , Classe: Fina , Aspecto Físico: Tipo 1 , Acidez:"
federal,farinha_mandioca,2024,Federal/ES,5.5,kg,heuristica,"Farinha De Mandioca Farinha De Mandioca Grupo: Seca , Subgrupo: Branca , Classe: Fina , Aspecto Físico: Tipo 1 , Acidez:"
federal,farinha_mandioca,2024,Federal/ES,3.89,kg,heuristica,"Farinha De Mandioca FARINHA DE MANDIOCA, GRUPO SECA, SUBGRUPO BRANCA, CLASSE FINA, ASPECTO FÍSICOTIPO 1, ACIDEZ BAIXA AC"
federal,farinha_mandioca,2024,Federal/ES,5.1,kg,heuristica,"Farinha De Mandioca Farinha De Mandioca Grupo: Seca , Subgrupo: Branca , Classe: Fina , Aspecto Físico: Tipo 1 , Acidez:"
federal,alcool,2024,Federal/ES,20.0,litro,unidade_declarada,"Álcool Etílico Álcool Etílico Aspecto Físico: Líquido , Fórmula Química: C2h5oh , Peso Molecular: 46,07 G/MOL, Grau De P"
federal,alcool,2024,Federal/ES,26.79,litro,unidade_declarada,"Álcool Etílico Álcool Etílico Aspecto Físico: Líquido, Fórmula Química: C2h5oh, Peso Molecular: 46,07G/MOL, Grau De Pure"
federal,farinha_trigo,2024,Federal/ES,4.89,kg,heuristica,"Macarrão teor de umidade: massa seca, base da massa: de farinha de trigo, apresentação: penne Macarrão teor de umidade: "
federal,toner,2024,Federal/ES,350.0,unidade,unitario,"Cartucho toner impressora samsung CARTUCHO TONER IMPRESSORA SAMSUNG, TIPO CARTUCHO ORIGINAL, COR TINTA PRETA,REFERÊNCIA "
federal,grampeador,2024,Federal/ES,62.25,unidade,unitario,"Grampeador Grampeador Material: Aço, Tipo: Tapeceiro, Tamanho Grampo: 106/4 A 106/14"
federal,torneira,2024,Federal/ES,27.9,unidade,unitario,"Introdutor percutâneo Introdutor Percutâneo Tipo: Arterial , Componente 1: Bainha Valvulada C/ Saída Lateral, Dilatador "
federal,farinha_trigo,2024,Federal/ES,11.49,kg,heuristica,"Mucilagem base: farinha de trigo, aveia e cevada, características adicionais: enriquecido com vitaminas e minerais com g"
federal,envelope,2024,Federal/ES,0.34,unidade,unitario,"Envelope Envelope Material: Kraft , Modelo: Saco Padrão , Tamanho (C X L): 162 X 229 MM, Cor: Parda , Gramatura: 80 G/M"
federal,alface,2024,Federal/ES,2.95,unidade,unitario,"Verdura In Natura VERDURA IN NATURA, TIPO ALFACE LISA"
federal,alface,2024,Federal/ES,2.95,unidade,unitario,Verdura In Natura Verdura In Natura Tipo: Alface Lisa
federal,alface,2024,Federal/ES,2.95,unidade,unitario,"Verdura In Natura VERDURA IN NATURA, TIPO ALFACE LISA"
federal,alface,2024,Federal/ES,2.95,unidade,unitario,Verdura In Natura Verdura In Natura Tipo: Alface Lisa
federal,disjuntor,2024,Federal/ES,25.21,unidade,unitario,"Disjuntor Baixa Tensão Disjuntor Baixa Tensão Funcionamento: Termomagnético , Número Pólos: 2 , Tensão Máxima Operação: "
federal,disjuntor,2024,Federal/ES,25.21,unidade,unitario,"Disjuntor Baixa Tensão Disjuntor Baixa Tensão Funcionamento: Termomagnético , Número Pólos: 2 , Tensão Máxima Operação: "
federal,alface,2024,Federal/ES,5.0,unidade,unitario,Verdura In Natura Verdura In Natura Tipo: Alface Lisa
federal,alface,2024,Federal/ES,5.55,unidade,unitario,Verdura In Natura Verdura In Natura Tipo: Alface Lisa
federal,seringa,2024,Federal/ES,0.2,unidade,unitario,"Seringa Seringa Material: Polipropileno , Capacidade: 10 ML, Tipo Bico: Bico Central Luer Lock Ou Slip , Tipo Vedação: Ê"
federal,ar_condicionado,2024,Federal/ES,7348.75,unidade,unitario,"Aparelho Ar Condicionado tipo: split, modelo: cassete 4 vias inverter, capacidade refrigeração: 36.000, tensão: 220, car"
federal,dexametasona,2024,Federal/ES,10.43,unidade,unitario,"Dexametasona Dexametasona Composição: Acetato, Associada À Neomicina Sulfato, Concentraçao: 1 Mg + 5MG/G, Forma Farmaceu"
federal,cadeira,2024,Federal/ES,128.7,unidade,unitario,Cadeira Escolar 
federal,seringa,2024,Federal/ES,0.3,unidade,unitario,"Seringa Seringa Material: Polipropileno , Capacidade: 20 ML, Tipo Bico: Bico Central Luer Lock Ou Slip , Tipo Vedação: Ê"
federal,seringa,2024,Federal/ES,0.21,unidade,unitario,Seringa 
federal,ar_condicionado,2024,Federal/ES,9809.66,unidade,unitario,"Aparelho ar condicionado APARELHO AR CONDICIONADO, CAPACIDADE REFRIGERAÇÃO 60.000 BTU/H, TENSÃO 220 V,TIPO SPLIT, MODELO"
federal,ar_condicionado,2024,Federal/ES,9800.0,unidade,unitario,"Aparelho ar condicionado APARELHO AR CONDICIONADO, CAPACIDADE REFRIGERAÇÃO 60.000 BTU/H, TENSÃO 220 V,TIPO SPLIT, MODELO"
federal,carne_bovina,2024,Federal/ES,24.25,kg,unidade_declarada,Carne bovina in natura 
federal,carne_bovina,2024,Federal/ES,31.25,kg,unidade_declarada,Carne bovina in natura 
federal,carne_suina,2024,Federal/ES,13.0,kg,unidade_declarada,Carne suína in natura 
federal,acucar,2024,Federal/ES,5.19,kg,heuristica,"Açúcar Açúcar Tipo: Refinado , Coloração: Branca , Prazo Validade Mínimo: 12 Meses"
federal,leite_integral,2024,Federal/ES,5.39,litro,heuristica,"Leite Fluido origem: de vaca, tipo: a, teor gordura: integral, processamento: uht "
federal,seringa,2024,Federal/ES,0.17,unidade,unitario,Seringa 
federal,diazepam,2024,Federal/ES,0.95,unidade,unitario,Diazepam 
federal,carne_bovina,2024,Federal/ES,29.68,kg,unidade_declarada,Carne bovina in natura 
federal,carne_bovina,2024,Federal/ES,34.86,kg,unidade_declarada,Carne bovina in natura 
federal,iogurte,2024,Federal/ES,4.19,litro,heuristica,"Iogurte Natural teor gordura: integral, sabor: sem sabor "
federal,batata,2024,Federal/ES,10.99,kg,unidade_declarada,Legume In Natura tipo: batata inglesa 
federal,torneira,2024,Federal/ES,98.5,unidade,unitario,"Bureta Bureta Material: Vidro , Graduação: Graduada , Volume: 10 ML, Escala: Graduação Máxima 0,1 Em 0,1 Ml, Numerada , "
federal,torneira,2024,Federal/ES,55.0,unidade,unitario,"Bureta BURETA, MATERIAL VIDRO, GRADUAÇÃO GRADUADA, VOLUME 50 ML, ESCALA GRADUAÇÃOMÁXIMA 0,1 EM 0,1 ML, NUMERADA, ACESSÓR"
federal,apontador,2024,Federal/ES,0.54,unidade,unitario,"Apontador Lápis Apontador Lápis Material: Termoplástico , Tipo: Escolar , Cor: Variada , Tamanho: Médio , Quantidade Fur"
federal,carne_bovina,2024,Federal/ES,31.25,kg,unidade_declarada,Carne bovina in natura 
federal,ar_condicionado,2024,Federal/ES,3115.18,unidade,unitario,"Peças E Acessórios Aparelho Ar Condicionado Peças E Acessórios Aparelho Ar Condicionado Tipo: Motor Compressor, Caracter"
federal,vinagre,2024,Federal/ES,7.6,litro,heuristica,Vinagre 
federal,leite_po,2024,Federal/ES,36.5,kg,unidade_declarada,Leite em pó 
federal,acucar,2024,Federal/ES,5.39,kg,heuristica,"Açúcar tipo: refinado, coloração: branca "
federal,macarrao,2024,Federal/ES,9.91,kg,unidade_declarada,Macarrão 
federal,carne_bovina,2024,Federal/ES,31.25,kg,unidade_declarada,Carne bovina in natura 
federal,carne_suina,2024,Federal/ES,13.0,kg,unidade_declarada,Carne suína in natura 
federal,carne_bovina,2024,Federal/ES,34.9,kg,heuristica,"Carne Bovina In Natura tipo corte: patinho, apresentação: cortada em cubos, estado de conservação: resfriado(a) Carne Bo"
federal,farinha_trigo,2024,Federal/ES,4.49,kg,heuristica,"Farinha De Trigo grupo: industrial, tipo: tipo 1, especial, ingrediente adicional: sem fermento "
federal,torneira,2024,Federal/ES,39.69,unidade,unitario,"Torneira Torneira Material Corpo: Aço Inoxidável, Tipo: De Parede, Diâmetro: 1/2POL, Caracteristicas Adicionais: Com 22c"
federal,abobora,2024,Federal/ES,4.99,kg,unidade_declarada,Legume In Natura tipo: abóbora cabotiá / japonesa 
federal,margarina,2024,Federal/ES,12.9,kg,heuristica,"Gordura Vegetal tipo: margarina, subtipo: cremosa, composição básica: mínimo de 80% de gordura, sabor: com sal "
federal,vinagre,2024,Federal/ES,8.92,litro,heuristica,"Vinagre matéria-prima: maçã, tipo: aromático, acidez: 4,20, aspecto físico: líquido, aspecto visual: límpido e sem depós"
federal,feijao,2024,Federal/ES,9.98,kg,unidade_declarada,"Leguminosa LEGUMINOSA, VARIEDADE FEIJÃO VERMELHO, TIPO TIPO 1"
federal,feijao,2024,Federal/ES,9.5,kg,unidade_declarada,"Leguminosa LEGUMINOSA, VARIEDADE FEIJÃO VERMELHO, TIPO TIPO 1"
federal,feijao,2024,Federal/ES,8.5,kg,unidade_declarada,"Leguminosa Leguminosa Variedade: Feijão Vermelho , Tipo: Tipo 1"
federal,feijao,2024,Federal/ES,9.2,kg,unidade_declarada,"Leguminosa Leguminosa Variedade: Feijão Vermelho , Tipo: Tipo 1"
federal,feijao,2024,Federal/ES,8.5,kg,unidade_declarada,"Leguminosa Leguminosa Variedade: Feijão Vermelho , Tipo: Tipo 1"
federal,feijao,2024,Federal/ES,8.9,kg,unidade_declarada,"Leguminosa LEGUMINOSA, VARIEDADE FEIJÃO VERMELHO, TIPO TIPO 1"
federal,seringa,2024,Federal/ES,0.21,unidade,unitario,Seringa 
federal,macarrao,2024,Federal/ES,9.91,kg,unidade_declarada,Macarrão 
federal,ar_condicionado,2024,Federal/ES,3422.93,unidade,unitario,"Aparelho ar condicionado Aparelho Ar Condicionado Tipo: Split , Modelo: Split Inverter , Capacidade Refrigeração: 22.000"
federal,vinagre,2024,Federal/ES,4.3867,litro,heuristica,Vinagre 
federal,desinfetante,2024,Federal/ES,24.5,litro,unidade_declarada,Desinfetante 
federal,suco,2024,Federal/ES,6.36,litro,heuristica,"Suco apresentação: líquido, características adicionais: concentrado, rendimento mínimo, 1 parte de suco-, sabor: laranja"
federal,carne_bovina,2024,Federal/ES,29.68,kg,unidade_declarada,Carne bovina in natura 
federal,iogurte,2024,Federal/ES,3.59,litro,heuristica,"Iogurte Natural teor gordura: desnatado, sabor: sem sabor "
federal,alface,2024,Federal/ES,2.49,unidade,unitario,Verdura In Natura tipo: alface crespa 
federal,cenoura,2024,Federal/ES,10.99,kg,unidade_declarada,Legume In Natura tipo: cenoura 
federal,leite_integral,2024,Federal/ES,5.31,litro,heuristica,Leite Fluido 
federal,macarrao,2024,Federal/ES,9.91,kg,unidade_declarada,Macarrão 
federal,macarrao,2024,Federal/ES,9.86,kg,unidade_declarada,Macarrão 
federal,carne_suina,2024,Federal/ES,20.31,kg,unidade_declarada,Carne suína in natura 
federal,tubo_pvc,2024,Federal/ES,44.8,metro,unitario,Tubo Pvc Soldável 
federal,frango,2024,Federal/ES,9.98,kg,unidade_declarada,"Carne De Ave In Natura tipo animal: frango, tipo corte: coxa e sobrecoxa, apresentação: inteiro, estado de conservação: "
federal,leite_integral,2024,Federal/ES,6.49,litro,heuristica,"Leite Fluido origem: de vaca, tipo: a, teor gordura: integral, processamento: uht "
federal,suco,2024,Federal/ES,29.7143,litro,descricao,"Copo de vidro COPO DE VIDRO, CAPACIDADE 350 ML, COR INCOLOR, TIPO USO ÁGUA/SUCO/REFRIGERANTE"
federal,sabonete,2024,Federal/ES,1.52,unidade,unitario,"Sabonete Sabonete Aspecto Físico*: Sólido , Composição: À Base De Ácido Salicílico"
federal,carne_bovina,2024,Federal/ES,29.5,kg,unidade_declarada,"Carne Bovina In Natura tipo corte: coxão duro, apresentação: peça inteira, estado de conservação: resfriado(a) Carne Bov"
federal,carne_bovina,2024,Federal/ES,29.5,kg,heuristica,"Carne Bovina In Natura tipo corte: coxão duro, apresentação: peça inteira, estado de conservação: resfriado(a) Carne Bov"
federal,carne_bovina,2024,Federal/ES,43.9,kg,heuristica,"Carne Bovina In Natura tipo corte: coxão duro, apresentação: peça inteira, estado de conservação: resfriado(a) Carne Bov"
federal,dexametasona,2024,Federal/ES,4.1,unidade,unitario,"Dexametasona Dexametasona Concentraçao: 1 MG/G, Forma Farmaceutica: Pomada Oftálmica"
federal,pendrive,2024,Federal/ES,58.7,unidade,unitario,"Memória portátil microcomputador MEMÓRIA PORTÁTIL MICROCOMPUTADOR, CAPACIDADE MEMÓRIA 128 GB, INTERFACE USB 2.0, CARACTE"
federal,pendrive,2024,Federal/ES,37.0,unidade,unitario,"Memória Portátil Microcomputador Memória Portátil Microcomputador Capacidade Memória: 128GB, Interface: Usb 2.0, Caracte"
federal,pendrive,2024,Federal/ES,60.0,unidade,unitario,"Memória Portátil Microcomputador Memória Portátil Microcomputador Capacidade Memória: 128GB, Interface: Usb 2.0, Caracte"
federal,ar_condicionado,2024,Federal/ES,6490.0,unidade,unitario,"Aparelho ar condicionado Aparelho Ar Condicionado Tipo: Bi-Splir, 2 Evaporadores Hi-Wall 9.000 Btus , Modelo: Hi Wall , "
federal,detergente,2024,Federal/ES,3.0,litro,heuristica,"Detergente Detergente Composição: Tensoativo Não-Iônico, Agente Alcalinizante E Agen , Aplicação: Lavagem De Louças , Ca"
federal,carne_suina,2024,Federal/ES,20.31,kg,unidade_declarada,Carne suína in natura 
federal,carne_bovina,2024,Federal/ES,24.25,kg,unidade_declarada,Carne bovina in natura 
federal,seringa,2024,Federal/ES,1.59,unidade,unitario,Seringa 
federal,tubo_pvc,2024,Federal/ES,23.91,metro,unitario,Tubo Pvc Soldável 
federal,leite_po,2024,Federal/ES,36.5,kg,unidade_declarada,Leite em pó 
federal,carne_suina,2024,Federal/ES,19.75,kg,unidade_declarada,Carne suína in natura 
federal,carne_bovina,2024,Federal/ES,24.25,kg,unidade_declarada,Carne bovina in natura 
federal,dexametasona,2024,Federal/ES,5.5,unidade,unitario,Dexametasona 
federal,metronidazol,2024,Federal/ES,6.75,unidade,unitario,Metronidazol 
federal,toner,2024,Federal/ES,229.84,unidade,unitario,"Cartucho Toner Impressora Samsung Cartucho Toner Impressora Samsung Referência Cartucho: Mlt-D205l, Tipo Cartucho: Compa"
federal,biscoito,2024,Federal/ES,12.475,kg,heuristica,"Biscoito apresentação: quadrado, tipo: cream cracker, classificação: salgado "
federal,leite_integral,2024,Federal/ES,8.5,litro,heuristica,"Leite Fluido origem: de vaca, tipo: b, teor gordura: integral, processamento: pasteurizado, tratamento: homogeneizado "
federal,iogurte,2024,Federal/ES,11.98,litro,heuristica,"Iogurte Natural teor gordura: integral, sabor: com sabor, componentes: com polpa ou pedaços de fruta "
federal,lapis,2024,Federal/ES,2.51,unidade,unitario,"Lápis Preto Lápis Preto Material Corpo: Madeira, Diâmetro Carga: 2MM, Dureza Carga: Hb, Formato Corpo: Sextavado, Materi"
federal,sabonete,2024,Federal/ES,14.01,unidade,unitario,"Sabonete líquido Sabonete Líquido Aspecto Físico: Líquido Perfumado , Acidez: Neutro , Aplicação: Saboneteira Para Sabon"
federal,margarina,2024,Federal/ES,9.98,kg,unidade_declarada,"Gordura vegetal GORDURA VEGETAL, TIPO MARGARINA, SUBTIPO CREMOSA, COMPOSIÇÃO BÁSICA MÍNIMO DE80% DE GORDURA, SABOR COM S"
federal,margarina,2024,Federal/ES,10.49,kg,unidade_declarada,"Gordura vegetal GORDURA VEGETAL, TIPO MARGARINA, SUBTIPO CREMOSA, COMPOSIÇÃO BÁSICA MÍNIMO DE80% DE GORDURA, SABOR COM S"
federal,margarina,2024,Federal/ES,10.19,kg,unidade_declarada,"Gordura vegetal GORDURA VEGETAL, TIPO MARGARINA, SUBTIPO CREMOSA, COMPOSIÇÃO BÁSICA MÍNIMO DE80% DE GORDURA, SABOR COM S"
federal,margarina,2024,Federal/ES,11.96,kg,heuristica,"Gordura Vegetal tipo: margarina, subtipo: cremosa, composição básica: mínimo de 80% de gordura, sabor: com sal Gordura V"
federal,margarina,2024,Federal/ES,17.18,kg,heuristica,"Gordura Vegetal tipo: margarina, subtipo: cremosa, composição básica: mínimo de 80% de gordura, sabor: com sal Gordura V"
federal,abobora,2024,Federal/ES,4.25,kg,unidade_declarada,Legume In Natura Legume In Natura Tipo: Abóbora Paulista
federal,abobora,2024,Federal/ES,4.25,kg,unidade_declarada,"Legume In Natura LEGUME IN NATURA, TIPO ABÓBORA PAULISTA"
federal,abobora,2024,Federal/ES,4.25,kg,unidade_declarada,Legume In Natura Legume In Natura Tipo: Abóbora Paulista
federal,abobora,2024,Federal/ES,4.25,kg,unidade_declarada,"Legume In Natura LEGUME IN NATURA, TIPO ABÓBORA PAULISTA"
federal,diesel,2024,Federal/ES,7.82,litro,unidade_declarada,"ÓLEO DIESEL APRESENTAÇÃO: COM BIODIESEL, COMPOSIÇÃO: CONCENTRAÇÃO DE ENXOFRE 10, USO: AUTOMOTIVO ÓLEO DIESEL APRESENTAÇÃ"
federal,envelope,2024,Federal/ES,0.22,unidade,unitario,"Envelope Envelope Material: Kraft , Modelo: Saco Padrão , Tamanho (C X L): 280 X 200 MM, Cor: Parda , Gramatura: 80 G/M"
federal,envelope,2024,Federal/ES,0.21,unidade,unitario,"Envelope Envelope Material: Kraft , Modelo: Saco Padrão , Tamanho (C X L): 280 X 200 MM, Cor: Parda , Gramatura: 80 G/M"
federal,abobora,2024,Federal/ES,3.75,kg,unidade_declarada,Legume In Natura Legume In Natura Tipo: Abóbora Cabotiá / Japonesa
federal,abobora,2024,Federal/ES,4.05,kg,unidade_declarada,"Legume In Natura LEGUME IN NATURA, TIPO ABÓBORA CABOTIÁ/ JAPONESA"
federal,abobora,2024,Federal/ES,3.85,kg,unidade_declarada,Legume In Natura Legume In Natura Tipo: Abóbora Cabotiá / Japonesa
federal,carne_suina,2023,Federal/ES,22.9,kg,unidade_declarada,"Carne Suína In Natura tipo corte: lombo, apresentação: peça inteira, estado de conservação: congelado(a) Carne Suína In "
federal,carne_suina,2024,Federal/ES,24.53,kg,unidade_declarada,"Carne suína in natura Carne Suína In Natura Tipo Corte: Lombo , Apresentação: Peça Inteira , Estado De Conservação: Cong"
federal,frango,2024,Federal/ES,19.55,kg,unidade_declarada,"Carne de ave in natura CARNE DE AVE IN NATURA, TIPO ANIMAL FRANGO, TIPO CORTE FILÉ DE PEITO,APRESENTAÇÃO FATIADO, ESTADO"
federal,frango,2024,Federal/ES,20.66,kg,unidade_declarada,"Carne de ave in natura CARNE DE AVE IN NATURA, TIPO ANIMAL FRANGO, TIPO CORTE FILÉ DE PEITO,APRESENTAÇÃO FATIADO, ESTADO"
federal,frango,2024,Federal/ES,26.9,kg,unidade_declarada,"Carne De Ave In Natura tipo animal: frango, tipo corte: filé de peito, apresentação: fatiado, estado de conservação: con"
federal,frango,2024,Federal/ES,18.5,kg,unidade_declarada,"Carne de ave in natura CARNE DE AVE IN NATURA, TIPO ANIMAL FRANGO, TIPO CORTE FILÉ DE PEITO,APRESENTAÇÃO FATIADO, ESTADO"
federal,frango,2024,Federal/ES,27.8,kg,unidade_declarada,"Carne De Ave In Natura tipo animal: frango, tipo corte: filé de peito, apresentação: fatiado, estado de conservação: con"
federal,frango,2024,Federal/ES,25.79,kg,unidade_declarada,"Carne De Ave In Natura tipo animal: frango, tipo corte: filé de peito, apresentação: fatiado, estado de conservação: con"
federal,frango,2024,Federal/ES,20.2,kg,unidade_declarada,"Carne de ave in natura CARNE DE AVE IN NATURA, TIPO ANIMAL FRANGO, TIPO CORTE FILÉ DE PEITO,APRESENTAÇÃO FATIADO, ESTADO"
federal,frango,2024,Federal/ES,19.99,kg,unidade_declarada,"Carne de ave in natura CARNE DE AVE IN NATURA, TIPO ANIMAL FRANGO, TIPO CORTE FILÉ DE PEITO,APRESENTAÇÃO FATIADO, ESTADO"
federal,frango,2024,Federal/ES,20.45,kg,unidade_declarada,"Carne de ave in natura CARNE DE AVE IN NATURA, TIPO ANIMAL FRANGO, TIPO CORTE FILÉ DE PEITO,APRESENTAÇÃO FATIADO, ESTADO"
federal,leite_integral,2024,Federal/ES,5.2,litro,heuristica,"Leite Fluido LEITE FLUIDO, ORIGEM DE VACA, TIPO A, TEOR GORDURA INTEGRAL, PROCESSAMENTO UHT"
federal,leite_integral,2024,Federal/ES,4.39,litro,heuristica,"Leite Fluido Leite Fluido Origem: De Vaca , Tipo: A , Teor Gordura: Integral , Processamento: Uht"
federal,leite_integral,2024,Federal/ES,5.98,litro,heuristica,"Leite Fluido origem: de vaca, tipo: a, teor gordura: integral, processamento: uht Leite Fluido origem: de vaca, tipo: a,"
federal,leite_integral,2024,Federal/ES,5.25,litro,heuristica,"Leite Fluido LEITE FLUIDO, ORIGEM DE VACA, TIPO A, TEOR GORDURA INTEGRAL, PROCESSAMENTO UHT"
federal,leite_integral,2024,Federal/ES,4.39,litro,heuristica,"Leite Fluido Leite Fluido Origem: De Vaca , Tipo: A , Teor Gordura: Integral , Processamento: Uht"
federal,leite_integral,2024,Federal/ES,5.65,litro,heuristica,"Leite Fluido origem: de vaca, tipo: a, teor gordura: integral, processamento: uht Leite Fluido origem: de vaca, tipo: a,"
federal,leite_integral,2024,Federal/ES,4.39,litro,heuristica,"Leite Fluido Leite Fluido Origem: De Vaca , Tipo: A , Teor Gordura: Integral , Processamento: Uht"
federal,frango,2024,Federal/ES,20.4,kg,unidade_declarada,"Carne de ave in natura Carne De Ave In Natura Tipo Animal: Frango , Tipo Corte: Filé De Peito , Apresentação: Fatiado , "
federal,macarrao,2024,Federal/ES,9.45,kg,unidade_declarada,Legume In Natura Legume In Natura Tipo: Vagem Macarrão
federal,macarrao,2024,Federal/ES,7.54,kg,unidade_declarada,Legume In Natura Legume In Natura Tipo: Vagem Macarrão
federal,macarrao,2024,Federal/ES,9.45,kg,unidade_declarada,Legume In Natura Legume In Natura Tipo: Vagem Macarrão
federal,cebola,2024,Federal/ES,4.5,kg,unidade_declarada,Legume In Natura tipo: cebola branca Legume In Natura tipo: cebola branca
federal,cebola,2024,Federal/ES,7.49,kg,unidade_declarada,Legume In Natura tipo: cebola branca Legume In Natura tipo: cebola branca
federal,bacon,2024,Federal/ES,27.5,kg,unidade_declarada,"Carne defumada CARNE DEFUMADA, TIPO CORTE TOUCINHO (BACON), TIPO ANIMAL SUÍNA, APRESENTAÇÃOEM MANTAS, ESTADO DE CONSERVA"
federal,bacon,2024,Federal/ES,27.5,kg,unidade_declarada,"Carne defumada CARNE DEFUMADA, TIPO CORTE TOUCINHO (BACON), TIPO ANIMAL SUÍNA, APRESENTAÇÃOEM MANTAS, ESTADO DE CONSERVA"
federal,bacon,2024,Federal/ES,31.22,kg,unidade_declarada,"Carne defumada CARNE DEFUMADA, TIPO CORTE TOUCINHO (BACON), TIPO ANIMAL SUÍNA, APRESENTAÇÃOEM MANTAS, ESTADO DE CONSERVA"
federal,alface,2024,Federal/ES,3.03,unidade,unitario,Verdura In Natura Verdura In Natura Tipo: Alface Americana
federal,alface,2024,Federal/ES,3.03,unidade,unitario,"Verdura In Natura VERDURA IN NATURA, TIPO ALFACE AMERICANA"
federal,alface,2024,Federal/ES,3.03,unidade,unitario,Verdura In Natura Verdura In Natura Tipo: Alface Americana
federal,alface,2024,Federal/ES,3.03,unidade,unitario,"Verdura In Natura VERDURA IN NATURA, TIPO ALFACE AMERICANA"
federal,alface,2024,Federal/ES,3.03,unidade,unitario,Verdura In Natura Verdura In Natura Tipo: Alface Americana
federal,alface,2024,Federal/ES,3.03,unidade,unitario,"Verdura In Natura VERDURA IN NATURA, TIPO ALFACE AMERICANA"
federal,carne_suina,2024,Federal/ES,19.1,kg,unidade_declarada,"Carne suína in natura CARNE SUÍNA IN NATURA, TIPO CORTE PERNIL, APRESENTAÇÃO CORTADA EM CUBOS,PROCESSAMENTO SEM PELE, ES"
federal,lampada_led,2024,Federal/ES,6.52,unidade,unitario,"Lâmpada Led Lâmpada Led Tensão Nominal: Bivolt V, Potência Nominal: 20 W, Tipo Base: G13 , Tipo Bulbo: T8 , Temperatura "
federal,beterraba,2024,Federal/ES,4.46,kg,unidade_declarada,Legume In Natura Legume In Natura Tipo: Beterraba
federal,beterraba,2024,Federal/ES,4.12,kg,unidade_declarada,"Legume In Natura LEGUME IN NATURA, TIPO BETERRABA"
federal,beterraba,2024,Federal/ES,3.75,kg,unidade_declarada,Legume In Natura tipo: beterraba Legume In Natura tipo: beterraba
federal,beterraba,2024,Federal/ES,4.59,kg,unidade_declarada,Legume In Natura tipo: beterraba Legume In Natura tipo: beterraba
federal,beterraba,2024,Federal/ES,4.05,kg,unidade_declarada,Legume In Natura Legume In Natura Tipo: Beterraba
federal,beterraba,2024,Federal/ES,9.99,kg,unidade_declarada,Legume In Natura tipo: beterraba Legume In Natura tipo: beterraba
federal,repolho,2024,Federal/ES,3.49,kg,unidade_declarada,Verdura In Natura Verdura In Natura Tipo: Repolho Branco / Verde
federal,repolho,2024,Federal/ES,3.49,kg,unidade_declarada,Verdura In Natura Verdura In Natura Tipo: Repolho Branco / Verde
federal,repolho,2024,Federal/ES,3.04,kg,unidade_declarada,Verdura In Natura Verdura In Natura Tipo: Repolho Branco / Verde
federal,repolho,2024,Federal/ES,3.99,kg,unidade_declarada,Verdura In Natura tipo: repolho branco / verde Verdura In Natura tipo: repolho branco / verde
federal,beterraba,2024,Federal/ES,4.22,kg,unidade_declarada,"Legume In Natura LEGUME IN NATURA, TIPO BETERRABA"
federal,beterraba,2024,Federal/ES,4.22,kg,unidade_declarada,Legume In Natura Legume In Natura Tipo: Beterraba
federal,beterraba,2024,Federal/ES,4.22,kg,unidade_declarada,"Legume In Natura LEGUME IN NATURA, TIPO BETERRABA"
federal,beterraba,2024,Federal/ES,4.22,kg,unidade_declarada,Legume In Natura Legume In Natura Tipo: Beterraba
federal,tomate,2024,Federal/ES,4.75,kg,heuristica,Legume In Natura tipo: tomate salada Legume In Natura tipo: tomate salada
federal,tomate,2024,Federal/ES,3.98,kg,unidade_declarada,Legume In Natura tipo: tomate salada Legume In Natura tipo: tomate salada
federal,tomate,2024,Federal/ES,7.1,kg,unidade_declarada,Legume In Natura Legume In Natura Tipo: Tomate Salada
federal,tomate,2024,Federal/ES,6.15,kg,unidade_declarada,Legume In Natura Legume In Natura Tipo: Tomate Salada
federal,frango,2024,Federal/ES,11.3,kg,unidade_declarada,"Carne de ave in natura CARNE DE AVE IN NATURA, TIPO ANIMAL FRANGO, TIPO CORTE SOBRECOXA, APRESENTAÇÃOINTEIRO, ESTADO DE "
federal,frango,2024,Federal/ES,11.3,kg,unidade_declarada,"Carne de ave in natura CARNE DE AVE IN NATURA, TIPO ANIMAL FRANGO, TIPO CORTE SOBRECOXA, APRESENTAÇÃOINTEIRO, ESTADO DE "
federal,frango,2024,Federal/ES,9.9,kg,unidade_declarada,"Carne de ave in natura CARNE DE AVE IN NATURA, TIPO ANIMAL FRANGO, TIPO CORTE SOBRECOXA, APRESENTAÇÃOINTEIRO, ESTADO DE "
federal,tomate,2024,Federal/ES,9.99,kg,unidade_declarada,Legume In Natura tipo: tomate salada Legume In Natura tipo: tomate salada
federal,tomate,2024,Federal/ES,7.85,kg,unidade_declarada,Legume In Natura Legume In Natura Tipo: Tomate Salada
federal,repolho,2024,Federal/ES,4.08,kg,unidade_declarada,Verdura In Natura Verdura In Natura Tipo: Repolho Branco / Verde
federal,repolho,2024,Federal/ES,4.08,kg,unidade_declarada,"Verdura In Natura VERDURA IN NATURA, TIPO REPOLHO BRANCO/ VERDE"
federal,repolho,2024,Federal/ES,4.08,kg,unidade_declarada,Verdura In Natura Verdura In Natura Tipo: Repolho Branco / Verde
federal,repolho,2024,Federal/ES,4.08,kg,unidade_declarada,"Verdura In Natura VERDURA IN NATURA, TIPO REPOLHO BRANCO/ VERDE"
federal,acucar,2024,Federal/ES,3.59,kg,heuristica,"Côco Ralado ingredientes: amêndoa de côco, apresentação: triturado, características adicionais: sem açucar Côco Ralado i"
federal,torneira,2024,Federal/ES,100.0,unidade,unitario,"Introdutor percutâneo Introdutor Percutâneo Tipo: Arterial/Venoso , Componente 1: Bainha Valvulada C/ Saída Lateral, Dil"
federal,acucar,2024,Federal/ES,8.95,kg,heuristica,"Açúcar Açúcar Tipo: Cristal , Prazo Validade Mínimo: 12 Meses"
federal,farinha_trigo,2024,Federal/ES,7.65,kg,heuristica,"Farinha De Trigo grupo: doméstico, tipo: integral, ingrediente adicional: fortificada com ferro e ácido fólico Farinha D"
federal,farinha_trigo,2024,Federal/ES,7.65,kg,heuristica,"Farinha De Trigo grupo: doméstico, tipo: integral, ingrediente adicional: fortificada com ferro e ácido fólico Farinha D"
federal,torneira,2024,Federal/ES,26.36,unidade,unitario,"Introdutor percutâneo Introdutor Percutâneo Tipo: Arterial/Venoso , Componente 1: Bainha Valvulada C/ Saída Lateral, Dil"
federal,farinha_trigo,2024,Federal/ES,6.9,kg,heuristica,"Pão Pão Base: De Farinha De Trigo Refinada , Tipo: Semi-Doce , Tipo Adicional: Hamburger/Redondo"
federal,farinha_trigo,2024,Federal/ES,7.0,kg,heuristica,"Pão Pão Base: De Farinha De Trigo Refinada , Tipo: Semi-Doce , Tipo Adicional: Hamburger/Redondo"
federal,carne_bovina,2024,Federal/ES,26.9,kg,unidade_declarada,"Carne Bovina In Natura tipo corte: acém, apresentação: peça inteira, processamento: sem osso, estado de conservação: res"
federal,acucar,2024,Federal/ES,20.0,kg,heuristica,"Açúcar AÇÚCAR, TIPO CRISTAL, PRAZO VALIDADE MÍNIMO 12 MESES"
federal,acucar,2024,Federal/ES,4.85,kg,heuristica,Açúcar tipo: de confeiteiro Açúcar tipo: de confeiteiro
federal,seringa,2024,Federal/ES,1.03,unidade,unitario,"Seringa Seringa Material: Polipropileno , Capacidade: 60 ML, Tipo Bico: Bico Lateral Luer Slip , Tipo Vedação: Êmbolo De"
federal,ar_condicionado,2024,Federal/ES,11995.0,unidade,unitario,"Aparelho ar condicionado Aparelho Ar Condicionado Tipo: Split , Modelo: Split Inverter , Capacidade Refrigeração: 60.000"
federal,carne_bovina,2024,Federal/ES,17.25,kg,unidade_declarada,"Carne bovina in natura Carne Bovina In Natura Tipo Corte: Costela , Apresentação: Pedaço , Estado De Conservação: Congel"
federal,carne_bovina,2024,Federal/ES,17.08,kg,unidade_declarada,"Carne bovina in natura Carne Bovina In Natura Tipo Corte: Costela , Apresentação: Pedaço , Estado De Conservação: Congel"
federal,carne_bovina,2024,Federal/ES,37.23,kg,unidade_declarada,"Carne bovina in natura Carne Bovina In Natura Tipo Corte: Coxão Mole , Apresentação: Peça Inteira , Estado De Conservaçã"
federal,leite_condensado,2024,Federal/ES,10.9,kg,heuristica,"Leite Condensado tipo: integral, ingrediente básico: leite in natura Leite Condensado tipo: integral, ingrediente básico"
federal,leite_condensado,2024,Federal/ES,8.35,kg,heuristica,"Leite Condensado tipo: integral, ingrediente básico: leite in natura Leite Condensado tipo: integral, ingrediente básico"
federal,carne_bovina,2024,Federal/ES,14.9,kg,unidade_declarada,"Carne bovina in natura Carne Bovina In Natura Tipo Corte: Fígado , Apresentação: Peça Inteira , Estado De Conservação: C"
federal,gasolina,2024,Federal/ES,6.31,litro,unidade_declarada,"GASOLINA CLASSIFICAÇÃO: ADITIVADA, USO: PARA AUTOMOTIVOS, ÍNDICE DE OCTANAGEM: IAD 91 MIN GASOLINA CLASSIFICAÇÃO: ADITIV"
federal,frango,2024,Federal/ES,18.89,kg,unidade_declarada,"Carne de ave in natura CARNE DE AVE IN NATURA, TIPO ANIMAL FRANGO, TIPO CORTE FILEZINHO (SASSAMI),APRESENTAÇÃO INTEIRO, "
federal,frango,2024,Federal/ES,20.19,kg,unidade_declarada,"Carne de ave in natura CARNE DE AVE IN NATURA, TIPO ANIMAL FRANGO, TIPO CORTE FILEZINHO (SASSAMI),APRESENTAÇÃO INTEIRO, "
federal,frango,2024,Federal/ES,18.89,kg,unidade_declarada,"Carne de ave in natura CARNE DE AVE IN NATURA, TIPO ANIMAL FRANGO, TIPO CORTE FILEZINHO (SASSAMI),APRESENTAÇÃO INTEIRO, "
federal,frango,2024,Federal/ES,21.25,kg,unidade_declarada,"Carne de ave in natura CARNE DE AVE IN NATURA, TIPO ANIMAL FRANGO, TIPO CORTE FILEZINHO (SASSAMI),APRESENTAÇÃO INTEIRO, "
federal,frango,2024,Federal/ES,18.89,kg,unidade_declarada,"Carne de ave in natura CARNE DE AVE IN NATURA, TIPO ANIMAL FRANGO, TIPO CORTE FILEZINHO (SASSAMI),APRESENTAÇÃO INTEIRO, "
federal,frango,2024,Federal/ES,18.79,kg,unidade_declarada,"Carne de ave in natura CARNE DE AVE IN NATURA, TIPO ANIMAL FRANGO, TIPO CORTE FILEZINHO (SASSAMI),APRESENTAÇÃO INTEIRO, "
federal,gas_glp,2024,Federal/ES,100.0,botijao_13kg,unitario,"Gás Refino De Petróleo tipo: gás liquefeito de petróleo - glp, uso: doméstico Gás Refino De Petróleo tipo: gás liquefeit"
federal,banana,2024,Federal/ES,5.21,kg,unidade_declarada,"Fruta FRUTA, TIPO BANANA PRATA/ BANANA BRANCA, APRESENTAÇÃO NATURAL"
federal,banana,2024,Federal/ES,5.21,kg,unidade_declarada,"Fruta Fruta Tipo: Banana Prata / Banana Branca , Apresentação: Natural"
federal,banana,2024,Federal/ES,5.21,kg,unidade_declarada,"Fruta FRUTA, TIPO BANANA PRATA/ BANANA BRANCA, APRESENTAÇÃO NATURAL"
federal,banana,2024,Federal/ES,5.21,kg,unidade_declarada,"Fruta Fruta Tipo: Banana Prata / Banana Branca , Apresentação: Natural"
federal,banana,2024,Federal/ES,3.2,kg,unidade_declarada,"Fruta tipo: banana prata / banana branca, apresentação: natural BANANA PRATA, de primeira qualidade, fisiologicamente de"
federal,maca_fruta,2024,Federal/ES,7.88,kg,unidade_declarada,"Fruta Fruta Tipo: Maçã Gala , Apresentação: Natural"
federal,maca_fruta,2024,Federal/ES,7.99,kg,unidade_declarada,"Fruta Fruta Tipo: Maçã Gala , Apresentação: Natural"
federal,maca_fruta,2024,Federal/ES,10.95,kg,unidade_declarada,"Fruta tipo: maçã gala, apresentação: natural Fruta tipo: maçã gala, apresentação: natural"
federal,maca_fruta,2024,Federal/ES,8.62,kg,unidade_declarada,"Fruta Fruta Tipo: Maçã Gala , Apresentação: Natural"
federal,maca_fruta,2024,Federal/ES,11.99,kg,unidade_declarada,"Fruta tipo: maçã gala, apresentação: natural Fruta tipo: maçã gala, apresentação: natural"
federal,maca_fruta,2024,Federal/ES,13.0,kg,unidade_declarada,"Fruta tipo: maçã gala, apresentação: natural Fruta tipo: maçã gala, apresentação: natural"
federal,gas_glp,2024,Federal/ES,105.0,botijao_13kg,unitario,"GÁS REFINO DE PETRÓLEO TIPO: GÁS LIQUEFEITO DE PETRÓLEO - GLP, USO: DOMÉSTICO GÁS REFINO DE PETRÓLEO TIPO: GÁS LIQUEFEIT"
federal,gas_glp,2024,Federal/ES,110.01,botijao_13kg,unitario,"Gás refino de petróleo Gás Refino De Petróleo Tipo: Gás Liquefeito De Petróleo - Glp , Uso: Doméstico"
federal,gas_glp,2024,Federal/ES,108.09,botijao_13kg,unitario,"Gás refino de petróleo Gás Refino De Petróleo Tipo: Gás Liquefeito De Petróleo - Glp , Uso: Doméstico"
federal,gas_glp,2024,Federal/ES,86.0,botijao_13kg,unitario,"Gás Refino De Petróleo tipo: gás liquefeito de petróleo - glp, uso: doméstico Gás Refino De Petróleo tipo: gás liquefeit"
federal,gas_glp,2024,Federal/ES,102.0,botijao_13kg,unitario,"Gás Refino De Petróleo tipo: gás liquefeito de petróleo - glp, uso: doméstico Gás Refino De Petróleo tipo: gás liquefeit"
federal,gas_glp,2024,Federal/ES,86.0,botijao_13kg,unitario,"Gás Refino De Petróleo tipo: gás liquefeito de petróleo - glp, uso: doméstico Gás Refino De Petróleo tipo: gás liquefeit"
federal,gas_glp,2024,Federal/ES,85.0,botijao_13kg,unitario,"Gás Refino De Petróleo tipo: gás liquefeito de petróleo - glp, uso: doméstico Gás Refino De Petróleo tipo: gás liquefeit"
federal,suco,2024,Federal/ES,6.98,litro,heuristica,"Suco apresentação: líquido, sabor: uva, tipo: natural, características adicionais: concentrado, rendimento mínimo, 1 par"
federal,banana,2024,Federal/ES,3.95,kg,unidade_declarada,"Fruta Fruta Tipo: Banana Prata / Banana Branca , Apresentação: Natural"
federal,banana,2024,Federal/ES,5.08,kg,unidade_declarada,"Fruta Fruta Tipo: Banana Prata / Banana Branca , Apresentação: Natural"
federal,banana,2024,Federal/ES,5.65,kg,unidade_declarada,"Fruta tipo: banana prata / banana branca, apresentação: natural Fruta tipo: banana prata / banana branca, apresentação: "
federal,banana,2024,Federal/ES,3.99,kg,unidade_declarada,"Fruta tipo: banana prata / banana branca, apresentação: natural Fruta tipo: banana prata / banana branca, apresentação: "
federal,banana,2024,Federal/ES,3.5,kg,unidade_declarada,"Fruta Fruta Tipo: Banana Prata / Banana Branca , Apresentação: Natural"
federal,goiaba,2024,Federal/ES,5.5,kg,unidade_declarada,"Fruta tipo: goiaba vermelha, apresentação: natural GOIABA, fruta de primeira qualidade, tamanho médio, apresentando cara"
federal,gas_glp,2025,Federal/ES,135.0,botijao_13kg,unitario,"Gás Refino De Petróleo tipo: gás liquefeito de petróleo - glp, uso: doméstico Gás Refino De Petróleo tipo: gás liquefeit"
federal,alcool,2024,Federal/ES,4.81,litro,unidade_declarada,"Álcool etílico limpeza de ambientes Álcool Etílico Limpeza De Ambientes Tipo: Hidratado , Aplicação: Produto Limpeza Dom"
federal,goiaba,2024,Federal/ES,5.9,kg,unidade_declarada,"Fruta Fruta Tipo: Goiaba Vermelha , Apresentação: Natural"
federal,goiaba,2024,Federal/ES,7.45,kg,unidade_declarada,"Fruta Fruta Tipo: Goiaba Vermelha , Apresentação: Natural"
federal,melancia,2024,Federal/ES,3.52,kg,unidade_declarada,"Fruta Fruta Tipo: Melancia Vermelha , Apresentação: Natural"
federal,carne_bovina,2024,Federal/ES,32.7,kg,unidade_declarada,"Carne bovina in natura CARNE BOVINA IN NATURA, TIPO CORTE PALETA (PÁ), APRESENTAÇÃO FATIADA EM BIFE,ESTADO DE CONSERVAÇÃ"
federal,carne_bovina,2024,Federal/ES,34.28,kg,unidade_declarada,"Carne bovina in natura CARNE BOVINA IN NATURA, TIPO CORTE PALETA (PÁ), APRESENTAÇÃO FATIADA EM BIFE,ESTADO DE CONSERVAÇÃ"
federal,carne_bovina,2024,Federal/ES,34.24,kg,unidade_declarada,"Carne bovina in natura CARNE BOVINA IN NATURA, TIPO CORTE PALETA (PÁ), APRESENTAÇÃO FATIADA EM BIFE,ESTADO DE CONSERVAÇÃ"
federal,carne_bovina,2024,Federal/ES,32.99,kg,unidade_declarada,"Carne bovina in natura CARNE BOVINA IN NATURA, TIPO CORTE PALETA (PÁ), APRESENTAÇÃO FATIADA EM BIFE,ESTADO DE CONSERVAÇÃ"
federal,carne_bovina,2024,Federal/ES,34.28,kg,unidade_declarada,"Carne bovina in natura CARNE BOVINA IN NATURA, TIPO CORTE PALETA (PÁ), APRESENTAÇÃO FATIADA EM BIFE,ESTADO DE CONSERVAÇÃ"
federal,carne_bovina,2024,Federal/ES,32.7,kg,unidade_declarada,"Carne bovina in natura CARNE BOVINA IN NATURA, TIPO CORTE PALETA (PÁ), APRESENTAÇÃO FATIADA EM BIFE,ESTADO DE CONSERVAÇÃ"
federal,ar_condicionado,2024,Federal/ES,3260.0,unidade,unitario,"Aparelho Ar Condicionado Aparelho Ar Condicionado Tipo: Bi Split, Modelo: Split Inverter, Capacidade Refrigeração: 18.00"
federal,melancia,2024,Federal/ES,3.45,kg,unidade_declarada,"Fruta FRUTA, TIPO MELANCIA VERMELHA, APRESENTAÇÃO NATURAL"
federal,melancia,2024,Federal/ES,4.0,kg,unidade_declarada,"Fruta Fruta Tipo: Melancia Vermelha , Apresentação: Natural"
federal,melancia,2024,Federal/ES,3.99,kg,unidade_declarada,"Fruta tipo: melancia vermelha, apresentação: natural Fruta tipo: melancia vermelha, apresentação: natural"
federal,melancia,2024,Federal/ES,4.25,kg,heuristica,"Fruta tipo: melancia vermelha, apresentação: natural Fruta tipo: melancia vermelha, apresentação: natural"
federal,lampada_led,2024,Federal/ES,8.41,unidade,unitario,"Lâmpada Led Lâmpada Led Tensão Nominal: Bivolt , Potência Nominal: 18 W, Tipo Base: G13 , Cor: Branca Fria , Fluxo Lumin"
federal,lampada_led,2024,Federal/ES,8.41,unidade,unitario,"Lâmpada Led Lâmpada Led Tensão Nominal: Bivolt , Potência Nominal: 18 W, Tipo Base: G13 , Cor: Branca Fria , Fluxo Lumin"
federal,melancia,2024,Federal/ES,4.68,kg,unidade_declarada,"Fruta FRUTA, TIPO MELANCIA VERMELHA, APRESENTAÇÃO NATURAL"
federal,melancia,2024,Federal/ES,4.68,kg,unidade_declarada,"Fruta Fruta Tipo: Melancia Vermelha , Apresentação: Natural"
federal,melancia,2024,Federal/ES,4.68,kg,unidade_declarada,"Fruta FRUTA, TIPO MELANCIA VERMELHA, APRESENTAÇÃO NATURAL"
federal,melancia,2024,Federal/ES,4.68,kg,unidade_declarada,"Fruta Fruta Tipo: Melancia Vermelha , Apresentação: Natural"
federal,suco,2024,Federal/ES,17.39,litro,heuristica,"Suco apresentação: líquido, características adicionais: concentrado, rendimento mínimo, 1 parte de suco-, sabor: maracuj"
federal,carne_bovina,2024,Federal/ES,28.99,kg,unidade_declarada,"Carne bovina in natura CARNE BOVINA IN NATURA, TIPO CORTE PALETA (PÁ), APRESENTAÇÃO CORTADA EM CUBOS,ESTADO DE CONSERVAÇ"
federal,carne_bovina,2024,Federal/ES,28.7,kg,unidade_declarada,"Carne bovina in natura CARNE BOVINA IN NATURA, TIPO CORTE PALETA (PÁ), APRESENTAÇÃO CORTADA EM CUBOS,ESTADO DE CONSERVAÇ"
federal,carne_bovina,2024,Federal/ES,22.62,kg,unidade_declarada,"Carne bovina in natura CARNE BOVINA IN NATURA, TIPO CORTE ACÉM, APRESENTAÇÃO MOIDA, ESTADO DECONSERVAÇÃO CONGELADO(A)"
federal,carne_bovina,2024,Federal/ES,22.62,kg,unidade_declarada,"Carne bovina in natura CARNE BOVINA IN NATURA, TIPO CORTE ACÉM, APRESENTAÇÃO MOIDA, ESTADO DECONSERVAÇÃO CONGELADO(A)"
federal,carne_bovina,2024,Federal/ES,19.39,kg,unidade_declarada,"Carne bovina in natura CARNE BOVINA IN NATURA, TIPO CORTE ACÉM, APRESENTAÇÃO MOIDA, ESTADO DECONSERVAÇÃO CONGELADO(A)"
federal,torneira,2024,Federal/ES,25.0,unidade,unitario,"Introdutor percutâneo Introdutor Percutâneo Tipo: Arterial , Componente 1: Bainha Valvulada C/ Saída Lateral, Dilatador "
federal,tinta_latex,2024,Federal/ES,45.53,litro,heuristica,"Tinta Acrílica Tinta Acrílica Componentes: Tinta Acrílica, Água, Resina Acrílica, Pigmentos , Aspecto Físico: Líquido Vi"
federal,tinta_latex,2024,Federal/ES,45.53,litro,heuristica,"Tinta Acrílica Tinta Acrílica Componentes: Tinta Acrílica, Água, Resina Acrílica, Pigmentos , Aspecto Físico: Líquido Vi"
federal,notebook,2024,Federal/ES,3656.0,unidade,unitario,"Notebook Notebook Tela: Superior A 14 POL, Interatividade Da Tela: Sem Interatividade , Memória Ram: Superior A 8 GB, Nú"
federal,notebook,2024,Federal/ES,3399.0,unidade,unitario,"Notebook Notebook Tela: Superior A 14 POL, Interatividade Da Tela: Sem Interatividade , Memória Ram: Superior A 8 GB, Nú"
federal,creme_leite,2024,Federal/ES,9.95,kg,heuristica,"Creme De Leite teor gordura: 21 a 40% de gordura, processamento: uht Creme De Leite teor gordura: 21 a 40% de gordura, p"
federal,detergente,2024,Federal/ES,25.0,litro,heuristica,"Detergente Detergente Composição: Hidróxido De Sódio/Hipoclorito De Sódio/Dispersant , Aplicação: Desentupir Pias, Ralos"
federal,abacaxi,2024,Federal/ES,7.1,unidade,unitario,"Fruta Fruta Tipo: Abacaxi Pérola , Apresentação: Natural"
federal,abacaxi,2024,Federal/ES,5.5,unidade,unitario,"Fruta Fruta Tipo: Abacaxi Pérola , Apresentação: Natural"
federal,abacaxi,2024,Federal/ES,6.9,unidade,unitario,"Fruta Fruta Tipo: Abacaxi Pérola , Apresentação: Natural"
federal,lampada_led,2024,Federal/ES,6.4,unidade,unitario,"Lâmpada Led Lâmpada Led Tensão Nominal: Bivolt V, Potência Nominal: 18 W, Tipo Base: G13 , Tipo Bulbo: T8 , Formato: Tub"
federal,cimento,2024,Federal/ES,32.5,saco_50kg,unitario,"Cimento Portland Cimento Portland Material: Clinker, Tipo: Cp Ii - F 32"
federal,lampada_led,2024,Federal/ES,5.9,unidade,unitario,"Lâmpada led Lâmpada Led Modelo: Led, Tensão Nominal: Bivolt, Potência Nominal: 10W, Tipo Base: E-27, Cor: Branca, Tipo B"
federal,polpa_fruta,2024,Federal/ES,18.0,kg,unidade_declarada,"Polpa de fruta Polpa De Fruta Tipo: Maracujá , Apresentação: Congelada"
federal,polpa_fruta,2024,Federal/ES,24.95,kg,unidade_declarada,"Polpa de fruta Polpa De Fruta Tipo: Maracujá , Apresentação: Congelada"
federal,farinha_trigo,2024,Federal/ES,7.2,kg,heuristica,"Macarrão MACARRÃO, TEOR DE UMIDADE MASSA SECA, BASE DA MASSA DE FARINHA DE TRIGO,APRESENTAÇÃO LASANHA"
federal,farinha_trigo,2024,Federal/ES,7.73,kg,heuristica,"Macarrão MACARRÃO, TEOR DE UMIDADE MASSA SECA, BASE DA MASSA DE FARINHA DE TRIGO,APRESENTAÇÃO LASANHA"
federal,farinha_trigo,2024,Federal/ES,7.49,kg,heuristica,"Macarrão MACARRÃO, TEOR DE UMIDADE MASSA SECA, BASE DA MASSA DE FARINHA DE TRIGO,APRESENTAÇÃO LASANHA"
federal,salsicha,2024,Federal/ES,9.99,kg,unidade_declarada,"Embutido Embutido Tipo: Salsicha Hot Dog , Tipo Preparação: Cozida , Estado De Conservação: Resfriado(A)"
federal,farinha_trigo,2024,Federal/ES,8.9,kg,heuristica,"Biscoito sabor: amanteigado, tipo: bolacha, ingredientes: farinha de trigo, água, manteiga, gordura vegetal, característ"
federal,salsicha,2024,Federal/ES,10.66,kg,unidade_declarada,"Embutido EMBUTIDO, TIPO SALSICHA HOT DOG, TIPO PREPARAÇÃO COZIDA, ESTADO DE CONSERVAÇÃORESFRIADO(A)"
federal,salsicha,2024,Federal/ES,9.98,kg,unidade_declarada,"Embutido EMBUTIDO, TIPO SALSICHA HOT DOG, TIPO PREPARAÇÃO COZIDA, ESTADO DE CONSERVAÇÃORESFRIADO(A)"
federal,disjuntor,2024,Federal/ES,26.98,unidade,unitario,"Disjuntor baixa tensão Disjuntor Baixa Tensão Funcionamento: Termomagnético, Corrente Nominal: 10A, Freqüência Nominal: "
federal,argamassa,2024,Federal/ES,6.99,kg,heuristica,"Argamassa Argamassa Composição: Cimento, Calcário E Aditivos , Características Adicionais: Antifungos E Impermeável , Ti"
federal,argamassa,2024,Federal/ES,6.99,kg,heuristica,"Argamassa Argamassa Composição: Cimento, Calcário E Aditivos , Características Adicionais: Antifungos E Impermeável , Ti"
federal,ar_condicionado,2024,Federal/ES,12099.9,unidade,unitario,"Aparelho ar condicionado Aparelho Ar Condicionado Tipo: Split, Modelo: Split Inverter, Capacidade Refrigeração: 57.000BT"
federal,toner,2024,Federal/ES,385.4,unidade,unitario,"Cartucho Toner Impressora Brother Cartucho Toner Impressora Brother Referência Cartucho: Tn-3382, Tipo Cartucho: Compatí"
federal,seringa,2024,Federal/ES,0.45,unidade,unitario,"Agulha odontológica Agulha Odontológica Material: Aço Inoxidável Siliconizado , Aplicação: Gengival / Anestesia , Dimens"
federal,fuba,2024,Federal/ES,4.8,kg,unidade_declarada,"Farinha De Milho Farinha De Milho Grão: Amarelo , Tipo: Fubá , Característica Adicional: Transgênico , Ingrediente Adici"
federal,fuba,2024,Federal/ES,4.3,kg,unidade_declarada,"Farinha De Milho Farinha De Milho Grão: Amarelo , Tipo: Fubá , Característica Adicional: Transgênico , Ingrediente Adici"
federal,fuba,2024,Federal/ES,3.2,kg,unidade_declarada,"Farinha De Milho FARINHA DE MILHO, GRÃO AMARELO, TIPO FUBÁ, CARACTERÍSTICA ADICIONALTRANSGÊNICO, INGREDIENTE ADICIONAL F"
federal,fuba,2024,Federal/ES,4.5,kg,unidade_declarada,"Farinha De Milho Farinha De Milho Grão: Amarelo , Tipo: Fubá , Característica Adicional: Transgênico , Ingrediente Adici"
federal,fuba,2024,Federal/ES,2.89,kg,unidade_declarada,"Farinha De Milho FARINHA DE MILHO, GRÃO AMARELO, TIPO FUBÁ, CARACTERÍSTICA ADICIONALTRANSGÊNICO, INGREDIENTE ADICIONAL F"
federal,fuba,2024,Federal/ES,3.2,kg,unidade_declarada,"Farinha De Milho FARINHA DE MILHO, GRÃO AMARELO, TIPO FUBÁ, CARACTERÍSTICA ADICIONALTRANSGÊNICO, INGREDIENTE ADICIONAL F"
federal,farinha_trigo,2024,Federal/ES,6.8,kg,heuristica,"Pão Pão Base: De Farinha De Trigo Refinada , Tipo: De Forma , Tipo Adicional: Tradicional , Apresentação: Fatiado , Tipo"
federal,farinha_trigo,2024,Federal/ES,6.7,kg,heuristica,"Pão Pão Base: De Farinha De Trigo Refinada , Tipo: De Forma , Tipo Adicional: Tradicional , Apresentação: Fatiado , Tipo"
federal,tijolo,2024,Federal/ES,9.46,unidade,unitario,"Bloco De Concreto altura: 19, aplicação: construção civil, comprimento: 39, largura: 19, tipo: vazado Bloco De Concreto "
federal,tijolo,2024,Federal/ES,5.24,unidade,unitario,"Bloco de concreto Bloco De Concreto Comprimento: 39 CM, Largura: 19 CM, Altura: 19 CM, Aplicação: Construção Civil , Tip"
federal,torneira,2024,Federal/ES,23.54,unidade,unitario,"Torneira Torneira Material Corpo: Metal Cromado , Tipo: Giratória Com Alavanca , Diâmetro: 1/2 POL, Acabamento Superfici"
federal,torneira,2024,Federal/ES,22.5,unidade,unitario,"Torneira Torneira Material Corpo: Metal Cromado , Tipo: Giratória Com Alavanca , Diâmetro: 1/2 POL, Acabamento Superfici"
federal,tijolo,2024,Federal/ES,3.9,unidade,unitario,"Bloco de concreto Bloco De Concreto Comprimento: 39CM, Largura: 14CM, Altura: 19CM, Aplicação: Construção Civil, Tipo: V"
federal,biscoito,2024,Federal/ES,59.975,kg,heuristica,"Biscoito características adicionais: sem recheio, ingredientes: arroz integral, sal, sabor: salgado, tipo: bolacha Bisco"
federal,gasolina,2024,Federal/ES,5.92,litro,unidade_declarada,"Gasolina classificação: comum, uso: para automotivos, índice de octanagem: iad 87 min Gasolina tipo comum Gasolina class"
federal,gasolina,2024,Federal/ES,6.1,litro,unidade_declarada,"GASOLINA CLASSIFICAÇÃO: COMUM, USO: PARA AUTOMOTIVOS, ÍNDICE DE OCTANAGEM: IAD 87 MIN GASOLINA CLASSIFICAÇÃO: COMUM, USO"
federal,gasolina,2024,Federal/ES,6.23,litro,unidade_declarada,"Gasolina Gasolina Uso: Para Automotivos , Classificação: Comum , Índice De Octanagem: Iad 87 Min"
federal,farinha_trigo,2024,Federal/ES,6.3,kg,heuristica,"Pão Pão Base: De Farinha De Trigo Refinada , Tipo: Semi-Doce , Tipo Adicional: Bisnaga, Cachorro Quente"
federal,farinha_trigo,2024,Federal/ES,6.4,kg,heuristica,"Pão Pão Base: De Farinha De Trigo Refinada , Tipo: Semi-Doce , Tipo Adicional: Bisnaga, Cachorro Quente"
federal,seringa,2024,Federal/ES,0.12,unidade,unitario,"Tampa protetora uso médico Tampa Protetora Uso Médico Aplicação 1: P/ Conectores - Equipo, Extensor, Seringa, Cateter , "
federal,alcool,2024,Federal/ES,20.82,litro,unidade_declarada,"Álcool Etílico Álcool Etílico Aspecto Físico: Líquido, Fórmula Química: C2h6o, Peso Molecular: 46,07G/MOL, Grau De Purez"
federal,lampada_led,2024,Federal/ES,15.0,unidade,unitario,"Luminária LUMINÁRIA, TIPO EMERGÊNCIA, TIPO LÂMPADA LED, QUANTIDADE LÂMPADAS 30 UN,MODELO PORTÁTIL, TENSÃO NOMINAL 110/22"
federal,monitor,2024,Federal/ES,1000.0,unidade,unitario,"Suporte Suporte Material: Mdf, Aplicação: Suporte Monitor Lcd, Características Adicionais: Com 3 Gavetas, Altura: 12CM, "
federal,milho_verde,2024,Federal/ES,3.39,kg,heuristica,Legume Em Conserva tipo: milho verde Legume Em Conserva tipo: milho verde
federal,milho_verde,2024,Federal/ES,14.98,kg,unidade_declarada,"Legume em conserva LEGUME EM CONSERVA, TIPO MILHO VERDE"
federal,alcool,2024,Federal/ES,11.76,litro,unidade_declarada,"Álcool Etílico Limpeza De Ambientes Álcool Etílico Limpeza De Ambientes Tipo: Etílico, Aplicação: Limpeza, Característic"
federal,alcool,2024,Federal/ES,5.67,litro,heuristica,"Álcool Etílico Limpeza De Ambientes ÁLCOOL ETÍLICO LIMPEZA DE AMBIENTES, CONCENTRAÇÃO 70%, APLICAÇÃO LIMPEZA,CARACTERÍST"
federal,alcool,2024,Federal/ES,8.99,litro,heuristica,"Álcool Etílico Limpeza De Ambientes aplicação: limpeza, características adicionais: líquido, concentração: 70%, tipo: et"
federal,alcool,2024,Federal/ES,4.93,litro,heuristica,"Álcool etílico limpeza de ambientes Álcool Etílico Limpeza De Ambientes Tipo: Etílico , Aplicação: Limpeza , Característ"
federal,alcool,2024,Federal/ES,5.89,litro,heuristica,"Álcool Etílico Limpeza De Ambientes Álcool Etílico Limpeza De Ambientes Tipo: Etílico , Aplicação: Limpeza , Característ"
federal,alcool,2024,Federal/ES,7.2,litro,heuristica,"Álcool etílico limpeza de ambientes Álcool Etílico Limpeza De Ambientes Tipo: Etílico , Aplicação: Limpeza , Característ"
federal,leite_po,2024,Federal/ES,49.75,kg,heuristica,"Leite Em Pó origem: de vaca, teor gordura: integral, solubilidade: instantâneo Leite Em Pó origem: de vaca, teor gordura"
federal,leite_po,2024,Federal/ES,39.75,kg,heuristica,"Leite Em Pó origem: de vaca, teor gordura: integral, solubilidade: instantâneo Leite Em Pó origem: de vaca, teor gordura"
federal,lampada_led,2024,Federal/ES,6.7,unidade,unitario,"Lâmpada led Lâmpada Led Modelo: Ultra Led, Tensão Nominal: Bivolt, Potência Nominal: 12W, Tipo Base: E-27, Cor: Luz Bran"
federal,extintor,2024,Federal/ES,130.0,unidade,unitario,"Extintor Incêndio EXTINTOR INCÊNDIO, MATERIAL MANGUEIRA BORRACHA, MATERIAL TRAMA AÇO, MATERIALVÁLVULA SAÍDA LATÃO FORJAD"
federal,ar_condicionado,2024,Federal/ES,1986.0,unidade,unitario,"Aparelho ar condicionado APARELHO AR CONDICIONADO, CAPACIDADE REFRIGERAÇÃO 10.000 BTU, TENSÃO 110 V,MODELO JANELA, CARAC"
federal,bebedouro,2024,Federal/ES,3500.0,unidade,unitario,"Bebedouro Água capacidade água: 100, características adicionais: 2 torneiras e 1 jato gelado, material gabinete: aço ino"
federal,bebedouro,2024,Federal/ES,2229.8,unidade,unitario,"Bebedouro água Bebedouro Água Tipo: Industrial, Características Adicionais: 2 Torneiras E 1 Jato Gelado, Voltagem: 127V,"
federal,bebedouro,2024,Federal/ES,2198.0,unidade,unitario,"Bebedouro água Bebedouro Água Tipo: Industrial, Características Adicionais: 2 Torneiras E 1 Jato Gelado, Voltagem: 127V,"
federal,acucar,2024,Federal/ES,17.0,kg,heuristica,"Planta In - Natura tipo: cana-de-açucar, tipo de classe: caiana, uso: fabricação de caldo ou garapa, características adi"
federal,cafe,2024,Federal/ES,46.0,kg,heuristica,"Café Aquisição de café com fornecimento CONTÍNUO e SOB DEMANDA.
Características: Café torrado e com moagem fina e unifo"
federal,carne_suina,2024,Federal/ES,16.45,kg,unidade_declarada,"Carne suína in natura Carne Suína In Natura Tipo Corte: Carré (Bisteca) , Apresentação: Fatiada , Processamento: Com Oss"
federal,carne_suina,2024,Federal/ES,16.45,kg,unidade_declarada,"Carne suína in natura Carne Suína In Natura Tipo Corte: Carré (Bisteca) , Apresentação: Fatiada , Processamento: Com Oss"
federal,carne_suina,2024,Federal/ES,19.6,kg,unidade_declarada,"Carne suína in natura CARNE SUÍNA IN NATURA, TIPO CORTE CARRÉ (BISTECA), APRESENTAÇÃO FATIADA,PROCESSAMENTO COM OSSO, ES"
federal,carne_suina,2024,Federal/ES,19.54,kg,unidade_declarada,"Carne suína in natura CARNE SUÍNA IN NATURA, TIPO CORTE CARRÉ (BISTECA), APRESENTAÇÃO FATIADA,PROCESSAMENTO COM OSSO, ES"
federal,carne_suina,2024,Federal/ES,19.54,kg,unidade_declarada,"Carne suína in natura CARNE SUÍNA IN NATURA, TIPO CORTE CARRÉ (BISTECA), APRESENTAÇÃO FATIADA,PROCESSAMENTO COM OSSO, ES"
federal,carne_suina,2024,Federal/ES,19.59,kg,unidade_declarada,"Carne suína in natura CARNE SUÍNA IN NATURA, TIPO CORTE CARRÉ (BISTECA), APRESENTAÇÃO FATIADA,PROCESSAMENTO COM OSSO, ES"
federal,carne_suina,2024,Federal/ES,18.67,kg,unidade_declarada,"Carne suína in natura CARNE SUÍNA IN NATURA, TIPO CORTE CARRÉ (BISTECA), APRESENTAÇÃO FATIADA,PROCESSAMENTO COM OSSO, ES"
federal,carne_suina,2024,Federal/ES,20.65,kg,unidade_declarada,"Carne suína in natura Carne Suína In Natura Tipo Corte: Pernil , Apresentação: Peça Inteira , Processamento: Sem Osso, S"
federal,mamao,2024,Federal/ES,7.0,kg,unidade_declarada,"Fruta tipo: mamão havaí, apresentação: natural Fruta tipo: mamão havaí, apresentação: natural"
federal,mamao,2024,Federal/ES,5.99,kg,unidade_declarada,"Fruta tipo: mamão havaí, apresentação: natural Fruta tipo: mamão havaí, apresentação: natural"
federal,abacaxi,2024,Federal/ES,5.99,unidade,unitario,"Fruta tipo: abacaxi havaí / abacaxi cayenne, apresentação: natural Fruta tipo: abacaxi havaí / abacaxi cayenne, apresent"
federal,abacaxi,2024,Federal/ES,9.0,unidade,unitario,"Fruta tipo: abacaxi havaí / abacaxi cayenne, apresentação: natural Fruta tipo: abacaxi havaí / abacaxi cayenne, apresent"
federal,abacaxi,2024,Federal/ES,8.9,unidade,unitario,"Fruta tipo: abacaxi havaí / abacaxi cayenne, apresentação: natural Fruta tipo: abacaxi havaí / abacaxi cayenne, apresent"
federal,frango,2024,Federal/ES,17.48,kg,unidade_declarada,"Carne processada CARNE PROCESSADA, VARIEDADE MINI STEAK, TIPO FRANGO, SABOR TEMPERADO, TIPOPREPARAÇÃO PRÉ COZIDO, EMPANA"
federal,frango,2024,Federal/ES,16.59,kg,unidade_declarada,"Carne processada CARNE PROCESSADA, VARIEDADE MINI STEAK, TIPO FRANGO, SABOR TEMPERADO, TIPOPREPARAÇÃO PRÉ COZIDO, EMPANA"
federal,frango,2024,Federal/ES,16.89,kg,unidade_declarada,"Carne processada CARNE PROCESSADA, VARIEDADE MINI STEAK, TIPO FRANGO, SABOR TEMPERADO, TIPOPREPARAÇÃO PRÉ COZIDO, EMPANA"
federal,frango,2024,Federal/ES,16.89,kg,unidade_declarada,"Carne processada CARNE PROCESSADA, VARIEDADE MINI STEAK, TIPO FRANGO, SABOR TEMPERADO, TIPOPREPARAÇÃO PRÉ COZIDO, EMPANA"
federal,papel_toalha,2024,Federal/ES,25.0,rolo,unitario,"Dispenser papel toalha Dispenser Papel Toalha Material: Plástico Abs , Tipo: Liberação De Papel Por Alavanca , Cor: Bran"
federal,pepino,2024,Federal/ES,3.75,kg,unidade_declarada,"Legume In Natura LEGUME IN NATURA, TIPO PEPINO"
federal,pepino,2024,Federal/ES,4.0,kg,unidade_declarada,Legume In Natura Legume In Natura Tipo: Pepino
federal,pepino,2024,Federal/ES,3.95,kg,unidade_declarada,Legume In Natura Legume In Natura Tipo: Pepino
federal,farinha_trigo,2024,Federal/ES,4.99,kg,heuristica,"Macarrão teor de umidade: massa seca, base da massa: de farinha de trigo, apresentação: argolinha Macarrão teor de umida"
federal,pepino,2024,Federal/ES,3.2,kg,unidade_declarada,"Legume In Natura tipo: pepino PEPINO, de primeira qualidade, de safra nova, bem formado, sem danos físicos e mecânicos o"
federal,aipim,2024,Federal/ES,4.06,kg,unidade_declarada,Legume In Natura Legume In Natura Tipo: Mandioca / Aipim
federal,aipim,2024,Federal/ES,4.06,kg,unidade_declarada,"Legume In Natura LEGUME IN NATURA, TIPO MANDIOCA/ AIPIM"
federal,aipim,2024,Federal/ES,4.06,kg,unidade_declarada,Legume In Natura Legume In Natura Tipo: Mandioca / Aipim
federal,aipim,2024,Federal/ES,4.06,kg,unidade_declarada,"Legume In Natura LEGUME IN NATURA, TIPO MANDIOCA/ AIPIM"
federal,torrada,2024,Federal/ES,9.96,kg,unidade_declarada,"Farinha de rosca FARINHA DE ROSCA, BASE DE PÃO TORRADO, APRESENTAÇÃO GRANULOS FINOS/MÉDIOS"
federal,torrada,2024,Federal/ES,9.9,kg,unidade_declarada,"Farinha de rosca FARINHA DE ROSCA, BASE DE PÃO TORRADO, APRESENTAÇÃO GRANULOS FINOS/MÉDIOS"
federal,torrada,2024,Federal/ES,9.49,kg,unidade_declarada,"Farinha de rosca FARINHA DE ROSCA, BASE DE PÃO TORRADO, APRESENTAÇÃO GRANULOS FINOS/MÉDIOS"
federal,aipim,2024,Federal/ES,3.6,kg,unidade_declarada,Legume In Natura Legume In Natura Tipo: Mandioca / Aipim
federal,aipim,2024,Federal/ES,3.95,kg,unidade_declarada,"Legume In Natura LEGUME IN NATURA, TIPO MANDIOCA/ AIPIM"
federal,aipim,2024,Federal/ES,3.95,kg,unidade_declarada,Legume In Natura Legume In Natura Tipo: Mandioca / Aipim
federal,torneira,2024,Federal/ES,100.0,unidade,unitario,"Introdutor percutâneo Introdutor Percutâneo Tipo: Arterial , Componente 1: Bainha Valvulada C/ Saída Lateral, Dilatador "
federal,pimentao,2024,Federal/ES,6.95,kg,unidade_declarada,Legume In Natura Legume In Natura Tipo: Pimentão Verde
federal,pimentao,2024,Federal/ES,6.1,kg,unidade_declarada,"Legume In Natura LEGUME IN NATURA, TIPO PIMENTÃO VERDE"
federal,pimentao,2024,Federal/ES,5.99,kg,unidade_declarada,Legume In Natura tipo: pimentão verde Legume In Natura tipo: pimentão verde
federal,pimentao,2024,Federal/ES,6.28,kg,unidade_declarada,Legume In Natura Legume In Natura Tipo: Pimentão Verde
federal,pimentao,2024,Federal/ES,5.69,kg,unidade_declarada,Legume In Natura tipo: pimentão verde Legume In Natura tipo: pimentão verde
federal,laranja,2024,Federal/ES,4.99,kg,unidade_declarada,"Fruta tipo: laranja pera, apresentação: natural Fruta tipo: laranja pera, apresentação: natural"
federal,laranja,2024,Federal/ES,4.99,kg,unidade_declarada,"Fruta tipo: laranja pera, apresentação: natural Fruta tipo: laranja pera, apresentação: natural"
federal,laranja,2024,Federal/ES,3.97,kg,unidade_declarada,"Fruta Fruta Tipo: Laranja Pera , Apresentação: Natural"
federal,laranja,2024,Federal/ES,5.99,kg,unidade_declarada,"Fruta tipo: laranja pera, apresentação: natural Fruta tipo: laranja pera, apresentação: natural"
federal,laranja,2024,Federal/ES,3.2,kg,unidade_declarada,"Fruta Fruta Tipo: Laranja Pera , Apresentação: Natural"
federal,laranja,2024,Federal/ES,4.05,kg,unidade_declarada,"Fruta Fruta Tipo: Laranja Pera , Apresentação: Natural"
federal,polpa_fruta,2024,Federal/ES,9.2,kg,unidade_declarada,"Polpa de fruta Polpa De Fruta Tipo: Manga , Apresentação: Congelada"
federal,polpa_fruta,2024,Federal/ES,17.95,kg,unidade_declarada,"Polpa de fruta Polpa De Fruta Tipo: Manga , Apresentação: Congelada"
federal,torneira,2024,Federal/ES,250.0,unidade,unitario,"Garrafa térmica GARRAFA TÉRMICA, MATERIAL PLÁSTICO, CAPACIDADE 9 L, CARACTERÍSTICAS ADICIONAISCOM TORNEIRA"
federal,polpa_fruta,2024,Federal/ES,9.2,kg,unidade_declarada,"Polpa de fruta Polpa De Fruta Tipo: Acerola , Apresentação: Congelada"
federal,polpa_fruta,2024,Federal/ES,19.95,kg,unidade_declarada,"Polpa de fruta Polpa De Fruta Tipo: Acerola , Apresentação: Congelada"
federal,cadeira,2024,Federal/ES,156.99,unidade,unitario,"Cadeira Escolar CADEIRA ESCOLAR, MATERIAL ESTRUTURA TUBO AÇO, TRATAMENTO SUPERFICIAL PINTURAEM EPÓXI, COR ESTRUTURA CINZ"
federal,repolho,2024,Federal/ES,3.94,kg,unidade_declarada,Verdura In Natura Verdura In Natura Tipo: Repolho Roxo
federal,repolho,2024,Federal/ES,3.94,kg,unidade_declarada,Verdura In Natura Verdura In Natura Tipo: Repolho Roxo
federal,repolho,2024,Federal/ES,3.75,kg,unidade_declarada,Verdura In Natura Verdura In Natura Tipo: Repolho Roxo
federal,toner,2024,Federal/ES,1064.0,unidade,unitario,"Cartucho toner impressora lexmark CARTUCHO TONER IMPRESSORA LEXMARK, TIPO CARTUCHO ORIGINAL, COR TINTA PRETA,REFERÊNCIA "
federal,pneu,2024,Federal/ES,170.65,unidade,unitario,"Carrinho mão Carrinho Mão Material Caçamba: Chapa Aço Galvanizado, Material Pés: Ferro, Quantidade Roda: 1UN, Tipo Roda:"
federal,feijao,2024,Federal/ES,18.2,kg,unidade_declarada,"Leguminosa LEGUMINOSA, VARIEDADE FEIJÃO BRANCO, TIPO TIPO 1"
federal,feijao,2024,Federal/ES,16.89,kg,unidade_declarada,"Leguminosa LEGUMINOSA, VARIEDADE FEIJÃO BRANCO, TIPO TIPO 1"
federal,feijao,2024,Federal/ES,20.38,kg,unidade_declarada,"Leguminosa LEGUMINOSA, VARIEDADE FEIJÃO BRANCO, TIPO TIPO 1"
federal,farinha_trigo,2024,Federal/ES,3.45,kg,unidade_declarada,"Farinha de trigo FARINHA DE TRIGO, GRUPO DOMÉSTICO, TIPO TIPO 1, ESPECIAL, INGREDIENTEADICIONAL FORTIFICADA COM FERRO E "
federal,farinha_trigo,2024,Federal/ES,3.43,kg,unidade_declarada,"Farinha de trigo FARINHA DE TRIGO, GRUPO DOMÉSTICO, TIPO TIPO 1, ESPECIAL, INGREDIENTEADICIONAL FORTIFICADA COM FERRO E "
federal,suco,2024,Federal/ES,17.39,litro,heuristica,"Suco apresentação: líquido, características adicionais: concentrado, rendimento mínimo, 1 parte de suco-, sabor: goiaba,"
federal,farinha_trigo,2024,Federal/ES,3.98,kg,unidade_declarada,"Farinha de trigo FARINHA DE TRIGO, GRUPO DOMÉSTICO, TIPO TIPO 1, ESPECIAL, INGREDIENTEADICIONAL FORTIFICADA COM FERRO E "
federal,acucar,2024,Federal/ES,20.45,kg,heuristica,"Açúcar tipo: refinado, coloração: branca Açúcar tipo: refinado, coloração: branca"
federal,acucar,2024,Federal/ES,5.5,kg,heuristica,"Açúcar coloração: branca, tipo: refinado Açúcar coloração: branca, tipo: refinado"
federal,acucar,2024,Federal/ES,5.98,kg,heuristica,"Açúcar tipo: refinado, coloração: branca Açúcar tipo: refinado, coloração: branca"
federal,acucar,2024,Federal/ES,5.98,kg,heuristica,"Açúcar tipo: refinado, coloração: branca Açúcar tipo: refinado, coloração: branca"
federal,acucar,2024,Federal/ES,5.39,kg,heuristica,"Açúcar tipo: refinado, coloração: branca Açúcar tipo: refinado, coloração: branca"
federal,farinha_trigo,2024,Federal/ES,22.73,kg,unidade_declarada,"Pão base: de farinha de trigo semi-integral, tipo: tipo françês/de sal Pão base: de farinha de trigo semi-integral, tipo"
federal,acucar,2024,Federal/ES,13.29,kg,heuristica,Açúcar tipo: mascavo Açúcar tipo: mascavo
federal,caneta_esferografica,2024,Federal/ES,1.9,unidade,unitario,"Caneta esferográfica CANETA ESFEROGRÁFICA, MATERIAL METAL, QUANTIDADE CARGAS 1 UN, MATERIAL PONTAMETAL, COR TINTA AZUL, "
federal,banana,2024,Federal/ES,6.73,kg,unidade_declarada,"Fruta Fruta Tipo: Banana Da Terra / Banana Comprida , Apresentação: Natural"
federal,banana,2024,Federal/ES,5.7,kg,unidade_declarada,"Fruta Fruta Tipo: Banana Da Terra / Banana Comprida , Apresentação: Natural"
federal,banana,2024,Federal/ES,6.0,kg,unidade_declarada,"Fruta Fruta Tipo: Banana Da Terra / Banana Comprida , Apresentação: Natural"
federal,banana,2024,Federal/ES,6.0,kg,unidade_declarada,"Fruta tipo: banana da terra / banana comprida, apresentação: natural Fruta tipo: banana da terra / banana comprida, apre"
federal,banana,2024,Federal/ES,5.6,kg,unidade_declarada,"Fruta Fruta Tipo: Banana Da Terra / Banana Comprida , Apresentação: Natural"
federal,banana,2024,Federal/ES,5.6,kg,unidade_declarada,"Fruta FRUTA, TIPO BANANA DA TERRA/ BANANA COMPRIDA, APRESENTAÇÃO NATURAL"
federal,banana,2024,Federal/ES,5.6,kg,unidade_declarada,"Fruta Fruta Tipo: Banana Da Terra / Banana Comprida , Apresentação: Natural"
federal,banana,2024,Federal/ES,5.6,kg,unidade_declarada,"Fruta FRUTA, TIPO BANANA DA TERRA/ BANANA COMPRIDA, APRESENTAÇÃO NATURAL"
federal,envelope,2024,Federal/ES,0.22,unidade,unitario,"Acessório P/ Cme Acessório P/ Cme Tipo 1: Embalagem , Aplicação: P/ Acondicionamento De Material , Material: Polímero , "
federal,envelope,2024,Federal/ES,0.42,unidade,unitario,"Acessório P/ Cme Acessório P/ Cme Tipo 1: Embalagem , Aplicação: P/ Acondicionamento De Material , Material: Polímero , "
federal,suco,2024,Federal/ES,27.0,litro,descricao,"Jarra JARRA, MATERIAL PLÁSTICO, CAPACIDADE 02 L, MODELO COM TAMPA E ALÇA, APLICAÇÃOÁGUA/SUCO, CARACTERÍSTICAS ADICIONAIS"
federal,farinha_trigo,2024,Federal/ES,4.29,kg,heuristica,"Farinha De Trigo grupo: industrial, tipo: tipo 1, especial, ingrediente adicional: sem fermento Farinha De Trigo grupo: "
federal,farinha_trigo,2024,Federal/ES,5.79,kg,heuristica,"Farinha De Trigo grupo: industrial, tipo: tipo 1, especial, ingrediente adicional: sem fermento Farinha De Trigo grupo: "
federal,farinha_trigo,2024,Federal/ES,5.79,kg,heuristica,"Farinha De Trigo grupo: industrial, tipo: tipo 1, especial, ingrediente adicional: sem fermento Farinha De Trigo grupo: "
federal,caneta_esferografica,2024,Federal/ES,1.6,unidade,unitario,"Caneta esferográfica CANETA ESFEROGRÁFICA, MATERIAL PLÁSTICO, QUANTIDADE CARGAS 1 UN, MATERIALPONTA AÇO INOXIDÁVEL COM E"
federal,caneta_esferografica,2024,Federal/ES,0.55,unidade,unitario,"Caneta Esferográfica Caneta Esferográfica Material: Plástico , Quantidade Cargas: 1 UN, Material Ponta: Aço Inoxidável C"
federal,farinha_trigo,2024,Federal/ES,16.0,kg,heuristica,"Massa Alimentícia Massa Alimentícia Tipo: Para Lasanha , Base Da Massa: Farinha De Trigo Refinada , Apresentação: Fresca"
federal,farinha_trigo,2024,Federal/ES,8.75,kg,heuristica,"Massa Alimentícia Massa Alimentícia Tipo: Para Lasanha , Base Da Massa: Farinha De Trigo Refinada , Apresentação: Fresca"
federal,vassoura,2024,Federal/ES,35.0,unidade,unitario,"Vassoura Vassoura Material Cerdas: Piaçava, Material Cepa: Chapa De Aço, Comprimento Cepa: 21CM, Características Adicion"
federal,envelope,2024,Federal/ES,0.81,unidade,unitario,"Acessório P/ Cme Acessório P/ Cme Tipo 1: Embalagem , Aplicação: P/ Acondicionamento De Material , Material: Polímero , "
federal,bebedouro,2024,Federal/ES,3400.0,unidade,unitario,"Bebedouro água BEBEDOURO ÁGUA, TIPO VERTICAL ELÉTRICO, CARACTERÍSTICAS ADICIONAIS COM DUASTORNEIRAS (JATO E COPO), VOLTA"
federal,bebedouro,2024,Federal/ES,3399.87,unidade,unitario,"Bebedouro água BEBEDOURO ÁGUA, TIPO VERTICAL ELÉTRICO, CARACTERÍSTICAS ADICIONAIS COM DUASTORNEIRAS (JATO E COPO), VOLTA"
federal,lampada_led,2024,Federal/ES,3.26,unidade,unitario,"Lâmpada Led modelo: led, tensão nominal: bivolt, potência nominal: 6, tipo base: gu10, aplicação: iluminação, tipo bulbo"
federal,lampada_led,2024,Federal/ES,3.3,unidade,unitario,"Lâmpada Led modelo: led, tensão nominal: bivolt, potência nominal: 6, tipo base: gu10, aplicação: iluminação, tipo bulbo"
federal,pendrive,2024,Federal/ES,20.0,unidade,unitario,"Memória portátil microcomputador MEMÓRIA PORTÁTIL MICROCOMPUTADOR, CAPACIDADE MEMÓRIA 8 GB, INTERFACE USB,CARACTERÍSTICA"
federal,inhame,2024,Federal/ES,4.99,kg,unidade_declarada,"Legume In Natura LEGUME IN NATURA, TIPO INHAME"
federal,inhame,2024,Federal/ES,5.5,kg,unidade_declarada,Legume In Natura Legume In Natura Tipo: Inhame
federal,inhame,2024,Federal/ES,4.95,kg,unidade_declarada,Legume In Natura Legume In Natura Tipo: Inhame
federal,acucar,2024,Federal/ES,6.89,kg,heuristica,"Suco apresentação: líquido, sabor: abacaxi, tipo: natural, características adicionais: sem corante e acidulante, com açu"
federal,diesel,2024,Federal/ES,6.08,litro,unidade_declarada,"Óleo Diesel Óleo Diesel Uso: Automotivo , Apresentação: Com Biodiesel , Composição: Concentração De Enxofre 500 Mg/Kg MG"
federal,grampeador,2024,Federal/ES,13.4,unidade,unitario,"Grampo Grampeador Grampo Grampeador Material: Metal, Tratamento Superficial: Galvanizado, Tamanho: 106/8, Uso: Grampeado"
federal,alface,2024,Federal/ES,1.49,unidade,unitario,Verdura In Natura tipo: alface crespa Verdura In Natura tipo: alface crespa
federal,alface,2024,Federal/ES,7.75,unidade,unitario,"Verdura In Natura VERDURA IN NATURA, TIPO ALFACE CRESPA"
federal,batata,2024,Federal/ES,4.24,kg,unidade_declarada,Legume In Natura Legume In Natura Tipo: Batata Doce
federal,batata,2024,Federal/ES,4.24,kg,unidade_declarada,"Legume In Natura LEGUME IN NATURA, TIPO BATATA DOCE"
federal,batata,2024,Federal/ES,4.24,kg,unidade_declarada,Legume In Natura Legume In Natura Tipo: Batata Doce
federal,batata,2024,Federal/ES,4.24,kg,unidade_declarada,"Legume In Natura LEGUME IN NATURA, TIPO BATATA DOCE"
federal,batata,2024,Federal/ES,4.15,kg,unidade_declarada,"Legume In Natura LEGUME IN NATURA, TIPO BATATA DOCE"
federal,batata,2024,Federal/ES,4.15,kg,unidade_declarada,Legume In Natura Legume In Natura Tipo: Batata Doce
federal,batata,2024,Federal/ES,4.7,kg,unidade_declarada,"Legume In Natura LEGUME IN NATURA, TIPO BATATA DOCE"
federal,ar_condicionado,2024,Federal/ES,13605.5,unidade,unitario,"Válvula expansão Válvula Expansão Tipo: Eletrônica (Vee) , Aplicação: Ar Condicionado Split Vrf , Características Adicio"
federal,ar_condicionado,2024,Federal/ES,6487.0,unidade,unitario,"Válvula expansão Válvula Expansão Tipo: Eletrônica (Vee) , Aplicação: Ar Condicionado Split Vrf , Características Adicio"
federal,batata,2024,Federal/ES,5.28,kg,unidade_declarada,"Legume In Natura LEGUME IN NATURA, TIPO BATATA INGLESA"
federal,batata,2024,Federal/ES,9.0,kg,unidade_declarada,Legume In Natura tipo: batata inglesa Legume In Natura tipo: batata inglesa
federal,batata,2024,Federal/ES,4.95,kg,unidade_declarada,Legume In Natura Legume In Natura Tipo: Batata Inglesa
federal,batata,2024,Federal/ES,6.98,kg,unidade_declarada,Legume In Natura tipo: batata inglesa Legume In Natura tipo: batata inglesa
federal,batata,2024,Federal/ES,4.6,kg,unidade_declarada,Legume In Natura Legume In Natura Tipo: Batata Inglesa
federal,limao,2024,Federal/ES,5.49,kg,unidade_declarada,"Fruta tipo: limão taiti, apresentação: natural Fruta tipo: limão taiti, apresentação: natural"
federal,limao,2024,Federal/ES,6.95,kg,unidade_declarada,"Fruta Fruta Tipo: Limão Taiti , Apresentação: Natural"
federal,limao,2024,Federal/ES,8.9,kg,unidade_declarada,"Fruta tipo: limão taiti, apresentação: natural Fruta tipo: limão taiti, apresentação: natural"
federal,limao,2024,Federal/ES,4.45,kg,unidade_declarada,"Fruta Fruta Tipo: Limão Taiti , Apresentação: Natural"
federal,limao,2024,Federal/ES,9.75,kg,unidade_declarada,"Fruta tipo: limão taiti, apresentação: natural Fruta tipo: limão taiti, apresentação: natural"
federal,ar_condicionado,2024,Federal/ES,5655.35,unidade,unitario,"Aparelho Ar Condicionado tipo: split, capacidade refrigeração: 24.000, tensão: 220, freqüência: 60 Aparelho Ar Condicion"
federal,feijao,2024,Federal/ES,7.89,kg,heuristica,"Leguminosa variedade: feijão preto, tipo: tipo 1 Leguminosa variedade: feijão preto, tipo: tipo 1"
federal,feijao,2024,Federal/ES,6.56,kg,unidade_declarada,"Leguminosa LEGUMINOSA, VARIEDADE FEIJÃO PRETO, TIPO TIPO 1"
federal,feijao,2024,Federal/ES,6.69,kg,unidade_declarada,"Leguminosa LEGUMINOSA, VARIEDADE FEIJÃO PRETO, TIPO TIPO 1"
federal,feijao,2024,Federal/ES,7.98,kg,heuristica,"Leguminosa variedade: feijão preto, tipo: tipo 1 Leguminosa variedade: feijão preto, tipo: tipo 1"
federal,feijao,2024,Federal/ES,6.89,kg,unidade_declarada,"Leguminosa LEGUMINOSA, VARIEDADE FEIJÃO PRETO, TIPO TIPO 1"
federal,feijao,2024,Federal/ES,7.5,kg,unidade_declarada,"Leguminosa Leguminosa Variedade: Feijão Preto , Tipo: Tipo 1"
federal,feijao,2024,Federal/ES,6.6,kg,unidade_declarada,"Leguminosa Leguminosa Variedade: Feijão Preto , Tipo: Tipo 1"
federal,feijao,2024,Federal/ES,6.68,kg,unidade_declarada,"Leguminosa Leguminosa Variedade: Feijão Preto , Tipo: Tipo 1"
federal,feijao,2024,Federal/ES,8.05,kg,unidade_declarada,"Leguminosa Leguminosa Variedade: Feijão Preto , Tipo: Tipo 1"
federal,feijao,2024,Federal/ES,6.49,kg,unidade_declarada,"Leguminosa LEGUMINOSA, VARIEDADE FEIJÃO PRETO, TIPO TIPO 1"
federal,cenoura,2024,Federal/ES,6.0,kg,unidade_declarada,Legume In Natura Legume In Natura Tipo: Cenoura
federal,cenoura,2024,Federal/ES,3.75,kg,unidade_declarada,Legume In Natura tipo: cenoura Legume In Natura tipo: cenoura
federal,cenoura,2024,Federal/ES,4.15,kg,unidade_declarada,Legume In Natura Legume In Natura Tipo: Cenoura
federal,cenoura,2024,Federal/ES,3.99,kg,unidade_declarada,Legume In Natura tipo: cenoura Legume In Natura tipo: cenoura
federal,cenoura,2024,Federal/ES,5.0,kg,unidade_declarada,"Legume In Natura LEGUME IN NATURA, TIPO CENOURA"
federal,pimentao,2024,Federal/ES,9.9,kg,unidade_declarada,Legume In Natura tipo: pimentão amarelo Legume In Natura tipo: pimentão amarelo
federal,frango,2024,Federal/ES,32.99,kg,unidade_declarada,"Salgados Diversos aplicação: alimentação, apresentação: assado, características adicionais: pronto para consumo, peso: 1"
federal,frango,2024,Federal/ES,21.99,kg,unidade_declarada,"Salgados Diversos aplicação: alimentação, apresentação: frito, características adicionais: pronto para consumo, peso: 20"
federal,ar_condicionado,2024,Federal/ES,2600.0,unidade,unitario,Ar Condicionado - Instalação/Montagem/Desmontagem/Remoção - (Parede / Sistemas) Ar Condicionado - Instalação/Montagem/De
federal,ar_condicionado,2024,Federal/ES,9901.56,unidade,unitario,"Aparelho ar condicionado Aparelho Ar Condicionado Tipo: Split , Modelo: Piso-Teto Inverter , Capacidade Refrigeração: 48"
federal,lampada_led,2024,Federal/ES,3.26,unidade,unitario,"Lâmpada Led Lâmpada Led Tensão Nominal: Bivolt V, Potência Nominal: 9 W, Aplicação: Para Uso  Em Geral , Comprimento: 60"
federal,lampada_led,2024,Federal/ES,3.26,unidade,unitario,"Lâmpada Led Lâmpada Led Tensão Nominal: Bivolt V, Potência Nominal: 9 W, Aplicação: Para Uso  Em Geral , Comprimento: 60"
federal,lampada_led,2024,Federal/ES,5.63,unidade,unitario,"Lâmpada Led Lâmpada Led Tensão Nominal: Bivolt V, Potência Nominal: 9 W, Aplicação: Para Uso  Em Geral , Comprimento: 60"
federal,margarina,2024,Federal/ES,17.98,kg,heuristica,"Gordura Vegetal composição básica: oleos vegetais, agua, leite, estabilizante, sabor: sem sal, subtipo: cremosa, tipo: m"
federal,cadeira,2024,Federal/ES,547.68,unidade,unitario,"Cadeira fixa Cadeira Fixa Material Assento: Polipropileno/Reforçado , Material Encosto: Polipropileno , Material Estrutu"
federal,disjuntor,2024,Federal/ES,10.33,unidade,unitario,"Disjuntor Baixa Tensão Disjuntor Baixa Tensão Funcionamento: Termomagnético , Tensão Máxima Operação: 127/220 V, Corrent"
federal,disjuntor,2024,Federal/ES,10.33,unidade,unitario,"Disjuntor Baixa Tensão Disjuntor Baixa Tensão Funcionamento: Termomagnético , Tensão Máxima Operação: 127/220 V, Corrent"
federal,seringa,2024,Federal/ES,1.67,unidade,unitario,"Seringa Para Bomba SERINGA PARA BOMBA, APLICAçãO COMPATÍVEL C/ BOMBA INFUSORA, MATERIALPOLIPROPILENO, CAPACIDADE CERCA 1"
federal,ar_condicionado,2024,Federal/ES,9600.0,unidade,unitario,"Aparelho Ar Condicionado tipo: split cassete, modelo: split inverter, capacidade refrigeração: 30.000, tensão: 220, cara"
federal,extintor,2024,Federal/ES,79.16,unidade,unitario,"Carga Extintor Incêndio tipo carga: pó químico, capacidade carga: 6 Carga Extintor Incêndio tipo carga: pó químico, capa"
federal,envelope,2024,Federal/ES,0.19,unidade,unitario,"Envelope cor: colorido, gramatura: 90, material: offset, modelo: ofício, tamanho (c x l): 115 x 230 Envelope cor: colori"
federal,pneu,2024,Federal/ES,900.55,unidade,unitario,"Pneu Veículo Automotivo Pneu Veículo Automotivo Material Carcaça: Lona Náilon, Material Talão: Lona, Material Banda Roda"
federal,pneu,2024,Federal/ES,416.0,unidade,unitario,"Pneu Veículo Automotivo Pneu Veículo Automotivo Material Carcaça: Lona Náilon , Material Talão: Lona , Material Banda Ro"
federal,ar_condicionado,2024,Federal/ES,4532.0,unidade,unitario,"Aparelho ar condicionado APARELHO AR CONDICIONADO, CAPACIDADE REFRIGERAÇÃO 30.000 BTU, TENSÃO 220 V,TIPO SPLIT, MODELO S"
federal,ar_condicionado,2024,Federal/ES,4386.0,unidade,unitario,"Aparelho ar condicionado APARELHO AR CONDICIONADO, CAPACIDADE REFRIGERAÇÃO 30.000 BTU, TENSÃO 220 V,TIPO SPLIT, MODELO S"
federal,ar_condicionado,2024,Federal/ES,5000.0,unidade,unitario,"Aparelho ar condicionado APARELHO AR CONDICIONADO, CAPACIDADE REFRIGERAÇÃO 30.000 BTU, TENSÃO 220 V,TIPO SPLIT, MODELO S"
federal,ar_condicionado,2024,Federal/ES,5197.46,unidade,unitario,"Aparelho ar condicionado APARELHO AR CONDICIONADO, CAPACIDADE REFRIGERAÇÃO 30.000 BTU, TENSÃO 220 V,TIPO SPLIT, MODELO S"
federal,ar_condicionado,2024,Federal/ES,10330.99,unidade,unitario,"Aparelho Ar Condicionado Aparelho Ar Condicionado Tipo: Split , Modelo: Piso-Teto Inverter , Capacidade Refrigeração: 60"
federal,mamao,2024,Federal/ES,5.89,kg,unidade_declarada,"Fruta tipo: mamão papaia / mamão amazônia, apresentação: natural Fruta tipo: mamão papaia / mamão amazônia, apresentação"
federal,mamao,2024,Federal/ES,6.99,kg,unidade_declarada,"Fruta tipo: mamão formosa, apresentação: natural MAMÃO FORMOSA, de primeira qualidade, tamanho médio, apresentando carac"
federal,mamao,2024,Federal/ES,5.55,kg,unidade_declarada,"Fruta Fruta Tipo: Mamão Formosa , Apresentação: Natural"
federal,mamao,2024,Federal/ES,5.89,kg,unidade_declarada,"Fruta Fruta Tipo: Mamão Formosa , Apresentação: Natural"
federal,torrada,2024,Federal/ES,10.95,kg,heuristica,"Oleaginosa tipo: amendoim, apresentação: torrada, adicional: sem casca Oleaginosa tipo: amendoim, apresentação: torrada,"
federal,lampada_led,2024,Federal/ES,30.0,unidade,unitario,"Luminária LUMINÁRIA, MATERIAL CORPO ALUMÍNIO, TIPO LÂMPADA LED"
federal,lampada_led,2024,Federal/ES,27.0,unidade,unitario,"Luminária LUMINÁRIA, MATERIAL CORPO ALUMÍNIO, TIPO LÂMPADA LED"
federal,disjuntor,2024,Federal/ES,40.73,unidade,unitario,"Disjuntor Baixa Tensão Disjuntor Baixa Tensão Funcionamento: Termomagnético , Tensão Máxima Operação: 127/220 V, Corrent"
federal,disjuntor,2024,Federal/ES,40.73,unidade,unitario,"Disjuntor Baixa Tensão Disjuntor Baixa Tensão Funcionamento: Termomagnético , Tensão Máxima Operação: 127/220 V, Corrent"
federal,grampeador,2024,Federal/ES,23.31,unidade,unitario,"Grampeador material: metal, tipo: alicate, tamanho grampo: 26/6 Grampeador material: metal, tipo: alicate, tamanho gramp"
federal,biscoito,2024,Federal/ES,6.225,kg,heuristica,"Biscoito sabor: variado, tipo: wafer Biscoito sabor: variado, tipo: wafer"
federal,feijao,2024,Federal/ES,7.4,kg,unidade_declarada,"Leguminosa Leguminosa Variedade: Feijão Carioca , Tipo: Tipo 1"
federal,feijao,2024,Federal/ES,7.2,kg,unidade_declarada,"Leguminosa Leguminosa Variedade: Feijão Carioca , Tipo: Tipo 1"
federal,feijao,2024,Federal/ES,4.29,kg,unidade_declarada,"Leguminosa LEGUMINOSA, VARIEDADE FEIJÃO CARIOCA, TIPO TIPO 1"
federal,feijao,2024,Federal/ES,4.89,kg,unidade_declarada,"Leguminosa LEGUMINOSA, VARIEDADE FEIJÃO CARIOCA, TIPO TIPO 1"
federal,feijao,2024,Federal/ES,5.1,kg,unidade_declarada,"Leguminosa LEGUMINOSA, VARIEDADE FEIJÃO CARIOCA, TIPO TIPO 1"
federal,feijao,2024,Federal/ES,7.4,kg,unidade_declarada,"Leguminosa Leguminosa Variedade: Feijão Carioca , Tipo: Tipo 1"
federal,feijao,2024,Federal/ES,4.29,kg,unidade_declarada,"Leguminosa LEGUMINOSA, VARIEDADE FEIJÃO CARIOCA, TIPO TIPO 1"
federal,luva_procedimento,2024,Federal/ES,29.99,caixa_100,unitario,"Luva Cirúrgica material: borracha natural - látex, superfície: superfície texturizada, formato: anatômico, pó: com pó bi"
federal,luva_procedimento,2024,Federal/ES,37.99,caixa_100,unitario,"Luva Cirúrgica material: borracha natural - látex, superfície: superfície texturizada, formato: anatômico, pó: com pó bi"
federal,ar_condicionado,2024,Federal/ES,6800.0,unidade,unitario,"Aparelho Ar Condicionado tipo: hi-wall, modelo: split inverter, capacidade refrigeração: 24.000, tensão: 220, freqüência"
federal,acucar,2024,Federal/ES,7.68,kg,heuristica,"Suco apresentação: líquido, características adicionais: com açúcar, sabor: uva, tipo: concentrado Suco apresentação: líq"
federal,ar_condicionado,2024,Federal/ES,1901.95,unidade,unitario,"Aparelho ar condicionado Aparelho Ar Condicionado Tipo: Hi-Wall , Modelo: Split Inverter , Capacidade Refrigeração: 9.00"
federal,etanol,2024,Federal/ES,6.5,litro,quantidade_litros,"Diluente Tinta aspecto físico: líquido, composição: etanol, acetona, cor: incolor Diluente Tinta aspecto físico: líquido"
federal,ar_condicionado,2024,Federal/ES,2200.0,unidade,unitario,Ar Condicionado - Instalação/Montagem/Desmontagem/Remoção - (Parede / Sistemas) Ar Condicionado - Instalação/Montagem/De
federal,envelope,2024,Federal/ES,0.36,unidade,unitario,"Acessório P/ Cme Acessório P/ Cme Tipo 1: Embalagem , Aplicação: P/ Acondicionamento De Material , Material: Polímero , "
federal,envelope,2024,Federal/ES,0.36,unidade,unitario,"Acessório P/ Cme Acessório P/ Cme Tipo 1: Embalagem , Aplicação: P/ Acondicionamento De Material , Material: Polímero , "
federal,disjuntor,2024,Federal/ES,8.2,unidade,unitario,"PEÇA / ACESSÓRIO DISJUNTOR COMPONENTE: DISPARADOR DE SOBRECORRENTE, TIPO: ACIONAMENTO PEÇA / ACESSÓRIO DISJUNTOR COMPONE"
federal,lampada_led,2024,Federal/ES,6.66,unidade,unitario,"Lâmpada Led Lâmpada Led Modelo: Led , Tensão Nominal: Bivolt , Potência Nominal: 18 W, Tipo Base: G13 , Cor: Branca , Fl"
federal,lampada_led,2024,Federal/ES,6.66,unidade,unitario,"Lâmpada Led Lâmpada Led Modelo: Led , Tensão Nominal: Bivolt , Potência Nominal: 18 W, Tipo Base: G13 , Cor: Branca , Fl"
federal,toner,2024,Federal/ES,389.0,unidade,unitario,"Cartucho toner impressora hp CARTUCHO TONER IMPRESSORA HP, TIPO CARTUCHO ORIGINAL, COR PRETA, REFERÊNCIACARTUCHO 3 CF258"
federal,ar_condicionado,2024,Federal/ES,1812.71,unidade,unitario,"Aparelho ar condicionado Aparelho Ar Condicionado Tipo: Split Hi Wall , Modelo: Split Inverter , Capacidade Refrigeração"
federal,ar_condicionado,2024,Federal/ES,1953.95,unidade,unitario,"Aparelho ar condicionado APARELHO AR CONDICIONADO, TIPO SPLIT HI WALL, MODELO SPLIT INVERTER,CAPACIDADE REFRIGERAÇÃO 12."
federal,ar_condicionado,2024,Federal/ES,1953.95,unidade,unitario,"Aparelho ar condicionado APARELHO AR CONDICIONADO, TIPO SPLIT HI WALL, MODELO SPLIT INVERTER,CAPACIDADE REFRIGERAÇÃO 12."
federal,ar_condicionado,2024,Federal/ES,1953.6,unidade,unitario,"Aparelho ar condicionado APARELHO AR CONDICIONADO, TIPO SPLIT HI WALL, MODELO SPLIT INVERTER,CAPACIDADE REFRIGERAÇÃO 12."
federal,ar_condicionado,2024,Federal/ES,1954.75,unidade,unitario,"Aparelho ar condicionado APARELHO AR CONDICIONADO, TIPO SPLIT HI WALL, MODELO SPLIT INVERTER,CAPACIDADE REFRIGERAÇÃO 12."
federal,ar_condicionado,2024,Federal/ES,1954.75,unidade,unitario,"Aparelho ar condicionado APARELHO AR CONDICIONADO, TIPO SPLIT HI WALL, MODELO SPLIT INVERTER,CAPACIDADE REFRIGERAÇÃO 12."
federal,ar_condicionado,2024,Federal/ES,2768.09,unidade,unitario,"Aparelho ar condicionado Aparelho Ar Condicionado Tipo: Split Hi Wall , Modelo: Split Inverter , Capacidade Refrigeração"
federal,ar_condicionado,2024,Federal/ES,5172.9,unidade,unitario,"Aparelho ar condicionado Aparelho Ar Condicionado Tipo: Hi-Wall, Modelo: Split Inverter, Capacidade Refrigeração: 24.000"
federal,ar_condicionado,2024,Federal/ES,4350.0,unidade,unitario,"Aparelho Ar Condicionado tipo: hi-wall, modelo: split inverter, capacidade refrigeração: 24.000, tensão: 220, freqüência"
federal,desinfetante,2024,Federal/ES,35.91,litro,heuristica,"Desinfetante composição: à base de quaternário de amônio, forma física: solução aquosa concentrada, característica adici"
federal,detergente,2024,Federal/ES,4.14,litro,heuristica,"Detergente composição: tensoativos aniônicos biodegradáveis, aplicação: remoção gordura e sujeira em geral., característ"
federal,ar_condicionado,2024,Federal/ES,4299.9,unidade,unitario,"Aparelho Ar Condicionado Aparelho Ar Condicionado Tipo: Split, Capacidade Refrigeração: 18.000BTU/H, Tensão: 220V, Freqü"
federal,biscoito,2024,Federal/ES,22.25,kg,heuristica,"Biscoito sabor: maizena, tipo: sem recheio Biscoito sabor: maizena, tipo: sem recheio"
federal,gas_glp,2024,Federal/ES,121.69,botijao_13kg,unitario,"Mangueira gás MANGUEIRA GÁS, MATERIAL BORRACHA, DIÂMETRO 1/2 POL, APLICAÇÃO GLP- GÁSLIQUEFEITO DE PETRÓLEO, TIPO FLEXÍVE"
federal,notebook,2024,Federal/ES,8040.78,unidade,unitario,"Notebook NOTEBOOK, TELA SUPERIOR A 14 POL, INTERATIVIDADE DA TELA SEM INTERATIVIDADE,MEMÓRIA RAM SUPERIOR A 8 GB, NÚCLEO"
federal,bebedouro,2024,Federal/ES,3300.0,unidade,unitario,"Bebedouro Água capacidade água: 200, material corpo: aço inoxidável, material gabinete: aço inoxidável, tipo: industrial"
federal,desinfetante,2024,Federal/ES,30.0,litro,unidade_declarada,"Desinfetante composição: cloreto de benzalcônico, emulssificante, essência,, aplicação: bactericida, princípio ativo: cl"
federal,cadeira,2024,Federal/ES,1143.8,unidade,unitario,"Cadeira escolar Cadeira Escolar Material Estrutura: Tubo Aço , Material Encosto: Polipropileno Injetado , Material Assen"
federal,extintor,2024,Federal/ES,99.99,unidade,unitario,"Conexão mangueira Conexão Mangueira Material: Latão, Tipo: Adaptador, Diâmetro Maior: 1 1/2POL, Diâmetro Menor: 1 1/2POL"
federal,acucar,2023,Federal/ES,6.0,kg,heuristica,"Bolo Alimentício características adicionais: confeitado/cobertura de marshmallow, ingredientes: farinha de trigo, fermen"
federal,ar_condicionado,2025,Federal/ES,15440.0,unidade,unitario,Ar Condicionado - Manutenção de Aparelhos de Parede Ar Condicionado - Manutenção de Aparelhos de Parede 
federal,bebedouro,2024,Federal/ES,2400.0,unidade,unitario,"Bebedouro água Bebedouro Água Tipo: Pressão, Voltagem: 110/220V, Material Gabinete: Aço Inoxidável, Vazão Água Gelada: 6"
federal,bebedouro,2024,Federal/ES,801.89,unidade,unitario,"Bebedouro água Bebedouro Água Tipo: Pressão, Voltagem: 110/220V, Material Gabinete: Aço Inoxidável, Vazão Água Gelada: 6"
federal,ar_condicionado,2024,Federal/ES,13500.0,unidade,unitario,"Aparelho Ar Condicionado tipo: split, modelo: dutado, capacidade refrigeração: 36.000, tensão: 220, freqüência: 60, cara"
federal,ar_condicionado,2024,Federal/ES,4200.0,unidade,unitario,Ar Condicionado - Instalação/Montagem/Desmontagem/Remoção - (Parede / Sistemas) Ar Condicionado - Instalação/Montagem/De
federal,torneira,2024,Federal/ES,52.15,unidade,unitario,"Lavatório mãos Lavatório Mãos Material: Aço Inoxidável, Comprimento: 500MM, Largura: 500MM, Altura: 270MM, Característic"
federal,envelope,2024,Federal/ES,0.33,unidade,unitario,"Acessório P/ Cme Acessório P/ Cme Tipo 1: Embalagem , Aplicação: P/ Acondicionamento De Material , Material: Polímero , "
federal,ar_condicionado,2024,Federal/ES,7488.9,unidade,unitario,"Aparelho ar condicionado Aparelho Ar Condicionado Tipo: Split, Modelo: Teto/Piso, Capacidade Refrigeração: 30.000BTU/H, "
federal,ar_condicionado,2024,Federal/ES,971.15,unidade,unitario,"Serpentina De Cobre Serpentina De Cobre Tipo: Condensadora, Modelo: 30gxb, Aplicação: Ar Condicionado, Referência: 30gx4"
federal,envelope,2024,Federal/ES,2.5,unidade,unitario,"Acessório P/ Cme Acessório P/ Cme Tipo 1: Embalagem , Aplicação: P/ Acondicionamento De Material , Material: Polímero , "
federal,acucar,2024,Federal/ES,20.0,kg,heuristica,"Açúcar tipo: cristal, coloração: branca Açúcar tipo: cristal, coloração: branca"
federal,acucar,2024,Federal/ES,19.42,kg,heuristica,"Açúcar Açúcar Tipo: Cristal, Coloração: Branca"
federal,acucar,2024,Federal/ES,17.95,kg,heuristica,"AÇÚCAR COLORAÇÃO: BRANCA, TIPO: CRISTAL AÇÚCAR COLORAÇÃO: BRANCA, TIPO: CRISTAL"
federal,acucar,2024,Federal/ES,17.99,kg,heuristica,"Açúcar Açúcar Tipo: Cristal, Coloração: Branca"
federal,torneira,2024,Federal/ES,78.3105,unidade,unitario,"Torneira Torneira Material Corpo: Metal , Tipo: Alavanca , Diâmetro: 1/2 POL, Caracteristicas Adicionais: Acionamento Ma"
federal,acucar,2024,Federal/ES,17.96,kg,heuristica,"Açúcar Açúcar Tipo: Cristal , Coloração: Branca"
federal,acucar,2024,Federal/ES,24.0,kg,heuristica,"Açúcar Açúcar Tipo: Cristal , Coloração: Branca"
federal,acucar,2024,Federal/ES,17.96,kg,heuristica,"Açúcar Açúcar Tipo: Cristal , Coloração: Branca"
federal,acucar,2024,Federal/ES,23.3,kg,heuristica,"Açúcar AÇÚCAR, TIPO CRISTAL, COLORAÇÃO BRANCA"
federal,acucar,2024,Federal/ES,5.1,kg,heuristica,"Açúcar Açúcar Tipo: Cristal , Coloração: Branca"
federal,lampada_led,2024,Federal/ES,90.0,unidade,unitario,"Projetor multimídia PROJETOR MULTIMÍDIA, TIPO LÂMPADA LED, VOLTAGEM BIVOLT V, QUANTIDADE ENTRADASVÍDEO 2 UN, TIPO ZOOM M"
federal,carne_suina,2024,Federal/ES,12.6,kg,unidade_declarada,"Carne Suína In Natura Carne Suína In Natura Tipo Corte: Tripa Para Embutid0s , Apresentação: Fio Longo, 90 Metros, Calib"
federal,ar_condicionado,2024,Federal/ES,1683.13,unidade,unitario,"Aparelho ar condicionado Aparelho Ar Condicionado Tipo: Hi-Wall , Modelo: Split Inverter , Capacidade Refrigeração: 9.00"
federal,tinta_latex,2024,Federal/ES,45.0,litro,heuristica,"Tinta Acrílica Tinta Acrílica Componentes: Água, Resina Acrílica, Líquido Viscoso, Aspecto Físico: Líquido Viscoso, Cor:"
federal,seringa,2024,Federal/ES,3.6,unidade,unitario,"Seringa Para Bomba SERINGA PARA BOMBA, APLICAçãO COMPATÍVEL C/ BOMBA INFUSORA, MATERIALPOLIPROPILENO, CAPACIDADE CERCA 2"
federal,papel_higienico,2024,Federal/ES,2.51,rolo,unitario,"Papel higiênico Papel Higiênico Material: Fibras Celulósicas , Comprimento: 30 M, Largura: 10 CM, Tipo: Gofrado E Picota"
federal,ar_condicionado,2023,Federal/ES,6580.0,unidade,unitario,Ar Condicionado - Manutenção de Sistemas / Limpeza Ar Condicionado - Manutenção de Sistemas / Limpeza Ar Condicionado - 
federal,ar_condicionado,2024,Federal/ES,1400.0,unidade,unitario,Ar condicionado - manutenção de sistemas / limpeza Ar condicionado - manutenção de sistemas / limpeza
federal,ar_condicionado,2024,Federal/ES,4000.0,unidade,unitario,Ar condicionado - manutenção de sistemas / limpeza Ar condicionado - manutenção de sistemas / limpeza
federal,ar_condicionado,2024,Federal/ES,1500.0,unidade,unitario,Ar condicionado - manutenção de sistemas / limpeza Ar condicionado - manutenção de sistemas / limpeza
federal,ar_condicionado,2024,Federal/ES,1400.0,unidade,unitario,Ar condicionado - manutenção de sistemas / limpeza Ar condicionado - manutenção de sistemas / limpeza
federal,notebook,2024,Federal/ES,5000.0,unidade,unitario,"Notebook alimentação: bivolt automática, armazenamento hdd: sem disco hdd, armazenamento ssd: superior a 500, bateria: s"
federal,ar_condicionado,2024,Federal/ES,1415.7,unidade,unitario,Ar Condicionado - Manutenção de Sistemas / Limpeza Ar Condicionado - Manutenção e correção. Adjudicação por grupo.
federal,biscoito,2024,Federal/ES,25.0,kg,heuristica,"Biscoito sabor: maizena, tipo: sem recheio "
federal,acucar,2024,Federal/ES,20.0,kg,heuristica,"Açúcar coloração: branca, tipo: cristal "
federal,desinfetante,2024,Federal/ES,30.0,litro,unidade_declarada,"Desinfetante aplicação: bactericida, características adicionais 1: com aromaicionado, composição: cloreto de benzalcônic"
federal,grampeador,2024,Federal/ES,50.0,unidade,unitario,"Grampeador material: metal, tamanho grampo: 26/6, tipo: alicate "
federal,ar_condicionado,2024,Federal/ES,4420.0,unidade,unitario,"Ar condicionado - manutenção de aparelhos de parede Manutenção e reparo de 4 (quatro) aparelhos de ar-condicionado, conf"
federal,ar_condicionado,2024,Federal/ES,1000.0,unidade,unitario,Ar Condicionado - Manutenção de Sistemas / Limpeza Ar Condicionado - Manutenção de Sistemas / Limpeza O valor de solicit
federal,biscoito,2024,Federal/ES,50.0,kg,heuristica,"Biscoito características adicionais: sem recheio/enriquecido vitaminas, 0% gordura tran, sabor: maizena "
federal,desinfetante,2024,Federal/ES,30.0,litro,heuristica,"Desinfetante composição: à base de quaternários de amônio, forma física: solução aquosa concentrada, princípio ativo: as"
federal,ar_condicionado,2024,Federal/ES,870.0,unidade,unitario,Ar condicionado - manutenção de aparelhos de parede Manutenção preventiva/ corretiva dos aparelhos de Ar condicionado El
federal,ar_condicionado,2024,Federal/ES,810.0,unidade,unitario,Ar condicionado - manutenção de aparelhos de parede Manutenção preventiva/ corretiva dos aparelhos de Ar Condicionador d
federal,ar_condicionado,2024,Federal/ES,850.0,unidade,unitario,Ar condicionado - manutenção de aparelhos de parede Manutenção preventiva/ corretiva dos aparelhos de Ar condicionado Gr
federal,papel_a4,2024,Federal/ES,20.0,resma,unitario,"Papel Correspondência comprimento: 297, cor: extrabranca, gramatura: 75, largura: 210, tipo papel: papel sulfite "
federal,farinha_trigo,2024,Federal/ES,10.0,kg,heuristica,"Biscoito características adicionais: com manteiga do sertão, salgada, ingredientes: farinha de trigo, água, manteiga, go"
federal,tijolo,2024,Federal/ES,3.46,unidade,unitario,"Bloco De Concreto comprimento: 40, largura: 10, altura: 20, aplicação: construção civil Blocos de concreto / brita do ti"
federal,carne_bovina,2024,Federal/ES,22.9,kg,descricao,"Carne Bovina In Natura tipo corte: músculo traseiro, apresentação: peça inteira, processamento: sem osso, estado de cons"
federal,beterraba,2024,Federal/ES,6.85,kg,unidade_declarada,"Legume In Natura tipo: beterraba BETERRABA, de primeira qualidade, compacta e firme, sem defeitos sérios, bem desenvolvi"
federal,beterraba,2024,Federal/ES,3.8,kg,unidade_declarada,"Legume In Natura tipo: beterraba BETERRABA, de primeira qualidade, compacta e firme, sem defeitos sérios, bem desenvolvi"
federal,maca_fruta,2024,Federal/ES,8.5,kg,unidade_declarada,"Fruta tipo: maçã gala, apresentação: natural MAÇÃ NACIONAL, de primeira qualidade, tamanho médio, apresentando caracterí"
federal,farinha_trigo,2024,Federal/ES,16.0,kg,unidade_declarada,"Farinha De Rosca base: de pão torrado, apresentação: granulos finos/médios FARINHA DE ROSCA, sem formação de grumos, ise"
federal,gasolina,2024,Federal/ES,6.2,litro,unidade_declarada,"Gasolina classificação: comum, uso: para automotivos, índice de octanagem: iad 87 min "
federal,laranja,2024,Federal/ES,4.85,kg,unidade_declarada,"Fruta tipo: laranja pera, apresentação: natural LARANJA PERA, madura, de primeira qualidade, sem rachadura, fresca, sem "
federal,laranja,2024,Federal/ES,2.99,kg,unidade_declarada,"Fruta tipo: laranja pera, apresentação: natural LARANJA PERA, madura, de primeira qualidade, sem rachadura, fresca, sem "
federal,carne_bovina,2024,Federal/ES,29.89,kg,descricao,"Carne Bovina In Natura tipo corte: músculo traseiro, apresentação: peça inteira, processamento: sem osso, estado de cons"
federal,extintor,2024,Federal/ES,79.16,unidade,unitario,Carga Extintor Incêndio 
federal,ar_condicionado,2024,Federal/ES,3015.275,unidade,unitario,Aparelho ar condicionado 
federal,cenoura,2024,Federal/ES,7.0,kg,unidade_declarada,"Legume In Natura tipo: cenoura CENOURA, de primeira qualidade, tamanho médio, apresentando características do cultivar b"
federal,pepino,2024,Federal/ES,2.55,kg,unidade_declarada,"Legume In Natura tipo: pepino PEPINO, de primeira qualidade, de safra nova, bem formado, sem danos físicos e mecânicos o"
federal,ar_condicionado,2024,Federal/ES,2099.99,unidade,unitario,Aparelho ar condicionado 
federal,envelope,2024,Federal/ES,0.75,unidade,unitario,Envelope 
federal,ar_condicionado,2024,Federal/ES,3978.0,unidade,unitario,Aparelho ar condicionado 
federal,acucar,2024,Federal/ES,19.18,kg,heuristica,Açúcar 
federal,lapis,2024,Federal/ES,1.43,unidade,unitario,Lápis preto 
federal,ar_condicionado,2024,Federal/ES,5174.0,unidade,unitario,Ar Condicionado - Manutenção de Sistemas / Limpeza Ar Condicionado - Manutenção de Sistemas / Limpeza 
federal,alcool,2024,Federal/ES,8.0,litro,heuristica,Álcool Etílico 
federal,envelope,2024,Federal/ES,0.88,unidade,unitario,Envelope 
federal,impressora,2024,Federal/ES,7544.5,unidade,unitario,Impressora Multifuncional 
federal,envelope,2024,Federal/ES,1.12,unidade,unitario,Envelope 
federal,detergente,2024,Federal/ES,17.34,litro,heuristica,"Porta sabão, detergente e esponja "
federal,envelope,2024,Federal/ES,0.54,unidade,unitario,Envelope 
federal,impressora,2024,Federal/ES,2588.5,unidade,unitario,Impressora Multifuncional 
federal,notebook,2024,Federal/ES,3725.22,unidade,unitario,Notebook 
federal,seringa,2024,Federal/ES,1.05,unidade,unitario,Seringa 
federal,vassoura,2024,Federal/ES,15.54,unidade,unitario,Vassoura 
federal,ar_condicionado,2024,Federal/ES,2908.69,unidade,unitario,Aparelho ar condicionado 
federal,ar_condicionado,2024,Federal/ES,5398.03,unidade,unitario,Aparelho ar condicionado 
federal,biscoito,2024,Federal/ES,11.2,kg,heuristica,Biscoito 
federal,biscoito,2024,Federal/ES,12.175,kg,heuristica,Biscoito 
federal,carne_bovina,2024,Federal/ES,24.36,kg,unidade_declarada,Carne bovina in natura 
federal,carne_bovina,2024,Federal/ES,21.52,kg,unidade_declarada,Carne bovina in natura 
federal,acucar,2024,Federal/ES,20.9,kg,heuristica,"Vinho cor: tinto, classe: mesa, teor açúcar: suave Vinho cor: tinto, classe: mesa, teor açúcar: suave"
federal,biscoito,2024,Federal/ES,12.325,kg,heuristica,Biscoito 
federal,torneira,2024,Federal/ES,115.0,unidade,unitario,"Garrafa térmica GARRAFA TÉRMICA, MATERIAL PLÁSTICO REVESTIDO COM FIBRA, CAPACIDADE 12 L,FORMATO CILÍNDRICO, CARACTERÍSTI"
federal,carne_bovina,2024,Federal/ES,41.99,kg,unidade_declarada,Carne bovina in natura 
federal,extintor,2024,Federal/ES,60.0,unidade,unitario,Manutenção Extintores / Mangueiras - Combate Incêndio Manutenção Extintores / Mangueiras - Combate Incêndio - Extintor P
federal,carne_suina,2024,Federal/ES,23.61,kg,unidade_declarada,Carne suína in natura 
federal,carne_suina,2024,Federal/ES,23.61,kg,unidade_declarada,Carne suína in natura 
federal,carne_bovina,2024,Federal/ES,41.99,kg,unidade_declarada,Carne bovina in natura 
federal,carne_suina,2024,Federal/ES,27.69,kg,unidade_declarada,Carne suína in natura 
federal,extintor,2024,Federal/ES,100.0,unidade,unitario,Manutenção Extintores / Mangueiras - Combate Incêndio Manutenção Extintores / Mangueiras - Combate Incêndio - Extintor P
federal,bebedouro,2024,Federal/ES,807.29,unidade,unitario,"Bebedouro ave BEBEDOURO AVE, MATERIAL PLÁSTICO GALVANIZADO, TIPO AUTOMÁTICO PENDULAR,CAPACIDADE 1 L"
federal,torneira,2024,Federal/ES,41.7,unidade,unitario,"Torneira Torneira Material Corpo: Aço Inoxidável Cromado, Tipo: Pia, Diâmetro: 1/2POL, Caracteristicas Adicionais: Bica "
federal,furosemida,2024,Federal/ES,0.69,unidade,unitario,"Furosemida Furosemida Composição: 10 Mg/Ml , Apresentação: Solução Injetável"
federal,losartana,2024,Federal/ES,0.27,unidade,unitario,"Losartana Potássica Losartana Potássica Apresentação: Associado À Hidroclorotiazida , Dosagem: 50mg + 12,5mg"
federal,cabo_eletrico,2024,Federal/ES,3.3,metro,unitario,"Terminal Cabo Terminal Cabo Material: Cobre Banhado , Bitola: 10 MM2, Aplicação: Instalações Elétricas , Características"
federal,cabo_eletrico,2024,Federal/ES,3.3,metro,unitario,"Terminal Cabo Terminal Cabo Material: Cobre Banhado , Bitola: 10 MM2, Aplicação: Instalações Elétricas , Características"
federal,papel_toalha,2024,Federal/ES,27.97,rolo,unitario,"Toalha De Papel TOALHA DE PAPEL, MATERIAL PAPEL, TIPO FOLHA 2 DOBRAS, QUANTIDADE TOALHA 200 UN, COMPRIMENTO 24,50 CM, LA"
federal,torneira,2024,Federal/ES,44.08,unidade,unitario,"Torneira Torneira Material Corpo: Metal , Tipo: Pia , Diâmetro: 1/2 POL, Acabamento Superficial: Cromado , Aplicação: La"
federal,torneira,2024,Federal/ES,42.0,unidade,unitario,"Torneira Torneira Material Corpo: Metal , Tipo: Pia , Diâmetro: 1/2 POL, Acabamento Superficial: Cromado , Aplicação: La"
federal,detergente,2024,Federal/ES,5.8,litro,heuristica,"Removedor Ferrugem Removedor Ferrugem Composição: Ácido Fosfórico/Detergente Não Iônico/Propilglicol , Aplicação: Remoçã"
federal,impressora,2024,Federal/ES,4738.0,unidade,unitario,"Impressora Laser IMPRESSORA LASER, TENSÃO ALIMENTAÇÃO 110/220 V, RESOLUÇÃO IMPRESSÃO 1200 X 600DPI, VELOCIDADE IMPRESSÃO"
federal,suco,2024,Federal/ES,18.55,litro,descricao,"Copo De Vidro Copo De Vidro Capacidade: 200ML, Diâmetro Boca: 64MM, Altura: 96MM, Cor: Transparente, Tipo Uso: Água/Suco"
federal,biscoito,2024,Federal/ES,10.075,kg,heuristica,Biscoito 
federal,carne_suina,2024,Federal/ES,21.27,kg,unidade_declarada,Carne suína in natura 
federal,extintor,2024,Federal/ES,70.0,unidade,unitario,Manutenção Extintores / Mangueiras - Combate Incêndio Manutenção Extintores / Mangueiras - Combate Incêndio - Extintor P
federal,disjuntor,2024,Federal/ES,26.37,unidade,unitario,"Disjuntor Baixa Tensão Disjuntor Baixa Tensão Funcionamento: Termomagnético , Número Pólos: 2 , Corrente Nominal: 32 A, "
federal,disjuntor,2024,Federal/ES,26.37,unidade,unitario,"Disjuntor Baixa Tensão Disjuntor Baixa Tensão Funcionamento: Termomagnético , Número Pólos: 2 , Corrente Nominal: 32 A, "
federal,grampeador,2024,Federal/ES,32.0,unidade,unitario,"Grampeador Grampeador Tratamento Superficial: Niquelado, Material: Metal, Tipo: Escolar, Capacidade: 30FL, Tamanho Gramp"
federal,disjuntor,2024,Federal/ES,26.98,unidade,unitario,"Disjuntor Baixa Tensão Disjuntor Baixa Tensão Funcionamento: Termomagnético , Número Pólos: 2 , Corrente Nominal: 50 A, "
federal,disjuntor,2024,Federal/ES,26.98,unidade,unitario,"Disjuntor Baixa Tensão Disjuntor Baixa Tensão Funcionamento: Termomagnético , Número Pólos: 2 , Corrente Nominal: 50 A, "
federal,alcool,2024,Federal/ES,3.8,litro,heuristica,"Álcool etílico limpeza de ambientes Álcool Etílico Limpeza De Ambientes Tipo: Etílico Hidratado , Características Adicio"
federal,alcool,2024,Federal/ES,3.91,litro,heuristica,"Álcool etílico limpeza de ambientes Álcool Etílico Limpeza De Ambientes Tipo: Etílico Hidratado , Características Adicio"
federal,alcool,2024,Federal/ES,3.91,litro,heuristica,"Álcool etílico limpeza de ambientes Álcool Etílico Limpeza De Ambientes Tipo: Etílico Hidratado , Características Adicio"
federal,alcool,2024,Federal/ES,5.5,litro,heuristica,"Álcool Etílico Limpeza De Ambientes Álcool Etílico Limpeza De Ambientes Tipo: Etílico Hidratado, Características Adicion"
federal,alcool,2024,Federal/ES,28.95,litro,heuristica,"Álcool etílico limpeza de ambientes Álcool Etílico Limpeza De Ambientes Tipo: Etílico Hidratado , Características Adicio"
federal,lampada_led,2024,Federal/ES,12.7,unidade,unitario,"Lâmpada led Lâmpada Led Tensão Nominal: Bivolt V, Potência Nominal: 9 W, Tipo Base: G13 , Formato: Tubular T8 , Equivalê"
federal,lampada_led,2024,Federal/ES,3.48,unidade,unitario,"Lâmpada Led Lâmpada Led Tensão Nominal: Bivolt V, Potência Nominal: 9 W, Tipo Base: E-27 , Tipo Bulbo: A60 Global Leitos"
federal,lampada_led,2024,Federal/ES,3.48,unidade,unitario,"Lâmpada Led Lâmpada Led Tensão Nominal: Bivolt V, Potência Nominal: 9 W, Tipo Base: E-27 , Tipo Bulbo: A60 Global Leitos"
federal,grampeador,2024,Federal/ES,36.0,unidade,unitario,"Grampeador Grampeador Material: Metal, Tipo: Alicate, Capacidade: 30FL, Tamanho Grampo: 26/6, Características Adicionais"
federal,requeijao,2024,Federal/ES,10.7,kg,heuristica,"Queijo origem: de vaca, variedade: requeijão, apresentação: cremoso Queijo origem: de vaca, variedade: requeijão, aprese"
federal,iogurte,2024,Federal/ES,6.18,litro,heuristica,"Iogurte Natural IOGURTE NATURAL, TEOR GORDURA INTEGRAL, SABOR COM SABOR, COMPONENTES COM POLPAOU PEDAÇOS DE FRUTA"
federal,iogurte,2024,Federal/ES,6.18,litro,heuristica,"Iogurte Natural Iogurte Natural Teor Gordura: Integral , Sabor: Com Sabor , Componentes: Com Polpa Ou Pedaços De Fruta"
federal,iogurte,2024,Federal/ES,6.18,litro,heuristica,"Iogurte Natural IOGURTE NATURAL, TEOR GORDURA INTEGRAL, SABOR COM SABOR, COMPONENTES COM POLPAOU PEDAÇOS DE FRUTA"
federal,iogurte,2024,Federal/ES,6.18,litro,heuristica,"Iogurte Natural Iogurte Natural Teor Gordura: Integral , Sabor: Com Sabor , Componentes: Com Polpa Ou Pedaços De Fruta"
federal,iogurte,2024,Federal/ES,6.51,litro,heuristica,"Iogurte Natural Iogurte Natural Teor Gordura: Integral , Sabor: Com Sabor , Componentes: Com Polpa Ou Pedaços De Fruta"
federal,iogurte,2024,Federal/ES,6.51,litro,heuristica,"Iogurte Natural IOGURTE NATURAL, TEOR GORDURA INTEGRAL, SABOR COM SABOR, COMPONENTES COM POLPAOU PEDAÇOS DE FRUTA"
federal,carne_bovina,2024,Federal/ES,28.5,kg,unidade_declarada,"Carne bovina in natura CARNE BOVINA IN NATURA, TIPO CORTE LAGARTO, APRESENTAÇÃO PEÇA INTEIRA, ESTADODE CONSERVAÇÃO CONGE"
federal,carne_bovina,2024,Federal/ES,28.7,kg,unidade_declarada,"Carne bovina in natura CARNE BOVINA IN NATURA, TIPO CORTE LAGARTO, APRESENTAÇÃO PEÇA INTEIRA, ESTADODE CONSERVAÇÃO CONGE"
federal,carne_bovina,2024,Federal/ES,28.8,kg,unidade_declarada,"Carne bovina in natura CARNE BOVINA IN NATURA, TIPO CORTE LAGARTO, APRESENTAÇÃO PEÇA INTEIRA, ESTADODE CONSERVAÇÃO CONGE"
federal,pendrive,2024,Federal/ES,23.0,unidade,unitario,"Memória Portátil Microcomputador Memória Portátil Microcomputador Capacidade Memória: 64GB, Interface: Usb 2.0, Caracter"
federal,pendrive,2024,Federal/ES,22.555,unidade,unitario,"Memória Portátil Microcomputador Memória Portátil Microcomputador Capacidade Memória: 32GB, Aplicação: Armazenamento De "
federal,pendrive,2024,Federal/ES,21.52,unidade,unitario,"Memória Portátil Microcomputador Memória Portátil Microcomputador Capacidade Memória: 32GB, Aplicação: Armazenamento De "
federal,ar_condicionado,2024,Federal/ES,2060.0,unidade,unitario,"Aparelho Ar Condicionado Aparelho Ar Condicionado Tipo: Split, Modelo: Split Inverter, Capacidade Refrigeração: 9.000BTU"
federal,acucar,2024,Federal/ES,18.9,kg,heuristica,Açúcar tipo: cristal Açúcar tipo: cristal
federal,acucar,2024,Federal/ES,18.89,kg,heuristica,"Açúcar AÇÚCAR, TIPO CRISTAL"
federal,acucar,2024,Federal/ES,19.9,kg,heuristica,Açúcar tipo: cristal Açúcar tipo: cristal
federal,acucar,2024,Federal/ES,7.89,kg,heuristica,Açúcar tipo: cristal Açúcar tipo: cristal
federal,acucar,2024,Federal/ES,19.25,kg,heuristica,"Açúcar AÇÚCAR, TIPO CRISTAL"
federal,acucar,2024,Federal/ES,7.85,kg,heuristica,Açúcar tipo: cristal Açúcar tipo: cristal
federal,tangerina,2024,Federal/ES,4.8,kg,unidade_declarada,"Fruta FRUTA, TIPO TANGERINA PONCAN, APRESENTAÇÃO NATURAL"
federal,tangerina,2024,Federal/ES,4.8,kg,unidade_declarada,"Fruta Fruta Tipo: Tangerina Poncan , Apresentação: Natural"
federal,tangerina,2024,Federal/ES,4.8,kg,unidade_declarada,"Fruta FRUTA, TIPO TANGERINA PONCAN, APRESENTAÇÃO NATURAL"
federal,tangerina,2024,Federal/ES,4.8,kg,unidade_declarada,"Fruta Fruta Tipo: Tangerina Poncan , Apresentação: Natural"
federal,tangerina,2024,Federal/ES,3.1,kg,unidade_declarada,"Fruta Fruta Tipo: Tangerina Poncan , Apresentação: Natural"
federal,tangerina,2024,Federal/ES,3.85,kg,unidade_declarada,"Fruta Fruta Tipo: Tangerina Poncan , Apresentação: Natural"
federal,repolho,2024,Federal/ES,9.99,kg,unidade_declarada,"Verdura In Natura* tipo: repolho roxo, espécie: comum, aplicação: culinária em geral, características adicionais: classi"
federal,repolho,2024,Federal/ES,4.59,kg,heuristica,"Verdura In Natura* tipo: repolho roxo, espécie: comum, aplicação: culinária em geral, características adicionais: classi"
federal,mascara_descartavel,2024,Federal/ES,0.13,unidade,unitario,"Máscara Cirúrgica MÁSCARA CIRÚRGICA, MATERIAL NÃO TECIDO 100% POLIPROPILENO, FILTRO ELEMENTOFILTRANTE INTERNO, EFICIÊNCI"
federal,mascara_descartavel,2024,Federal/ES,0.11,unidade,unitario,"Máscara Cirúrgica Máscara Cirúrgica Material: Não Tecido 100% Polipropileno , Filtro: Elemento Filtrante Interno , Efici"
federal,mascara_descartavel,2024,Federal/ES,0.07,unidade,unitario,"Máscara Cirúrgica Máscara Cirúrgica Material: Não Tecido 100% Polipropileno , Filtro: Elemento Filtrante Interno , Efici"
federal,envelope,2024,Federal/ES,0.5,unidade,unitario,"Acessório P/ Cme Acessório P/ Cme Tipo 1: Embalagem , Aplicação: P/ Acondicionamento De Material , Material: Polímero , "
federal,envelope,2024,Federal/ES,2.12,unidade,unitario,"Acessório P/ Cme Acessório P/ Cme Tipo 1: Embalagem , Aplicação: P/ Acondicionamento De Material , Material: Polímero , "
federal,brita,2024,Federal/ES,178.5,m3,unitario,"Brita Brita Material: Pedra Moída, Tamanho: Brita 0, Aplicação: Jardim Residencial/Público"
federal,brita,2024,Federal/ES,264.0,m3,unitario,"Brita material: pedra moída, tamanho: brita 0, aplicação: jardim residencial/público Brita material: pedra moída, tamanh"
federal,ar_condicionado,2024,Federal/ES,3800.0,unidade,unitario,"Aparelho Ar Condicionado modelo: split inverter, capacidade refrigeração: 18.000, vazão ar: 2,280, tensão: 220, freqüênc"
federal,ar_condicionado,2024,Federal/ES,3817.67,unidade,unitario,"Aparelho ar condicionado APARELHO AR CONDICIONADO, CAPACIDADE REFRIGERAÇÃO 18.000 BTU, VAZÃO AR 2,280M3/H, TENSÃO 220 V,"
federal,ar_condicionado,2024,Federal/ES,3799.84,unidade,unitario,"Aparelho ar condicionado APARELHO AR CONDICIONADO, CAPACIDADE REFRIGERAÇÃO 18.000 BTU, VAZÃO AR 2,280M3/H, TENSÃO 220 V,"
federal,ar_condicionado,2024,Federal/ES,3792.0,unidade,unitario,"Aparelho ar condicionado APARELHO AR CONDICIONADO, CAPACIDADE REFRIGERAÇÃO 18.000 BTU, VAZÃO AR 2,280M3/H, TENSÃO 220 V,"
federal,ar_condicionado,2024,Federal/ES,3799.95,unidade,unitario,"Aparelho ar condicionado APARELHO AR CONDICIONADO, CAPACIDADE REFRIGERAÇÃO 18.000 BTU, VAZÃO AR 2,280M3/H, TENSÃO 220 V,"
federal,ar_condicionado,2024,Federal/ES,3817.67,unidade,unitario,"Aparelho ar condicionado APARELHO AR CONDICIONADO, CAPACIDADE REFRIGERAÇÃO 18.000 BTU, VAZÃO AR 2,280M3/H, TENSÃO 220 V,"
federal,cadeira,2024,Federal/ES,1143.8,unidade,unitario,Cadeira escolar 
federal,ar_condicionado,2024,Federal/ES,3620.84,unidade,unitario,Ar Condicionado - Instalação/Montagem/Desmontagem/Remoção - (Parede / Sistemas) Ar Condicionado - Instalação/Montagem/De
federal,ar_condicionado,2024,Federal/ES,2571.34,unidade,unitario,Ar Condicionado - Instalação/Montagem/Desmontagem/Remoção - (Parede / Sistemas) Ar Condicionado - Instalação/Montagem/De
federal,cadeira,2024,Federal/ES,547.68,unidade,unitario,Cadeira fixa 
federal,lampada_led,2024,Federal/ES,79.9,unidade,unitario,"Luminária Iluminação Pública aplicação: lâmpada led, grau proteção: ip 67, material: chapa alumínio, quantidade lâmpadas"
federal,ar_condicionado,2024,Federal/ES,4046.86,unidade,unitario,Ar Condicionado - Instalação/Montagem/Desmontagem/Remoção - (Parede / Sistemas) Ar Condicionado - Instalação/Montagem/De
federal,vassoura,2024,Federal/ES,35.0,unidade,unitario,"Vassoura material cerdas: piaçava, material cepa: chapa de aço, comprimento cepa: 21, características adicionais: com ca"
federal,suco,2024,Federal/ES,15.87,litro,unidade_declarada,Suco 
federal,leite_integral,2024,Federal/ES,5.0,litro,heuristica,Leite Fluido 
federal,carne_bovina,2023,Federal/ES,25.9,kg,unidade_declarada,"Carne Bovina In Natura tipo corte: peito, apresentação: pedaço, estado de conservação: congelado(a) "
federal,carne_bovina,2023,Federal/ES,25.9,kg,unidade_declarada,"Carne Bovina In Natura tipo corte: paleta (pá), apresentação: peça inteira, estado de conservação: congelado(a) "
federal,ar_condicionado,2024,Federal/ES,3250.0,unidade,unitario,Aparelho ar condicionado 
federal,ar_condicionado,2024,Federal/ES,2500.0,unidade,unitario,"Ar Condicionado - Manutenção de Sistemas / Limpeza Prestação de serviços de manutenção corretiva, com fornecimento de pe"
federal,ar_condicionado,2024,Federal/ES,4385.93,unidade,unitario,"Aparelho ar condicionado Aparelho Ar Condicionado Tipo: Split Hi Wall , Modelo: Split Inverter , Capacidade Refrigeração"
federal,cimento,2024,Federal/ES,40.0,saco_50kg,unitario,Cimento portland 
federal,carne_suina,2023,Federal/ES,19.98,kg,unidade_declarada,"Carne Suína In Natura tipo corte: pernil, apresentação: fatiada, processamento: sem pele, estado de conservação: congela"
federal,ar_condicionado,2024,Federal/ES,1500.0,unidade,unitario,"Ar Condicionado - Manutenção de Sistemas / Limpeza Prestação de serviços de manutenção corretiva, com fornecimento de pe"
federal,ar_condicionado,2024,Federal/ES,4700.0,unidade,unitario,Ar Condicionado - Manutenção de Sistemas / Limpeza Manutenção corretiva com substituição de peças e recarga de gás(em ca
federal,alcool,2024,Federal/ES,6.0,litro,heuristica,Álcool Etílico Limpeza De Ambientes 
federal,linguica,2023,Federal/ES,19.75,kg,heuristica,"Embutido tipo: linguiça calabresa, tamanho: grossa, tipo preparação: defumada, estado de conservação: resfriado(a) "
federal,carne_bovina,2023,Federal/ES,33.9,kg,unidade_declarada,"Carne Bovina In Natura tipo corte: coxão mole, apresentação: peça inteira, estado de conservação: congelado(a) "
federal,linguica,2023,Federal/ES,20.48,kg,heuristica,"Embutido tipo: linguiça calabresa, tamanho: grossa, tipo preparação: defumada, estado de conservação: resfriado(a) "
federal,ovos,2024,Federal/ES,9.45,duzia,unitario,Bandeja Ovos 
federal,detergente,2024,Federal/ES,10.0,litro,heuristica,"Detergente - Industrial aspecto físico: líquido, componentes: hidróxido de sódio, polímero catiônico e atenuador "
federal,cimento,2024,Federal/ES,40.0,saco_50kg,unitario,Cimento portland 
federal,diesel,2024,Federal/ES,5.99,litro,unidade_declarada,"Óleo Diesel uso: automotivo, apresentação: com biodiesel Óleo diesel S-500. "
federal,acucar,2024,Federal/ES,2.97,kg,unidade_declarada,"""açúcar"" "
federal,gas_glp,2023,Federal/ES,100.0,botijao_13kg,unitario,"Gás Refino De Petróleo tipo: gás liquefeito de petróleo - glp, uso: doméstico "
federal,frango,2023,Federal/ES,19.98,kg,unidade_declarada,"Carne De Ave In Natura tipo animal: frango, tipo corte: filé de peito, apresentação: fatiado, estado de conservação: con"
federal,frango,2023,Federal/ES,8.95,kg,unidade_declarada,"Carne De Ave In Natura tipo animal: frango, tipo corte: coxa e sobrecoxa, apresentação: inteiro, estado de conservação: "
federal,salsicha,2023,Federal/ES,8.99,kg,heuristica,"Embutido tipo: salsicha hot dog, tipo preparação: cozida, estado de conservação: resfriado(a) "
federal,tesoura,2024,Federal/ES,5.5,unidade,unitario,"Tesoura material: aço inoxidável, material cabo: polipropileno, comprimento: 13, características adicionais: sem ponta T"
federal,brita,2024,Federal/ES,212.12,m3,unitario,"Brita material: rocha triturada, tamanho: brita 1 "
federal,iogurte,2024,Federal/ES,3.19,litro,heuristica,Iogurte Natural 
federal,envelope,2024,Federal/ES,0.26,unidade,unitario,Envelope 
federal,grampeador,2024,Federal/ES,37.51,unidade,unitario,Grampeador 
federal,ar_condicionado,2024,Federal/ES,7267.77,unidade,unitario,Aparelho ar condicionado 
federal,suco,2024,Federal/ES,4.24,litro,heuristica,"Copo Descartável material: poliestireno, capacidade: 200, aplicação: água/suco e refrigerente "
federal,acucar,2024,Federal/ES,7.9,kg,heuristica,"Açúcar tipo: refinado, coloração: branca "
federal,farinha_trigo,2024,Federal/ES,13.0,kg,unidade_declarada,"Farinha De Rosca base: de pão torrado, apresentação: granulos finos/médios FARINHA DE ROSCA, sem formação de grumos, ise"
federal,tijolo,2024,Federal/ES,3.33,unidade,unitario,"Bloco De Concreto comprimento: 40, largura: 10, altura: 20, aplicação: construção civil Bloco de concreto, tamanho 9x19x"
federal,banana,2024,Federal/ES,3.5,kg,unidade_declarada,"Fruta tipo: banana prata / banana branca, apresentação: natural BANANA PRATA, de primeira qualidade, fisiologicamente de"
federal,maca_fruta,2024,Federal/ES,12.2,kg,unidade_declarada,"Fruta tipo: maçã gala, apresentação: natural MAÇÃ NACIONAL, de primeira qualidade, tamanho médio, apresentando caracterí"
federal,cenoura,2024,Federal/ES,3.8,kg,unidade_declarada,"Legume In Natura tipo: cenoura CENOURA, de primeira qualidade, tamanho médio, apresentando características do cultivar b"
federal,mamao,2024,Federal/ES,3.9,kg,unidade_declarada,"Fruta tipo: mamão formosa, apresentação: natural MAMÃO FORMOSA, de primeira qualidade, tamanho médio, apresentando carac"
federal,goiaba,2024,Federal/ES,6.2,kg,unidade_declarada,"Fruta tipo: goiaba vermelha, apresentação: natural GOIABA, fruta de primeira qualidade, tamanho médio, apresentando cara"
federal,suco,2024,Federal/ES,18.1467,litro,descricao,"Jarra Jarra de vidro para suco, capacidade de 1,5 litros, cor incolor. Medidas: 22 cm de altura x 12,5 cm de diâmetro."
federal,torneira,2024,Federal/ES,16.0,unidade,unitario,"Torneira Torneira Material Corpo: Metal , Tipo: Jardim , Diâmetro: 1/2 POL, Caracteristicas Adicionais: Com Bico De Meta"
federal,torneira,2024,Federal/ES,16.0,unidade,unitario,"Torneira Torneira Material Corpo: Metal , Tipo: Jardim , Diâmetro: 1/2 POL, Caracteristicas Adicionais: Com Bico De Meta"
federal,dexametasona,2024,Federal/ES,9.5,unidade,unitario,"Dexametasona Dexametasona Dosagem: 0,1% , Apresentação: Solução Oftálmica"
federal,metformina,2024,Federal/ES,0.21,unidade,unitario,Metformina cloridrato Metformina Cloridrato Dosagem: 850 M
federal,propranolol,2024,Federal/ES,0.07,unidade,unitario,Propranolol cloridrato Propranolol Cloridrato Dosagem: 40 M
federal,cabo_eletrico,2024,Federal/ES,1.89,metro,unitario,"Terminal Cabo Terminal Cabo Material: Cobre , Bitola: 25 MM2, Aplicação: Instalações Elétricas , Características Adicion"
federal,cabo_eletrico,2024,Federal/ES,1.89,metro,unitario,"Terminal Cabo Terminal Cabo Material: Cobre , Bitola: 25 MM2, Aplicação: Instalações Elétricas , Características Adicion"
federal,tubo_pvc,2024,Federal/ES,42.0,metro,unitario,"Solução Limpadora Solução Limpadora Tipo: Instantânea , Aspecto Físico: Líquido , Aplicação: Tubo Pvc , Características "
federal,tubo_pvc,2024,Federal/ES,43.05,metro,unitario,"Solução Limpadora Solução Limpadora Tipo: Instantânea , Aspecto Físico: Líquido , Aplicação: Tubo Pvc , Características "
federal,suco,2024,Federal/ES,9.0,litro,heuristica,"Suco Suco Apresentação: Pó , Sabor: Variado , Tipo: Artificial"
federal,suco,2024,Federal/ES,9.3,litro,heuristica,"Suco Suco Apresentação: Pó , Sabor: Variado , Tipo: Artificial"
federal,gas_glp,2024,Federal/ES,115.42,botijao_13kg,unitario,"Mangueira Gás Mangueira Gás Material: Borracha Nitrílica Siliconada , Diâmetro: 1/2 POL, Aplicação: Glp - Gás Liquefeito"
federal,disjuntor,2024,Federal/ES,24.83,unidade,unitario,"Disjuntor baixa tensão DISJUNTOR BAIXA TENSÃO, FUNCIONAMENTO TERMOMAGNÉTICO, NÚMERO PÓLOS 1, CORRENTENOMINAL 20 A, PADRÃ"
federal,lampada_led,2024,Federal/ES,6.87,unidade,unitario,"Lâmpada Led Lâmpada Led Tensão Nominal: 110/220 V, Potência Nominal: 30 W, Tipo Base: E-27 , Temperatura De Cor: 6400 K,"
federal,ar_condicionado,2024,Federal/ES,3422.93,unidade,unitario,"Aparelho ar condicionado Aparelho Ar Condicionado Tipo: Split , Modelo: Split Inverter , Capacidade Refrigeração: 24.000"
federal,ar_condicionado,2024,Federal/ES,3414.0,unidade,unitario,"Aparelho ar condicionado APARELHO AR CONDICIONADO, CAPACIDADE REFRIGERAÇÃO 24.000 BTU, TENSÃO 110/220 V, TIPO SPLIT, MOD"
federal,ar_condicionado,2024,Federal/ES,3414.0,unidade,unitario,"Aparelho ar condicionado APARELHO AR CONDICIONADO, CAPACIDADE REFRIGERAÇÃO 24.000 BTU, TENSÃO 110/220 V, TIPO SPLIT, MOD"
federal,ar_condicionado,2024,Federal/ES,3414.0,unidade,unitario,"Aparelho ar condicionado APARELHO AR CONDICIONADO, CAPACIDADE REFRIGERAÇÃO 24.000 BTU, TENSÃO 110/220 V, TIPO SPLIT, MOD"
federal,ar_condicionado,2024,Federal/ES,4990.0,unidade,unitario,"Aparelho Ar Condicionado capacidade refrigeração: 24.000, características adicionais 1: controle remoto/display digital/"
federal,ar_condicionado,2024,Federal/ES,4217.0,unidade,unitario,"Aparelho Ar Condicionado Aparelho Ar Condicionado Tipo: Split, Modelo: Split Inverter, Capacidade Refrigeração: 24.000 B"
federal,ar_condicionado,2024,Federal/ES,4299.99,unidade,unitario,"Aparelho Ar Condicionado Aparelho Ar Condicionado Tipo: Split, Modelo: Split Inverter, Capacidade Refrigeração: 24.000BT"
federal,ar_condicionado,2024,Federal/ES,4455.0,unidade,unitario,"Aparelho Ar Condicionado Aparelho Ar Condicionado Tipo: Split , Modelo: Split Inverter , Capacidade Refrigeração: 24.000"
federal,lampada_led,2024,Federal/ES,5.44,unidade,unitario,"Lâmpada Led Lâmpada Led Tensão Nominal: Bivolt V, Potência Nominal: 15 W, Tipo Base: E-27 , Fluxo Luminoso: Mín. 1500 LM"
federal,papel_higienico,2024,Federal/ES,18.29,rolo,unitario,"Papel Higiênico material: celulose virgem, largura: 10, cor: branca, características adicionais: picotado, folha dupla P"
federal,papel_higienico,2024,Federal/ES,3.99,rolo,unitario,"Papel Higiênico Papel Higiênico Material: Celulose Virgem , Largura: 10 CM, Cor: Branca , Características Adicionais: Pi"
federal,papel_higienico,2024,Federal/ES,4.27,rolo,unitario,"Papel Higiênico PAPEL HIGIÊNICO, MATERIAL CELULOSE VIRGEM, LARGURA 10 CM, COR BRANCA,CARACTERÍSTICAS ADICIONAIS PICOTADO"
federal,pendrive,2024,Federal/ES,26.7,unidade,unitario,"Memória portátil microcomputador MEMÓRIA PORTÁTIL MICROCOMPUTADOR, CAPACIDADE MEMÓRIA 64 GB, INTERFACE USB 3.0,VELOCIDAD"
federal,alcool,2024,Federal/ES,22.11,litro,heuristica,"Álcool Etílico Álcool Etílico Teor Alcoólico: Absoluto, Mínimo De 95%, Forma Farmacêutica: Solução Injetável"
federal,carne_bovina,2024,Federal/ES,39.99,kg,unidade_declarada,"Carne Bovina In Natura tipo corte: alcatra, apresentação: peça inteira, estado de conservação: resfriado(a) Carne Bovina"
federal,carne_bovina,2024,Federal/ES,36.99,kg,unidade_declarada,"Carne Bovina In Natura tipo corte: coxão mole, apresentação: peça inteira, estado de conservação: resfriado(a) Carne Bov"
federal,linguica,2024,Federal/ES,29.9,kg,heuristica,"Embutido tipo: linguiça calabresa, tamanho: fina, tipo preparação: defumada, estado de conservação: resfriado(a) Embutid"
federal,linguica,2024,Federal/ES,27.9,kg,heuristica,"Embutido tipo: linguiça calabresa, tamanho: fina, tipo preparação: defumada, estado de conservação: resfriado(a) Embutid"
federal,ar_condicionado,2024,Federal/ES,7500.0,unidade,unitario,"Aparelho ar condicionado Aparelho Ar Condicionado Tipo: Split , Modelo: Split Inverter , Capacidade Refrigeração: 36.000"
federal,carne_bovina,2024,Federal/ES,32.81,kg,unidade_declarada,"Carne bovina in natura CARNE BOVINA IN NATURA, TIPO CORTE PALETA (PÁ), APRESENTAÇÃO CORTADA EM TIRAS,ESTADO DE CONSERVAÇ"
federal,carne_bovina,2024,Federal/ES,32.99,kg,unidade_declarada,"Carne bovina in natura CARNE BOVINA IN NATURA, TIPO CORTE PALETA (PÁ), APRESENTAÇÃO CORTADA EM TIRAS,ESTADO DE CONSERVAÇ"
federal,carne_bovina,2024,Federal/ES,35.9,kg,unidade_declarada,"Carne bovina in natura CARNE BOVINA IN NATURA, TIPO CORTE PALETA (PÁ), APRESENTAÇÃO CORTADA EM TIRAS,ESTADO DE CONSERVAÇ"
federal,carne_bovina,2024,Federal/ES,35.98,kg,unidade_declarada,"Carne bovina in natura CARNE BOVINA IN NATURA, TIPO CORTE PALETA (PÁ), APRESENTAÇÃO CORTADA EM TIRAS,ESTADO DE CONSERVAÇ"
federal,toner,2024,Federal/ES,950.0,unidade,unitario,"Cartucho toner impressora lexmark CARTUCHO TONER IMPRESSORA LEXMARK, TIPO CARTUCHO ORIGINAL, COR TINTA PRETA,REFERÊNCIA "
federal,suco,2024,Federal/ES,17.89,litro,heuristica,"Suco apresentação: líquido, características adicionais: concentrado, adoçado, pasteurizado e registro mapa, sabor: pêsse"
federal,ar_condicionado,2024,Federal/ES,1868.12,unidade,unitario,"Aparelho ar condicionado APARELHO AR CONDICIONADO, CAPACIDADE REFRIGERAÇÃO 9.000 BTU, TENSÃO 220 V,TIPO SPLIT HI WALL, C"
federal,ar_condicionado,2024,Federal/ES,1868.12,unidade,unitario,"Aparelho ar condicionado APARELHO AR CONDICIONADO, CAPACIDADE REFRIGERAÇÃO 9.000 BTU, TENSÃO 220 V,TIPO SPLIT HI WALL, C"
federal,farinha_trigo,2024,Federal/ES,4.99,kg,heuristica,"Macarrão teor de umidade: massa seca, base da massa: de farinha de trigo, ingredientes adicionais: com ovos, apresentaçã"
federal,farinha_trigo,2024,Federal/ES,5.67,kg,unidade_declarada,"Macarrão MACARRÃO, TEOR DE UMIDADE MASSA SECA, BASE DA MASSA DE FARINHA DE TRIGO,INGREDIENTES ADICIONAIS COM OVOS, APRES"
federal,farinha_trigo,2024,Federal/ES,5.79,kg,unidade_declarada,"Macarrão MACARRÃO, TEOR DE UMIDADE MASSA SECA, BASE DA MASSA DE FARINHA DE TRIGO,INGREDIENTES ADICIONAIS COM OVOS, APRES"
federal,farinha_trigo,2024,Federal/ES,6.2,kg,unidade_declarada,"Macarrão MACARRÃO, TEOR DE UMIDADE MASSA SECA, BASE DA MASSA DE FARINHA DE TRIGO,INGREDIENTES ADICIONAIS COM OVOS, APRES"
federal,farinha_trigo,2024,Federal/ES,6.15,kg,unidade_declarada,"Macarrão MACARRÃO, TEOR DE UMIDADE MASSA SECA, BASE DA MASSA DE FARINHA DE TRIGO,INGREDIENTES ADICIONAIS COM OVOS, APRES"
federal,farinha_trigo,2024,Federal/ES,5.75,kg,unidade_declarada,"Macarrão MACARRÃO, TEOR DE UMIDADE MASSA SECA, BASE DA MASSA DE FARINHA DE TRIGO,INGREDIENTES ADICIONAIS COM OVOS, APRES"
federal,farinha_trigo,2024,Federal/ES,5.69,kg,unidade_declarada,"Macarrão MACARRÃO, TEOR DE UMIDADE MASSA SECA, BASE DA MASSA DE FARINHA DE TRIGO,INGREDIENTES ADICIONAIS COM OVOS, APRES"
federal,farinha_trigo,2024,Federal/ES,15.77,kg,unidade_declarada,"Macarrão MACARRÃO, TEOR DE UMIDADE MASSA INSTANTÂNEA, BASE DA MASSA DE FARINHA DE TRIGO, INGREDIENTES ADICIONAIS COM SAB"
federal,farinha_trigo,2024,Federal/ES,15.88,kg,unidade_declarada,"Macarrão MACARRÃO, TEOR DE UMIDADE MASSA INSTANTÂNEA, BASE DA MASSA DE FARINHA DE TRIGO, INGREDIENTES ADICIONAIS COM SAB"
federal,chuchu,2024,Federal/ES,3.05,kg,unidade_declarada,Legume In Natura Legume In Natura Tipo: Chuchu Verde
federal,chuchu,2024,Federal/ES,2.78,kg,unidade_declarada,"Legume In Natura LEGUME IN NATURA, TIPO CHUCHU VERDE"
federal,chuchu,2024,Federal/ES,3.05,kg,unidade_declarada,Legume In Natura Legume In Natura Tipo: Chuchu Verde
federal,banana,2024,Federal/ES,4.99,kg,unidade_declarada,"Fruta tipo: banana nanica / banana d'água, apresentação: natural Fruta tipo: banana nanica / banana d'água, apresentação"
federal,banana,2024,Federal/ES,3.5,kg,unidade_declarada,"Fruta Fruta Tipo: Banana Nanica / Banana D'Água , Apresentação: Natural"
federal,banana,2024,Federal/ES,6.99,kg,unidade_declarada,"Fruta tipo: banana nanica / banana d'água, apresentação: natural Fruta tipo: banana nanica / banana d'água, apresentação"
federal,banana,2024,Federal/ES,4.99,kg,unidade_declarada,"Fruta tipo: banana nanica / banana d'água, apresentação: natural Fruta tipo: banana nanica / banana d'água, apresentação"
federal,banana,2024,Federal/ES,4.5,kg,unidade_declarada,"Fruta Fruta Tipo: Banana Nanica / Banana D'Água , Apresentação: Natural"
federal,banana,2024,Federal/ES,4.8,kg,unidade_declarada,"Fruta Fruta Tipo: Banana Nanica / Banana D'Água , Apresentação: Natural"
federal,banana,2024,Federal/ES,4.8,kg,unidade_declarada,"Fruta FRUTA, TIPO BANANA NANICA/ BANANA D'ÁGUA, APRESENTAÇÃO NATURAL"
federal,banana,2024,Federal/ES,4.8,kg,unidade_declarada,"Fruta Fruta Tipo: Banana Nanica / Banana D'Água , Apresentação: Natural"
federal,banana,2024,Federal/ES,4.8,kg,unidade_declarada,"Fruta FRUTA, TIPO BANANA NANICA/ BANANA D'ÁGUA, APRESENTAÇÃO NATURAL"
federal,farinha_trigo,2024,Federal/ES,5.85,kg,unidade_declarada,"Torrada tipo: de pão de forma, base da massa: farinha de trigo integral, enriquecida, ingredientes adicionais: salgada T"
federal,farinha_trigo,2024,Federal/ES,4.98,kg,heuristica,"Torrada tipo: de pão de forma, base da massa: farinha de trigo integral, enriquecida, ingredientes adicionais: salgada T"
federal,acucar,2024,Federal/ES,22.0,kg,unidade_declarada,"Cereal Matinal/Lanches tipo: flocos pré-cozidos, ingredientes principais: milho, ingredientes adicionais: chocolate, car"
federal,acucar,2024,Federal/ES,13.9,kg,unidade_declarada,"Cereal Matinal/Lanches tipo: flocos pré-cozidos, ingredientes principais: milho, ingredientes adicionais: chocolate, car"
federal,frango,2024,Federal/ES,23.9,kg,unidade_declarada,"Suplemento Alimentar Animal Suplemento Alimentar Animal Ingredientes: Aminoácido, L-Lisina, Aplicação: Frango De Corte E"
federal,disjuntor,2024,Federal/ES,46.83,unidade,unitario,"Disjuntor Baixa Tensão Disjuntor Baixa Tensão Funcionamento: Termomagnético , Tensão Máxima Operação: 127/220 V, Corrent"
federal,disjuntor,2024,Federal/ES,8.91,unidade,unitario,"Disjuntor Baixa Tensão Disjuntor Baixa Tensão Funcionamento: Termomagnético , Tensão Máxima Operação: 127/220 V, Corrent"
federal,cadeira,2024,Federal/ES,29.8,unidade,unitario,"Peça Mobília tipo: apoio braço, material: poliuretano, cor: preta, aplicação: cadeira giratória, características adicion"
federal,ar_condicionado,2025,Federal/ES,1342.0,unidade,unitario,"Ar Condicionado - Instalação/Montagem/Desmontagem/Remoção - (Parede / Sistemas) EMPILHADEIRA - GARFO, NOME: EMPILHADEIRA"
federal,extintor,2025,Federal/ES,93.0,unidade,unitario,Manutenção Extintores / Mangueiras - Combate Incêndio Recarga de Extintor Pó Químico BC  de 12 Kg Manutenção Extintores 
federal,suco,2025,Federal/ES,9.49,litro,heuristica,Fornecimento de Refeições / Lanches / Salgados / Doces Serviço de fornecimento de bolo incluindo: Bolo gelado sendo 600 
federal,extintor,2025,Federal/ES,60.0,unidade,unitario,"Manutenção Extintores / Mangueiras - Combate Incêndio Recarga de Extintor C02 de 06 Kg 
Números de Patrimônios: 33997375"
federal,suco,2025,Federal/ES,22.0887,litro,descricao,"Fornecimento de Refeições / Lanches / Salgados / Doces Suco de polpa ou natural da fruta, copo 300ml   mínimo dois sabor"
federal,suco,2025,Federal/ES,13.0,litro,descricao,"Fornecimento de Refeições / Lanches / Salgados / Doces Fornecimento de Refeições - Suco 1L (laranja, Manga, Goiaba) Forn"
federal,ar_condicionado,2025,Federal/ES,2900.0,unidade,unitario,Ar condicionado - instalação/montagem/desmontagem/remoção - (parede / sistemas) Ar condicionado - instalação/montagem/de
federal,ar_condicionado,2025,Federal/ES,11588.99,unidade,unitario,Ar Condicionado - Instalação/Montagem/Desmontagem/Remoção - (Parede / Sistemas) Ar Condicionado - Instalação/Montagem/De
federal,extintor,2025,Federal/ES,158.0,unidade,unitario,"Manutenção Extintores / Mangueiras - Combate Incêndio Fornecimento de extintor de pó químico seco, tipo triclasse (ABC) "
federal,extintor,2025,Federal/ES,48.0,unidade,unitario,"Manutenção Extintores / Mangueiras - Combate Incêndio Recarga de extintor de pó químico seco, tipo convencional (BC) - c"
federal,extintor,2025,Federal/ES,50.0,unidade,unitario,"Manutenção Extintores / Mangueiras - Combate Incêndio Recarga de extintor de pó químico seco, tipo convencional (BC) - c"
federal,extintor,2025,Federal/ES,42.0,unidade,unitario,"Manutenção Extintores / Mangueiras - Combate Incêndio Recarga de extintor de pó químico seco, tipo convencional (BC) - c"
federal,extintor,2025,Federal/ES,147.0,unidade,unitario,"Manutenção Extintores / Mangueiras - Combate Incêndio Fornecimento de extintor de pó químico seco, tipo triclasse (ABC) "
federal,extintor,2025,Federal/ES,45.0,unidade,unitario,"Manutenção Extintores / Mangueiras - Combate Incêndio Recarga de extintor de pó químico seco, tipo convencional (BC) - c"
federal,extintor,2025,Federal/ES,40.0,unidade,unitario,"Manutenção Extintores / Mangueiras - Combate Incêndio Recarga de extintor de pó químico seco, tipo triclasse (ABC)- carg"
federal,extintor,2025,Federal/ES,73.0,unidade,unitario,"Manutenção Extintores / Mangueiras - Combate Incêndio Recarga de extintor de gás carbônico (CO2) - carga 4 kg, capacidad"
federal,extintor,2025,Federal/ES,46.0,unidade,unitario,"Manutenção Extintores / Mangueiras - Combate Incêndio Recarga de extintor de pó químico seco, tipo triclasse (ABC)- carg"
federal,extintor,2025,Federal/ES,45.0,unidade,unitario,"Manutenção Extintores / Mangueiras - Combate Incêndio Recarga de extintor de pó químico seco, tipo triclasse (ABC)- carg"
federal,extintor,2025,Federal/ES,45.0,unidade,unitario,"Manutenção Extintores / Mangueiras - Combate Incêndio Recarga de extintor de pó químico seco, tipo triclasse (ABC)- carg"
federal,extintor,2025,Federal/ES,65.0,unidade,unitario,"Manutenção Extintores / Mangueiras - Combate Incêndio Recarga de extintor de gás carbônico (CO2) - carga 6 kg, capacidad"
federal,extintor,2025,Federal/ES,158.0,unidade,unitario,"Manutenção Extintores / Mangueiras - Combate Incêndio Fornecimento de extintor de pó químico seco, tipo triclasse (ABC) "
federal,extintor,2025,Federal/ES,96.0,unidade,unitario,"Manutenção Extintores / Mangueiras - Combate Incêndio Recarga de extintor de gás carbônico (CO2) - carga 6 kg, capacidad"
federal,extintor,2025,Federal/ES,60.0,unidade,unitario,"Manutenção Extintores / Mangueiras - Combate Incêndio Recarga de extintor de gás carbônico (CO2) - carga 4 kg, capacidad"
federal,extintor,2025,Federal/ES,200.0,unidade,unitario,"Manutenção Extintores / Mangueiras - Combate Incêndio Recarga de extintor de gás carbônico (CO2) - carga 12 kg, capacida"
federal,extintor,2025,Federal/ES,148.0,unidade,unitario,"Manutenção Extintores / Mangueiras - Combate Incêndio Fornecimento de extintor de pó químico seco, tipo triclasse (ABC) "
federal,extintor,2025,Federal/ES,75.0,unidade,unitario,"Manutenção Extintores / Mangueiras - Combate Incêndio Recarga de extintor de gás carbônico (CO2) - carga 6 kg, capacidad"
federal,extintor,2025,Federal/ES,49.0,unidade,unitario,"Manutenção Extintores / Mangueiras - Combate Incêndio Recarga de extintor de pó químico seco, tipo triclasse (ABC)- carg"
federal,extintor,2025,Federal/ES,40.0,unidade,unitario,"Manutenção Extintores / Mangueiras - Combate Incêndio Recarga de extintor de pó químico seco, tipo convencional (BC) - c"
federal,extintor,2025,Federal/ES,69.0,unidade,unitario,"Manutenção Extintores / Mangueiras - Combate Incêndio Recarga de extintor de gás carbônico (CO2) - carga 6 kg, capacidad"
federal,extintor,2025,Federal/ES,45.0,unidade,unitario,"Manutenção Extintores / Mangueiras - Combate Incêndio Recarga de extintor de pó químico seco, tipo convencional (BC) - c"
federal,extintor,2025,Federal/ES,80.0,unidade,unitario,Manutenção Extintores / Mangueiras - Combate Incêndio Manutenção extintores / mangueiras - combate  incêndio; Extintor d
federal,extintor,2025,Federal/ES,89.0,unidade,unitario,Manutenção Extintores / Mangueiras - Combate Incêndio Serviço de manutenção nível 3 em Extintor Dióxido de Carbono (CO²)
federal,extintor,2025,Federal/ES,80.0,unidade,unitario,Manutenção Extintores / Mangueiras - Combate Incêndio Manutenção extintores / mangueiras - combate  incêndio; Extintor d
federal,extintor,2025,Federal/ES,55.0,unidade,unitario,Manutenção extintores / mangueiras - combate incêndio Extintor Gás Carbônico - CO2 2 kg. OBS: o primeiro colocado do ite
federal,extintor,2025,Federal/ES,95.0,unidade,unitario,Manutenção Extintores / Mangueiras - Combate Incêndio Manutenção extintores / mangueiras - combate  incêndio; Extintor d
federal,extintor,2025,Federal/ES,79.0,unidade,unitario,Manutenção Extintores / Mangueiras - Combate Incêndio Serviço de manutenção nível 3 em Extintor Dióxido de Carbono (CO²)
federal,extintor,2025,Federal/ES,75.0,unidade,unitario,Manutenção Extintores / Mangueiras - Combate Incêndio Manutenção extintores / mangueiras - combate  incêndio; Extintor d
federal,extintor,2025,Federal/ES,112.0,unidade,unitario,Manutenção Extintores / Mangueiras - Combate Incêndio Manutenção extintores / mangueiras - combate  incêndio; Extintor d
federal,extintor,2025,Federal/ES,69.0,unidade,unitario,Manutenção Extintores / Mangueiras - Combate Incêndio RECARGA EM EXTINTOR 12 KG ABC Manutenção Extintores / Mangueiras -
federal,extintor,2025,Federal/ES,594.0,unidade,unitario,Manutenção Extintores / Mangueiras - Combate Incêndio Manutenção extintores / mangueiras - combate  incêndio; com troca 
federal,extintor,2025,Federal/ES,59.0,unidade,unitario,"Manutenção Extintores / Mangueiras - Combate Incêndio Serviço de manutenção nível 3 em Extintor Pó Químico (PQS), para u"
federal,extintor,2025,Federal/ES,85.0,unidade,unitario,Manutenção Extintores / Mangueiras - Combate Incêndio Manutenção extintores / mangueiras - combate  incêndio; Extintor d
federal,extintor,2025,Federal/ES,60.0,unidade,unitario,Manutenção Extintores / Mangueiras - Combate Incêndio Manutenção extintores / mangueiras - combate  incêndio; Extintor d
federal,extintor,2025,Federal/ES,45.0,unidade,unitario,Manutenção Extintores / Mangueiras - Combate Incêndio Extintor Pó Quimico Seco - PQS 8 kg. Manutenção Extintores / Mangu
federal,extintor,2025,Federal/ES,59.0,unidade,unitario,Manutenção Extintores / Mangueiras - Combate Incêndio Recarga em Extintor de CO2  Conteúdo 6 Kg
federal,ar_condicionado,2025,Federal/ES,13780.0,unidade,unitario,Ar condicionado - manutenção de sistemas / limpeza Ar condicionado - manutenção de sistemas / limpeza Ar condicionado - 
federal,ar_condicionado,2025,Federal/ES,4350.0,unidade,unitario,Ar condicionado - manutenção de sistemas / limpeza Ar condicionado - manutenção de sistemas / limpeza Ar condicionado - 
federal,ar_condicionado,2025,Federal/ES,7531.99,unidade,unitario,AR CONDICIONADO - MANUTENÇÃO DE SISTEMAS / LIMPEZA AR CONDICIONADO - MANUTENÇÃO DE SISTEMAS / LIMPEZA Observar o Termo d
federal,ar_condicionado,2025,Federal/ES,1200.0,unidade,unitario,Ar Condicionado - Manutenção de Sistemas / Limpeza Ar Condicionado - Manutenção de Sistemas / Limpeza
federal,ar_condicionado,2025,Federal/ES,950.0,unidade,unitario,Ar condicionado - manutenção de sistemas / limpeza Manutenção preventiva/ corretiva dos aparelhos de Ar condicionado Gre
federal,ar_condicionado,2025,Federal/ES,2490.0,unidade,unitario,Ar Condicionado - Manutenção de Sistemas / Limpeza Serviço de manutenção de condicionadores de ar.
federal,ar_condicionado,2025,Federal/ES,950.0,unidade,unitario,Ar condicionado - manutenção de sistemas / limpeza Manutenção preventiva/ corretiva dos aparelhos de Ar Condicionador de
federal,ar_condicionado,2025,Federal/ES,1100.0,unidade,unitario,Ar condicionado - manutenção de sistemas / limpeza Manutenção preventiva/ corretiva dos aparelhos de Ar condicionado Elg
federal,ar_condicionado,2025,Federal/ES,1100.0,unidade,unitario,Ar Condicionado - Manutenção de Sistemas / Limpeza Instalação com todos os materiais necessários de quatro aparelhos de 
federal,ar_condicionado,2025,Federal/ES,2755.0,unidade,unitario,"Ar Condicionado - Manutenção de Sistemas / Limpeza Manutenção preventiva e corretiva, com substituição de peças, em 10 ("
federal,ar_condicionado,2025,Federal/ES,899.0,unidade,unitario,Ar Condicionado - Manutenção de Sistemas / Limpeza Ar Condicionado - Manutenção de Sistemas / Limpeza Ar Condicionado - 
federal,ar_condicionado,2025,Federal/ES,2290.0,unidade,unitario,Ar condicionado - manutenção de sistemas / limpeza Ar condicionado - manutenção de sistemas / limpeza Ar condicionado - 
federal,ar_condicionado,2025,Federal/ES,950.0,unidade,unitario,Ar Condicionado - Manutenção de Aparelhos de Parede Prestação de serviços de limpeza e manutenção preventiva periódica e
federal,bebedouro,2025,Federal/ES,295.0,unidade,unitario,Manutenção de geladeiras e bebedouros Manutenção preventiva/corretiva do Bebedouro IBBL -502-33996587 Manutenção de gela
federal,bebedouro,2025,Federal/ES,300.0,unidade,unitario,Manutenção de geladeiras e bebedouros Manutenção preventiva/corretiva do Bebedouro IBBL -1068--33997085 Manutenção de ge
federal,bebedouro,2025,Federal/ES,390.0,unidade,unitario,Manutenção de geladeiras e bebedouros Manutenção preventiva/ corretiva do Bebedouro INOX PURIPRESS PRESSÃO 127V - INMA 1
federal,bebedouro,2025,Federal/ES,300.0,unidade,unitario,Manutenção de geladeiras e bebedouros Manutenção preventiva/corretiva do Bebedouro IBBL -1071-33997087 Manutenção de gel
federal,pasta_arquivo,2025,Federal/ES,18.3766,unidade,unitario,"Etiqueta Pasta Suspensa comprimento: 50, cor: branca, largura: 45, material: papel cartolina Etiqueta Pasta Suspensa com"
federal,gas_glp,2025,Federal/ES,200.0,botijao_13kg,unitario,Recolhimento de Taxa / Imposto / Multa Anotação de Responsabilidade Técnica - ART de projeto de execução de Central de G
federal,cafe,2025,Federal/ES,106.04,kg,heuristica,"Café apresentação: torrado moído, tipo: único, empacotamento: vácuo, característica adicional: grãos café arábica Café t"
federal,brita,2025,Federal/ES,298.0,m3,unitario,"Brita material: rocha triturada, tamanho: brita 0 Brita material: rocha triturada, tamanho: brita 0"
federal,brita,2025,Federal/ES,230.0,m3,unitario,"Brita BRITA, MATERIAL ROCHA TRITURADA, TAMANHO BRITA 0"
federal,beterraba,2025,Federal/ES,4.69,kg,unidade_declarada,Legume In Natura tipo: beterraba 
federal,brita,2025,Federal/ES,309.0,m3,unitario,"Brita material: rocha triturada, tamanho: brita 0 Brita material: rocha triturada, tamanho: brita 0"
federal,acucar,2025,Federal/ES,6.5,kg,heuristica,"Côco Ralado ingredientes: amêndoa de côco, apresentação: triturado, características adicionais: sem açucar "
federal,torneira,2025,Federal/ES,38.63,unidade,unitario,"Garrafa Térmica material: plástico, capacidade: 5, características adicionais: sem torneira com tampa rosqueável "
federal,grampeador,2025,Federal/ES,24.72,unidade,unitario,"Grampo Grampeador material: metal, tratamento superficial: galvanizado, tamanho: 106/6 A descrição completa do item está"
federal,inhame,2025,Federal/ES,5.26,kg,unidade_declarada,Legume In Natura tipo: inhame 
federal,alcool,2025,Federal/ES,5.95,litro,heuristica,"Álcool Etílico teor alcoólico: 70% p/p (70 °gl), composição básica: glicerinado, características adicionais: com bico do"
federal,agua_sanitaria,2025,Federal/ES,3.72,litro,unidade_declarada,"Água sanitária ÁGUA SANITÁRIA, COMPOSIÇÃO QUÍMICA: HIPOCLORITO DE SÓDIO, HIDRÓXIDO DE SÓDIO, CLORETO , TEOR CLORO ATIVO:"
federal,amaciante,2025,Federal/ES,2.86,litro,descricao,"Sabão Pó odor: amaciante, aditivos: alvejante e amaciante, aplicação: lavar roupas Sabão Pó - 500g - caixa ou pacote - C"
federal,polpa_fruta,2025,Federal/ES,24.5,kg,unidade_declarada,"Polpa De Fruta apresentação: congelada, tipo: manga "
federal,ar_condicionado,2025,Federal/ES,9533.0,unidade,unitario,Aparelho Ar Condicionado 
federal,ar_condicionado,2025,Federal/ES,1400.0,unidade,unitario,Ar condicionado veículo - instalação / montagem / manutenção Ar condicionado veículo - instalação / montagem / manutençã
federal,ar_condicionado,2024,Federal/ES,1282.52,unidade,unitario,"Ar Condicionado Veículo - Instalação / Montagem / Manutenção Instalação de Ar  condicionado SPLIT-  36.000 Btus, mínimo "
federal,ar_condicionado,2024,Federal/ES,1500.0,unidade,unitario,"Ar Condicionado Veículo - Instalação / Montagem / Manutenção Instalação de Ar  condicionado SPLIT-  60.000 Btus, com  mí"
federal,ar_condicionado,2024,Federal/ES,1479.0,unidade,unitario,"Ar Condicionado Veículo - Instalação / Montagem / Manutenção Instalação de Ar  condicionado CASSETE  55.000 Btus, com  m"
federal,extintor,2025,Federal/ES,75.0,unidade,unitario,"Carga Extintor Incêndio capacidade carga: 6, tipo carga: gás carbônico Carga Extintor Incêndio capacidade carga: 6, tipo"
federal,acucar,2025,Federal/ES,4.01,kg,heuristica,"Vinagre VINAGRE, MATÉRIA-PRIMA: ÁLCOOL CANA DE AÇÚCAR , TIPO: NEUTRO , ACIDEZ: 4,20 PER, ASPECTO FÍSICO: LÍQUIDO , ASPEC"
federal,biscoito,2025,Federal/ES,23.98,kg,unidade_declarada,"Biscoito BISCOITO, APRESENTAÇÃO RETANGULAR, SABOR MAIZENA, CLASSIFICAÇÃO DOCE,CARACTERÍSTICAS ADICIONAIS SEM RECHEIO"
federal,biscoito,2025,Federal/ES,7.75,kg,heuristica,"Biscoito BISCOITO, APRESENTAÇÃO RETANGULAR, SABOR MAIZENA, CLASSIFICAÇÃO DOCE,CARACTERÍSTICAS ADICIONAIS SEM RECHEIO"
federal,biscoito,2025,Federal/ES,18.06,kg,unidade_declarada,"Biscoito BISCOITO, APRESENTAÇÃO: RETANGULAR , SABOR: MAIZENA , CLASSIFICAÇÃO: DOCE , CARACTERÍSTICAS ADICIONAIS: SEM REC"
federal,dipirona,2025,Federal/ES,0.17,unidade,unitario,"Dipirona sódica DIPIRONA SÓDICA, DOSAGEM 500 MG"
federal,dipirona,2024,Federal/ES,0.16,unidade,unitario,"Dipirona sódica DIPIRONA SÓDICA, DOSAGEM 500 MG"
federal,dipirona,2025,Federal/ES,0.1143,unidade,unitario,"Dipirona sódica DIPIRONA SÓDICA, DOSAGEM 500 MG"
federal,grampeador,2025,Federal/ES,6.84,unidade,unitario,"Grampo Grampeador GRAMPO GRAMPEADOR, MATERIAL METAL, TRATAMENTO SUPERFICIAL GALVANIZADO, TAMANHO26/6"
federal,amitriptilina,2025,Federal/ES,0.04,unidade,unitario,"Amitriptilina cloridrato AMITRIPTILINA CLORIDRATO, DOSAGEM 25 MG"
federal,extintor,2025,Federal/ES,217.0,unidade,unitario,"Carga Extintor Incêndio tipo carga: pó químico seco, capacidade carga: 4 Carga Extintor Incêndio tipo carga: pó químico "
federal,extintor,2025,Federal/ES,211.77,unidade,unitario,"Carga Extintor Incêndio CARGA EXTINTOR INCÊNDIO, TIPO CARGA: PÓ QUÍMICO SECO , CAPACIDADE CARGA: 4 KG"
federal,fenobarbital,2025,Federal/ES,0.18,unidade,unitario,"Fenobarbital sódico FENOBARBITAL SÓDICO, DOSAGEM 100 MG"
federal,brita,2024,Federal/ES,189.73,m3,unitario,"Brita BRITA, MATERIAL ROCHA TRITURADA, TAMANHO BRITA 1"
federal,brita,2025,Federal/ES,219.5,m3,unitario,"Brita material: rocha triturada, tamanho: brita 1 Brita nº 01 -  Apresentação em metro cúbico Brita material: rocha trit"
federal,brita,2025,Federal/ES,219.9,m3,unitario,"Brita material: rocha triturada, tamanho: brita 1 Brita material: rocha triturada, tamanho: brita 1"
federal,brita,2025,Federal/ES,284.0,m3,unitario,"Brita material: rocha triturada, tamanho: brita 1 Brita material: rocha triturada, tamanho: brita 1"
federal,brita,2025,Federal/ES,129.0,m3,unitario,"Brita BRITA, MATERIAL ROCHA TRITURADA, TAMANHO BRITA 1"
federal,ibuprofeno,2024,Federal/ES,0.18,unidade,unitario,"Ibuprofeno IBUPROFENO, DOSAGEM 600 MG"
federal,omeprazol,2025,Federal/ES,0.0575,unidade,unitario,"Omeprazol OMEPRAZOL, CONCENTRAÇÃO 20 MG"
federal,omeprazol,2024,Federal/ES,0.08,unidade,unitario,"Omeprazol OMEPRAZOL, CONCENTRAÇÃO 20 MG"
federal,paracetamol,2025,Federal/ES,0.0651,unidade,unitario,"Paracetamol PARACETAMOL, DOSAGEM COMPRIMIDO 500 MG"
federal,acucar,2025,Federal/ES,10.68,kg,heuristica,"Glicose GLICOSE, INGREDIENTES GLICOSE DE MILHO E AÇÚCAR INVERTIDO, PRAZO VALIDADE 1ANO"
federal,feijao,2025,Federal/ES,32.29,kg,heuristica,"Peneira PENEIRA, MATERIAL: AÇO , MATERIAL BORDA: MADEIRA , FORMATO: REDONDO , TIPO MALHA: GROSSA , DIÂMETRO: 60 CM, APLI"
federal,papel_higienico,2025,Federal/ES,0.64,rolo,unitario,"Papel Higiênico material: celulose virgem, comprimento: 30, largura: 10, tipo: picotado, quantidade folhas: simples, cor"
federal,papel_higienico,2025,Federal/ES,0.55,rolo,unitario,"Papel higiênico PAPEL HIGIÊNICO, MATERIAL CELULOSE VIRGEM, COMPRIMENTO 30 M, LARGURA 10 CM,TIPO PICOTADO, QUANTIDADE FOL"
federal,impressora,2025,Federal/ES,1215.56,unidade,unitario,"Impressora Multifuncional tipo impressão: jato tinta, resolução impressão: 5760 x 1440, tensão alimentação: bivolt, reso"
federal,suco,2025,Federal/ES,5.23,litro,heuristica,"Copo De Vidro capacidade: 350, cor: incolor, tipo uso: água/suco/refrigerante "
federal,anlodipino,2025,Federal/ES,0.09,unidade,unitario,"Anlodipino besilato ANLODIPINO BESILATO, DOSAGEM: 10 MG"
federal,grampeador,2025,Federal/ES,25.0,unidade,unitario,"Grampo Grampeador material: metal, tratamento superficial: latonado, tamanho: 106/6 Grampo Grampeador material: metal, t"
federal,agua_mineral,2025,Federal/ES,0.8,litro,descricao,"Água Mineral Natural material embalagem: plástico, tipo: sem gás, tipo embalagem: retornável Fornecimento semanal de águ"
federal,nimesulida,2024,Federal/ES,0.1,unidade,unitario,"Nimesulida NIMESULIDA, DOSAGEM 100 MG"
federal,grampeador,2025,Federal/ES,69.9,unidade,unitario,"Grampeador tratamento superficial: pintado, material: metal, tipo: mesa, capacidade: 100, tamanho grampo: 23/10, aplicaç"
federal,vinagre,2025,Federal/ES,11.4533,litro,heuristica,"Vinagre matéria-prima: arroz, tipo: ligth, acidez: 4, aspecto físico: líquido, aspecto visual: límpido e sem depósitos V"
federal,biscoito,2025,Federal/ES,7.75,kg,heuristica,"Biscoito BISCOITO, APRESENTAÇÃO QUADRADO, SABOR ÁGUA E SAL, CLASSIFICAÇÃO SALGADO,CARACTERÍSTICAS ADICIONAIS SEM RECHEIO"
federal,tubo_pvc,2025,Federal/ES,36.56,metro,unitario,Tubo Pvc Soldável 
federal,tubo_pvc,2025,Federal/ES,36.8,metro,unitario,"Tubo Pvc Soldável aplicação: sanitária, cor: branca, diâmetro nominal: 40, comprimento: 6, comprimento bolsa: 50, espess"
federal,tubo_pvc,2025,Federal/ES,36.8,metro,unitario,"Tubo Pvc Soldável aplicação: sanitária, cor: branca, diâmetro nominal: 40, comprimento: 6, comprimento bolsa: 50, espess"
federal,tubo_pvc,2025,Federal/ES,69.15,metro,unitario,Tubo Pvc Soldável 
federal,tubo_pvc,2025,Federal/ES,66.91,metro,unitario,"Tubo Pvc Soldável aplicação: hidráulica, cor: marrom, diâmetro nominal: 50, comprimento: 6, comprimento bolsa: 50, espes"
federal,tubo_pvc,2025,Federal/ES,21.03,metro,unitario,Tubo Pvc Soldável 
federal,tubo_pvc,2025,Federal/ES,20.33,metro,unitario,"Tubo Pvc Soldável aplicação: instalações prediais água fria, diâmetro nominal: 25, comprimento: 6, material: pvc rígido "
federal,tubo_pvc,2025,Federal/ES,66.91,metro,unitario,"Tubo Pvc Soldável aplicação: hidráulica, cor: marrom, diâmetro nominal: 50, comprimento: 6, comprimento bolsa: 50, espes"
federal,tubo_pvc,2025,Federal/ES,20.33,metro,unitario,"Tubo Pvc Soldável aplicação: instalações prediais água fria, diâmetro nominal: 25, comprimento: 6, material: pvc rígido "
federal,extintor,2025,Federal/ES,42.0,unidade,unitario,"Carga Extintor Incêndio tipo carga: pó químico seco, capacidade carga: 12 Carga Extintor Incêndio tipo carga: pó químico"
federal,vinagre,2025,Federal/ES,5.3333,litro,heuristica,"Vinagre VINAGRE, MATÉRIA-PRIMA VINHO BRANCO, TIPO NEUTRO, ACIDEZ 4 PER, ASPECTO FÍSICOLÍQUIDO, ASPECTO VISUAL LÍMPIDO E "
federal,vinagre,2025,Federal/ES,8.3733,litro,heuristica,"Vinagre VINAGRE, MATÉRIA-PRIMA VINHO BRANCO, TIPO NEUTRO, ACIDEZ 4 PER, ASPECTO FÍSICOLÍQUIDO, ASPECTO VISUAL LÍMPIDO E "
federal,grampeador,2025,Federal/ES,7.99,unidade,unitario,"Grampo Grampeador GRAMPO GRAMPEADOR, MATERIAL METAL, TRATAMENTO SUPERFICIAL GALVANIZADO/COBREADO, TAMANHO 26/6"
federal,pneu,2025,Federal/ES,310.0,unidade,unitario,"Carrinho Mão CARRINHO MÃO, MATERIAL CAÇAMBA: CHAPA AÇO , QUANTIDADE RODA: 1 , TIPO RODA: PNEU MACIÇO , COMPRIMENTO: 80 C"
federal,pincel_quadro,2025,Federal/ES,4.25,unidade,unitario,"Pincel Atômico material: plástico, tipo ponta: chanfrada, tipo carga: descartável, cor tinta: preta Pincel Atômico mater"
federal,caneta_esferografica,2025,Federal/ES,0.37,unidade,unitario,"Caneta Esferográfica CANETA ESFEROGRÁFICA, MATERIAL PLÁSTICO, QUANTIDADE CARGAS 1 UN, MATERIALPONTA ESFERA DE TUNGSTÊNIO"
federal,pincel_quadro,2025,Federal/ES,1.34,unidade,unitario,"Pincel Atômico PINCEL ATÔMICO, MATERIAL PLÁSTICO, TIPO PONTA CHANFRADA, TIPO CARGADESCARTÁVEL, COR TINTA AZUL"
federal,pincel_quadro,2025,Federal/ES,1.16,unidade,unitario,"Pincel Atômico PINCEL ATÔMICO, MATERIAL PLÁSTICO, TIPO PONTA CHANFRADA, TIPO CARGADESCARTÁVEL, COR TINTA AZUL"
federal,pincel_quadro,2025,Federal/ES,3.82,unidade,unitario,"Pincel Atômico material: plástico, tipo ponta: chanfrada, tipo carga: descartável, cor tinta: azul Pincel Atômico materi"
federal,haloperidol,2025,Federal/ES,1.92,unidade,unitario,"Haloperidol HALOPERIDOL, CONCENTRAÇÃO 5 MG/ML, TIPO USO SOLUÇÃO INJETÁVEL"
federal,torneira,2025,Federal/ES,40.0,unidade,unitario,"Garrafa Térmica GARRAFA TÉRMICA, MATERIAL: PLÁSTICO , CAPACIDADE: 5 L, CARACTERÍSTICAS ADICIONAIS: SEM TORNEIRA COM TAMP"
federal,detergente,2025,Federal/ES,6.4,litro,unidade_declarada,"Detergente Ácido DETERGENTE ÁCIDO, ASPECTO FÍSICO: LÍQUIDO , COMPOSIÇÃO BÁSICA: TENSOATIVOS ANIÔNICOS, CORANTE E ÁGUA , "
federal,aas,2024,Federal/ES,0.05,unidade,unitario,"Ácido acetilsalicílico ÁCIDO ACETILSALICÍLICO, DOSAGEM 100 MG"
federal,carbamazepina,2025,Federal/ES,0.2,unidade,unitario,"Carbamazepina CARBAMAZEPINA, DOSAGEM 200 MG"
federal,dexametasona,2025,Federal/ES,1.49,unidade,unitario,"Dexametasona DEXAMETASONA, DOSAGEM 0,1%, APRESENTAÇÃO CREME"
federal,dexametasona,2024,Federal/ES,2.1,unidade,unitario,"Dexametasona DEXAMETASONA, DOSAGEM 0,1%, APRESENTAÇÃO CREME"
federal,dexametasona,2025,Federal/ES,6.5729,unidade,unitario,"Dexametasona dosagem: 0,1%, apresentação: creme Acetato de dexametasona – 1mg
/g  – Creme dermatológico. Uso
tópico. Pes"
federal,prednisona,2024,Federal/ES,0.25,unidade,unitario,"Prednisona PREDNISONA, DOSAGEM 20 MG"
federal,tinta_latex,2025,Federal/ES,22.64,litro,heuristica,"Corante Tinta CORANTE TINTA, TIPO USO TINTA LÁTEX/PVA/ACRÍLICA/BASE ÁGUA/ARGAMASSA/CERA, CORCASTANHA, ASPECTO FÍSICO LÍQ"
federal,prednisona,2025,Federal/ES,0.148,unidade,unitario,"Prednisona PREDNISONA, DOSAGEM 20 MG"
federal,paracetamol,2024,Federal/ES,0.16,unidade,unitario,"Paracetamol PARACETAMOL, DOSAGEM COMPRIMIDO 750 MG"
federal,acucar,2025,Federal/ES,20.99,kg,heuristica,"Vinho cor: branco, classe: mesa, teor açúcar: suave Vinho cor: branco, classe: mesa, teor açúcar: suave"
federal,apontador,2025,Federal/ES,2.05,unidade,unitario,"Apontador lápis APONTADOR LÁPIS, MATERIAL METAL E PLÁSTICO, TIPO ESCOLAR, CARACTERÍSTICASADICIONAIS COM DEPÓSITO"
federal,apontador,2025,Federal/ES,0.65,unidade,unitario,"Apontador lápis APONTADOR LÁPIS, MATERIAL METAL E PLÁSTICO, TIPO ESCOLAR, CARACTERÍSTICASADICIONAIS COM DEPÓSITO"
federal,dipirona,2025,Federal/ES,0.8,unidade,unitario,"Dipirona Sódica DIPIRONA SÓDICA, DOSAGEM 500 MG/ML, APRESENTAÇÃO SOLUÇÃO INJETÁVEL"
federal,dipirona,2024,Federal/ES,0.89,unidade,unitario,"Dipirona Sódica DIPIRONA SÓDICA, DOSAGEM 500 MG/ML, APRESENTAÇÃO SOLUÇÃO INJETÁVEL"
federal,dipirona,2025,Federal/ES,0.6,unidade,unitario,"Dipirona Sódica DIPIRONA SÓDICA, DOSAGEM 500 MG/ML, APRESENTAÇÃO SOLUÇÃO INJETÁVEL"
federal,gas_glp,2025,Federal/ES,118.0,botijao_13kg,unitario,"Regulador Gás REGULADOR GÁS, MATERIAL ALUMÍNIO FUNDIDO, TIPO FECHAMENTO REDISTRO MANUAL,COMPONENTE ALAVANCA, TIPO ROSCA "
federal,losartana,2024,Federal/ES,0.06,unidade,unitario,"Losartana potássica LOSARTANA POTÁSSICA, DOSAGEM 50 MG"
federal,azitromicina,2024,Federal/ES,0.89,unidade,unitario,"Azitromicina AZITROMICINA, DOSAGEM 500 MG"
federal,azitromicina,2025,Federal/ES,0.7935,unidade,unitario,"Azitromicina AZITROMICINA, DOSAGEM 500 MG"
federal,biscoito,2025,Federal/ES,18.725,kg,heuristica,"Biscoito tipo: peta, ingredientes: polvilho, classificação: salgado Biscoito tipo: peta, ingredientes: polvilho, classif"
federal,biscoito,2025,Federal/ES,15.2,kg,heuristica,"Biscoito BISCOITO, CLASSIFICAÇÃO SALGADO, TIPO PETA, INGREDIENTES POLVILHO"
federal,vinagre,2025,Federal/ES,3.3067,litro,heuristica,"Molho Pimenta MOLHO PIMENTA, COMPOSIÇÃO ÁGUA/PIMENTA VERMELHA MOÍDA/VINAGRE DE ÁLCOOL/SAL,APLICAÇÃO ALIMENTOS, TIPO USO "
federal,vinagre,2025,Federal/ES,5.36,litro,heuristica,"Molho Pimenta MOLHO PIMENTA, COMPOSIÇÃO ÁGUA/PIMENTA VERMELHA MOÍDA/VINAGRE DE ÁLCOOL/SAL,APLICAÇÃO ALIMENTOS, TIPO USO "
federal,farinha_trigo,2025,Federal/ES,4.79,kg,heuristica,"Farinha quibe FARINHA QUIBE, COMPOSIÇÃO FARINHA DE TRIGO + CARNE MOÍDA, TIPO QUIBE,APLICAÇÃO ALIMENTAÇÃO DE PESSOAL"
federal,cefalexina,2025,Federal/ES,0.8732,unidade,unitario,"Cefalexina CEFALEXINA, DOSAGEM 500 MG"
federal,cimento,2025,Federal/ES,35.0,saco_50kg,unitario,"Cimento Portland CIMENTO PORTLAND, MATERIAL CLINKER, TIPO CP III"
federal,cimento,2025,Federal/ES,32.0,saco_50kg,unitario,"Cimento portland CIMENTO PORTLAND, MATERIAL CLINKER, TIPO CP III"
federal,clonazepam,2024,Federal/ES,0.06,unidade,unitario,"Clonazepam CLONAZEPAM, DOSAGEM 2 MG"
federal,cimento,2025,Federal/ES,34.8,saco_50kg,unitario,"Cimento Portland material: clinker, tipo: cp iii Cimento tipo CP III -  Apresentação embalagem saco lacrado de 50 kg Cim"
federal,cimento,2025,Federal/ES,35.0,saco_50kg,unitario,"Cimento Portland material: clinker, tipo: cp iii Cimento Portland material: clinker, tipo: cp iii"
federal,cefalexina,2024,Federal/ES,0.87,unidade,unitario,"Cefalexina CEFALEXINA, DOSAGEM 500 MG"
federal,sabonete,2025,Federal/ES,12.84,unidade,unitario,"Sabonete Líquido SABONETE LÍQUIDO, ASPECTO FÍSICO LÍQUIDO VISCOSO CREMOSO, ODOR CÔCO, ACIDEZ PHNEUTRO PH, APLICAÇÃO RESI"
federal,cadeira,2025,Federal/ES,38.0,unidade,unitario,"Cadeira Fixa CADEIRA FIXA, MATERIAL ASSENTO PLÁSTICO POLIPROPILENO, MATERIAL ENCOSTOPLÁSTICO POLIPROPILENO, TIPO BASE FI"
federal,tijolo,2025,Federal/ES,3.0,unidade,unitario,"Bloco de concreto BLOCO DE CONCRETO, COMPRIMENTO 40 CM, LARGURA 15 CM, ALTURA 20 CM, APLICAÇÃOCONSTRUÇÃO CIVIL MM"
federal,tijolo,2025,Federal/ES,3.3,unidade,unitario,"Bloco de concreto BLOCO DE CONCRETO, COMPRIMENTO 40 CM, LARGURA 15 CM, ALTURA 20 CM, APLICAÇÃOCONSTRUÇÃO CIVIL MM"
federal,aas,2024,Federal/ES,0.34,unidade,unitario,"Ácido acetilsalicílico ÁCIDO ACETILSALICÍLICO, DOSAGEM 500 MG"
federal,atenolol,2024,Federal/ES,0.08,unidade,unitario,"Atenolol ATENOLOL, DOSAGEM 50 MG"
federal,atenolol,2025,Federal/ES,0.077,unidade,unitario,"Atenolol ATENOLOL, DOSAGEM 50 MG"
federal,enalapril,2025,Federal/ES,0.0322,unidade,unitario,"Enalapril maleato ENALAPRIL MALEATO, DOSAGEM 10 MG"
federal,papel_higienico,2025,Federal/ES,6.0,rolo,unitario,"Papel Higiênico PAPEL HIGIÊNICO, MATERIAL 100% FIBRAS CELULÓSICAS, COMPRIMENTO 300 M, LARGURA10 CM, TIPO BOA QUALIDADE, "
federal,caneta_esferografica,2025,Federal/ES,0.37,unidade,unitario,"Caneta Esferográfica CANETA ESFEROGRÁFICA, MATERIAL PLÁSTICO, QUANTIDADE CARGAS 1 UN, MATERIALPONTA ESFERA DE TUNGSTÊNIO"
federal,tijolo,2025,Federal/ES,2.5,unidade,unitario,"Bloco de concreto BLOCO DE CONCRETO, COMPRIMENTO 40 CM, LARGURA 10 CM, ALTURA 20 CM, APLICAÇÃOCONSTRUÇÃO CIVIL MM"
federal,tijolo,2025,Federal/ES,3.69,unidade,unitario,"Bloco De Concreto comprimento: 40, largura: 10, altura: 20, aplicação: construção civil Bloco de concreto tipo de brita "
federal,tijolo,2025,Federal/ES,3.69,unidade,unitario,"Bloco De Concreto comprimento: 40, largura: 10, altura: 20, aplicação: construção civil Bloco de concreto tipo de areia "
federal,anlodipino,2025,Federal/ES,0.0253,unidade,unitario,"Anlodipino besilato ANLODIPINO BESILATO, DOSAGEM 5 MG"
federal,grampeador,2025,Federal/ES,12.9,unidade,unitario,"Grampo Grampeador material: aço, tratamento superficial: niquelado, tamanho: 26/6 Grampo Grampeador material: aço, trata"
federal,grampeador,2025,Federal/ES,30.9,unidade,unitario,"Grampo Grampeador material: aço, tratamento superficial: niquelado, tamanho: 26/6 Grampo Grampeador material: aço, trata"
federal,grampeador,2025,Federal/ES,33.9,unidade,unitario,"Grampo Grampeador material: aço, tratamento superficial: niquelado, tamanho: 26/6 Grampo Grampeador material: aço, trata"
federal,bebedouro,2025,Federal/ES,831.41,unidade,unitario,"Bebedouro Água BEBEDOURO ÁGUA, TIPO PRESSÃO CONJUGADO, ACABAMENTO EXTERNO PINTURA EM EPOXI,CARACTERÍSTICAS ADICIONAIS 02"
federal,extintor,2025,Federal/ES,160.0,unidade,unitario,"Extintor Incêndio capacidade: 4, características adicionais: sem suporte para fixação, material carga: pó químico, mater"
federal,extintor,2025,Federal/ES,875.0,unidade,unitario,"Extintor Incêndio capacidade: 6, material carga: gás carbônico, características adicionais: com suporte fixação parede e"
federal,dexametasona,2024,Federal/ES,1.33,unidade,unitario,"Dexametasona DEXAMETASONA, DOSAGEM 4 MG/ML, FORMA FARMACÊUTICA SOLUÇÃO INJETÁVEL"
federal,amoxicilina,2025,Federal/ES,0.85,unidade,unitario,"Amoxicilina AMOXICILINA, PRINCÍPIO ATIVO ASSOCIADA COM CLAVULANATO DE POTÁSSIO,CONCENTRAÇÃO 500MG + 125MG"
federal,amoxicilina,2024,Federal/ES,1.45,unidade,unitario,"Amoxicilina AMOXICILINA, PRINCÍPIO ATIVO ASSOCIADA COM CLAVULANATO DE POTÁSSIO,CONCENTRAÇÃO 500MG + 125MG"
federal,omeprazol,2025,Federal/ES,6.13,unidade,unitario,"Omeprazol OMEPRAZOL, CONCENTRAÇÃO: 40 MG, USO: INJETÁVEL "
federal,bebedouro,2025,Federal/ES,920.0,unidade,unitario,"Manutenção de Geladeiras e Bebedouros BEBEDOURO INDUSTRIAL DE INOX, CAPACIDADE 200 L Manutenção de Geladeiras e Bebedour"
federal,omeprazol,2024,Federal/ES,9.57,unidade,unitario,"Omeprazol OMEPRAZOL, CONCENTRAÇÃO 40 MG, USO INJETÁVEL"
federal,caneta_esferografica,2025,Federal/ES,0.76,unidade,unitario,"Caneta Esferográfica material: plástico, quantidade cargas: 1, material ponta: latão com esfera de tungstênio, tipo escr"
federal,dipirona,2024,Federal/ES,1.38,unidade,unitario,"Dipirona Sódica DIPIRONA SÓDICA, DOSAGEM 500 MG/ML, APRESENTAÇÃO SOLUÇÃO ORAL (GOTAS)"
federal,dipirona,2025,Federal/ES,1.2075,unidade,unitario,"Dipirona Sódica DIPIRONA SÓDICA, DOSAGEM 500 MG/ML, APRESENTAÇÃO SOLUÇÃO ORAL (GOTAS)"
federal,vassoura,2025,Federal/ES,27.5,unidade,unitario,"Vassoura material cerdas: piaçava, material cabo: madeira, material cepa: madeira, comprimento cepa: 60, tipo: instituci"
federal,metronidazol,2025,Federal/ES,8.0,unidade,unitario,"Metronidazol METRONIDAZOL, DOSAGEM 5MG/ML, APRESENTAÇÃO SOLUÇÃO INJETÁVEL"
federal,metronidazol,2025,Federal/ES,3.57,unidade,unitario,"Metronidazol METRONIDAZOL, DOSAGEM 5MG/ML, APRESENTAÇÃO SOLUÇÃO INJETÁVEL"
federal,diazepam,2025,Federal/ES,0.7866,unidade,unitario,"Diazepam DIAZEPAM, DOSAGEM 5 MG/ML, APRESENTAÇÃO SOLUÇÃO INJETÁVEL"
federal,furosemida,2025,Federal/ES,0.0456,unidade,unitario,"Furosemida FUROSEMIDA, DOSAGEM 40 MG"
federal,alcool,2025,Federal/ES,5.7,litro,heuristica,"Álcool etílico ÁLCOOL ETÍLICO, TIPO HIDRATADO, TEOR ALCOÓLICO 70%_(70°GL), APRESENTAÇÃOLÍQUIDO"
federal,caneta_esferografica,2025,Federal/ES,0.6,unidade,unitario,"Caneta Esferográfica CANETA ESFEROGRÁFICA, MATERIAL PLÁSTICO, QUANTIDADE CARGAS 1 UN, MATERIALPONTA AÇO INOXIDÁVEL COM E"
federal,alcool,2025,Federal/ES,34.0,litro,unidade_declarada,"Álcool Etílico teor alcoólico: 70%_(70°gl), tipo: hidratado, apresentação: líquido Álcool Etílico teor alcoólico: 70%_(7"
federal,alcool,2024,Federal/ES,5.3,litro,heuristica,"Álcool Etílico ÁLCOOL ETÍLICO, TIPO HIDRATADO, TEOR ALCOÓLICO 70%_(70°GL), APRESENTAÇÃOLÍQUIDO"
federal,alcool,2025,Federal/ES,12.4,litro,descricao,"Álcool Etílico tipo: hidratado, teor alcoólico: 70%_(70°gl), apresentação: líquido Álcool Etílico Hidratado. Líquido
par"
federal,alcool,2025,Federal/ES,7.0,litro,heuristica,"Álcool Etílico ÁLCOOL ETÍLICO, TIPO HIDRATADO, TEOR ALCOÓLICO 70%_(70°GL), APRESENTAÇÃOLÍQUIDO"
federal,dipirona,2024,Federal/ES,1.72,unidade,unitario,"Escopolamina Butilbrometo ESCOPOLAMINA BUTILBROMETO, APRESENTAÇÃO ASSOCIADA COM DIPIRONA SÓDICA, DOSAGEM4MG + 500MG/ML, "
federal,dipirona,2025,Federal/ES,1.82,unidade,unitario,"Escopolamina Butilbrometo ESCOPOLAMINA BUTILBROMETO, APRESENTAÇÃO ASSOCIADA COM DIPIRONA SÓDICA, DOSAGEM4MG + 500MG/ML, "
federal,salbutamol,2024,Federal/ES,17.5,unidade,unitario,"Salbutamol SALBUTAMOL, DOSAGEM 100MCG/DOSE, FORMA FARMACÊUTICA AEROSOL ORAL"
federal,salbutamol,2025,Federal/ES,15.07,unidade,unitario,"Salbutamol SALBUTAMOL, DOSAGEM 100MCG/DOSE, FORMA FARMACÊUTICA AEROSOL ORAL"
federal,amoxicilina,2024,Federal/ES,0.29,unidade,unitario,"Amoxicilina AMOXICILINA, CONCENTRAÇÃO 500MG"
federal,vinagre,2025,Federal/ES,8.7867,litro,heuristica,"Vinagre VINAGRE, MATÉRIA-PRIMA: FERMENTADO ACÉTICO DE ÁLCOOL E VINHO TINTO , TIPO: AGRIN , ASPECTO FÍSICO: LÍQUIDO "
federal,amoxicilina,2025,Federal/ES,0.2128,unidade,unitario,"Amoxicilina AMOXICILINA, CONCENTRAÇÃO 500MG"
federal,vinagre,2025,Federal/ES,4.52,litro,heuristica,"Vinagre matéria-prima: fermentado acético de álcool e vinho tinto, tipo: agrin, aspecto físico: líquido Vinagre matéria-"
federal,extintor,2025,Federal/ES,90.0,unidade,unitario,"Carga Extintor Incêndio capacidade carga: 6, características adicionais: mecânica, tipo carga: gás carbônico Carga Extin"
federal,extintor,2025,Federal/ES,245.0,unidade,unitario,"Extintor Incêndio capacidade: 10, material carga: água pressurizada, características adicionais: com suporte fixação par"
federal,detergente,2025,Federal/ES,6.14,litro,heuristica,"Detergente DETERGENTE, APLICAÇÃO LAVANDERIA HOSPITALAR P/SUJIDADE PESADA, CARACTERÍSTICASADICIONAIS EM PÓ BIODEGRADÁVEL"
federal,acucar,2025,Federal/ES,4.03,kg,heuristica,"Mistura Alimentícia MISTURA ALIMENTÍCIA, INGREDIENTES FARINHA DE TRIGO, AÇUCAR, FERMENTO EM PÓ,SABOR NATURAL, APLICAÇÃO "
federal,lapis,2025,Federal/ES,2.04,unidade,unitario,"Lápis Preto material corpo: madeira, dureza carga: 2b, formato corpo: sextavado, características adicionais: sem borrach"
federal,cadeira,2025,Federal/ES,338.96,unidade,unitario,"Cadeira escolar CADEIRA ESCOLAR, MATERIAL ESTRUTURA AÇO, TRATAMENTO SUPERFICIAL PINTADO EMEPÓXI, COR ESTRUTURA PRETA, MA"
federal,alcool,2025,Federal/ES,7.7,litro,unidade_declarada,"Álcool Etílico tipo: hidratado, teor alcoólico: 70%_(70°gl), apresentação: gel Álcool Etílico tipo: hidratado, teor alco"
federal,alcool,2025,Federal/ES,7.05,litro,heuristica,"Álcool Etílico tipo: hidratado, teor alcoólico: 70%_(70°gl), apresentação: gel Álcool Etílico tipo: hidratado, teor alco"
federal,lapis,2025,Federal/ES,0.4,unidade,unitario,"Lápis preto LÁPIS PRETO, MATERIAL CORPO: MADEIRA , DIÂMETRO CARGA: 2 MM, DUREZA CARGA: 2 , CARACTERÍSTICAS ADICIONAIS: S"
federal,apontador,2025,Federal/ES,1.9,unidade,unitario,"Apontador Lápis material: metal, tipo: escolar, tamanho: pequeno, quantidade furos: 1, características adicionais: lâmin"
federal,grampeador,2025,Federal/ES,17.9,unidade,unitario,"Grampeador tratamento superficial: pintado, material: metal, tipo: mesa, capacidade: 50, tamanho grampo: 26/6 Grampeador"
federal,argamassa,2024,Federal/ES,8.69,kg,heuristica,"Desempenadeira manual DESEMPENADEIRA MANUAL, MATERIAL AÇO, COMPRIMENTO 25 CM, LARGURA 12 CM,APLICAÇÃO ARGAMASSA, CARACTE"
federal,ar_condicionado,2025,Federal/ES,2632.4,unidade,unitario,"Aparelho ar condicionado APARELHO AR CONDICIONADO, CAPACIDADE REFRIGERAÇÃO 9.000 BTU, TENSÃO 220 V,NÍVEL RUÍDO INTERNO 5"
federal,alcool,2025,Federal/ES,5.13,litro,descricao,"Álcool Etílico teor alcoólico: 70%_(70°gl), apresentação: gel, tipo: hidratado Álcool etílico Concentração: 70% 1 litro "
federal,disjuntor,2024,Federal/ES,6.3,unidade,unitario,"Disjuntor baixa tensão DISJUNTOR BAIXA TENSÃO, NÚMERO PÓLOS 1, CORRENTE NOMINAL 40 A, TIPO MINI,TENSÃO NOMINAL 127/220 V"
federal,biscoito,2025,Federal/ES,21.49,kg,unidade_declarada,"Biscoito BISCOITO, SABOR ÁGUA E SAL, CLASSIFICAÇÃO SALGADO, CARACTERÍSTICAS ADICIONAISISENTO DE SOJA E CORANTES ARTIFICI"
federal,biscoito,2025,Federal/ES,21.36,kg,unidade_declarada,"Biscoito BISCOITO, SABOR: ÁGUA E SAL , CLASSIFICAÇÃO: SALGADO , CARACTERÍSTICAS ADICIONAIS: ISENTO DE SOJA E CORANTES AR"
federal,caneta_esferografica,2025,Federal/ES,12.39,unidade,unitario,"Caneta Esferográfica CANETA ESFEROGRÁFICA, MATERIAL PLÁSTICO CRISTAL, QUANTIDADE CARGAS 1 UN,MATERIAL PONTA METAL, TIPO "
federal,grampeador,2025,Federal/ES,25.0,unidade,unitario,"Grampeador tratamento superficial: pintado, material: aço, tipo: mesa, capacidade: 10, tamanho grampo: 26/6 Grampeador t"
federal,dipirona,2024,Federal/ES,0.33,unidade,unitario,"Escopolamina butilbrometo ESCOPOLAMINA BUTILBROMETO, APRESENTAÇÃO ASSOCIADA COM DIPIRONA SÓDICA, DOSAGEM10MG + 250MG"
federal,biscoito,2025,Federal/ES,6.475,kg,heuristica,"Biscoito características adicionais: com recheio, aplicação: alimentação humana, classificação: doce BISCOITO RECHEADO, "
federal,biscoito,2025,Federal/ES,5.9,kg,heuristica,"Biscoito características adicionais: com recheio, aplicação: alimentação humana, classificação: doce BISCOITO RECHEADO, "
federal,biscoito,2025,Federal/ES,4.225,kg,heuristica,"Biscoito BISCOITO, CLASSIFICAÇÃO DOCE, CARACTERÍSTICAS ADICIONAIS COM RECHEIO,APLICAÇÃO ALIMENTAÇÃO HUMANA"
federal,canjica,2025,Federal/ES,2.59,kg,heuristica,"Milho tipo: grão, aplicação: mungunzá (canjica) Milho tipo: grão, aplicação: mungunzá (canjica)"
federal,canjica,2025,Federal/ES,4.4,kg,heuristica,"Milho MILHO, TIPO GRÃO, APLICAÇÃO MUNGUNZÁ (CANJICA)"
federal,detergente,2025,Federal/ES,3.78,litro,heuristica,"Detergente DETERGENTE, COMPOSIÇÃO TENSOATIVOS ANIÔNICOS BIODEGRADÁVEIS, APLICAÇÃO REMOÇÃOGORDURA E SUJEIRA EM GERAL., CA"
federal,detergente,2025,Federal/ES,3.9,litro,heuristica,"Detergente DETERGENTE, COMPOSIÇÃO TENSOATIVOS ANIÔNICOS BIODEGRADÁVEIS, APLICAÇÃO REMOÇÃOGORDURA E SUJEIRA EM GERAL., CA"
federal,diazepam,2024,Federal/ES,0.15,unidade,unitario,"Diazepam DIAZEPAM, DOSAGEM 5 MG"
federal,suco,2025,Federal/ES,7.19,litro,unidade_declarada,"Suco SUCO, APRESENTAÇÃO LÍQUIDO, SABOR VARIADO, TIPO INDUSTRIALIZADO,CARACTERÍSTICAS ADICIONAIS POLPA DE FRUTA NATURAL"
federal,suco,2025,Federal/ES,4.5,litro,unidade_declarada,"Suco SUCO, APRESENTAÇÃO LÍQUIDO, SABOR VARIADO, TIPO INDUSTRIALIZADO,CARACTERÍSTICAS ADICIONAIS POLPA DE FRUTA NATURAL"
federal,suco,2025,Federal/ES,13.8,litro,unidade_declarada,"Suco SUCO, APRESENTAÇÃO LÍQUIDO, SABOR VARIADO, TIPO INDUSTRIALIZADO,CARACTERÍSTICAS ADICIONAIS POLPA DE FRUTA NATURAL"
federal,suco,2025,Federal/ES,12.9,litro,unidade_declarada,"Suco SUCO, APRESENTAÇÃO LÍQUIDO, SABOR VARIADO, TIPO INDUSTRIALIZADO,CARACTERÍSTICAS ADICIONAIS POLPA DE FRUTA NATURAL"
federal,sertralina,2025,Federal/ES,0.119,unidade,unitario,"Sertralina cloridrato SERTRALINA CLORIDRATO, DOSAGEM 50MG"
federal,diazepam,2025,Federal/ES,1.59,unidade,unitario,Diazepam dosagem: 10 Diazepam dosagem: 10
federal,diazepam,2025,Federal/ES,1.22,unidade,unitario,"Diazepam DIAZEPAM, DOSAGEM 10 MG"
federal,diazepam,2025,Federal/ES,0.05,unidade,unitario,"Diazepam DIAZEPAM, DOSAGEM 10 MG"
federal,agua_sanitaria,2025,Federal/ES,2.09,litro,heuristica,"Água Sanitária ÁGUA SANITÁRIA, COMPOSIÇÃO QUÍMICA HIPOCLORITO DE SÓDIO, HIDRÓXIDO DE SÓDIO,CLORETO, TEOR CLORO ATIVO VAR"
federal,disjuntor,2025,Federal/ES,22.0,unidade,unitario,"Disjuntor Baixa Tensão DISJUNTOR BAIXA TENSÃO, FUNCIONAMENTO TERMOMAGNÉTICO, NÚMERO PÓLOS 2, CORRENTENOMINAL 16 A, CAPAC"
federal,disjuntor,2025,Federal/ES,46.0,unidade,unitario,"Disjuntor Baixa Tensão DISJUNTOR BAIXA TENSÃO, FUNCIONAMENTO TERMOMAGNÉTICO, NÚMERO PÓLOS 2, CORRENTENOMINAL 25 A, CAPAC"
federal,atenolol,2025,Federal/ES,0.06,unidade,unitario,"Atenolol ATENOLOL, DOSAGEM 25 MG"
federal,captopril,2024,Federal/ES,0.04,unidade,unitario,"Captopril CAPTOPRIL, CONCENTRAÇÃO 25 MG"
federal,captopril,2025,Federal/ES,0.0397,unidade,unitario,"Captopril CAPTOPRIL, CONCENTRAÇÃO 25 MG"
federal,extintor,2025,Federal/ES,568.22,unidade,unitario,"Extintor Incêndio EXTINTOR INCÊNDIO, MATERIAL VÁLVULA SAÍDA LATÃO FORJADO, MATERIAL CILINDRO AÇOASTM 1541, CAPACIDADE 6 "
federal,arroz,2025,Federal/ES,4.196,kg,heuristica,"Arroz Beneficiado classe: médio, qualidade: tipo 1, subgrupo: polido, tipo: arbóreo ARROZ AGULHINHA TIPO 1, Arroz tipo 1"
federal,farinha_trigo,2025,Federal/ES,3.31,kg,heuristica,"Biscoito ingredientes: farinha de trigo enriquecida com ferro e acido, sabor: salgado, tipo: cream cracker BISCOITO CREA"
federal,sabonete,2025,Federal/ES,1.48,unidade,unitario,"Sabonete adicional: ginecológico, hipoalergênico, aspecto físico*: líquido, composição: à base de ácido lático SABONETE "
federal,vassoura,2024,Federal/ES,23.93,unidade,unitario,"Vassoura VASSOURA, MATERIAL CERDAS PIAÇAVA, MATERIAL CABO MADEIRA, MATERIAL CEPAMADEIRA, COMPRIMENTO CEPA 50 CM, CARACTE"
federal,vassoura,2025,Federal/ES,12.35,unidade,unitario,"Vassoura VASSOURA, MATERIAL CERDAS PIAÇAVA, MATERIAL CABO MADEIRA, MATERIAL CEPAMADEIRA, COMPRIMENTO CEPA 50 CM, CARACTE"
federal,detergente,2025,Federal/ES,3.08,litro,heuristica,"Detergente DETERGENTE, COMPOSIÇÃO TESOATIVOS ANIÔNICOS, COADJUVANTE, PRESERVANTES,,COMPONENTE ATIVO LINEAR ALQUIBENZENO "
federal,detergente,2025,Federal/ES,4.5,litro,heuristica,"Detergente DETERGENTE, COMPOSIÇÃO: TESOATIVOS ANIÔNICOS, COADJUVANTE, PRESERVANTES, , COMPONENTE ATIVO: LINEAR ALQUIBENZ"
federal,detergente,2025,Federal/ES,2.82,litro,heuristica,"Detergente DETERGENTE, COMPOSIÇÃO TESOATIVOS ANIÔNICOS, COADJUVANTE, PRESERVANTES,,COMPONENTE ATIVO LINEAR ALQUIBENZENO "
federal,furosemida,2025,Federal/ES,1.02,unidade,unitario,"Furosemida FUROSEMIDA, COMPOSIÇÃO 10 MG/ML, APRESENTAÇÃO SOLUÇÃO INJETÁVEL"
federal,furosemida,2025,Federal/ES,1.15,unidade,unitario,"Furosemida composição: 10 mg/ml, apresentação: solução injetável Furosemida composição: 10 mg/ml, apresentação: solução "
federal,furosemida,2024,Federal/ES,0.98,unidade,unitario,"Furosemida FUROSEMIDA, COMPOSIÇÃO 10 MG/ML, APRESENTAÇÃO SOLUÇÃO INJETÁVEL"
federal,ciprofloxacino,2025,Federal/ES,6.94,unidade,unitario,"Ciprofloxacino Cloridrato CIPROFLOXACINO CLORIDRATO, DOSAGEM 2 MG/ML, APRESENTAÇÃO SOLUÇÃO INJETÁVEL"
federal,pincel_quadro,2025,Federal/ES,5.64,unidade,unitario,"Tinta TINTA, COMPONENTE BÁSICO: ÁLCOOL , COR: AZUL , APLICAÇÃO: PINCEL ATÔMICO "
federal,atorvastatina,2025,Federal/ES,0.39,unidade,unitario,"Atorvastatina cálcica ATORVASTATINA CÁLCICA, DOSAGEM 40 MG"
federal,bebedouro,2025,Federal/ES,2585.9,unidade,unitario,"Bebedouro Água BEBEDOURO ÁGUA, TIPO VERTICAL ELÉTRICO, ACABAMENTO EXTERNO PINTURA EM EPOXI,CARACTERÍSTICAS ADICIONAIS FI"
federal,grampeador,2025,Federal/ES,5.99,unidade,unitario,"Grampo Grampeador GRAMPO GRAMPEADOR, MATERIAL METAL, TRATAMENTO SUPERFICIAL GALVANIZADO, TAMANHO23/13"
federal,grampeador,2025,Federal/ES,20.4,unidade,unitario,"Grampo grampeador GRAMPO GRAMPEADOR, MATERIAL METAL, TRATAMENTO SUPERFICIAL GALVANIZADO, TAMANHO23/13"
federal,biscoito,2025,Federal/ES,5.1,kg,heuristica,"Biscoito BISCOITO, APRESENTAÇÃO WAFFER, SABOR VARIADO"
federal,azitromicina,2025,Federal/ES,13.26,unidade,unitario,"Azitromicina AZITROMICINA, DOSAGEM 500 MG, APRESENTAÇÃO PÓ LIOFILIZADO PARA SOLUÇÃOINJETÁVEL"
federal,disjuntor,2025,Federal/ES,46.0,unidade,unitario,"Disjuntor Baixa Tensão DISJUNTOR BAIXA TENSÃO, FUNCIONAMENTO TERMOMAGNÉTICO, NÚMERO PÓLOS 2, CORRENTENOMINAL 32 A, CAPAC"
federal,disjuntor,2024,Federal/ES,19.99,unidade,unitario,"Disjuntor baixa tensão DISJUNTOR BAIXA TENSÃO, FUNCIONAMENTO TERMOMAGNÉTICO, NÚMERO PÓLOS 2, TENSÃOMÁXIMA OPERAÇÃO 220 A"
federal,pneu,2025,Federal/ES,360.79,unidade,unitario,"Carrinho mão CARRINHO MÃO, MATERIAL CAÇAMBA: CHAPA METÁLICA , QUANTIDADE RODA: 1 UN, TIPO RODA: PNEU COM CÂMARA , CAPACI"
federal,pneu,2024,Federal/ES,202.23,unidade,unitario,"Carrinho mão CARRINHO MÃO, MATERIAL CAÇAMBA: CHAPA METÁLICA , QUANTIDADE RODA: 1 UN, TIPO RODA: PNEU COM CÂMARA , CAPACI"
federal,extintor,2025,Federal/ES,180.0,unidade,unitario,"Extintor Incêndio capacidade: 6, características adicionais: com suporte fixação parede e adesivo sinalização v, materia"
federal,grampeador,2025,Federal/ES,12.18,unidade,unitario,"Grampeador GRAMPEADOR, TRATAMENTO SUPERFICIAL PINTADO, MATERIAL METAL, TIPO MESA,CAPACIDADE 25 FL, TAMANHO GRAMPO 26/6, "
federal,agua_sanitaria,2025,Federal/ES,2.28,litro,descricao,"Água Sanitária composição química: hipoclorito de sódio, hidróxido de sódio, cloreto, cor: incolor, tipo: comum, aplicaç"
federal,suco,2025,Federal/ES,6.48,litro,heuristica,"Suco SUCO, APRESENTAÇÃO LÍQUIDO, SABOR VARIADO, TIPO NATURAL, CARACTERÍSTICASADICIONAIS PRONTO PARA CONSUMO E EMBALAGEM "
federal,agua_sanitaria,2025,Federal/ES,6.24,litro,heuristica,"Água Sanitária ÁGUA SANITÁRIA, COMPOSIÇÃO QUÍMICA: HIPOCLORITO DE SÓDIO, HIDRÓXIDO DE SÓDIO, CLORETO , COR: INCOLOR , AP"
federal,suco,2025,Federal/ES,3.5,litro,heuristica,"Suco SUCO, APRESENTAÇÃO LÍQUIDO, SABOR VARIADO, TIPO NATURAL, CARACTERÍSTICASADICIONAIS PRONTO PARA CONSUMO E EMBALAGEM "
federal,suco,2025,Federal/ES,9.5,litro,heuristica,"Suco SUCO, APRESENTAÇÃO: LÍQUIDO , SABOR: VARIADO , TIPO: NATURAL , CARACTERÍSTICAS ADICIONAIS: PRONTO PARA CONSUMO E EM"
federal,suco,2025,Federal/ES,9.5,litro,descricao,"Suco apresentação: líquido, sabor: variado, tipo: natural, características adicionais: pronto para consumo e embalagem t"
federal,papel_toalha,2025,Federal/ES,2.82,rolo,unitario,"Toalha De Papel TOALHA DE PAPEL, MATERIAL PAPEL/ CELULOSE VIRGEM, QUANTIDADE TOALHA 120 UN,COMPRIMENTO 22 CM, LARGURA 19"
federal,papel_toalha,2025,Federal/ES,3.92,rolo,unitario,"Toalha De Papel TOALHA DE PAPEL, MATERIAL PAPEL/ CELULOSE VIRGEM, QUANTIDADE TOALHA 120 UN,COMPRIMENTO 22 CM, LARGURA 19"
federal,fenobarbital,2025,Federal/ES,3.72,unidade,unitario,"Fenobarbital Sódico FENOBARBITAL SÓDICO, DOSAGEM: 200 MG/ML, FORMA FARMACÊUTICA: SOLUÇÃO INJETÁVEL "
federal,agua_sanitaria,2025,Federal/ES,17.9,litro,heuristica,"Água Sanitária ÁGUA SANITÁRIA, COMPOSIÇÃO QUÍMICA HIPOCLORITO DE SÓDIO, HIDRÓXIDO DE SÓDIO,CLORETO, COR INCOLOR, APLICAÇ"
federal,agua_sanitaria,2025,Federal/ES,2.5,litro,heuristica,"Água Sanitária ÁGUA SANITÁRIA, COMPOSIÇÃO QUÍMICA HIPOCLORITO DE SÓDIO, HIDRÓXIDO DE SÓDIO,CLORETO, COR INCOLOR, APLICAÇ"
federal,agua_sanitaria,2025,Federal/ES,13.0,litro,heuristica,"Água Sanitária ÁGUA SANITÁRIA, COMPOSIÇÃO QUÍMICA HIPOCLORITO DE SÓDIO, HIDRÓXIDO DE SÓDIO,CLORETO, COR INCOLOR, APLICAÇ"
federal,papel_higienico,2025,Federal/ES,14.4,rolo,unitario,"Papel Higiênico características adicionais: extra macio e sem perfume, comprimento: 30, cor: branca, largura: 10, materi"
federal,alcool,2025,Federal/ES,30.0,litro,heuristica,"Dispensador DISPENSADOR, MATERIAL PLÁSTICO ABS, APLICAÇÃO PARA ÁLCOOL GEL, CARACTERÍSTICASADICIONAIS SUPORTE DE PAREDE"
federal,losartana,2024,Federal/ES,0.27,unidade,unitario,"Losartana potássica LOSARTANA POTÁSSICA, APRESENTAÇÃO ASSOCIADO à HIDROCLOROTIAZIDA, DOSAGEM 50MG+ 12,5MG"
federal,paracetamol,2024,Federal/ES,0.57,unidade,unitario,"Paracetamol PARACETAMOL, APRESENTAÇÃO ASSOCIADO COM CODEÍNA, DOSAGEM 500MG + 30MG"
federal,papel_higienico,2025,Federal/ES,15.3,rolo,unitario,"Papel Higiênico PAPEL HIGIÊNICO, MATERIAL CELULOSE VIRGEM, COMPRIMENTO 30 M, LARGURA 10 CM,TIPO PICOTADO, QUANTIDADE FOL"
federal,caneta_esferografica,2025,Federal/ES,0.55,unidade,unitario,"Caneta esferográfica CANETA ESFEROGRÁFICA, MATERIAL PLÁSTICO, QUANTIDADE CARGAS 1 UN, MATERIALPONTA LATÃO COM ESFERA DE "
federal,papel_toalha,2025,Federal/ES,14.0,rolo,unitario,"Toalha De Papel TOALHA DE PAPEL, MATERIAL CELULOSE (100% FIBRAS NATURAIS), TIPO FOLHAINTERFOLHA, 2 DOBRAS, COMPRIMENTO 2"
federal,papel_toalha,2025,Federal/ES,19.83,rolo,unitario,"Toalha De Papel TOALHA DE PAPEL, MATERIAL: CELULOSE (100% FIBRAS NATURAIS) , TIPO FOLHA: INTERFOLHA, 2 DOBRAS , COMPRIME"
federal,ibuprofeno,2025,Federal/ES,2.5,unidade,unitario,"Ibuprofeno IBUPROFENO, DOSAGEM 50 MG/ML, FORMA FARMACÊUTICA SUSPENSÃO ORAL"
federal,torneira,2025,Federal/ES,27.67,unidade,unitario,"Torneira TORNEIRA, MATERIAL CORPO METAL, TIPO GIRATÓRIA COM ALAVANCA, DIÂMETRO 1/2 POL,APLICAÇÃO BANCADA"
federal,torneira,2025,Federal/ES,51.0,unidade,unitario,"Torneira TORNEIRA, MATERIAL CORPO METAL, TIPO GIRATÓRIA COM ALAVANCA, DIÂMETRO 1/2 POL,APLICAÇÃO BANCADA"
federal,torneira,2025,Federal/ES,64.9,unidade,unitario,"Torneira TORNEIRA, MATERIAL CORPO METAL, TIPO CURVA, DIÂMETRO 1/2 POL, ACABAMENTOSUPERFICIAL CROMADO, APLICAÇÃO PIA DE B"
federal,torneira,2025,Federal/ES,39.75,unidade,unitario,"Torneira TORNEIRA, MATERIAL CORPO: METAL , TIPO: CURVA , DIÂMETRO: 1/2 POL, ACABAMENTO SUPERFICIAL: CROMADO , APLICAÇÃO:"
federal,suco,2025,Federal/ES,6.5,litro,heuristica,"Copo De Vidro capacidade: 300, cor: transparente, tipo uso: água/suco/refrigerante Copo De Vidro capacidade: 300, cor: t"
federal,fenobarbital,2025,Federal/ES,2.42,unidade,unitario,"Fenobarbital Sódico FENOBARBITAL SÓDICO, DOSAGEM 100 MG/ML, FORMA FARMACÊUTICA SOLUÇÃO INJETÁVEL"
federal,fenobarbital,2025,Federal/ES,3.5,unidade,unitario,"Fenobarbital Sódico FENOBARBITAL SÓDICO, DOSAGEM 100 MG/ML, FORMA FARMACÊUTICA SOLUÇÃO INJETÁVEL"
federal,detergente,2025,Federal/ES,29.0,litro,unidade_declarada,"Detergente Enzimático composição: a base de amilase, protease, lipase e carboidrase Detergente Enzimático composição: a "
federal,vassoura,2025,Federal/ES,26.4,unidade,unitario,"Vassoura jardinagem VASSOURA JARDINAGEM, TIPO FIXA, ALTURA 44,50 CM, MATERIAL CERDAS AÇO, TIPOLÂMINA METÁLICA E CHATA, C"
federal,disjuntor,2025,Federal/ES,46.0,unidade,unitario,"Disjuntor Baixa Tensão DISJUNTOR BAIXA TENSÃO, FUNCIONAMENTO TERMOMAGNÉTICO, NÚMERO PÓLOS 2, CORRENTENOMINAL 20 A, CAPAC"
federal,impressora,2025,Federal/ES,280.0,unidade,unitario,"Papel Carta aplicação: impressora jato de tinta / laser, características adicionais: embalagem resistente a umidade, com"
federal,caneta_esferografica,2025,Federal/ES,0.88,unidade,unitario,"Caneta Esferográfica CANETA ESFEROGRÁFICA, MATERIAL PLÁSTICO, MATERIAL PONTA AÇO INOXIDÁVEL COMESFERA DE TUNGSTÊNIO, TIP"
federal,ar_condicionado,2025,Federal/ES,4650.0,unidade,unitario,"Aparelho Ar Condicionado APARELHO AR CONDICIONADO, CAPACIDADE REFRIGERAÇÃO 21.000 BTU, TENSÃO 220 V,FREQÜÊNCIA 60 HZ, TI"
federal,extintor,2025,Federal/ES,75.0,unidade,unitario,"Carga Extintor Incêndio capacidade carga: 10, tipo carga: agua - gás com pressurização de co2 Carga Extintor Incêndio ca"
federal,papel_toalha,2025,Federal/ES,23.48,rolo,unitario,"Dispenser Papel Toalha DISPENSER PAPEL TOALHA, MATERIAL PLÁSTICO ABS, TIPO INTERFOLHA, COR BRANCA,CARACTERÍSTICAS ADICIO"
federal,vassoura,2025,Federal/ES,16.34,unidade,unitario,"Vassoura VASSOURA, MATERIAL CERDAS: PIAÇAVA , MATERIAL CABO: MADEIRA , MATERIAL CEPA: MADEIRA , COMPRIMENTO CEPA: 20 CM,"
federal,pneu,2025,Federal/ES,759.0,unidade,unitario,"Pneu veículo automotivo PNEU VEÍCULO AUTOMOTIVO, MATERIAL CARCAÇA LONA POLIÉSTER, MATERIAL TALÃO ARAMEAÇO, MATERIAL BAND"
federal,grampeador,2025,Federal/ES,10.4795,unidade,unitario,"Grampeador GRAMPEADOR, TRATAMENTO SUPERFICIAL PINTADO, MATERIAL METAL, TIPO MESA,CAPACIDADE 20 FL, TAMANHO GRAMPO 26/6"
federal,tubo_pvc,2025,Federal/ES,73.04,metro,unitario,"Tubo Pvc Soldável TUBO PVC SOLDÁVEL, APLICAÇÃO: HIDRÁULICA , COR: MARROM , DIÂMETRO NOMINAL: 1 1/2 POL, COMPRIMENTO: 3 M"
federal,torneira,2025,Federal/ES,30.0,unidade,unitario,"Garrafa térmica GARRAFA TÉRMICA, MATERIAL PLÁSTICO, CAPACIDADE 5 L, CARACTERÍSTICAS ADICIONAISCOM TORNEIRA, ALÇA E PÉS D"
federal,pendrive,2025,Federal/ES,27.8,unidade,unitario,"Memória portátil microcomputador MEMÓRIA PORTÁTIL MICROCOMPUTADOR, CAPACIDADE MEMÓRIA 64 GB, INTERFACE USB,TIPO PEN DRIV"
federal,grampeador,2025,Federal/ES,9.44,unidade,unitario,"Grampo Grampeador GRAMPO GRAMPEADOR, MATERIAL: METAL , TRATAMENTO SUPERFICIAL: NIQUELADO , TAMANHO: 23/10 , USO: GRAMPEA"
federal,pneu,2025,Federal/ES,431.94,unidade,unitario,"Pneu veículo automotivo PNEU VEÍCULO AUTOMOTIVO, MATERIAL CARCAÇA LONA NÁILON, MATERIAL TALÃO LONA,MATERIAL BANDA RODAGE"
federal,pneu,2025,Federal/ES,575.44,unidade,unitario,"Carrinho mão CARRINHO MÃO, MATERIAL CAÇAMBA: POLIPROPILENO , MATERIAL CHASSI: METÁLICO , TIPO TRAVESSA: JERÍCA , QUANTID"
federal,pneu,2025,Federal/ES,814.14,unidade,unitario,"Carrinho mão CARRINHO MÃO, MATERIAL CAÇAMBA POLIPROPILENO, MATERIAL CHASSI METÁLICO, TIPOTRAVESSA JERÍCA, QUANTIDADE ROD"
federal,alcool,2025,Federal/ES,6.9,litro,heuristica,"Álcool etílico limpeza de ambientes ÁLCOOL ETÍLICO LIMPEZA DE AMBIENTES, TIPO ETÍLICO HIDRATADO, APLICAÇÃO LIMPEZA, CARA"
federal,cimento,2025,Federal/ES,31.5,saco_50kg,unitario,"Cimento Portland material: clinker, tipo: cp 32 Cimento Portland material: clinker, tipo: cp 32"
federal,paracetamol,2024,Federal/ES,0.32,unidade,unitario,"Paracetamol PARACETAMOL, COMPOSIÇÃO ASSOCIADO À CLORFENIRAMINA E FENILEFRINA, CONCENTRAÇÃO400 MG + 4 MG + 4 MG"
federal,papel_toalha,2025,Federal/ES,10.0,rolo,unitario,"Toalha De Papel TOALHA DE PAPEL, MATERIAL PAPEL, TIPO FOLHA 2 DOBRAS, QUANTIDADE TOALHA 200 UN, COMPRIMENTO 24,50 CM, LA"
federal,alcool,2025,Federal/ES,8.5,litro,unidade_declarada,"Álcool Isopropílico concentração: 70% v/v, apresentação: loção alcoólica em espuma, característica adicional: c/ emolien"
federal,tubo_pvc,2025,Federal/ES,49.18,metro,unitario,"Tubo Pvc Soldável TUBO PVC SOLDÁVEL, APLICAÇÃO IRRIGAÇÃO, COR AZUL, DIÂMETRO NOMINAL 50 MM,COMPRIMENTO 6 M, ESPESSURA PA"
federal,vinagre,2025,Federal/ES,8.7867,litro,heuristica,"Vinagre matéria-prima: maçã, tipo: aromático, acidez: 4,20, aspecto físico: líquido, aspecto visual: límpido e sem depós"
federal,vinagre,2025,Federal/ES,5.3067,litro,heuristica,"Vinagre VINAGRE, MATÉRIA-PRIMA: MAÇÃ , TIPO: AROMÁTICO , ACIDEZ: 4,20 PER, ASPECTO FÍSICO: LÍQUIDO , ASPECTO VISUAL: LÍM"
federal,vinagre,2025,Federal/ES,9.7467,litro,heuristica,"Vinagre VINAGRE, MATÉRIA-PRIMA: MAÇÃ , TIPO: AROMÁTICO , ACIDEZ: 4,20 PER, ASPECTO FÍSICO: LÍQUIDO , ASPECTO VISUAL: LÍM"
federal,vinagre,2025,Federal/ES,8.4533,litro,heuristica,"Vinagre VINAGRE, MATÉRIA-PRIMA MAÇÃ, TIPO AROMÁTICO, ACIDEZ 4,20 PER, ASPECTO FÍSICOLÍQUIDO, ASPECTO VISUAL LÍMPIDO E SE"
federal,acucar,2025,Federal/ES,5.99,kg,heuristica,"""Açúcar"" tipo: refinado, características adicionais: branco, 1ª qualidade ""Açúcar"" tipo: refinado, características adici"
federal,fenobarbital,2025,Federal/ES,5.07,unidade,unitario,"Fenobarbital Sódico FENOBARBITAL SÓDICO, DOSAGEM 40 MG/ML, FORMA FARMACÊUTICA SOLUÇÃO ORAL- GOTAS"
federal,tubo_pvc,2025,Federal/ES,47.9,metro,unitario,"Tubo Pvc Soldável aplicação: hidráulica, cor: marrom, diâmetro nominal: 1, comprimento: 3, espessura paredes: 32 Tubo Pv"
federal,alcool,2025,Federal/ES,7.0,litro,unidade_declarada,"Álcool Etílico ÁLCOOL ETÍLICO, ASPECTO FÍSICO LÍQUIDO LÍMPIDO, INCOLOR, VOLÁTIL, FÓRMULAQUÍMICA C2H5OH, PESO MOLECULAR 4"
federal,extintor,2025,Federal/ES,114.48,unidade,unitario,"Extintor Incêndio Veículo Automotivo apresentação: pó químico seco, aplicação: automóvel/camioneta/caminhonete/caminhão "
federal,apontador,2025,Federal/ES,0.23,unidade,unitario,"Apontador Lápis material: plástico, tipo: escolar, cor: variada, tamanho: médio Apontador Lápis material: plástico, tipo"
federal,apontador,2025,Federal/ES,0.23,unidade,unitario,"Apontador Lápis cor: variada, material: plástico, tamanho: médio, tipo: escolar apontador de lápis, material plástico, s"
federal,alcool,2025,Federal/ES,15.92,litro,unidade_declarada,"Álcool Etílico aspecto físico: líquido límpido, incolor, volátil, teor alcoólico: 95,1 a 96°gl, fórmula química: c2h5oh,"
federal,extintor,2025,Federal/ES,152.0,unidade,unitario,"Suporte De Extintor De Incendio acabamento: pintura esmalte sintético, altura: 30, largura: 13, material: ferro, tipo: r"
federal,desinfetante,2025,Federal/ES,18.99,litro,heuristica,"Desinfetante DESINFETANTE, COMPOSIÇÃO À BASE DE DICLORO S. TRIAZINATRIONA, TEOR ATIVO TEORMÍNIMO DE 3% DE CLORO ATIVO, F"
federal,vassoura,2025,Federal/ES,16.4,unidade,unitario,"Vassoura VASSOURA, MATERIAL CERDAS PIAÇAVA, MATERIAL CEPA ALUMÍNIO, COMPRIMENTO CEPA 40CM, CARACTERÍSTICAS ADICIONAIS CO"
federal,vassoura,2025,Federal/ES,12.3,unidade,unitario,"Vassoura características adicionais: com cabo, comprimento cepa: 40, largura cepa: 7,5, material cepa: alumínio, materia"
federal,lapis,2025,Federal/ES,0.43,unidade,unitario,"Lápis cor: preta, dureza carga: hb2, material: resina, tipo: atóxico lápis preto HB nº 2, unidade Lápis cor: preta, dure"
federal,papel_a4,2025,Federal/ES,11.74,resma,unitario,"Livro ata LIVRO ATA, MATERIAL PAPEL SULFITE, QUANTIDADE FOLHAS 100 UN, GRAMATURA 75 G/M2, COMPRIMENTO 300 MM, LARGURA 21"
federal,desinfetante,2025,Federal/ES,15.99,litro,heuristica,"Desinfetante DESINFETANTE, PRINCÍPIO ATIVO À BASE DE DIDECILDIMETILAMÔNIO E PHMB, FORMAFÍSICA SOLUÇÃO AQUOSA CONCENTRADA"
federal,pincel_quadro,2025,Federal/ES,4.75,unidade,unitario,"Tinta TINTA, COMPONENTE BÁSICO: ÁLCOOL , COR: PRETA , APLICAÇÃO: PINCEL ATÔMICO "
federal,pincel_quadro,2025,Federal/ES,7.1,unidade,unitario,"Tinta componente básico: álcool, cor: preta, aplicação: pincel atômico Tinta componente básico: álcool, cor: preta, apli"
federal,pincel_quadro,2025,Federal/ES,7.1,unidade,unitario,"Tinta componente básico: álcool, cor: preta, aplicação: pincel atômico Tinta componente básico: álcool, cor: preta, apli"
federal,pincel_quadro,2025,Federal/ES,7.1,unidade,unitario,"Tinta componente básico: álcool, cor: preta, aplicação: pincel atômico Tinta componente básico: álcool, cor: preta, apli"
federal,disjuntor,2024,Federal/ES,25.99,unidade,unitario,"Disjuntor baixa tensão DISJUNTOR BAIXA TENSÃO, FUNCIONAMENTO TERMOMAGNÉTICO, NÚMERO PÓLOS 3, CORRENTENOMINAL 40 A, CAPAC"
federal,tubo_pvc,2025,Federal/ES,28.99,metro,unitario,"Tubo Pvc Soldável TUBO PVC SOLDÁVEL, APLICAÇÃO IRRIGAÇÃO, COR AZUL, DIÂMETRO NOMINAL 32 MM,COMPRIMENTO 6 M, ESPESSURA PA"
federal,torneira,2025,Federal/ES,65.0,unidade,unitario,"Torneira TORNEIRA, MATERIAL CORPO METAL CROMADO, TIPO LONGA, DIÂMETRO 1/2 POL,ACABAMENTO SUPERFICIAL CROMADO, CARACTERIS"
federal,torneira,2025,Federal/ES,41.01,unidade,unitario,"Torneira TORNEIRA, MATERIAL CORPO METAL CROMADO, TIPO LONGA, DIÂMETRO 1/2 POL,ACABAMENTO SUPERFICIAL CROMADO, CARACTERIS"
federal,biscoito,2025,Federal/ES,8.5,kg,heuristica,"Biscoito BISCOITO, SABOR SALGADO INTEGRAL, TIPO CLUB SOCIAL"
federal,extintor,2025,Federal/ES,155.87,unidade,unitario,"Carga Extintor Incêndio CARGA EXTINTOR INCÊNDIO, TIPO CARGA ÁGUA PRESSURIZADA, CAPACIDADE CARGA 10 L"
federal,bebedouro,2025,Federal/ES,719.0,unidade,unitario,"Bebedouro água garrafão BEBEDOURO ÁGUA GARRAFÃO, MATERIAL AÇO INOXIDÁVEL, TIPO ELÉTRICO DE COLUNA,CAPACIDADE 20 L, VOLTA"
federal,bebedouro,2025,Federal/ES,707.0,unidade,unitario,"Bebedouro água garrafão BEBEDOURO ÁGUA GARRAFÃO, MATERIAL AÇO INOXIDÁVEL, TIPO ELÉTRICO DE COLUNA,CAPACIDADE 20 L, VOLTA"
federal,lampada_led,2024,Federal/ES,11.4,unidade,unitario,"Lâmpada led LÂMPADA LED, TENSÃO NOMINAL BIVOLT V, POTÊNCIA NOMINAL 25 W, CARACTERÍSTICASADICIONAIS COMPRIMENTO 15CM, VID"
federal,ar_condicionado,2025,Federal/ES,3533.0,unidade,unitario,"Aparelho Ar Condicionado APARELHO AR CONDICIONADO, CAPACIDADE REFRIGERAÇÃO 24.000 BTU, TENSÃO 220 V,TIPO SPLIT, CARACTER"
federal,disjuntor,2024,Federal/ES,76.39,unidade,unitario,"Disjuntor baixa tensão DISJUNTOR BAIXA TENSÃO, FUNCIONAMENTO TERMOMAGNÉTICO, MODELO CAIXA MOLDADA,NÚMERO PÓLOS 3, CORREN"
federal,oleo_soja,2025,Federal/ES,15.19,litro,unidade_declarada,"Espalhante Adesivo aspecto físico: líquido, composição: éster metilado de óleo de soja, concentração: 720, aplicação: fu"
federal,agua_mineral,2025,Federal/ES,11.89,litro,heuristica,"Água Mineral Natural tipo: sem gás, material embalagem: plástico, tipo embalagem: retornável   Sede Administrativa "
federal,bebedouro,2025,Federal/ES,670.33,unidade,unitario,"Bebedouro Água Garrafão material: aço inoxidável, tipo: elétrico de coluna, capacidade: 3,3, voltagem: 127, característi"
federal,extintor,2025,Federal/ES,159.0,unidade,unitario,"Extintor Incêndio EXTINTOR INCÊNDIO, MATERIAL CILINDRO AÇO CARBONO SEM COSTURA, CAPACIDADE 10 L,PRESSÃO SERVIÇO 10,5 KGF"
federal,amoxicilina,2025,Federal/ES,11.0,unidade,unitario,"Amoxicilina AMOXICILINA, PRINCÍPIO ATIVO ASSOCIADA COM CLAVULANATO DE POTÁSSIO,CONCENTRAÇÃO 500MG + 100MG, FORMA FARMACÊ"
federal,agua_mineral,2025,Federal/ES,10.9,litro,heuristica,"Água Mineral Natural material embalagem: plástico, tipo: sem gás, tipo embalagem: retornável "
federal,desinfetante,2025,Federal/ES,20.0,litro,unidade_declarada,"Desinfetante DESINFETANTE, COMPOSIÇÃO: À BASE DE QUATERNÁRIO DE AMÔNIO , PRINCÍPIO ATIVO: CLORETO ALQUIL DIMETIL BENZIL "
federal,extintor,2025,Federal/ES,113.66,unidade,unitario,"Carga Extintor Incêndio capacidade carga: 6, tipo carga: pó químico seco classe: abc Conforme Termo de Referência e Anex"
federal,caneta_esferografica,2025,Federal/ES,0.6,unidade,unitario,"Caneta Esferográfica CANETA ESFEROGRÁFICA, MATERIAL PLÁSTICO, QUANTIDADE CARGAS 1 UN, MATERIALPONTA PLÁSTICO COM ESFERA "
federal,disjuntor,2024,Federal/ES,5.4,unidade,unitario,"Disjuntor baixa tensão DISJUNTOR BAIXA TENSÃO, FUNCIONAMENTO TERMOMAGNÉTICO, NÚMERO PÓLOS 1, CORRENTENOMINAL 20 A, TENSÃ"
federal,torneira,2025,Federal/ES,92.42,unidade,unitario,"Bureta BURETA, MATERIAL VIDRO, GRADUAÇÃO GRADUADA, VOLUME 25 ML, ESCALA GRADUAÇÃOMÁXIMA 0,1 EM 0,1 ML, NUMERADA, ACESSÓR"
federal,torneira,2025,Federal/ES,84.53,unidade,unitario,"Bureta BURETA, MATERIAL: VIDRO , GRADUAÇÃO: GRADUADA , VOLUME: 25 ML, ESCALA: GRADUAÇÃO MÁXIMA 0,1 EM 0,1 ML, NUMERADA ,"
federal,caneta_esferografica,2025,Federal/ES,0.88,unidade,unitario,"Caneta Esferográfica CANETA ESFEROGRÁFICA, MATERIAL PLÁSTICO, QUANTIDADE CARGAS 1 UN, MATERIALPONTA PLÁSTICO COM ESFERA "
federal,bebedouro,2025,Federal/ES,727.86,unidade,unitario,"Bebedouro água BEBEDOURO ÁGUA, TIPO PRESSÃO CONJUGADO, CARACTERÍSTICAS ADICIONAIS 2 SAÍDAS:GELADA E NATURAL, TERMOSTATO "
federal,ar_condicionado,2025,Federal/ES,1999.0,unidade,unitario,"Aparelho Ar Condicionado tipo: controle mecânico/compressor rotativo/3 velocidade, modelo: janela, capacidade refrigeraç"
federal,dexametasona,2025,Federal/ES,11.37,unidade,unitario,"Dexametasona DEXAMETASONA, CONCENTRAÇÃO 2 MG/ML, FORMA FÍSICA SOLUÇÃO INJETÁVEL, USO USOVETERINÁRIO"
federal,dexametasona,2025,Federal/ES,5.47,unidade,unitario,"Dexametasona DEXAMETASONA, CONCENTRAÇÃO: 2 MG/ML, FORMA FÍSICA: SOLUÇÃO INJETÁVEL , USO: USO VETERINÁRIO "
federal,detergente,2025,Federal/ES,5.2,litro,heuristica,"Removedor Ferrugem REMOVEDOR FERRUGEM, COMPOSIÇÃO ÁCIDO FOSFÓRICO/DETERGENTE NÃO IÔNICO/PROPILGLICO L, APLICAÇÃO REMOÇÃO"
federal,papel_toalha,2025,Federal/ES,6.63,rolo,unitario,"Toalha de papel TOALHA DE PAPEL, MATERIAL 100% FIBRA CELULOSE VIRGEM, TIPO FOLHA 2 DOBRAS,COMPRIMENTO 23 CM, LARGURA 21 "
federal,papel_toalha,2025,Federal/ES,12.58,rolo,unitario,"Toalha de papel TOALHA DE PAPEL, MATERIAL: 100% FIBRA CELULOSE VIRGEM , TIPO FOLHA: 2 DOBRAS , COMPRIMENTO: 23 CM, LARGU"
federal,papel_higienico,2025,Federal/ES,5.52,rolo,unitario,"Papel Higiênico material: celulose vegetal, largura: 10, cor: extra branco, características adicionais: folha dupla sem "
federal,desinfetante,2025,Federal/ES,8.5,litro,unidade_declarada,"Desinfetante DESINFETANTE, COMPOSIÇÃO À BASE DE ORTOFTALALDEÍDO, TEOR ATIVO A 0,55%, FORMAFÍSICA SOLUÇÃO AQUOSA PRONTA"
federal,envelope,2025,Federal/ES,0.59,unidade,unitario,"Envelope características adicionais: impressão personalizada, cor: branco, gramatura: 80, material: sulfite, modelo: ofí"
federal,papel_toalha,2025,Federal/ES,8.0,rolo,unitario,"Toalha de papel TOALHA DE PAPEL, MATERIAL CELULOSE (100% FIBRAS NATURAIS), COMPRIMENTO 200 M,LARGURA 20 CM, COR BRANCA"
federal,disjuntor,2024,Federal/ES,5.4,unidade,unitario,"Disjuntor baixa tensão DISJUNTOR BAIXA TENSÃO, FUNCIONAMENTO TERMOMAGNÉTICO, MODELO CAIXA MOLDADA,NÚMERO PÓLOS 1, CORREN"
federal,toner,2025,Federal/ES,1328.0,unidade,unitario,"Cartucho Toner Impressora Hp CARTUCHO TONER IMPRESSORA HP, TIPO CARTUCHO ORIGINAL, COR CIANO, REFERÊNCIACARTUCHO 2 CF361"
federal,alcool,2025,Federal/ES,18.49,litro,unidade_declarada,"Álcool Etílico ÁLCOOL ETÍLICO, ASPECTO FÍSICO: DE CEREAIS, HIDRATADO, LÍQUIDO LÍMPIDO, INCOLOR , TEOR ALCOÓLICO: MÍNIMO "
federal,detergente,2025,Federal/ES,8.03,litro,unidade_declarada,"Detergente Saneante DETERGENTE SANEANTE, ASPECTO FÍSICO LÍQUIDO, COMPOSIÇÃO NONIL FENOL ETOXILATO,OUTROS COMPONENTES TEN"
federal,alcool,2025,Federal/ES,9.5,litro,unidade_declarada,"Álcool etílico ÁLCOOL ETÍLICO, ASPECTO FÍSICO DE CEREAIS, HIDRATADO, LÍQUIDO LÍMPIDO, INCOLOR, TEOR ALCOÓLICO MÍNIMO DE "
federal,alcool,2025,Federal/ES,25.49,litro,unidade_declarada,"Álcool Etílico ÁLCOOL ETÍLICO, ASPECTO FÍSICO: DE CEREAIS, HIDRATADO, LÍQUIDO LÍMPIDO, INCOLOR , TEOR ALCOÓLICO: MÍNIMO "
federal,envelope,2025,Federal/ES,0.86,unidade,unitario,"Envelope características adicionais: impressão personalizada, cor: branco, gramatura: 80, material: sulfite, modelo: sac"
federal,pendrive,2025,Federal/ES,19.8,unidade,unitario,"Memória Portátil Microcomputador MEMÓRIA PORTÁTIL MICROCOMPUTADOR, CAPACIDADE MEMÓRIA 32 GB, INTERFACE USB,TIPO PEN DRIV"
federal,envelope,2025,Federal/ES,1.08,unidade,unitario,"Envelope características adicionais: impressão personalizada, cor: branco, gramatura: 80, material: sulfite, modelo: sac"
federal,alcool,2025,Federal/ES,18.7,litro,unidade_declarada,"Álcool etílico ÁLCOOL ETÍLICO, ASPECTO FÍSICO LÍQUIDO LÍMPIDO, INCOLOR, VOLÁTIL, TEORALCOÓLICO MÍNIMO DE 95 °GL (95% V/V"
federal,desinfetante,2025,Federal/ES,30.13,litro,unidade_declarada,"Desinfetante composição: à base de quaternário de amônio, princípio ativo: cloreto alquil dimetil benzil amônio +tensioa"
federal,alcool,2025,Federal/ES,9.19,litro,unidade_declarada,"Álcool etílico ÁLCOOL ETÍLICO, ASPECTO FÍSICO: LÍQUIDO LÍMPIDO, INCOLOR, VOLÁTIL , TEOR ALCOÓLICO: MÍNIMO DE 99,5°GL , F"
federal,alcool,2025,Federal/ES,13.79,litro,unidade_declarada,"Álcool Etílico ÁLCOOL ETÍLICO, ASPECTO FÍSICO: LÍQUIDO LÍMPIDO, INCOLOR, VOLÁTIL , TEOR ALCOÓLICO: MÍNIMO DE 99,5°GL , F"
federal,alcool,2025,Federal/ES,20.4959,litro,heuristica,"Álcool Etílico ÁLCOOL ETÍLICO, TEOR ALCOÓLICO 70% V/V, COMPOSIÇÃO BÁSICA COM EMOLIENTE, FORMAFARMACÊUTICA GEL"
federal,alcool,2025,Federal/ES,6.0,litro,heuristica,"Álcool Etílico ÁLCOOL ETÍLICO, TEOR ALCOÓLICO 70% V/V, COMPOSIÇÃO BÁSICA COM EMOLIENTE, FORMAFARMACÊUTICA GEL"
federal,detergente,2025,Federal/ES,9.54,litro,heuristica,"Detergente composição: tesoativos aniônicos, coadjuvante, preservantes,, componente ativo: linear alquibenzeno sulfonato"
federal,papel_toalha,2025,Federal/ES,7.5,rolo,unitario,"Toalha De Papel TOALHA DE PAPEL, MATERIAL 100% FIBRAS CELULÓSICAS, TIPO FOLHA 2 DOBRAS,COMPRIMENTO 23 CM, LARGURA 21 CM,"
federal,lapis,2025,Federal/ES,0.7,unidade,unitario,"Lápis Preto material corpo: madeira, diâmetro carga: 2, dureza carga: hb, formato corpo: cilíndrico, características adi"
federal,envelope,2025,Federal/ES,1.05,unidade,unitario,"Matriz odontológica MATRIZ ODONTOLÓGICA, MATERIAL POLIÉSTER, TIPO PRÉ-CORTADA, FORMATO FITA,APRESENTAÇÃO ENVELOPE 50 FOL"
federal,disjuntor,2024,Federal/ES,78.89,unidade,unitario,"Disjuntor baixa tensão DISJUNTOR BAIXA TENSÃO, FUNCIONAMENTO TERMOMAGNÉTICO, NÚMERO PÓLOS 3, TENSÃOMÁXIMA OPERAÇÃO 230/4"
federal,tubo_pvc,2025,Federal/ES,23.3,metro,unitario,"Tubo Pvc Soldável aplicação: hidráulica, cor: marrom, diâmetro nominal: 20, comprimento: 6, material: pvc rígido Tubo Pv"
federal,ar_condicionado,2025,Federal/ES,8600.0,unidade,unitario,"Aparelho Ar Condicionado APARELHO AR CONDICIONADO, CAPACIDADE REFRIGERAÇÃO 48.000 BTU, TENSÃO 220 V,FREQÜÊNCIA 60 HZ, TI"
federal,amoxicilina,2025,Federal/ES,3.99,unidade,unitario,"Amoxicilina AMOXICILINA, COMPOSIÇÃO ASSOCIADA AO CLAVULANATO DE POTÁSSIO, CONCENTRAÇÃO 40MG + 10 MG, FORMA FÍSICA COMPRI"
federal,extintor,2025,Federal/ES,139.0,unidade,unitario,"Extintor Incêndio EXTINTOR INCÊNDIO, CAPACIDADE 6 KG, NORMAS TÉCNICAS NBR 15808, APLICAÇÃOCLASSE A,CLASSE B E CLASSE C.,"
federal,dipirona,2025,Federal/ES,9.3,unidade,unitario,"Dipirona Sódica DIPIRONA SÓDICA, CONCENTRAÇÃO 500 MG/ML, FORMA FÍSICA SOLUÇÃO INJETÁVEL, USOUSO VETERINÁRIO"
federal,extintor,2025,Federal/ES,145.0,unidade,unitario,"Extintor Incêndio capacidade: 6, normas técnicas: nbr 15808, aplicação: classe a,classe b e classe c., material carga: p"
federal,dipirona,2025,Federal/ES,11.35,unidade,unitario,"Dipirona sódica DIPIRONA SÓDICA, CONCENTRAÇÃO 500 MG/ML, FORMA FÍSICA SOLUÇÃO INJETÁVEL, USOUSO VETERINÁRIO"
federal,seringa,2025,Federal/ES,0.81,unidade,unitario,"Seringa SERINGA, MATERIAL POLIPROPILENO, CAPACIDADE 10 ML, TIPO BICO BICO CENTRAL LUERLOCK OU SLIP, TIPO VEDAÇÃO ÊMBOLO "
federal,lampada_led,2025,Federal/ES,9.46,unidade,unitario,"Lâmpada Led LÂMPADA LED, TENSÃO NOMINAL BIVOLT V, POTÊNCIA NOMINAL 20 W, TIPO BASE G13,APLICAÇÃO LUMINÁRIA, TEMPERATURA "
federal,papel_toalha,2025,Federal/ES,5.95,rolo,unitario,"Toalha De Papel TOALHA DE PAPEL, MATERIAL PAPEL, TIPO FOLHA DUPLA PICOTADA, COMPRIMENTO 22 CM,LARGURA 20 CM, COR BRANCA,"
federal,disjuntor,2024,Federal/ES,17.6,unidade,unitario,"Disjuntor baixa tensão DISJUNTOR BAIXA TENSÃO, FUNCIONAMENTO TERMOMAGNÉTICO, MODELO CAIXA MOLDADA,NÚMERO PÓLOS 2, CORREN"
federal,alcool,2025,Federal/ES,7.47,litro,unidade_declarada,"Álcool etílico limpeza de ambientes ÁLCOOL ETÍLICO LIMPEZA DE AMBIENTES, TIPO ETÍLICO HIDRATADO, APLICAÇÃO LIMPEZA, CONC"
federal,alcool,2025,Federal/ES,6.5,litro,heuristica,"Álcool Etílico Limpeza De Ambientes ÁLCOOL ETÍLICO LIMPEZA DE AMBIENTES, TIPO ETÍLICO HIDRATADO, APLICAÇÃO LIMPEZA, CONC"
federal,alcool,2025,Federal/ES,20.0,litro,heuristica,"Álcool Etílico Limpeza De Ambientes tipo: etílico hidratado, aplicação: limpeza, concentração: 92,8°inpm Álcool Etílico "
federal,alcool,2025,Federal/ES,14.03,litro,unidade_declarada,"Álcool Etílico Limpeza De Ambientes ÁLCOOL ETÍLICO LIMPEZA DE AMBIENTES, TIPO: ETÍLICO HIDRATADO , APLICAÇÃO: LIMPEZA , "
federal,torneira,2025,Federal/ES,10.9,unidade,unitario,"Torneira TORNEIRA, MATERIAL CORPO METAL, TIPO PRESSÃO, DIÂMETRO 1/2 POL, ACABAMENTOSUPERFICIAL CROMADO, CARACTERISTICAS "
federal,alcool,2025,Federal/ES,14.96,litro,unidade_declarada,"Álcool Etílico ÁLCOOL ETÍLICO, ASPECTO FÍSICO: LÍQUIDO LÍMPIDO, INCOLOR, VOLÁTIL , TEOR ALCOÓLICO: MÍNIMO DE 99,5 °GL (9"
federal,alcool,2025,Federal/ES,23.36,litro,unidade_declarada,"Álcool Etílico ÁLCOOL ETÍLICO, ASPECTO FÍSICO: LÍQUIDO LÍMPIDO, INCOLOR, VOLÁTIL , TEOR ALCOÓLICO: MÍNIMO DE 99,5 °GL (9"
federal,disjuntor,2024,Federal/ES,5.3,unidade,unitario,"Disjuntor baixa tensão DISJUNTOR BAIXA TENSÃO, FUNCIONAMENTO TERMOMAGNÉTICO, NÚMERO PÓLOS 1, CORRENTENOMINAL 16 A, NORMA"
federal,desinfetante,2025,Federal/ES,5.37,litro,unidade_declarada,"Desinfetante DESINFETANTE, COMPOSIÇÃO: À BASE DE QUATERNÁRIO DE AMÔNIO , PRINCÍPIO ATIVO: CLORETO ALQUIL DIMETIL BENZIL "
federal,carne_bovina,2025,Federal/ES,24.86,kg,heuristica,"Carne Salgada apresentação: pedaço, estado de conservação: seco(a), origem: bovina, tipo corte: coxão mole - carne de so"
federal,desinfetante,2025,Federal/ES,9.25,litro,unidade_declarada,"Desinfetante DESINFETANTE, COMPOSIÇÃO À BASE DE QUATERNÁRIO DE AMÔNIO, CARACTERÍSTICASADICIONAIS COM AROMA, PRINCÍPIO AT"
federal,pneu,2025,Federal/ES,599.0,unidade,unitario,"Pneu veículo automotivo PNEU VEÍCULO AUTOMOTIVO, MATERIAL CARCAÇA LONA NÁILON, MATERIAL TALÃO AÇO,MATERIAL BANDA RODAGEM"
federal,achocolatado,2025,Federal/ES,14.025,kg,heuristica,"Achocolatado apresentação: pó, característica adicional: enriquecido com vitaminas, sabor: tradicional ACHOCOLATADO EM P"
federal,acucar,2025,Federal/ES,17.98,kg,heuristica,"Açúcar tipo: cristal AÇÚCAR, tipo CRISTAL, coloração branca. "
federal,desinfetante,2025,Federal/ES,2.42,litro,unidade_declarada,"Desinfetante forma física: líquida, princípio ativo: cloreto alquil dimetil benzil amônio, teor ativo: 0,4% (p/p) DESINF"
federal,alcool,2025,Federal/ES,12.18,litro,descricao,"Álcool Etílico Limpeza De Ambientes características adicionais: gel, concentração: 70%, tipo: etílico hidratado ÁLCOOL E"
federal,farinha_mandioca,2025,Federal/ES,5.23,kg,descricao,"Farinha De Mandioca acidez: baixa acidez, aspecto físico: tipo 1, classe: fina, grupo: seca, subgrupo: amarela FARINHA D"
federal,fuba,2025,Federal/ES,2.1,kg,heuristica,"Farinha De Milho apresentação: pré-cozida, característica adicional: transgênico, grão: amarelo, ingrediente adicional: "
federal,oleo_soja,2025,Federal/ES,8.6778,litro,descricao,"Óleo Vegetal cor: amarela, matéria prima: soja, tipo: cru, aplicação: ração animal ÓLEO DE SOJA REFINADO, em
embalagem P"
federal,acucar,2025,Federal/ES,1.91,kg,heuristica,"Gelatina Alimentícia apresentação: pó, origem: animal, sabor: variado PÓ PARA PREPARO DE GELATINA, sabor
morango, compos"
federal,creme_dental,2025,Federal/ES,2.29,unidade,unitario,"Dentifrício capacidade: 90, composição básica: creme dental com flúor, tipo: adulto CREME DENTAL, em creme, uso adulto,
"
federal,feijao,2025,Federal/ES,5.61,kg,descricao,"Leguminosa tipo: tipo 1, variedade: feijão carioca FEIJÃO CARIOCA, TIPO 1, embalagem
com 1Kg. "
federal,torneira,2025,Federal/ES,318.85,unidade,unitario,"Barrilete BARRILETE, MATERIAL: PLÁSTICO , GRADUAÇÃO: GRADUADO , CAPACIDADE: 20 L, COMPONENTES: COM TAMPA , ACESSÓRIOS: C"
federal,farinha_trigo,2025,Federal/ES,3.96,kg,heuristica,"Farinha De Trigo grupo: industrial, ingrediente adicional: sem fermento, tipo: tipo 1, especial FARINHA DE TRIGO ESPECIA"
federal,detergente,2025,Federal/ES,4.02,litro,heuristica,"Detergente aplicação: lavagem manual de louças, utensílios e limpeza ger, aspecto físico: líquido, características adici"
federal,ar_condicionado,2025,Federal/ES,4663.0,unidade,unitario,"Aparelho Ar Condicionado APARELHO AR CONDICIONADO, CAPACIDADE REFRIGERAÇÃO 30.000 BTU, TENSÃO 220 V,TIPO SPLIT, CARACTER"
federal,suco,2025,Federal/ES,4.6,litro,heuristica,"Peixe Em Conserva apresentação: filé, meio de cobertura: ao natural, variedade: sardinha SARDINHA AO PRÓPRIO SUCO COM
ÓL"
federal,papel_higienico,2025,Federal/ES,5.47,rolo,unitario,"Papel Higiênico comprimento: 21, cor: branca, largura: 10, material: celulose vegetal, quantidade folhas: 6.000 un, tipo"
federal,disjuntor,2024,Federal/ES,70.0,unidade,unitario,"Disjuntor baixa tensão DISJUNTOR BAIXA TENSÃO, FUNCIONAMENTO TERMOMAGNÉTICO, NÚMERO PÓLOS 3, CORRENTENOMINAL 125 A, TIPO"
federal,metformina,2024,Federal/ES,0.18,unidade,unitario,"Metformina cloridrato METFORMINA CLORIDRATO, CONCENTRAÇÃO 500 MG, FORMA FARMACÊUTICA AÇÃO PROLONGADA"
federal,biscoito,2025,Federal/ES,16.975,kg,heuristica,"Biscoito sabor: doce, tipo: peta, ingredientes: polvilho Biscoito sabor: doce, tipo: peta, ingredientes: polvilho"
federal,biscoito,2025,Federal/ES,42.17,kg,unidade_declarada,"Biscoito sabor: doce, tipo: peta, ingredientes: polvilho Biscoito sabor: doce, tipo: peta, ingredientes: polvilho"
federal,disjuntor,2024,Federal/ES,26.99,unidade,unitario,"Disjuntor baixa tensão DISJUNTOR BAIXA TENSÃO, FUNCIONAMENTO MAGNÉTICO, NÚMERO PÓLOS 3, CORRENTENOMINAL 50 A, CURVA DE D"
federal,alcool,2025,Federal/ES,18.9,litro,unidade_declarada,"Álcool etílico ÁLCOOL ETÍLICO, ASPECTO FÍSICO LÍQUIDO, FÓRMULA QUÍMICA C2H5OH, PESO MOLECULAR46,07 G/MOL, GRAU DE PUREZA"
federal,alcool,2025,Federal/ES,13.5,litro,unidade_declarada,"Álcool Etílico aspecto físico: líquido, fórmula química: c2h5oh, peso molecular: 46,07, grau de pureza: pureza mínima de"
federal,alcool,2025,Federal/ES,23.0,litro,unidade_declarada,"Álcool Etílico ÁLCOOL ETÍLICO, ASPECTO FÍSICO: LÍQUIDO , FÓRMULA QUÍMICA: C2H5OH , PESO MOLECULAR: 46,07 G/MOL, GRAU DE "
federal,alcool,2025,Federal/ES,17.29,litro,unidade_declarada,"Álcool Etílico ÁLCOOL ETÍLICO, ASPECTO FÍSICO: LÍQUIDO , FÓRMULA QUÍMICA: C2H5OH , PESO MOLECULAR: 46,07 G/MOL, GRAU DE "
federal,acucar,2025,Federal/ES,23.91,kg,heuristica,"Mistura alimentícia MISTURA ALIMENTÍCIA, INGREDIENTES AÇÚCAR, ÓLEO VEGETAL HIDROGENADO, XAROPE DEGLICO, SABOR NATURAL, A"
federal,leite_po,2025,Federal/ES,43.225,kg,heuristica,"Leite Em Pó origem: de vaca, solubilidade: instantâneo, teor gordura: integral LEITE DE VACA EM PÓ INTEGRAL
INSTANTÂNEO "
federal,lampada_led,2025,Federal/ES,3.05,unidade,unitario,"Lâmpada Led LÂMPADA LED, TENSÃO NOMINAL BIVOLT V, POTÊNCIA NOMINAL 15 W, TIPO BASE E-27,TIPO BULBO PAR-38, VIDA MÉDIA 25"
federal,farinha_trigo,2025,Federal/ES,2.3,kg,heuristica,"Macarrão apresentação: espaguete, base da massa: de farinha de trigo, ingredientes adicionais: com ovos, teor de umidade"
federal,sabao_po,2025,Federal/ES,6.05,kg,heuristica,"Sabão Pó aspecto físico: pó, características adicionais: branqueador óptico, essência, alvejante e carga, composição: te"
federal,biscoito,2025,Federal/ES,6.475,kg,heuristica,"Biscoito características adicionais: com recheio de mousse limão, sabor: doce, tipo: bolacha BISCOITO RECHEADO, diversos"
federal,pneu,2025,Federal/ES,255.0,unidade,unitario,"Pneu veículo automotivo PNEU VEÍCULO AUTOMOTIVO, MATERIAL CARCAÇA LONA POLIÉSTER, MATERIAL TALÃO ARAMEAÇO, MATERIAL BAND"
federal,torneira,2025,Federal/ES,74.86,unidade,unitario,"Torneira TORNEIRA, MATERIAL CORPO METAL, TIPO AUTOMÁTICA, DIÂMETRO 1/2 POL, ACABAMENTOSUPERFICIAL CROMADO, CARACTERISTIC"
federal,diazepam,2024,Federal/ES,1.04,unidade,unitario,"Diazepam DIAZEPAM, CONCENTRAÇÃO 10 MG/ML, FORMA FARMACEUTICA SOLUÇÃO INJETÁVEL"
federal,diazepam,2025,Federal/ES,2.1,unidade,unitario,"Diazepam concentração: 10, forma farmaceutica: solução injetável Diazepam 10mg/2ml. Ampola 2ml Diazepam concentração: 10"
federal,caneta_esferografica,2025,Federal/ES,1.88,unidade,unitario,"Caneta Esferográfica características adicionais: clipe plástico, personalizada conforme modelo, cor tinta: azul, materia"
federal,argamassa,2025,Federal/ES,0.4975,kg,descricao,"Argamassa composição: cimento, calcário e aditivos, cor: branca, características adicionais: colante de uso interno, tip"
federal,tubo_pvc,2025,Federal/ES,23.9,metro,unitario,"Tubo Pvc Soldável diâmetro nominal: 32, comprimento: 3, pressão: 80 mca, material: ppr Tubo Pvc Soldável diâmetro nomina"
federal,carne_bovina,2025,Federal/ES,43.9,kg,unidade_declarada,"Carne Bovina In Natura tipo corte: patinho, apresentação: cortada em cubos, estado de conservação: resfriado(a) Carne Bo"
federal,detergente,2025,Federal/ES,18.0,litro,unidade_declarada,"Detergente - uso odontológico DETERGENTE - USO ODONTOLÓGICO, ASPECTO FÍSICO LÍQUIDO, COMPOSIÇÃOLAURILDIETILENOGLICOLETER"
federal,torneira,2025,Federal/ES,62.92,unidade,unitario,"Torneira TORNEIRA, MATERIAL CORPO METAL, TIPO AUTOMÁTICA, DIÂMETRO 1/2 POL, ACABAMENTOSUPERFICIAL CROMADO, CARACTERISTIC"
federal,torneira,2025,Federal/ES,54.0,unidade,unitario,"Torneira TORNEIRA, MATERIAL CORPO METAL, TIPO AUTOMÁTICA, DIÂMETRO 1/2 POL, ACABAMENTOSUPERFICIAL AMARELO, CARACTERISTIC"
federal,pincel_quadro,2025,Federal/ES,4.99,unidade,unitario,"Pincel Atômico PINCEL ATÔMICO, MATERIAL PLÁSTICO RECICLADO, TIPO PONTA FELTRO, TIPO CARGADESCARTÁVEL, COR TINTA AZUL"
federal,frango,2025,Federal/ES,9.98,kg,unidade_declarada,"Carne de ave in natura CARNE DE AVE IN NATURA, TIPO ANIMAL FRANGO, TIPO CORTE COXA E SOBRECOXA,APRESENTAÇÃO INTEIRO, EST"
federal,frango,2025,Federal/ES,9.98,kg,unidade_declarada,"Carne de ave in natura CARNE DE AVE IN NATURA, TIPO ANIMAL FRANGO, TIPO CORTE COXA E SOBRECOXA,APRESENTAÇÃO INTEIRO, EST"
federal,carne_bovina,2025,Federal/ES,24.0,kg,heuristica,"Carne Salgada apresentação: cortada, estado de conservação: seco(a), origem: bovina, tipo corte: músculo dianteiro CARNE"
federal,carne_bovina,2025,Federal/ES,23.5,kg,heuristica,"Carne Salgada apresentação: cortada, estado de conservação: seco(a), origem: bovina, tipo corte: músculo dianteiro CARNE"
federal,tijolo,2025,Federal/ES,2.9,unidade,unitario,"Bloco De Concreto comprimento: 39, largura: 19, altura: 9, aplicação: jardim e paissagismo, tipo: guia de concreto orlad"
federal,seringa,2025,Federal/ES,0.56,unidade,unitario,"Seringa SERINGA, MATERIAL POLIPROPILENO, CAPACIDADE 3 ML, TIPO BICO BICO CENTRAL LUERLOCK OU SLIP, TIPO VEDAÇÃO ÊMBOLO D"
federal,grampeador,2025,Federal/ES,55.51,unidade,unitario,"Grampeador GRAMPEADOR, MATERIAL: METAL , TIPO: MESA , CAPACIDADE: ATÉ 100 FL, TAMANHO GRAMPO: 23/8, 23/10, 23/13, 24/8, "
federal,grampeador,2025,Federal/ES,44.99,unidade,unitario,"Grampeador GRAMPEADOR, MATERIAL: METAL , TIPO: MESA , CAPACIDADE: ATÉ 100 FL, TAMANHO GRAMPO: 23/8, 23/10, 23/13, 24/8, "
federal,grampeador,2025,Federal/ES,42.69,unidade,unitario,"Grampeador GRAMPEADOR, MATERIAL METAL, TIPO MESA, CAPACIDADE ATÉ 100 FL, TAMANHO GRAMPO23/8, 23/10, 23/13, 24/8, 24/10"
federal,ar_condicionado,2025,Federal/ES,2300.0,unidade,unitario,"Aparelho Ar Condicionado tipo: split, modelo: split inverter, capacidade refrigeração: 12.000, tensão: 110/220, caracter"
federal,agua_mineral,2025,Federal/ES,2.49,litro,heuristica,"Água Mineral Natural tipo: especial com gás, material embalagem: plástico, tipo embalagem: descartável Água Mineral Natu"
federal,agua_mineral,2025,Federal/ES,2.49,litro,heuristica,"Água Mineral Natural tipo: especial com gás, material embalagem: plástico, tipo embalagem: descartável Água Mineral Natu"
federal,agua_mineral,2025,Federal/ES,2.29,litro,heuristica,"Água Mineral Natural tipo: especial com gás, material embalagem: plástico, tipo embalagem: descartável Água Mineral Natu"
federal,lampada_led,2025,Federal/ES,5.6331,unidade,unitario,"Lâmpada Led LÂMPADA LED, TENSÃO NOMINAL BIVOLT V, POTÊNCIA NOMINAL 15 W, TIPO BASE E-27,TIPO BULBO 3U, FORMATO COMPACTA "
federal,grampeador,2025,Federal/ES,15.9,unidade,unitario,"Grampeador GRAMPEADOR, MATERIAL METAL, TIPO MESA, TAMANHO GRAMPO 26/6 E 26/8"
federal,toner,2025,Federal/ES,650.0,unidade,unitario,"Cartucho toner impressora hp CARTUCHO TONER IMPRESSORA HP, TIPO CARTUCHO ORIGINAL, COR CIANO, REFERÊNCIACARTUCHO 2 CF401"
federal,agua_mineral,2025,Federal/ES,1.84,litro,heuristica,"Água Mineral Natural material embalagem: plástico, tipo: especial com gás, tipo embalagem: descartável Água Mineral Natu"
federal,tubo_pvc,2025,Federal/ES,18.95,metro,unitario,"Tubo Pvc Soldável diâmetro nominal: 20, comprimento: 3 Tubo Pvc Soldável diâmetro nominal: 20, comprimento: 3"
federal,toner,2025,Federal/ES,772.71,unidade,unitario,"Cartucho toner impressora hp CARTUCHO TONER IMPRESSORA HP, TIPO CARTUCHO: ORIGINAL , COR: AMARELA , REFERÊNCIA CARTUCHO "
federal,soro_fisiologico,2025,Federal/ES,31.6,litro,descricao,"Cloreto De Sódio concentraçao: 0,9 %, forma farmaceutica: solução injetável Soro fisiológico injetável com 0,9% Cloreto "
federal,toner,2025,Federal/ES,752.98,unidade,unitario,"Cartucho toner impressora hp CARTUCHO TONER IMPRESSORA HP, TIPO CARTUCHO: ORIGINAL , COR: MAGENTA , REFERÊNCIA CARTUCHO "
federal,torneira,2025,Federal/ES,298.98,unidade,unitario,"Barrilete BARRILETE, MATERIAL PLÁSTICO, GRADUAÇÃO GRADUADO, CAPACIDADE 30 L, COMPONENTESCOM TAMPA, ACESSÓRIOS COM TORNEI"
federal,pincel_quadro,2025,Federal/ES,4.99,unidade,unitario,"Pincel Atômico PINCEL ATÔMICO, MATERIAL PLÁSTICO RECICLADO, TIPO PONTA FELTRO, TIPO CARGADESCARTÁVEL, COR TINTA PRETA"
federal,extintor,2025,Federal/ES,190.0,unidade,unitario,"Extintor Incêndio acabamento superficial cilindro: pintura vermelha, aplicação: incêndio classe ""a"", ""b"" e ""c"", capacida"
federal,ar_condicionado,2025,Federal/ES,6100.0,unidade,unitario,"Aparelho Ar Condicionado APARELHO AR CONDICIONADO, CAPACIDADE REFRIGERAÇÃO 36.000 BTU/H, TENSÃO 220 V,TIPO SPLIT, MODELO"
federal,prednisolona,2025,Federal/ES,1.8,unidade,unitario,"Prednisolona PREDNISOLONA, CONCENTRAÇÃO 20 MG, APLICAÇÃO USO VETERINÁRIO"
federal,lampada_led,2025,Federal/ES,11.8,unidade,unitario,"Lâmpada Led LÂMPADA LED, TENSÃO NOMINAL BIVOLT, POTÊNCIA NOMINAL 9 W, TIPO BASE G13, CORBRANCA FRIA, FLUXO LUMINOSO 900 "
federal,lampada_led,2025,Federal/ES,22.04,unidade,unitario,"Lâmpada led LÂMPADA LED, TENSÃO NOMINAL: BIVOLT , POTÊNCIA NOMINAL: 18 W, TIPO BASE: G13 , FORMATO: TUBULAR T8 , EQUIVAL"
federal,lampada_led,2025,Federal/ES,3.5,unidade,unitario,"Lâmpada Led características adicionais: dimerizável, fluxo luminoso: mínimo 700, frequência nominal: 50/60, potência nom"
federal,acucar,2025,Federal/ES,9.98,kg,heuristica,"Mistura Alimentícia MISTURA ALIMENTÍCIA, INGREDIENTES AÇÚCAR, AMIDO MODIFICADO DE MANDIOCA, SAL,AROMAT I, APLICAÇÃO PÃO "
federal,carne_suina,2025,Federal/ES,28.25,kg,unidade_declarada,"Carne suína in natura CARNE SUÍNA IN NATURA, TIPO CORTE: PERNIL , APRESENTAÇÃO: CORTADA EM CUBOS , PROCESSAMENTO: SEM PE"
federal,carne_suina,2025,Federal/ES,23.89,kg,unidade_declarada,"Carne suína in natura CARNE SUÍNA IN NATURA, TIPO CORTE PERNIL, APRESENTAÇÃO CORTADA EM CUBOS,PROCESSAMENTO SEM PELE, ES"
federal,acucar,2025,Federal/ES,12.0,kg,unidade_declarada,"Mistura alimentícia MISTURA ALIMENTÍCIA, INGREDIENTES AÇÚCAR, AMIDO MODIFICADO DE MANDIOCA, SAL,AROMAT I, APLICAÇÃO PÃO "
federal,seringa,2025,Federal/ES,0.47,unidade,unitario,"Seringa material: polipropileno, capacidade: 10, tipo bico: bico central luer lock ou slip, tipo vedação: êmbolo de borr"
federal,carne_suina,2025,Federal/ES,23.88,kg,unidade_declarada,"Carne suína in natura CARNE SUÍNA IN NATURA, TIPO CORTE PERNIL, APRESENTAÇÃO CORTADA EM CUBOS,PROCESSAMENTO SEM PELE, ES"
federal,carne_suina,2025,Federal/ES,21.89,kg,unidade_declarada,"Carne suína in natura CARNE SUÍNA IN NATURA, TIPO CORTE PERNIL, APRESENTAÇÃO CORTADA EM CUBOS,PROCESSAMENTO SEM PELE, ES"
federal,carne_suina,2025,Federal/ES,21.89,kg,unidade_declarada,"Carne suína in natura CARNE SUÍNA IN NATURA, TIPO CORTE PERNIL, APRESENTAÇÃO CORTADA EM CUBOS,PROCESSAMENTO SEM PELE, ES"
federal,ar_condicionado,2025,Federal/ES,3450.0,unidade,unitario,"Aparelho ar condicionado APARELHO AR CONDICIONADO, CAPACIDADE REFRIGERAÇÃO 22.000 BTU/H, TENSÃO 110/220 V, TIPO SPLIT HI"
federal,seringa,2025,Federal/ES,0.44,unidade,unitario,"Seringa SERINGA, MATERIAL POLIPROPILENO, CAPACIDADE 20 ML, TIPO BICO BICO CENTRAL LUERLOCK OU SLIP, TIPO VEDAÇÃO ÊMBOLO "
federal,carne_suina,2025,Federal/ES,21.69,kg,unidade_declarada,"Carne suína in natura CARNE SUÍNA IN NATURA, TIPO CORTE COSTELA/COSTELINHA, APRESENTAÇÃO CORTADA,ESTADO DE CONSERVAÇÃO C"
federal,seringa,2025,Federal/ES,0.62,unidade,unitario,"Seringa SERINGA, MATERIAL POLIPROPILENO, CAPACIDADE 20 ML, TIPO BICO BICO CENTRAL LUERLOCK OU SLIP, TIPO VEDAÇÃO ÊMBOLO "
federal,frango,2025,Federal/ES,18.79,kg,unidade_declarada,"Carne de ave in natura CARNE DE AVE IN NATURA, TIPO ANIMAL FRANGO ESPECIAL, TIPO CORTE SEM MIÚDOS,APRESENTAÇÃO INTEIRO, "
federal,seringa,2025,Federal/ES,0.25,unidade,unitario,"Seringa SERINGA, MATERIAL POLIPROPILENO, CAPACIDADE 3 ML, TIPO BICO BICO CENTRAL LUERLOCK OU SLIP, TIPO VEDAÇÃO ÊMBOLO D"
federal,seringa,2025,Federal/ES,0.34,unidade,unitario,"Seringa SERINGA, MATERIAL POLIPROPILENO, CAPACIDADE 3 ML, TIPO BICO BICO CENTRAL LUERLOCK OU SLIP, TIPO VEDAÇÃO ÊMBOLO D"
federal,linguica,2025,Federal/ES,18.95,kg,unidade_declarada,"Embutido EMBUTIDO, TIPO: LINGUIÇA TOSCANA , TAMANHO: GROSSA , TIPO PREPARAÇÃO: FRESCA , ESTADO DE CONSERVAÇÃO: RESFRIADO"
federal,linguica,2025,Federal/ES,18.95,kg,unidade_declarada,"Embutido tipo: linguiça toscana, tamanho: grossa, tipo preparação: fresca, estado de conservação: resfriado(a) Embutido "
federal,linguica,2025,Federal/ES,21.45,kg,unidade_declarada,"Embutido EMBUTIDO, TIPO: LINGUIÇA TOSCANA , TAMANHO: GROSSA , TIPO PREPARAÇÃO: FRESCA , ESTADO DE CONSERVAÇÃO: RESFRIADO"
federal,papel_higienico,2025,Federal/ES,5.0,rolo,unitario,"Papel Higiênico características adicionais: picotado, folha dupla, cor: branca, largura: 10, material: fibras celulósica"
federal,papel_higienico,2025,Federal/ES,4.9,rolo,unitario,"Papel Higiênico características adicionais: picotado, folha dupla, cor: branca, largura: 10, material: fibras celulósica"
federal,carne_suina,2025,Federal/ES,24.76,kg,unidade_declarada,"Carne suína in natura CARNE SUÍNA IN NATURA, TIPO CORTE SOBREPALETA (COPA LOMBO), APRESENTAÇÃOCORTADA, ESTADO DE CONSERV"
federal,carne_suina,2025,Federal/ES,27.05,kg,unidade_declarada,"Carne suína in natura CARNE SUÍNA IN NATURA, TIPO CORTE: SOBREPALETA (COPA LOMBO) , APRESENTAÇÃO: CORTADA , ESTADO DE CO"
federal,lampada_led,2024,Federal/ES,4.76,unidade,unitario,"Lâmpada led LÂMPADA LED, TENSÃO NOMINAL BIVOLT V, POTÊNCIA NOMINAL 11 W, TIPO BASE E-27,FLUXO LUMINOSO MÍNIMO 950 LM, TE"
federal,seringa,2025,Federal/ES,1.12,unidade,unitario,"Seringa SERINGA, MATERIAL POLIPROPILENO, CAPACIDADE 20 ML, TIPO BICO BICO CENTRAL LUERLOCK OU SLIP, TIPO VEDAÇÃO ÊMBOLO "
federal,seringa,2025,Federal/ES,0.19,unidade,unitario,"Seringa SERINGA, MATERIAL POLIPROPILENO, CAPACIDADE 5 ML, TIPO BICO BICO CENTRAL LUERLOCK OU SLIP, TIPO VEDAÇÃO ÊMBOLO D"
federal,seringa,2025,Federal/ES,0.32,unidade,unitario,"Seringa material: polipropileno, capacidade: 5, tipo bico: bico central luer lock ou slip, tipo vedação: êmbolo de borra"
federal,seringa,2025,Federal/ES,0.28,unidade,unitario,"Seringa material: polipropileno, capacidade: 3, tipo bico: bico central luer lock ou slip, tipo vedação: êmbolo de borra"
federal,seringa,2025,Federal/ES,0.16,unidade,unitario,"Seringa SERINGA, MATERIAL POLIPROPILENO, CAPACIDADE 3 ML, TIPO BICO BICO CENTRAL LUERLOCK OU SLIP, TIPO VEDAÇÃO ÊMBOLO D"
federal,seringa,2025,Federal/ES,0.29,unidade,unitario,"Seringa SERINGA, MATERIAL POLIPROPILENO, CAPACIDADE 5 ML, TIPO BICO BICO CENTRAL LUERLOCK OU SLIP, TIPO VEDAÇÃO ÊMBOLO D"
federal,caneta_esferografica,2025,Federal/ES,1.14,unidade,unitario,"Caneta Esferográfica CANETA ESFEROGRÁFICA, MATERIAL PLÁSTICO RECICLADO, QUANTIDADE CARGAS 1 UN,MATERIAL PONTA LATÃO COM "
federal,caneta_esferografica,2025,Federal/ES,1.14,unidade,unitario,"Caneta Esferográfica CANETA ESFEROGRÁFICA, MATERIAL PLÁSTICO RECICLADO, QUANTIDADE CARGAS 1 UN,MATERIAL PONTA LATÃO COM "
federal,caneta_esferografica,2025,Federal/ES,1.34,unidade,unitario,"Caneta Esferográfica CANETA ESFEROGRÁFICA, MATERIAL PLÁSTICO RECICLADO, QUANTIDADE CARGAS 1 UN,MATERIAL PONTA LATÃO COM "
federal,seringa,2025,Federal/ES,0.34,unidade,unitario,"Seringa SERINGA, MATERIAL POLIPROPILENO, CAPACIDADE 10 ML, TIPO BICO BICO CENTRAL LUERLOCK OU SLIP, TIPO VEDAÇÃO ÊMBOLO "
federal,lampada_led,2025,Federal/ES,19.39,unidade,unitario,"Lâmpada Led LÂMPADA LED, TENSÃO NOMINAL BIVOLT V, POTÊNCIA NOMINAL 50 W, TIPO BASE E-27,FLUXO LUMINOSO 4500 LM, TIPO SUP"
federal,lampada_led,2025,Federal/ES,22.58,unidade,unitario,"Lâmpada Led fluxo luminoso: 4500, potência nominal: 50, tensão nominal: bivolt, tipo: super led (alta potência), tipo ba"
federal,carne_suina,2025,Federal/ES,26.99,kg,unidade_declarada,"Carne Suína In Natura tipo corte: barriga, apresentação: peça inteira, estado de conservação: congelado(a) Carne Suína I"
federal,seringa,2025,Federal/ES,1.23,unidade,unitario,"Seringa SERINGA, MATERIAL: POLIPROPILENO , CAPACIDADE: 60 ML, TIPO BICO: BICO CENTRAL LUER LOCK OU SLIP , TIPO VEDAÇÃO: "
federal,grampeador,2025,Federal/ES,30.11,unidade,unitario,"Grampeador GRAMPEADOR, TRATAMENTO SUPERFICIAL NIQUELADO, MATERIAL METAL, TIPO ESCOLAR,CAPACIDADE 30 FL, TAMANHO GRAMPO 2"
federal,amoxicilina,2025,Federal/ES,12.0,unidade,unitario,"Amoxicilina AMOXICILINA, PRINCÍPIO ATIVO ASSOCIADA COM CLAVULANATO DE POTÁSSIO,CONCENTRAÇÃO 50 MG/ML + 12,5 MG/ML, FORMA"
federal,leite_integral,2025,Federal/ES,2.88,litro,heuristica,"Coalhada COALHADA, INGREDIENTES: LEITE INTEGRAL , CONSERVAÇÃO: 1 A 10 °C, PRAZO VALIDADE: 30 (FECHADO) D"
federal,papel_toalha,2025,Federal/ES,9.0,rolo,unitario,"Toalha De Papel material: 100% celulose virgem, tipo folha: 2 dobras, comprimento: 20, largura: 21, cor: branca, caracte"
federal,papel_toalha,2025,Federal/ES,6.9,rolo,unitario,"Toalha de papel TOALHA DE PAPEL, MATERIAL 100% CELULOSE VIRGEM, TIPO FOLHA 2 DOBRAS,COMPRIMENTO 20 CM, LARGURA 21 CM, CO"
federal,cartucho,2025,Federal/ES,195.0,unidade,unitario,"Cartucho Tinta Impressora Hp cor tinta: magenta, referência cartucho 5: l0s65ab, tipo cartucho: original Cartucho de tin"
federal,ar_condicionado,2025,Federal/ES,3100.0,unidade,unitario,"Aparelho Ar Condicionado APARELHO AR CONDICIONADO, CAPACIDADE REFRIGERAÇÃO 18.000 BTU, TENSÃO 110/220 V, TIPO SPLIT, MOD"
federal,ar_condicionado,2025,Federal/ES,3398.99,unidade,unitario,"Aparelho Ar Condicionado tipo: split, modelo: split inverter, capacidade refrigeração: 18.000, tensão: 110/220, caracter"
federal,disjuntor,2025,Federal/ES,249.0,unidade,unitario,"Disjuntor Alta Tensão tipo: tripolar, corrente nominal: 200, frequência nominal: 60, capacidade interrupção simétrica: 4"
federal,linguica,2025,Federal/ES,24.88,kg,unidade_declarada,"Embutido EMBUTIDO, TIPO LINGUIÇA PAIO, TIPO PREPARAÇÃO DEFUMADA, ESTADO DE CONSERVAÇÃORESFRIADO(A)"
federal,linguica,2025,Federal/ES,21.49,kg,heuristica,"Embutido EMBUTIDO, TIPO LINGUIÇA PAIO, TIPO PREPARAÇÃO DEFUMADA, ESTADO DE CONSERVAÇÃORESFRIADO(A)"
federal,linguica,2025,Federal/ES,21.49,kg,heuristica,"Embutido EMBUTIDO, TIPO LINGUIÇA PAIO, TIPO PREPARAÇÃO DEFUMADA, ESTADO DE CONSERVAÇÃORESFRIADO(A)"
federal,linguica,2025,Federal/ES,20.89,kg,unidade_declarada,"Embutido EMBUTIDO, TIPO LINGUIÇA PAIO, TIPO PREPARAÇÃO DEFUMADA, ESTADO DE CONSERVAÇÃORESFRIADO(A)"
federal,carne_bovina,2025,Federal/ES,36.8,kg,unidade_declarada,"Carne Bovina In Natura CARNE BOVINA IN NATURA, TIPO CORTE: PEITO , APRESENTAÇÃO: PEDAÇO , ESTADO DE CONSERVAÇÃO: CONGELA"
federal,carne_bovina,2025,Federal/ES,36.8,kg,unidade_declarada,"Carne Bovina In Natura tipo corte: peito, apresentação: pedaço, estado de conservação: congelado(a) Carne Bovina In Natu"
federal,carne_bovina,2025,Federal/ES,32.45,kg,unidade_declarada,"Carne Bovina In Natura CARNE BOVINA IN NATURA, TIPO CORTE: PEITO , APRESENTAÇÃO: PEDAÇO , ESTADO DE CONSERVAÇÃO: CONGELA"
federal,ar_condicionado,2025,Federal/ES,5931.91,unidade,unitario,"Aparelho Ar Condicionado APARELHO AR CONDICIONADO, CAPACIDADE REFRIGERAÇÃO 30.000 BTU, TENSÃO 110/220 V, TIPO SPLIT, MOD"
federal,sabonete,2025,Federal/ES,1.2,unidade,unitario,"Sabonete SABONETE, ASPECTO FÍSICO* SÓLIDO, COMPOSIÇÃO À BASE DE ÁCIDO SALICÍLICO"
federal,lampada_led,2025,Federal/ES,11.77,unidade,unitario,"Lâmpada Led LÂMPADA LED, TENSÃO NOMINAL BIVOLT V, POTÊNCIA NOMINAL 30 W, TIPO BASE E-27,FLUXO LUMINOSO MÍN. 2300 LM, TIP"
federal,carne_suina,2025,Federal/ES,16.4,kg,unidade_declarada,"Carne Suína In Natura CARNE SUÍNA IN NATURA, TIPO CORTE: TOUCINHO , APRESENTAÇÃO: EM MANTA , ESTADO DE CONSERVAÇÃO: CONG"
federal,carne_suina,2025,Federal/ES,16.4,kg,unidade_declarada,"Carne Suína In Natura tipo corte: toucinho, apresentação: em manta, estado de conservação: congelado(a) Carne Suína In N"
federal,carne_suina,2025,Federal/ES,20.0,kg,unidade_declarada,"Carne Suína In Natura CARNE SUÍNA IN NATURA, TIPO CORTE: TOUCINHO , APRESENTAÇÃO: EM MANTA , ESTADO DE CONSERVAÇÃO: CONG"
federal,carne_suina,2025,Federal/ES,14.9,kg,unidade_declarada,"Carne Suína In Natura tipo corte: toucinho, apresentação: em manta, estado de conservação: congelado(a) Carne Suína In N"
federal,carne_suina,2025,Federal/ES,15.89,kg,unidade_declarada,"Carne suína in natura CARNE SUÍNA IN NATURA, TIPO CORTE TOUCINHO, APRESENTAÇÃO CORTADA,PROCESSAMENTO SEM PELE, ESTADO DE"
federal,frango,2025,Federal/ES,24.93,kg,unidade_declarada,"Carne De Ave In Natura tipo animal: frango, tipo corte: peito, apresentação: inteiro, estado de conservação: congelado(a"
federal,frango,2025,Federal/ES,24.93,kg,unidade_declarada,"Carne De Ave In Natura tipo animal: frango, tipo corte: peito, apresentação: inteiro, estado de conservação: congelado(a"
federal,frango,2025,Federal/ES,19.48,kg,unidade_declarada,"Carne De Ave In Natura tipo animal: frango, tipo corte: coxa e sobrecoxa, apresentação: inteiro, estado de conservação: "
federal,frango,2025,Federal/ES,13.78,kg,unidade_declarada,"Carne De Ave In Natura CARNE DE AVE IN NATURA, TIPO ANIMAL: FRANGO , TIPO CORTE: COXA E SOBRECOXA , APRESENTAÇÃO: INTEIR"
federal,frango,2025,Federal/ES,19.48,kg,unidade_declarada,"Carne De Ave In Natura CARNE DE AVE IN NATURA, TIPO ANIMAL: FRANGO , TIPO CORTE: COXA E SOBRECOXA , APRESENTAÇÃO: INTEIR"
federal,lampada_led,2025,Federal/ES,5.98,unidade,unitario,"Lâmpada led LÂMPADA LED, TENSÃO NOMINAL BIVOLT V, POTÊNCIA NOMINAL 9 W, TIPO BASE G13,CARACTERÍSTICAS ADICIONAIS FASE E "
federal,alcool,2025,Federal/ES,12.0,litro,heuristica,"Álcool Etílico ÁLCOOL ETÍLICO, TEOR ALCOÓLICO: 70% P/P (70 °GL) , COMPOSIÇÃO BÁSICA: GLICERINADO , CARACTERÍSTICAS ADICI"
federal,leite_integral,2025,Federal/ES,4.91,litro,heuristica,"Leite Fluido LEITE FLUIDO, ORIGEM DE VACA, TIPO A, TEOR GORDURA INTEGRAL, PROCESSAMENTO UHT"
federal,leite_integral,2025,Federal/ES,4.91,litro,heuristica,"Leite Fluido LEITE FLUIDO, ORIGEM DE VACA, TIPO A, TEOR GORDURA INTEGRAL, PROCESSAMENTO UHT"
federal,apontador,2025,Federal/ES,0.87,unidade,unitario,"Apontador Lápis material: termoplástico, tipo: escolar, cor: variada, tamanho: médio, quantidade furos: 1, característic"
federal,leite_integral,2024,Federal/ES,5.09,litro,heuristica,"Leite Fluido LEITE FLUIDO, ORIGEM DE VACA, TIPO A, TEOR GORDURA INTEGRAL, PROCESSAMENTO UHT"
federal,leite_integral,2025,Federal/ES,5.19,litro,heuristica,"Leite Fluido LEITE FLUIDO, ORIGEM DE VACA, TIPO A, TEOR GORDURA INTEGRAL, PROCESSAMENTO UHT"
federal,leite_integral,2024,Federal/ES,5.09,litro,heuristica,"Leite Fluido LEITE FLUIDO, ORIGEM DE VACA, TIPO A, TEOR GORDURA INTEGRAL, PROCESSAMENTO UHT"
federal,leite_integral,2025,Federal/ES,5.59,litro,heuristica,"Leite Fluido origem: de vaca, tipo: a, teor gordura: integral, processamento: uht Leite Fluido origem: de vaca, tipo: a,"
federal,leite_integral,2025,Federal/ES,5.4,litro,heuristica,"Leite Fluido LEITE FLUIDO, ORIGEM DE VACA, TIPO A, TEOR GORDURA INTEGRAL, PROCESSAMENTO UHT"
federal,leite_integral,2025,Federal/ES,5.79,litro,heuristica,"Leite Fluido origem: de vaca, tipo: a, teor gordura: integral, processamento: uht Leite Fluido origem: de vaca, tipo: a,"
federal,leite_integral,2025,Federal/ES,5.29,litro,heuristica,"Leite Fluido origem: de vaca, tipo: a, teor gordura: integral, processamento: uht Leite Fluido origem: de vaca, tipo: a,"
federal,cartucho,2025,Federal/ES,385.0,unidade,unitario,"Cartucho Tinta Impressora Hp cor tinta: preta, referência cartucho 3: c8721wl, tipo cartucho: original Cartucho de tinta"
federal,seringa,2025,Federal/ES,3.12,unidade,unitario,"Seringa SERINGA, MATERIAL: POLIPROPILENO , CAPACIDADE: 60 ML, TIPO BICO: BICO TIPO CATETER , TIPO VEDAÇÃO: ÊMBOLO DE BOR"
federal,pneu,2025,Federal/ES,1070.0,unidade,unitario,"Cadeira de rodas CADEIRA DE RODAS, TIPO FUNCIONAMENTO MANUAL, TIPO CONSTRUTIVO DOBRÁVEL,MATERIAL ESTRUTURA AÇO CARBONO, "
federal,farinha_mandioca,2025,Federal/ES,3.87,kg,heuristica,"Farinha De Mandioca FARINHA DE MANDIOCA, GRUPO SECA, SUBGRUPO BRANCA TORRADA, CLASSE FINA, ASPECTOFÍSICO TIPO 1, ACIDEZ "
federal,farinha_mandioca,2025,Federal/ES,4.5,kg,descricao,"Farinha De Mandioca acidez: baixa acidez, aspecto físico: tipo 1, classe: fina, grupo: seca, subgrupo: branca torrada FA"
federal,farinha_mandioca,2025,Federal/ES,5.23,kg,descricao,"Farinha De Mandioca acidez: baixa acidez, aspecto físico: tipo 1, classe: fina, grupo: seca, subgrupo: branca torrada FA"
federal,sabonete,2025,Federal/ES,8.61,unidade,unitario,"Saboneteira altura: 16, largura: 7,5, capacidade: 500, tipo uso: sabonete líquido, características adicionais: com  valv"
federal,farinha_mandioca,2024,Federal/ES,5.35,kg,heuristica,"Farinha De Mandioca FARINHA DE MANDIOCA, GRUPO SECA, SUBGRUPO BRANCA TORRADA, CLASSE FINA, ASPECTOFÍSICO TIPO 1, ACIDEZ "
federal,farinha_mandioca,2024,Federal/ES,4.9,kg,heuristica,"Farinha De Mandioca FARINHA DE MANDIOCA, GRUPO SECA, SUBGRUPO BRANCA TORRADA, CLASSE FINA, ASPECTOFÍSICO TIPO 1, ACIDEZ "
federal,farinha_mandioca,2025,Federal/ES,6.94,kg,heuristica,"Farinha De Mandioca FARINHA DE MANDIOCA, GRUPO SECA, SUBGRUPO BRANCA TORRADA, CLASSE FINA, ASPECTOFÍSICO TIPO 1, ACIDEZ "
federal,farinha_mandioca,2025,Federal/ES,7.36,kg,heuristica,"Farinha De Mandioca FARINHA DE MANDIOCA, GRUPO SECA, SUBGRUPO BRANCA TORRADA, CLASSE FINA, ASPECTOFÍSICO TIPO 1, ACIDEZ "
federal,farinha_mandioca,2024,Federal/ES,5.35,kg,heuristica,"Farinha De Mandioca FARINHA DE MANDIOCA, GRUPO SECA, SUBGRUPO BRANCA TORRADA, CLASSE FINA, ASPECTOFÍSICO TIPO 1, ACIDEZ "
federal,farinha_mandioca,2024,Federal/ES,4.9,kg,heuristica,"Farinha De Mandioca FARINHA DE MANDIOCA, GRUPO SECA, SUBGRUPO BRANCA TORRADA, CLASSE FINA, ASPECTOFÍSICO TIPO 1, ACIDEZ "
federal,cartucho,2025,Federal/ES,195.0,unidade,unitario,"Cartucho Tinta Impressora Hp cor tinta: ciano, referência cartucho 5: l0s62ab, tipo cartucho: original Cartucho de tinta"
federal,agua_mineral,2025,Federal/ES,1.2,litro,heuristica,"Água Mineral Natural ÁGUA MINERAL NATURAL, TIPO COM GÁS, MATERIAL EMBALAGEM PLÁSTICO, TIPOEMBALAGEM DESCARTÁVEL"
federal,farinha_trigo,2025,Federal/ES,2.3,kg,heuristica,"Macarrão apresentação: espaguete, base da massa: de farinha de trigo, ingredientes adicionais: com ovos, teor de umidade"
federal,farinha_trigo,2025,Federal/ES,2.29,kg,heuristica,"Macarrão apresentação: espaguete, base da massa: de farinha de trigo, ingredientes adicionais: com ovos, teor de umidade"
federal,agua_mineral,2025,Federal/ES,1.3,litro,heuristica,"Água Mineral Natural ÁGUA MINERAL NATURAL, TIPO COM GÁS, MATERIAL EMBALAGEM PLÁSTICO, TIPOEMBALAGEM DESCARTÁVEL"
federal,creme_leite,2025,Federal/ES,18.92,kg,heuristica,"Creme De Leite CREME DE LEITE, TEOR GORDURA ATÉ 20% DE GORDURA, PROCESSAMENTO UHT"
federal,creme_leite,2025,Federal/ES,25.88,kg,heuristica,"Creme De Leite CREME DE LEITE, TEOR GORDURA: ATÉ 20% DE GORDURA , PROCESSAMENTO: UHT , TRATAMENTO: HOMOGENEIZADO "
federal,creme_leite,2025,Federal/ES,18.71,kg,heuristica,"Creme De Leite CREME DE LEITE, TEOR GORDURA ATÉ 20% DE GORDURA, PROCESSAMENTO UHT, TRATAMENTOHOMOGENEIZADO"
federal,pendrive,2025,Federal/ES,41.0,unidade,unitario,"Memória portátil microcomputador MEMÓRIA PORTÁTIL MICROCOMPUTADOR, CAPACIDADE MEMÓRIA 128 GB, INTERFACE USB 2.0, CARACTE"
federal,lampada_led,2025,Federal/ES,11.07,unidade,unitario,"Luminária LUMINÁRIA, TIPO EMBUTIR, MATERIAL CORPO ALUMÍNIO, MATERIAL REFLETOR ACRÍLICO,FORMATO QUADRADO, TIPO LÂMPADA LE"
federal,alcool,2025,Federal/ES,4.98,litro,heuristica,"Álcool Etílico Limpeza De Ambientes ÁLCOOL ETÍLICO LIMPEZA DE AMBIENTES, TIPO: ETÍLICO HIDRATADO , CARACTERÍSTICAS ADICI"
federal,creme_leite,2025,Federal/ES,11.21,kg,heuristica,"Creme De Leite CREME DE LEITE, TEOR GORDURA: ACIMA DE 40% DE GORDURA , PROCESSAMENTO: PASTEURIZADO , CARACTERÍSTICAS ADI"
federal,alcool,2025,Federal/ES,5.07,litro,heuristica,"Álcool Etílico Limpeza De Ambientes ÁLCOOL ETÍLICO LIMPEZA DE AMBIENTES, TIPO ETÍLICO HIDRATADO, CARACTERÍSTICASADICIONA"
federal,alcool,2025,Federal/ES,6.8,litro,unidade_declarada,"Álcool Etílico Limpeza De Ambientes ÁLCOOL ETÍLICO LIMPEZA DE AMBIENTES, TIPO ETÍLICO HIDRATADO, CARACTERÍSTICASADICIONA"
federal,toner,2025,Federal/ES,60.0,unidade,unitario,"Cartucho toner impressora hp CARTUCHO TONER IMPRESSORA HP, TIPO CARTUCHO ORIGINAL, COR PRETA, REFERÊNCIACARTUCHO 2 CF400"
federal,carne_bovina,2025,Federal/ES,33.99,kg,heuristica,"Carne Bovina In Natura tipo corte: acém, apresentação: peça inteira, processamento: sem osso, estado de conservação: res"
federal,carne_bovina,2025,Federal/ES,29.44,kg,unidade_declarada,"Carne bovina in natura CARNE BOVINA IN NATURA, TIPO CORTE ACÉM, APRESENTAÇÃO PEÇA INTEIRA,PROCESSAMENTO SEM OSSO, ESTADO"
federal,carne_bovina,2025,Federal/ES,27.9,kg,unidade_declarada,"Carne bovina in natura CARNE BOVINA IN NATURA, TIPO CORTE ACÉM, APRESENTAÇÃO PEÇA INTEIRA,PROCESSAMENTO SEM OSSO, ESTADO"
federal,carne_bovina,2025,Federal/ES,18.7,kg,unidade_declarada,"Carne bovina in natura CARNE BOVINA IN NATURA, TIPO CORTE COSTELA, APRESENTAÇÃO PEDAÇO, ESTADO DECONSERVAÇÃO CONGELADO(A"
federal,carne_bovina,2025,Federal/ES,21.98,kg,unidade_declarada,"Carne bovina in natura CARNE BOVINA IN NATURA, TIPO CORTE COSTELA, APRESENTAÇÃO PEDAÇO, ESTADO DECONSERVAÇÃO CONGELADO(A"
federal,carne_bovina,2025,Federal/ES,21.98,kg,unidade_declarada,"Carne bovina in natura CARNE BOVINA IN NATURA, TIPO CORTE COSTELA, APRESENTAÇÃO PEDAÇO, ESTADO DECONSERVAÇÃO CONGELADO(A"
federal,carne_bovina,2025,Federal/ES,38.45,kg,unidade_declarada,"Carne bovina in natura CARNE BOVINA IN NATURA, TIPO CORTE COXÃO MOLE, APRESENTAÇÃO PEÇA INTEIRA,ESTADO DE CONSERVAÇÃO CO"
federal,carne_bovina,2025,Federal/ES,32.3,kg,unidade_declarada,"Carne bovina in natura CARNE BOVINA IN NATURA, TIPO CORTE COXÃO MOLE, APRESENTAÇÃO PEÇA INTEIRA,ESTADO DE CONSERVAÇÃO CO"
federal,desinfetante,2025,Federal/ES,40.0,litro,unidade_declarada,"Desinfetante DESINFETANTE, PRINCÍPIO ATIVO À BASE DE CLORETO DE BENZALCÔNIO, TEOR ATIVO1,40%, FORMA FÍSICA SOLUÇÃO AQUOS"
federal,carne_bovina,2025,Federal/ES,13.1,kg,unidade_declarada,"Carne bovina in natura CARNE BOVINA IN NATURA, TIPO CORTE FÍGADO, APRESENTAÇÃO PEÇA INTEIRA, ESTADODE CONSERVAÇÃO CONGEL"
federal,notebook,2025,Federal/ES,7479.98,unidade,unitario,"Notebook NOTEBOOK, TELA ATÉ 14 POL, INTERATIVIDADE DA TELA SEM INTERATIVIDADE, MEMÓRIARAM ATÉ 4 GB, NÚCLEOS POR PROCESSA"
federal,acucar,2025,Federal/ES,22.49,kg,heuristica,"Suco apresentação: líquido, sabor: uva, tipo: integral, características adicionais: concentrado e sem adição de açúcar, "
federal,acucar,2025,Federal/ES,12.0,kg,heuristica,"Suco SUCO, APRESENTAÇÃO LÍQUIDO, SABOR UVA, TIPO INTEGRAL, CARACTERÍSTICASADICIONAIS CONCENTRADO E SEM ADIÇÃO DE AÇÚCAR,"
federal,iogurte,2025,Federal/ES,5.55,litro,heuristica,"Iogurte Natural teor gordura: integral, sabor: sem sabor Iogurte Natural teor gordura: integral, sabor: sem sabor"
federal,acucar,2025,Federal/ES,19.5,kg,heuristica,"Suco SUCO, APRESENTAÇÃO LÍQUIDO, SABOR UVA, TIPO INTEGRAL, CARACTERÍSTICASADICIONAIS CONCENTRADO E SEM ADIÇÃO DE AÇÚCAR,"
federal,iogurte,2025,Federal/ES,3.49,litro,heuristica,"Iogurte Natural IOGURTE NATURAL, TEOR GORDURA: INTEGRAL , SABOR: SEM SABOR "
federal,iogurte,2025,Federal/ES,4.19,litro,heuristica,"Iogurte Natural teor gordura: desnatado, sabor: sem sabor Iogurte Natural teor gordura: desnatado, sabor: sem sabor"
federal,envelope,2025,Federal/ES,0.29,unidade,unitario,"Envelope Plástico ENVELOPE PLÁSTICO, TIPO PLÁSTICO PLÁSTICO INCOLOR, COMPRIMENTO 32 CM, LARGURA24,5 CM, CARACTERÍSTICAS "
federal,amaciante,2025,Federal/ES,2.565,litro,heuristica,"Amaciante de roupa AMACIANTE DE ROUPA, ASPECTO FÍSICO LÍQUIDO VISCOSO, COMPOSIÇÃO CLORETODIESTEARIL DIMETIL AMÔNIO TENSO"
federal,caneta_esferografica,2025,Federal/ES,0.7,unidade,unitario,"Caneta Esferográfica CANETA ESFEROGRÁFICA, MATERIAL ACRÍLICO TRANSPARENTE, QUANTIDADE CARGAS 1 UN,MATERIAL PONTA ESFERA "
federal,carne_bovina,2025,Federal/ES,36.29,kg,unidade_declarada,"Carne bovina in natura CARNE BOVINA IN NATURA, TIPO CORTE MAMINHA DA ALCATRA, APRESENTAÇÃO PEÇAINTEIRA, ESTADO DE CONSER"
federal,carne_bovina,2025,Federal/ES,36.0,kg,unidade_declarada,"Carne bovina in natura CARNE BOVINA IN NATURA, TIPO CORTE MAMINHA DA ALCATRA, APRESENTAÇÃO PEÇAINTEIRA, ESTADO DE CONSER"
federal,carne_suina,2025,Federal/ES,25.19,kg,unidade_declarada,"Carne suína in natura CARNE SUÍNA IN NATURA, TIPO CORTE COSTELA/COSTELINHA, APRESENTAÇÃO EM MANTA,ESTADO DE CONSERVAÇÃO "
federal,carne_suina,2025,Federal/ES,29.99,kg,unidade_declarada,"Carne Suína In Natura tipo corte: lombo, apresentação: fatiada, processamento: temperada, estado de conservação: resfria"
federal,frango,2025,Federal/ES,18.61,kg,unidade_declarada,"Carne processada CARNE PROCESSADA, VARIEDADE STEAK, TIPO FRANGO, SABOR TEMPERADO, TIPOPREPARAÇÃO PRÉ COZIDO, EMPANADO, E"
federal,frango,2025,Federal/ES,18.61,kg,unidade_declarada,"Carne processada CARNE PROCESSADA, VARIEDADE STEAK, TIPO FRANGO, SABOR TEMPERADO, TIPOPREPARAÇÃO PRÉ COZIDO, EMPANADO, E"
federal,carne_bovina,2025,Federal/ES,31.9,kg,heuristica,"Carne Bovina In Natura tipo corte: músculo traseiro, apresentação: cortada em cubos, estado de conservação: resfriado(a)"
federal,carne_bovina,2025,Federal/ES,37.79,kg,unidade_declarada,"Carne bovina in natura CARNE BOVINA IN NATURA, TIPO CORTE PATINHO, APRESENTAÇÃO PEÇA INTEIRA, ESTADODE CONSERVAÇÃO CONGE"
federal,carne_bovina,2025,Federal/ES,34.9,kg,unidade_declarada,"Carne bovina in natura CARNE BOVINA IN NATURA, TIPO CORTE PATINHO, APRESENTAÇÃO PEÇA INTEIRA, ESTADODE CONSERVAÇÃO CONGE"
federal,suco,2025,Federal/ES,47.8524,litro,descricao,"Jarra JARRA, MATERIAL VIDRO, CAPACIDADE 4,2 L, MODELO COM TAMPA, APLICAÇÃO ÁGUA/SUCO, CARACTERÍSTICAS ADICIONAIS COM TOR"
federal,carne_bovina,2025,Federal/ES,37.9,kg,unidade_declarada,"Carne bovina in natura CARNE BOVINA IN NATURA, TIPO CORTE PATINHO, APRESENTAÇÃO FATIADA EM BIFE,ESTADO DE CONSERVAÇÃO CO"
federal,carne_bovina,2025,Federal/ES,51.76,kg,unidade_declarada,"Carne bovina in natura CARNE BOVINA IN NATURA, TIPO CORTE: PATINHO , APRESENTAÇÃO: FATIADA EM BIFE , ESTADO DE CONSERVAÇ"
federal,linguica,2025,Federal/ES,14.37,kg,unidade_declarada,"Embutido EMBUTIDO, TIPO: LINGUIÇA CALABRESA , TAMANHO: GROSSA , TIPO PREPARAÇÃO: DEFUMADA , ESTADO DE CONSERVAÇÃO: RESFR"
federal,linguica,2025,Federal/ES,14.37,kg,unidade_declarada,"Embutido EMBUTIDO, TIPO: LINGUIÇA CALABRESA , TAMANHO: GROSSA , TIPO PREPARAÇÃO: DEFUMADA , ESTADO DE CONSERVAÇÃO: RESFR"
federal,linguica,2025,Federal/ES,14.37,kg,unidade_declarada,"Embutido EMBUTIDO, TIPO: LINGUIÇA CALABRESA , TAMANHO: GROSSA , TIPO PREPARAÇÃO: DEFUMADA , ESTADO DE CONSERVAÇÃO: RESFR"
federal,lampada_led,2024,Federal/ES,23.52,unidade,unitario,"Refletor REFLETOR, MATERIAL CORPO ALUMÍNIO, TIPO LÂMPADA LED, POTÊNCIA LÂMPADA 100 W,TENSÃO ALIMENTAÇÃO BIVOLT"
federal,carne_suina,2025,Federal/ES,24.97,kg,unidade_declarada,"Carne Suína In Natura CARNE SUÍNA IN NATURA, TIPO CORTE: LOMBO , APRESENTAÇÃO: PEÇA INTEIRA , ESTADO DE CONSERVAÇÃO: CON"
federal,carne_suina,2025,Federal/ES,26.95,kg,unidade_declarada,"Carne Suína In Natura tipo corte: lombo, apresentação: peça inteira, estado de conservação: congelado(a) Carne Suína In "
federal,carne_suina,2025,Federal/ES,26.95,kg,unidade_declarada,"Carne Suína In Natura CARNE SUÍNA IN NATURA, TIPO CORTE: LOMBO , APRESENTAÇÃO: PEÇA INTEIRA , ESTADO DE CONSERVAÇÃO: CON"
federal,carne_suina,2025,Federal/ES,18.5,kg,unidade_declarada,"Carne suína in natura CARNE SUÍNA IN NATURA, TIPO CORTE LOMBO, APRESENTAÇÃO PEÇA INTEIRA, ESTADO DECONSERVAÇÃO CONGELADO"
federal,carne_suina,2025,Federal/ES,22.5,kg,unidade_declarada,"Carne suína in natura CARNE SUÍNA IN NATURA, TIPO CORTE LOMBO, APRESENTAÇÃO PEÇA INTEIRA, ESTADO DECONSERVAÇÃO CONGELADO"
federal,carne_suina,2025,Federal/ES,19.99,kg,unidade_declarada,"Carne Suína In Natura tipo corte: paleta, apresentação: peça inteira, processamento: sem osso, estado de conservação: re"
federal,linguica,2025,Federal/ES,26.86,kg,unidade_declarada,"Embutido EMBUTIDO, TIPO: LINGUIÇA CALABRESA , TAMANHO: GROSSA , TIPO PREPARAÇÃO: DEFUMADA , ESTADO DE CONSERVAÇÃO: RESFR"
federal,gas_glp,2025,Federal/ES,105.0,botijao_13kg,unitario,"Botijão Para Gás acessórios: com válvula e mecanismo de segurança, capacidade: cerca de 13, uso: doméstico Gás de Cozinh"
federal,mortadela,2025,Federal/ES,21.97,kg,unidade_declarada,"Frios FRIOS, VARIEDADE MORTADELA, TIPO BOLOGNA, TIPO PREPARAÇÃO DEFUMADO,APRESENTAÇÃO PEÇA INTEIRA, ESTADO DE CONSERVAÇÃ"
federal,frango,2025,Federal/ES,28.5,kg,unidade_declarada,"Carne De Ave In Natura tipo animal: frango, tipo corte: filé de peito, apresentação: fatiado, estado de conservação: con"
federal,frango,2025,Federal/ES,21.69,kg,unidade_declarada,"Carne De Ave In Natura tipo animal: frango, tipo corte: filé de peito, apresentação: fatiado, estado de conservação: con"
federal,lampada_led,2025,Federal/ES,10.0,unidade,unitario,"Lâmpada Led LÂMPADA LED, TENSÃO NOMINAL BIVOLT V, POTÊNCIA NOMINAL 9 W, TIPO BASE G13,FORMATO TUBULAR T8, EQUIVALÊNCIA F"
federal,mortadela,2025,Federal/ES,23.98,kg,unidade_declarada,"Frios FRIOS, VARIEDADE MORTADELA, TIPO BOLOGNA, TIPO PREPARAÇÃO DEFUMADO,APRESENTAÇÃO PEÇA INTEIRA, ESTADO DE CONSERVAÇÃ"
federal,mortadela,2025,Federal/ES,29.73,kg,unidade_declarada,"Frios FRIOS, VARIEDADE: MORTADELA , TIPO: BOLOGNA , TIPO PREPARAÇÃO: DEFUMADO , APRESENTAÇÃO: PEÇA INTEIRA , ESTADO DE C"
federal,frango,2025,Federal/ES,22.95,kg,unidade_declarada,"Carne De Ave In Natura CARNE DE AVE IN NATURA, TIPO ANIMAL: FRANGO , TIPO CORTE: FILÉ DE PEITO , APRESENTAÇÃO: FATIADO ,"
federal,linguica,2025,Federal/ES,18.49,kg,unidade_declarada,"Embutido EMBUTIDO, TIPO: LINGUIÇA CALABRESA , TAMANHO: GROSSA , TIPO PREPARAÇÃO: DEFUMADA , ESTADO DE CONSERVAÇÃO: RESFR"
federal,mortadela,2025,Federal/ES,26.35,kg,unidade_declarada,"Frios FRIOS, VARIEDADE MORTADELA, TIPO BOLOGNA, TIPO PREPARAÇÃO DEFUMADO,APRESENTAÇÃO PEÇA INTEIRA, ESTADO DE CONSERVAÇÃ"
federal,linguica,2025,Federal/ES,18.0,kg,unidade_declarada,"Embutido EMBUTIDO, TIPO LINGUIÇA CALABRESA, TAMANHO GROSSA, TIPO PREPARAÇÃO DEFUMADA,ESTADO DE CONSERVAÇÃO RESFRIADO(A)"
federal,frango,2025,Federal/ES,25.52,kg,unidade_declarada,"Carne de ave in natura CARNE DE AVE IN NATURA, TIPO ANIMAL: FRANGO , TIPO CORTE: FILÉ DE PEITO , APRESENTAÇÃO: FATIADO ,"
federal,frango,2025,Federal/ES,20.98,kg,unidade_declarada,"Carne de ave in natura CARNE DE AVE IN NATURA, TIPO ANIMAL: FRANGO , TIPO CORTE: FILÉ DE PEITO , APRESENTAÇÃO: FATIADO ,"
federal,frango,2025,Federal/ES,18.9,kg,unidade_declarada,"Carne De Ave In Natura CARNE DE AVE IN NATURA, TIPO ANIMAL: FRANGO , TIPO CORTE: FILÉ DE PEITO , APRESENTAÇÃO: FATIADO ,"
federal,frango,2025,Federal/ES,22.95,kg,unidade_declarada,"Carne De Ave In Natura tipo animal: frango, tipo corte: filé de peito, apresentação: fatiado, estado de conservação: con"
federal,mortadela,2025,Federal/ES,24.5,kg,unidade_declarada,"Frios FRIOS, VARIEDADE MORTADELA, TIPO BOLOGNA, TIPO PREPARAÇÃO DEFUMADO,APRESENTAÇÃO PEÇA INTEIRA, ESTADO DE CONSERVAÇÃ"
federal,farinha_trigo,2025,Federal/ES,10.89,kg,heuristica,"Mucilagem base: farinha de trigo, aveia e cevada, características adicionais: enriquecido com vitaminas e minerais com g"
federal,frango,2025,Federal/ES,19.91,kg,unidade_declarada,"Carne de ave in natura CARNE DE AVE IN NATURA, TIPO ANIMAL FRANGO, TIPO CORTE FILÉ DE PEITO,APRESENTAÇÃO FATIADO, ESTADO"
federal,frango,2025,Federal/ES,19.91,kg,unidade_declarada,"Carne de ave in natura CARNE DE AVE IN NATURA, TIPO ANIMAL FRANGO, TIPO CORTE FILÉ DE PEITO,APRESENTAÇÃO FATIADO, ESTADO"
federal,torneira,2024,Federal/ES,37.98,unidade,unitario,"Introdutor percutâneo INTRODUTOR PERCUTÂNEO, TIPO ARTERIAL, COMPONENTE 1 BAINHA VALVULADA C/ SAÍDALATERAL, DILATADOR, CO"
federal,torneira,2024,Federal/ES,63.0,unidade,unitario,"Introdutor percutâneo INTRODUTOR PERCUTÂNEO, TIPO ARTERIAL, COMPONENTE 1 BAINHA VALVULADA C/ SAÍDALATERAL, DILATADOR, CO"
federal,torneira,2024,Federal/ES,63.0,unidade,unitario,"Introdutor percutâneo INTRODUTOR PERCUTÂNEO, TIPO ARTERIAL, COMPONENTE 1 BAINHA VALVULADA C/ SAÍDALATERAL, DILATADOR, CO"
federal,lampada_led,2025,Federal/ES,7.4,unidade,unitario,"Lâmpada led LÂMPADA LED, TENSÃO NOMINAL BIVOLT, POTÊNCIA NOMINAL 18 W, TIPO BASE G13, CORBRANCA FRIA, FLUXO LUMINOSO MÍN"
federal,bacon,2025,Federal/ES,29.9,kg,unidade_declarada,"Carne defumada CARNE DEFUMADA, TIPO CORTE TOUCINHO (BACON), TIPO ANIMAL SUÍNA, APRESENTAÇÃOEM MANTAS, ESTADO DE CONSERVA"
federal,carne_bovina,2025,Federal/ES,28.95,kg,unidade_declarada,"Carne bovina in natura CARNE BOVINA IN NATURA, TIPO CORTE PALETA (PÁ), APRESENTAÇÃO CORTADA EM CUBOS,ESTADO DE CONSERVAÇ"
federal,carne_bovina,2025,Federal/ES,30.98,kg,unidade_declarada,"Carne bovina in natura CARNE BOVINA IN NATURA, TIPO CORTE PALETA (PÁ), APRESENTAÇÃO CORTADA EM CUBOS,ESTADO DE CONSERVAÇ"
federal,carne_bovina,2025,Federal/ES,36.79,kg,unidade_declarada,"Carne bovina in natura CARNE BOVINA IN NATURA, TIPO CORTE: PALETA (PÁ) , APRESENTAÇÃO: CORTADA EM CUBOS , ESTADO DE CONS"
federal,envelope,2025,Federal/ES,0.1,unidade,unitario,"Envelope ENVELOPE, MATERIAL OFFSET, MODELO OFÍCIO, TAMANHO (C X L) 114 X 229 MM, CORBRANCO, GRAMATURA 75 G/M2"
federal,ar_condicionado,2025,Federal/ES,15998.98,unidade,unitario,Elaboração / Análise Projeto - Engenharia Elaboração / Análise Projeto - Engenharia. contratação de empresa especializad
federal,agua_mineral,2025,Federal/ES,2.69,litro,heuristica,"Água Mineral Natural tipo: sem gás, material embalagem: plástico, tipo embalagem: descartável Água Mineral Natural tipo:"
federal,seringa,2025,Federal/ES,0.67,unidade,unitario,"Seringa SERINGA, MATERIAL POLIPROPILENO, CAPACIDADE 5 ML, TIPO BICO BICO CENTRAL LUERLOCK OU SLIP, TIPO VEDAÇÃO ÊMBOLO D"
federal,lampada_led,2025,Federal/ES,104.88,unidade,unitario,"Luminária LUMINÁRIA, TIPO DE MESA, MATERIAL CORPO PLÁSTICO, TIPO LÂMPADA LED, COR BRANCA, QUANTIDADE LÂMPADAS 1 UN, CARA"
federal,carne_bovina,2025,Federal/ES,21.43,kg,unidade_declarada,"Carne bovina in natura CARNE BOVINA IN NATURA, TIPO CORTE ACÉM, APRESENTAÇÃO MOIDA, ESTADO DECONSERVAÇÃO CONGELADO(A)"
federal,carne_bovina,2025,Federal/ES,21.43,kg,unidade_declarada,"Carne bovina in natura CARNE BOVINA IN NATURA, TIPO CORTE ACÉM, APRESENTAÇÃO MOIDA, ESTADO DECONSERVAÇÃO CONGELADO(A)"
federal,frango,2025,Federal/ES,11.95,kg,unidade_declarada,"Carne de ave in natura CARNE DE AVE IN NATURA, TIPO ANIMAL FRANGO, TIPO CORTE SOBRECOXA, APRESENTAÇÃOINTEIRO, ESTADO DE "
federal,frango,2025,Federal/ES,12.89,kg,unidade_declarada,"Carne de ave in natura CARNE DE AVE IN NATURA, TIPO ANIMAL FRANGO, TIPO CORTE SOBRECOXA, APRESENTAÇÃOINTEIRO, ESTADO DE "
federal,frango,2025,Federal/ES,11.95,kg,unidade_declarada,"Carne de ave in natura CARNE DE AVE IN NATURA, TIPO ANIMAL FRANGO, TIPO CORTE SOBRECOXA, APRESENTAÇÃOINTEIRO, ESTADO DE "
federal,frango,2025,Federal/ES,11.96,kg,unidade_declarada,"Carne de ave in natura CARNE DE AVE IN NATURA, TIPO ANIMAL FRANGO, TIPO CORTE SOBRECOXA, APRESENTAÇÃOINTEIRO, ESTADO DE "
federal,agua_mineral,2025,Federal/ES,1.48,litro,heuristica,"Água Mineral Natural ÁGUA MINERAL NATURAL, TIPO SEM GÁS, MATERIAL EMBALAGEM PLÁSTICO, TIPOEMBALAGEM DESCARTÁVEL"
federal,abobora,2025,Federal/ES,5.17,kg,unidade_declarada,Legume In Natura tipo: abóbora moranga Legume In Natura tipo: abóbora moranga
federal,abobora,2025,Federal/ES,5.17,kg,unidade_declarada,Legume In Natura tipo: abóbora moranga Legume In Natura tipo: abóbora moranga
federal,abobora,2025,Federal/ES,5.17,kg,unidade_declarada,Legume In Natura tipo: abóbora moranga Legume In Natura tipo: abóbora moranga
federal,abobora,2025,Federal/ES,5.17,kg,unidade_declarada,Legume In Natura tipo: abóbora moranga Legume In Natura tipo: abóbora moranga
federal,abobora,2025,Federal/ES,3.98,kg,unidade_declarada,"Legume In Natura LEGUME IN NATURA, TIPO: ABÓBORA MORANGA "
federal,abobora,2025,Federal/ES,5.45,kg,unidade_declarada,"Legume In Natura LEGUME IN NATURA, TIPO: ABÓBORA MORANGA "
federal,abobora,2025,Federal/ES,5.36,kg,unidade_declarada,Legume In Natura tipo: abóbora moranga Legume In Natura tipo: abóbora moranga
federal,abobora,2025,Federal/ES,5.17,kg,unidade_declarada,Legume In Natura tipo: abóbora moranga Legume In Natura tipo: abóbora moranga
federal,ar_condicionado,2025,Federal/ES,8878.55,unidade,unitario,"Aparelho Ar Condicionado APARELHO AR CONDICIONADO, CAPACIDADE REFRIGERAÇÃO 60.000 BTU/H, TENSÃO 220 V,TIPO SPLIT, MODELO"
federal,ar_condicionado,2025,Federal/ES,8899.0,unidade,unitario,"Aparelho Ar Condicionado APARELHO AR CONDICIONADO, CAPACIDADE REFRIGERAÇÃO 60.000 BTU/H, TENSÃO 220 V,TIPO SPLIT, MODELO"
federal,abobora,2025,Federal/ES,2.89,kg,unidade_declarada,"Legume In Natura LEGUME IN NATURA, TIPO ABÓBORA MORANGA"
federal,carne_bovina,2025,Federal/ES,30.75,kg,unidade_declarada,"Carne Bovina In Natura CARNE BOVINA IN NATURA, TIPO CORTE: ACÉM , APRESENTAÇÃO: MOIDA , ESTADO DE CONSERVAÇÃO: CONGELADO"
federal,carne_bovina,2025,Federal/ES,34.9,kg,unidade_declarada,"Carne Bovina In Natura tipo corte: acém, apresentação: moida, estado de conservação: congelado(a) Carne Bovina In Natura"
federal,carne_bovina,2025,Federal/ES,34.9,kg,unidade_declarada,"Carne Bovina In Natura CARNE BOVINA IN NATURA, TIPO CORTE: ACÉM , APRESENTAÇÃO: MOIDA , ESTADO DE CONSERVAÇÃO: CONGELADO"
federal,agua_mineral,2025,Federal/ES,2.57,litro,heuristica,"Água Mineral Natural ÁGUA MINERAL NATURAL, TIPO SEM GÁS, MATERIAL EMBALAGEM PLÁSTICO, TIPOEMBALAGEM DESCARTÁVEL"
federal,ar_condicionado,2025,Federal/ES,1799.0,unidade,unitario,"Aparelho Ar Condicionado APARELHO AR CONDICIONADO, CAPACIDADE REFRIGERAÇÃO 12.000 BTU, TENSÃO 220 V,TIPO SPLIT HI WALL, "
federal,agua_mineral,2025,Federal/ES,0.9,litro,heuristica,"Água Mineral Natural ÁGUA MINERAL NATURAL, TIPO SEM GÁS, MATERIAL EMBALAGEM PLÁSTICO, TIPOEMBALAGEM DESCARTÁVEL"
federal,carne_bovina,2025,Federal/ES,44.65,kg,unidade_declarada,"Carne Bovina In Natura CARNE BOVINA IN NATURA, TIPO CORTE: COXÃO MOLE , APRESENTAÇÃO: CORTADA EM TIRAS , ESTADO DE CONSE"
federal,carne_bovina,2025,Federal/ES,36.0,kg,unidade_declarada,"Carne Bovina In Natura CARNE BOVINA IN NATURA, TIPO CORTE: COXÃO MOLE , APRESENTAÇÃO: CORTADA EM TIRAS , ESTADO DE CONSE"
federal,carne_bovina,2025,Federal/ES,44.65,kg,unidade_declarada,"Carne Bovina In Natura tipo corte: coxão mole, apresentação: cortada em tiras, estado de conservação: congelado(a) Carne"
federal,farinha_trigo,2025,Federal/ES,15.98,kg,unidade_declarada,"Pão base: de farinha de trigo refinada, tipo: tipo françês/branco/de sal Pão base: de farinha de trigo refinada, tipo: t"
federal,farinha_trigo,2025,Federal/ES,15.98,kg,unidade_declarada,"Pão base: de farinha de trigo refinada, tipo: tipo françês/branco/de sal Pão base: de farinha de trigo refinada, tipo: t"
federal,farinha_trigo,2025,Federal/ES,15.98,kg,unidade_declarada,"Pão base: de farinha de trigo refinada, tipo: tipo françês/branco/de sal Pão base: de farinha de trigo refinada, tipo: t"
federal,agua_mineral,2025,Federal/ES,0.82,litro,heuristica,"Água mineral natural ÁGUA MINERAL NATURAL, TIPO SEM GÁS, MATERIAL EMBALAGEM PLÁSTICO, TIPOEMBALAGEM DESCARTÁVEL"
federal,agua_mineral,2025,Federal/ES,0.93,litro,heuristica,"Água Mineral Natural ÁGUA MINERAL NATURAL, TIPO SEM GÁS, MATERIAL EMBALAGEM PLÁSTICO, TIPOEMBALAGEM DESCARTÁVEL"
federal,lampada_led,2025,Federal/ES,12.49,unidade,unitario,"Lâmpada Led LÂMPADA LED, MODELO LED SMD, TENSÃO NOMINAL BIVOLT, POTÊNCIA NOMINAL 36 W,TIPO BASE G13, CARACTERÍSTICAS ADI"
federal,farinha_trigo,2025,Federal/ES,14.49,kg,unidade_declarada,"Pão PÃO, BASE DE FARINHA DE TRIGO REFINADA, TIPO TIPO FRANÇÊS/BRANCO/DE SAL"
federal,vassoura,2024,Federal/ES,18.0,unidade,unitario,"Vassoura jardinagem VASSOURA JARDINAGEM, TIPO REGULÁVEL, MATERIAL CERDAS AÇO CARBONO,CARACTERÍSTICAS ADICIONAIS COM CABO"
federal,grampeador,2025,Federal/ES,17.79,unidade,unitario,"Grampeador GRAMPEADOR, MATERIAL METAL, TIPO ALICATE, CAPACIDADE 30 FL, TAMANHO GRAMPO 26/6, CARACTERÍSTICAS ADICIONAIS A"
federal,grampeador,2025,Federal/ES,23.99,unidade,unitario,"Grampeador GRAMPEADOR, MATERIAL METAL, TIPO ALICATE, CAPACIDADE 30 FL, TAMANHO GRAMPO 26/6, CARACTERÍSTICAS ADICIONAIS A"
federal,agua_mineral,2025,Federal/ES,10.33,litro,heuristica,"Água Mineral Natural ÁGUA MINERAL NATURAL, TIPO SEM GÁS, MATERIAL EMBALAGEM PLÁSTICO, TIPOEMBALAGEM RETORNÁVEL"
federal,lampada_led,2025,Federal/ES,10.79,unidade,unitario,"Luminária LUMINÁRIA, MATERIAL CORPO LATÃO CROMADO, FORMATO CIRCULAR, TIPO LÂMPADA LED,POSIÇÃO RELATIVA SOBREPOR, TENSÃO "
federal,torneira,2025,Federal/ES,73.0,unidade,unitario,"Torneira TORNEIRA, MATERIAL CORPO AÇO INOXIDÁVEL, TIPO DE PAREDE, DIÂMETRO 1/2 POL,CARACTERISTICAS ADICIONAIS COM 22CM D"
federal,torneira,2025,Federal/ES,49.0,unidade,unitario,"Torneira TORNEIRA, MATERIAL CORPO AÇO INOXIDÁVEL, TIPO DE PAREDE, DIÂMETRO 1/2 POL,CARACTERISTICAS ADICIONAIS COM 22CM D"
federal,fuba,2025,Federal/ES,4.34,kg,unidade_declarada,"Farinha de milho FARINHA DE MILHO, GRÃO AMARELO, TIPO FUBÁ MIMOSO, CARACTERÍSTICA ADICIONALTRANSGÊNICO, INGREDIENTE ADIC"
federal,fuba,2025,Federal/ES,3.69,kg,heuristica,"Farinha De Milho grão: amarelo, tipo: fubá mimoso, característica adicional: transgênico, ingrediente adicional: fortifi"
federal,fuba,2025,Federal/ES,2.09,kg,heuristica,"Farinha De Milho grão: amarelo, tipo: fubá mimoso, característica adicional: transgênico, ingrediente adicional: fortifi"
federal,fuba,2025,Federal/ES,3.85,kg,heuristica,"Farinha De Milho grão: amarelo, tipo: fubá mimoso, característica adicional: transgênico, ingrediente adicional: fortifi"
federal,seringa,2025,Federal/ES,0.39,unidade,unitario,"Seringa SERINGA, MATERIAL POLIPROPILENO, CAPACIDADE 10 ML, TIPO BICO BICO CENTRAL LUERLOCK OU SLIP, TIPO VEDAÇÃO ÊMBOLO "
federal,diesel,2025,Federal/ES,5.6828,litro,unidade_declarada,"Óleo Diesel ÓLEO DIESEL, USO AUTOMOTIVO, APRESENTAÇÃO COM BIODIESEL"
federal,diesel,2025,Federal/ES,5.99,litro,unidade_declarada,"Óleo Diesel uso: automotivo, apresentação: com biodiesel Óleo Diesel uso: automotivo, apresentação: com biodiesel"
federal,leite_po,2025,Federal/ES,42.5,kg,heuristica,"Leite Em Pó origem: de vaca, solubilidade: não instantâneo, teor gordura: integral LEITE DE VACA EM PÓ INTEGRAL
INSTANTÂ"
federal,leite_po,2025,Federal/ES,41.25,kg,heuristica,"Leite Em Pó origem: de vaca, solubilidade: não instantâneo, teor gordura: integral LEITE DE VACA EM PÓ INTEGRAL
INSTANTÂ"
federal,agua_mineral,2025,Federal/ES,9.89,litro,heuristica,"Água Mineral Natural ÁGUA MINERAL NATURAL, TIPO SEM GÁS, MATERIAL EMBALAGEM PLÁSTICO, TIPOEMBALAGEM RETORNÁVEL"
federal,lampada_led,2025,Federal/ES,35.9172,unidade,unitario,"Refletor REFLETOR, MATERIAL CORPO ALUMÍNIO, TIPO LÂMPADA LED, POTÊNCIA LÂMPADA 200 W,TENSÃO ALIMENTAÇÃO BIVOLT, ÂNGULO D"
federal,cartucho,2025,Federal/ES,195.0,unidade,unitario,"Cartucho Tinta Impressora Hp cor tinta: amarelo, referência cartucho 5: l0s68ab, tipo cartucho: original Cartucho de tin"
federal,carne_bovina,2025,Federal/ES,29.98,kg,unidade_declarada,"Carne Bovina In Natura tipo corte: músculo traseiro, apresentação: peça inteira, processamento: sem osso, estado de cons"
federal,carne_bovina,2025,Federal/ES,33.0,kg,unidade_declarada,"Carne Bovina In Natura tipo corte: músculo traseiro, apresentação: peça inteira, processamento: sem osso, estado de cons"
federal,vassoura,2024,Federal/ES,34.99,unidade,unitario,"Vassoura jardinagem VASSOURA JARDINAGEM, TIPO FIXA, MATERIAL CERDAS POLIPROPILENO ALTA RESISTÊNCIA, CARACTERÍSTICAS ADIC"
federal,cimento,2024,Federal/ES,36.0,saco_50kg,unitario,"Cimento Portland CIMENTO PORTLAND, MATERIAL CLINKER, TIPO CP II- F 32"
federal,cimento,2025,Federal/ES,52.0,saco_50kg,unitario,"Cimento Portland CIMENTO PORTLAND, MATERIAL CLINKER, TIPO CP II- F 32"
federal,cimento,2025,Federal/ES,36.93,saco_50kg,unitario,"Cimento Portland CIMENTO PORTLAND, MATERIAL: CLINKER , TIPO: CP II - F 32 "
federal,cimento,2025,Federal/ES,43.0,saco_50kg,unitario,"Cimento Portland CIMENTO PORTLAND, MATERIAL: CLINKER , TIPO: CP II - F 32 "
federal,mamao,2025,Federal/ES,3.0,kg,unidade_declarada,"Fruta FRUTA, TIPO MAMÃO HAVAÍ, APRESENTAÇÃO NATURAL"
federal,mamao,2025,Federal/ES,6.0,kg,unidade_declarada,"Fruta tipo: mamão havaí, apresentação: natural Fruta tipo: mamão havaí, apresentação: natural"
federal,leite_integral,2025,Federal/ES,13.22,litro,heuristica,"Leite Fluido origem: de vaca, tipo: b, teor gordura: integral, processamento: pasteurizado, tratamento: homogeneizado Le"
federal,abacaxi,2025,Federal/ES,4.7,unidade,unitario,"Fruta FRUTA, TIPO ABACAXI HAVAÍ/ ABACAXI CAYENNE, APRESENTAÇÃO NATURAL"
federal,abacaxi,2025,Federal/ES,5.64,unidade,unitario,"Fruta FRUTA, TIPO ABACAXI HAVAÍ/ ABACAXI CAYENNE, APRESENTAÇÃO NATURAL"
federal,abacaxi,2025,Federal/ES,12.0,unidade,unitario,"Fruta tipo: abacaxi havaí / abacaxi cayenne, apresentação: natural Fruta tipo: abacaxi havaí / abacaxi cayenne, apresent"
federal,carne_bovina,2025,Federal/ES,30.44,kg,unidade_declarada,"Carne bovina in natura CARNE BOVINA IN NATURA, TIPO CORTE PALETA (PÁ), APRESENTAÇÃO FATIADA EM BIFE,ESTADO DE CONSERVAÇÃ"
federal,carne_bovina,2025,Federal/ES,34.98,kg,unidade_declarada,"Carne bovina in natura CARNE BOVINA IN NATURA, TIPO CORTE PALETA (PÁ), APRESENTAÇÃO FATIADA EM BIFE,ESTADO DE CONSERVAÇÃ"
federal,leite_integral,2025,Federal/ES,4.5,litro,heuristica,"Leite Fluido LEITE FLUIDO, ORIGEM: DE VACA , TIPO: C , TEOR GORDURA: INTEGRAL , PROCESSAMENTO: PASTEURIZADO "
federal,acucar,2025,Federal/ES,1.8,kg,heuristica,"Gelatina Alimentícia apresentação: pó, origem: animal, sabor: variado PÓ PARA PREPARO DE GELATINA, sabor
morango, compos"
federal,acucar,2025,Federal/ES,1.9,kg,heuristica,"Gelatina Alimentícia apresentação: pó, origem: animal, sabor: variado PÓ PARA PREPARO DE GELATINA, sabor
morango, compos"
federal,laranja,2025,Federal/ES,6.61,kg,unidade_declarada,"Fruta FRUTA, TIPO: LARANJA PERA , APRESENTAÇÃO: NATURAL "
federal,laranja,2025,Federal/ES,5.97,kg,unidade_declarada,"Fruta FRUTA, TIPO: LARANJA PERA , APRESENTAÇÃO: NATURAL "
federal,laranja,2025,Federal/ES,10.34,kg,unidade_declarada,"Fruta tipo: laranja pera, apresentação: natural Fruta tipo: laranja pera, apresentação: natural"
federal,laranja,2025,Federal/ES,7.95,kg,unidade_declarada,"Fruta tipo: laranja pera, apresentação: natural Fruta tipo: laranja pera, apresentação: natural"
federal,laranja,2025,Federal/ES,7.95,kg,unidade_declarada,"Fruta tipo: laranja pera, apresentação: natural Fruta tipo: laranja pera, apresentação: natural"
federal,torrada,2025,Federal/ES,9.07,kg,heuristica,"Torrada TORRADA, TIPO DE MINI PÃO TIPO CANAPÉS, BASE DA MASSA FARINHA DE TRIGOREFINADA, TRADICIONAL"
federal,laranja,2025,Federal/ES,7.95,kg,unidade_declarada,"Fruta tipo: laranja pera, apresentação: natural Fruta tipo: laranja pera, apresentação: natural"
federal,acucar,2025,Federal/ES,12.0,kg,heuristica,"Suco SUCO, APRESENTAÇÃO LÍQUIDO, SABOR LARANJA, TIPO INTEGRAL, CARACTERÍSTICASADICIONAIS CONCENTRADO E SEM ADIÇÃO DE AÇÚ"
federal,leite_po,2025,Federal/ES,48.375,kg,heuristica,"Leite Em Pó origem: de vaca, teor gordura: desnatado, solubilidade: instantâneo Leite Em Pó origem: de vaca, teor gordur"
federal,laranja,2025,Federal/ES,2.84,kg,unidade_declarada,"Fruta FRUTA, TIPO LARANJA PERA, APRESENTAÇÃO NATURAL"
federal,vassoura,2025,Federal/ES,15.11,unidade,unitario,"Vassoura VASSOURA, MATERIAL CERDAS: PÊLO SINTÉTICO , MATERIAL CEPA: POLIPROPILENO , COMPRIMENTO CEPA: 40 CM, CARACTERÍST"
federal,laranja,2025,Federal/ES,4.0,kg,unidade_declarada,"Fruta tipo: laranja pera, apresentação: natural Fruta tipo: laranja pera, apresentação: natural"
federal,laranja,2025,Federal/ES,3.1,kg,unidade_declarada,"Fruta tipo: laranja pera, apresentação: natural Fruta tipo: laranja pera, apresentação: natural"
federal,vassoura,2025,Federal/ES,12.82,unidade,unitario,"Vassoura VASSOURA, MATERIAL CERDAS: PÊLO SINTÉTICO , MATERIAL CEPA: POLIPROPILENO , COMPRIMENTO CEPA: 40 CM, CARACTERÍST"
federal,vassoura,2025,Federal/ES,19.99,unidade,unitario,"Vassoura VASSOURA, MATERIAL CERDAS PÊLO SINTÉTICO, MATERIAL CEPA POLIPROPILENO,COMPRIMENTO CEPA 40 CM, CARACTERÍSTICAS A"
federal,cimento,2025,Federal/ES,23.0,saco_50kg,unitario,"Cimento portland CIMENTO PORTLAND, MATERIAL CLINKER, TIPO ALTA RESISTÊNCIA INICIAL"
federal,desinfetante,2025,Federal/ES,28.43,litro,heuristica,"Desinfetante DESINFETANTE, COMPOSIÇÃO: À BASE DE HIPOCLORITO DE SÓDIO , TEOR ATIVO: TEOR MÍNIMO DE 1% , FORMA FÍSICA: SO"
federal,suco,2025,Federal/ES,2.3,litro,heuristica,"Suco SUCO, APRESENTAÇÃO LÍQUIDO, SABOR MORANGO, TIPO ARTIFICIAL"
federal,suco,2025,Federal/ES,2.5,litro,heuristica,"Suco SUCO, APRESENTAÇÃO LÍQUIDO, SABOR MORANGO, TIPO ARTIFICIAL"
federal,pneu,2025,Federal/ES,161.69,unidade,unitario,"Carrinho mão CARRINHO MÃO, MATERIAL CAÇAMBA: CHAPA AÇO , QUANTIDADE RODA: 1 UN, TIPO RODA: PNEU COM CÂMARA DE 3,25 CM , "
federal,canjica,2025,Federal/ES,4.64,kg,heuristica,"Canjica CANJICA, GRUPO ESPECIAL, Nº 3, SUBGRUPO DESPELICULADA, CLASSE BRANCA,QUALIDADE TIPO 1, CARACTERÍSTICA ADICIONAL "
federal,desinfetante,2025,Federal/ES,14.0,litro,unidade_declarada,"Desinfetante composição: à base de quaternário de amônio, princípio ativo: cloreto alquil dimetil benzil amônio +tensioa"
federal,pimentao,2025,Federal/ES,16.34,kg,unidade_declarada,"Legume in natura LEGUME IN NATURA, TIPO: PIMENTÃO VERMELHO "
federal,pimentao,2025,Federal/ES,8.0,kg,unidade_declarada,"Legume in natura LEGUME IN NATURA, TIPO PIMENTÃO VERMELHO"
federal,pimentao,2025,Federal/ES,9.95,kg,heuristica,"Legume In Natura LEGUME IN NATURA, TIPO PIMENTÃO VERMELHO"
federal,pimentao,2025,Federal/ES,16.0,kg,unidade_declarada,Legume In Natura tipo: pimentão vermelho Legume In Natura tipo: pimentão vermelho
federal,iogurte,2025,Federal/ES,3.42,litro,heuristica,"Iogurte Natural IOGURTE NATURAL, TEOR GORDURA: INTEGRAL , SABOR: SORTIDOS , COMPONENTES: COM POLPA OU PEDAÇOS DE FRUTA "
federal,iogurte,2025,Federal/ES,8.63,litro,heuristica,"Iogurte Natural IOGURTE NATURAL, TEOR GORDURA: INTEGRAL , SABOR: SORTIDOS , COMPONENTES: COM POLPA OU PEDAÇOS DE FRUTA "
federal,pimentao,2025,Federal/ES,11.99,kg,unidade_declarada,"Legume in natura LEGUME IN NATURA, TIPO PIMENTÃO VERMELHO"
federal,iogurte,2025,Federal/ES,4.9,litro,heuristica,"Iogurte Natural IOGURTE NATURAL, TEOR GORDURA INTEGRAL, SABOR SORTIDOS, COMPONENTES COM POLPAOU PEDAÇOS DE FRUTA"
federal,laranja,2024,Federal/ES,4.39,kg,unidade_declarada,"Fruta FRUTA, TIPO LARANJA PERA, APRESENTAÇÃO NATURAL"
federal,laranja,2025,Federal/ES,4.5,kg,unidade_declarada,"Fruta tipo: laranja pera, apresentação: natural Fruta tipo: laranja pera, apresentação: natural"
federal,laranja,2025,Federal/ES,5.59,kg,unidade_declarada,"Fruta FRUTA, TIPO LARANJA PERA, APRESENTAÇÃO NATURAL"
federal,laranja,2025,Federal/ES,8.66,kg,unidade_declarada,"Fruta FRUTA, TIPO: LARANJA PERA , APRESENTAÇÃO: NATURAL "
federal,laranja,2025,Federal/ES,5.18,kg,unidade_declarada,"Fruta FRUTA, TIPO LARANJA PERA, APRESENTAÇÃO NATURAL"
federal,laranja,2025,Federal/ES,5.15,kg,unidade_declarada,"Fruta FRUTA, TIPO LARANJA PERA, APRESENTAÇÃO NATURAL"
federal,laranja,2025,Federal/ES,6.0,kg,unidade_declarada,"Fruta tipo: laranja pera, apresentação: natural Fruta tipo: laranja pera, apresentação: natural"
federal,laranja,2025,Federal/ES,8.66,kg,unidade_declarada,"Fruta FRUTA, TIPO: LARANJA PERA , APRESENTAÇÃO: NATURAL "
federal,laranja,2024,Federal/ES,5.35,kg,unidade_declarada,"Fruta FRUTA, TIPO LARANJA PERA, APRESENTAÇÃO NATURAL"
federal,laranja,2024,Federal/ES,5.1,kg,unidade_declarada,"Fruta FRUTA, TIPO LARANJA PERA, APRESENTAÇÃO NATURAL"
federal,laranja,2025,Federal/ES,5.41,kg,unidade_declarada,"Fruta FRUTA, TIPO LARANJA PERA, APRESENTAÇÃO NATURAL"
federal,laranja,2024,Federal/ES,5.1,kg,unidade_declarada,"Fruta FRUTA, TIPO LARANJA PERA, APRESENTAÇÃO NATURAL"
federal,laranja,2025,Federal/ES,7.19,kg,unidade_declarada,"Fruta tipo: laranja pera, apresentação: natural Fruta tipo: laranja pera, apresentação: natural"
federal,laranja,2024,Federal/ES,5.35,kg,unidade_declarada,"Fruta FRUTA, TIPO LARANJA PERA, APRESENTAÇÃO NATURAL"
federal,laranja,2024,Federal/ES,4.39,kg,unidade_declarada,"Fruta FRUTA, TIPO LARANJA PERA, APRESENTAÇÃO NATURAL"
federal,pimentao,2025,Federal/ES,17.42,kg,unidade_declarada,"Legume in natura LEGUME IN NATURA, TIPO: PIMENTÃO VERMELHO "
federal,pimentao,2025,Federal/ES,16.98,kg,unidade_declarada,"Legume in natura LEGUME IN NATURA, TIPO PIMENTÃO VERMELHO"
federal,iogurte,2025,Federal/ES,7.95,litro,heuristica,"Iogurte Natural IOGURTE NATURAL, TEOR GORDURA INTEGRAL, SABOR SORTIDOS, COMPONENTES COM POLPAOU PEDAÇOS DE FRUTA"
federal,polpa_fruta,2025,Federal/ES,9.9,kg,unidade_declarada,"Polpa de fruta POLPA DE FRUTA, TIPO MANGA, APRESENTAÇÃO CONGELADA"
federal,farinha_trigo,2025,Federal/ES,10.3,kg,unidade_declarada,"Macarrão MACARRÃO, TEOR DE UMIDADE MASSA SECA, BASE DA MASSA DE FARINHA DE TRIGO,INGREDIENTES ADICIONAIS COM OVOS, APRES"
federal,farinha_trigo,2025,Federal/ES,5.9,kg,unidade_declarada,"Macarrão MACARRÃO, TEOR DE UMIDADE MASSA SECA, BASE DA MASSA DE FARINHA DE TRIGO,INGREDIENTES ADICIONAIS COM OVOS, APRES"
federal,farinha_trigo,2025,Federal/ES,9.0,kg,unidade_declarada,"Macarrão MACARRÃO, TEOR DE UMIDADE MASSA SECA, BASE DA MASSA DE FARINHA DE TRIGO,INGREDIENTES ADICIONAIS COM OVOS, APRES"
federal,carne_bovina,2025,Federal/ES,49.9,kg,unidade_declarada,"Carne Bovina In Natura tipo corte: contrafilé, apresentação: fatiada em bife, estado de conservação: resfriado(a) Carne "
federal,carne_bovina,2025,Federal/ES,42.0,kg,unidade_declarada,"Carne bovina in natura CARNE BOVINA IN NATURA, TIPO CORTE CONTRAFILÉ, APRESENTAÇÃO PEÇA INTEIRA,ESTADO DE CONSERVAÇÃO CO"
federal,carne_bovina,2025,Federal/ES,44.34,kg,unidade_declarada,"Carne bovina in natura CARNE BOVINA IN NATURA, TIPO CORTE CONTRAFILÉ, APRESENTAÇÃO PEÇA INTEIRA,ESTADO DE CONSERVAÇÃO CO"
federal,polpa_fruta,2025,Federal/ES,9.9,kg,unidade_declarada,"Polpa de fruta POLPA DE FRUTA, TIPO ACEROLA, APRESENTAÇÃO CONGELADA"
federal,polpa_fruta,2025,Federal/ES,24.5,kg,unidade_declarada,"Polpa De Fruta tipo: acerola, apresentação: congelada Polpa De Fruta tipo: acerola, apresentação: congelada"
federal,ar_condicionado,2025,Federal/ES,2490.0,unidade,unitario,"Aparelho Ar Condicionado APARELHO AR CONDICIONADO, CAPACIDADE REFRIGERAÇÃO 18.000 BTU, TENSÃO 220 V,TIPO SPLIT HI WALL, "
federal,ar_condicionado,2025,Federal/ES,3150.0,unidade,unitario,"Aparelho Ar Condicionado tipo: split hi wall, capacidade refrigeração: 18.000, tensão: 220, características adicionais 1"
federal,frango,2025,Federal/ES,17.63,kg,unidade_declarada,"Carne de ave in natura CARNE DE AVE IN NATURA, TIPO ANIMAL: FRANGO , TIPO CORTE: SOBRECOXA , APRESENTAÇÃO: INTEIRO , EST"
federal,frango,2025,Federal/ES,16.44,kg,unidade_declarada,"Carne De Ave In Natura tipo animal: frango, tipo corte: sobrecoxa, apresentação: inteiro, estado de conservação: congela"
federal,frango,2025,Federal/ES,11.89,kg,unidade_declarada,"Carne de ave in natura CARNE DE AVE IN NATURA, TIPO ANIMAL FRANGO, TIPO CORTE SOBRECOXA, APRESENTAÇÃOINTEIRO, ESTADO DE "
federal,carne_bovina,2025,Federal/ES,17.88,kg,unidade_declarada,"Carne bovina in natura CARNE BOVINA IN NATURA, TIPO CORTE BUCHO, APRESENTAÇÃO PEÇA INTEIRA, ESTADO DECONSERVAÇÃO CONGELA"
federal,carne_suina,2025,Federal/ES,21.99,kg,unidade_declarada,"Carne Suína In Natura tipo corte: pernil, apresentação: peça inteira, processamento: sem osso, sem pele, estado de conse"
federal,carne_suina,2025,Federal/ES,24.76,kg,unidade_declarada,"Carne suína in natura CARNE SUÍNA IN NATURA, TIPO CORTE: PERNIL , APRESENTAÇÃO: CORTADA EM TIRAS , PROCESSAMENTO: SEM PE"
federal,carne_suina,2025,Federal/ES,27.77,kg,unidade_declarada,"Carne suína in natura CARNE SUÍNA IN NATURA, TIPO CORTE: PERNIL , APRESENTAÇÃO: CORTADA EM TIRAS , PROCESSAMENTO: SEM PE"
federal,frango,2025,Federal/ES,32.07,kg,unidade_declarada,"Carne de ave in natura CARNE DE AVE IN NATURA, TIPO ANIMAL FRANGO, TIPO CORTE CORAÇÃO, APRESENTAÇÃOINTEIRO, ESTADO DE CO"
federal,salsicha,2025,Federal/ES,12.89,kg,unidade_declarada,"Embutido EMBUTIDO, TIPO SALSICHA HOT DOG, TIPO PREPARAÇÃO COZIDA, ESTADO DE CONSERVAÇÃORESFRIADO(A)"
federal,salsicha,2025,Federal/ES,13.99,kg,unidade_declarada,"Embutido EMBUTIDO, TIPO: SALSICHA HOT DOG , TIPO PREPARAÇÃO: COZIDA , ESTADO DE CONSERVAÇÃO: RESFRIADO(A) "
federal,salsicha,2025,Federal/ES,14.15,kg,unidade_declarada,"Embutido EMBUTIDO, TIPO SALSICHA HOT DOG, TIPO PREPARAÇÃO COZIDA, ESTADO DE CONSERVAÇÃORESFRIADO(A)"
federal,suco,2025,Federal/ES,15.8,litro,heuristica,"Copo Descartável material: poliestireno, capacidade: 200, aplicação: água/suco e refrigerente Copo Descartável material:"
federal,fuba,2025,Federal/ES,3.51,kg,unidade_declarada,"Farinha De Milho FARINHA DE MILHO, GRÃO AMARELO, TIPO FUBÁ, CARACTERÍSTICA ADICIONALTRANSGÊNICO, INGREDIENTE ADICIONAL F"
federal,feijao,2025,Federal/ES,9.5,kg,heuristica,"Leguminosa LEGUMINOSA, VARIEDADE FEIJÃO BRANCO, TIPO TIPO 1"
federal,fuba,2025,Federal/ES,5.69,kg,unidade_declarada,"Farinha De Milho FARINHA DE MILHO, GRÃO AMARELO, TIPO FUBÁ, CARACTERÍSTICA ADICIONALTRANSGÊNICO, INGREDIENTE ADICIONAL F"
federal,fuba,2024,Federal/ES,3.0,kg,unidade_declarada,"Farinha De Milho FARINHA DE MILHO, GRÃO AMARELO, TIPO FUBÁ, CARACTERÍSTICA ADICIONALTRANSGÊNICO, INGREDIENTE ADICIONAL F"
federal,fuba,2024,Federal/ES,4.0,kg,unidade_declarada,"Farinha De Milho FARINHA DE MILHO, GRÃO AMARELO, TIPO FUBÁ, CARACTERÍSTICA ADICIONALTRANSGÊNICO, INGREDIENTE ADICIONAL F"
federal,fuba,2024,Federal/ES,4.0,kg,unidade_declarada,"Farinha De Milho FARINHA DE MILHO, GRÃO AMARELO, TIPO FUBÁ, CARACTERÍSTICA ADICIONALTRANSGÊNICO, INGREDIENTE ADICIONAL F"
federal,fuba,2025,Federal/ES,4.45,kg,unidade_declarada,"Farinha De Milho FARINHA DE MILHO, GRÃO AMARELO, TIPO FUBÁ, CARACTERÍSTICA ADICIONALTRANSGÊNICO, INGREDIENTE ADICIONAL F"
federal,fuba,2025,Federal/ES,5.9,kg,unidade_declarada,"Farinha De Milho FARINHA DE MILHO, GRÃO AMARELO, TIPO FUBÁ, CARACTERÍSTICA ADICIONALTRANSGÊNICO, INGREDIENTE ADICIONAL F"
federal,fuba,2024,Federal/ES,3.0,kg,unidade_declarada,"Farinha De Milho FARINHA DE MILHO, GRÃO AMARELO, TIPO FUBÁ, CARACTERÍSTICA ADICIONALTRANSGÊNICO, INGREDIENTE ADICIONAL F"
federal,fuba,2024,Federal/ES,4.0,kg,unidade_declarada,"Farinha De Milho FARINHA DE MILHO, GRÃO AMARELO, TIPO FUBÁ, CARACTERÍSTICA ADICIONALTRANSGÊNICO, INGREDIENTE ADICIONAL F"
federal,fuba,2024,Federal/ES,4.0,kg,unidade_declarada,"Farinha De Milho FARINHA DE MILHO, GRÃO AMARELO, TIPO FUBÁ, CARACTERÍSTICA ADICIONALTRANSGÊNICO, INGREDIENTE ADICIONAL F"
federal,alface,2024,Federal/ES,6.99,unidade,unitario,"Verdura In Natura VERDURA IN NATURA, TIPO ALFACE LISA"
federal,alface,2024,Federal/ES,6.99,unidade,unitario,"Verdura In Natura VERDURA IN NATURA, TIPO ALFACE LISA"
federal,fuba,2025,Federal/ES,3.29,kg,heuristica,"Farinha De Milho FARINHA DE MILHO, GRÃO: AMARELO , TIPO: FUBÁ , CARACTERÍSTICA ADICIONAL: TRANSGÊNICO , INGREDIENTE ADIC"
federal,fuba,2025,Federal/ES,4.43,kg,heuristica,"Farinha De Milho FARINHA DE MILHO, GRÃO: AMARELO , TIPO: FUBÁ , CARACTERÍSTICA ADICIONAL: TRANSGÊNICO , INGREDIENTE ADIC"
federal,monitor,2025,Federal/ES,3478.0,unidade,unitario,"Teleprompter TELEPROMPTER, MATERIAL ESTRUTURA ALUMÍNIO, TIPO MONITOR LCD, TAMANHO MONITOR19 POL, ACABAMENTO SUPERFICIAL "
federal,alface,2025,Federal/ES,2.21,unidade,unitario,"Verdura in natura VERDURA IN NATURA, TIPO ALFACE LISA"
federal,farinha_mandioca,2024,Federal/ES,4.9,kg,heuristica,"Farinha De Mandioca FARINHA DE MANDIOCA, GRUPO SECA, SUBGRUPO BRANCA, CLASSE FINA, ASPECTO FÍSICOTIPO 1, ACIDEZ BAIXA AC"
federal,farinha_mandioca,2025,Federal/ES,5.26,kg,heuristica,"Farinha De Mandioca FARINHA DE MANDIOCA, GRUPO SECA, SUBGRUPO BRANCA, CLASSE FINA, ASPECTO FÍSICOTIPO 1, ACIDEZ BAIXA AC"
federal,farinha_mandioca,2024,Federal/ES,4.9,kg,heuristica,"Farinha De Mandioca FARINHA DE MANDIOCA, GRUPO SECA, SUBGRUPO BRANCA, CLASSE FINA, ASPECTO FÍSICOTIPO 1, ACIDEZ BAIXA AC"
federal,alface,2025,Federal/ES,3.62,unidade,unitario,"Verdura in natura VERDURA IN NATURA, TIPO: ALFACE LISA "
federal,alface,2025,Federal/ES,4.67,unidade,unitario,Verdura In Natura tipo: alface lisa Verdura In Natura tipo: alface lisa
federal,alface,2025,Federal/ES,3.16,unidade,unitario,Verdura In Natura tipo: alface lisa Verdura In Natura tipo: alface lisa
federal,alface,2025,Federal/ES,4.67,unidade,unitario,Verdura In Natura tipo: alface lisa Verdura In Natura tipo: alface lisa
federal,alface,2025,Federal/ES,4.67,unidade,unitario,Verdura In Natura tipo: alface lisa Verdura In Natura tipo: alface lisa
federal,alface,2025,Federal/ES,2.98,unidade,unitario,"Verdura in natura VERDURA IN NATURA, TIPO ALFACE LISA"
federal,alface,2025,Federal/ES,4.67,unidade,unitario,Verdura In Natura tipo: alface lisa Verdura In Natura tipo: alface lisa
federal,alface,2025,Federal/ES,4.67,unidade,unitario,Verdura In Natura tipo: alface lisa Verdura In Natura tipo: alface lisa
federal,farinha_trigo,2025,Federal/ES,3.9,kg,heuristica,"Farinha De Trigo grupo: doméstico, ingrediente adicional: fortificada com ferro e ácido fólico, tipo: integral FARINHA D"
federal,farinha_trigo,2025,Federal/ES,3.37,kg,heuristica,"Farinha De Trigo grupo: doméstico, ingrediente adicional: fortificada com ferro e ácido fólico, tipo: integral FARINHA D"
federal,carne_suina,2025,Federal/ES,12.32,kg,unidade_declarada,"Carne suína in natura CARNE SUÍNA IN NATURA, TIPO CORTE ORELHA, APRESENTAÇÃO PEÇA INTEIRA, ESTADO DECONSERVAÇÃO FRESCO(A"
federal,farinha_trigo,2025,Federal/ES,6.89,kg,heuristica,"Farinha De Trigo grupo: doméstico, tipo: integral, ingrediente adicional: fortificada com ferro e ácido fólico Farinha D"
federal,farinha_mandioca,2025,Federal/ES,6.52,kg,heuristica,"Farinha De Mandioca FARINHA DE MANDIOCA, GRUPO: SECA , SUBGRUPO: BRANCA , CLASSE: FINA , ASPECTO FÍSICO: TIPO 1 , ACIDEZ"
federal,farinha_mandioca,2025,Federal/ES,3.79,kg,heuristica,"Farinha De Mandioca FARINHA DE MANDIOCA, GRUPO: SECA , SUBGRUPO: BRANCA , CLASSE: FINA , ASPECTO FÍSICO: TIPO 1 , ACIDEZ"
federal,farinha_trigo,2025,Federal/ES,4.89,kg,heuristica,"Macarrão teor de umidade: massa seca, base da massa: de farinha de trigo, apresentação: penne Macarrão teor de umidade: "
federal,farinha_trigo,2025,Federal/ES,6.59,kg,heuristica,"Pão PÃO, BASE DE FARINHA DE TRIGO REFINADA, TIPO SEMI-DOCE, TIPO ADICIONALHAMBURGER/REDONDO"
federal,frango,2025,Federal/ES,19.47,kg,unidade_declarada,"Carne processada CARNE PROCESSADA, VARIEDADE ALMÔNDEGAS, TIPO FRANGO, SABOR TEMPERADO, ESTADODE CONSERVAÇÃO CONGELADO(A)"
federal,frango,2025,Federal/ES,24.0,kg,unidade_declarada,"Carne processada CARNE PROCESSADA, VARIEDADE ALMÔNDEGAS, TIPO FRANGO, SABOR TEMPERADO, ESTADODE CONSERVAÇÃO CONGELADO(A)"
federal,farinha_mandioca,2025,Federal/ES,3.9,kg,heuristica,"Farinha de mandioca FARINHA DE MANDIOCA, GRUPO D'ÁGUA, SUBGRUPO BRANCA, CLASSE GROSSA, ASPECTOFÍSICO TIPO 1, ACIDEZ BAIX"
federal,ar_condicionado,2025,Federal/ES,12618.6,unidade,unitario,"Aparelho Ar Condicionado capacidade refrigeração: 57.000, características adicionais 1: controle remoto/quente-frio/desu"
federal,achocolatado,2025,Federal/ES,17.225,kg,heuristica,"Achocolatado ACHOCOLATADO, APRESENTAÇÃO PÓ, SABOR TRADICIONAL, PRAZO VALIDADE MÍNIMO 18MESES, CARACTERÍSTICA ADICIONAL E"
federal,gasolina,2025,Federal/ES,6.7387,litro,unidade_declarada,"GASOLINA CLASSIFICAÇÃO: ADITIVADA, USO: PARA AUTOMOTIVOS, ÍNDICE DE OCTANAGEM: IAD 91 MIN GASOLINA CLASSIFICAÇÃO: ADITIV"
federal,achocolatado,2025,Federal/ES,44.75,kg,heuristica,"Achocolatado apresentação: pó, sabor: tradicional, prazo validade mínimo: 18 meses, característica adicional: enriquecid"
federal,achocolatado,2025,Federal/ES,12.975,kg,heuristica,"Achocolatado apresentação: pó, característica adicional: enriquecido com vitaminas, sabor: tradicional ACHOCOLATADO EM P"
federal,achocolatado,2025,Federal/ES,12.5,kg,heuristica,"Achocolatado apresentação: pó, característica adicional: enriquecido com vitaminas, sabor: tradicional ACHOCOLATADO EM P"
federal,acucar,2025,Federal/ES,4.09,kg,heuristica,"Açúcar AÇÚCAR, TIPO REFINADO, COLORAÇÃO BRANCA, PRAZO VALIDADE MÍNIMO 12 MESES"
federal,biscoito,2025,Federal/ES,5.875,kg,heuristica,"Biscoito BISCOITO, APRESENTAÇÃO QUADRADO, SABOR CREAM CRACKER, CLASSIFICAÇÃO SALGADO,CARACTERÍSTICAS ADICIONAIS SEM RECH"
federal,torneira,2024,Federal/ES,45.0,unidade,unitario,"Introdutor percutâneo INTRODUTOR PERCUTÂNEO, TIPO ARTERIAL/VENOSO, COMPONENTE 1 BAINHA VALVULADA C/SAÍDA LATERAL, DILATA"
federal,acucar,2025,Federal/ES,4.14,kg,heuristica,"Açúcar AÇÚCAR, TIPO REFINADO, COLORAÇÃO BRANCA, PRAZO VALIDADE MÍNIMO 12 MESES"
federal,gas_glp,2025,Federal/ES,184.0,botijao_13kg,unitario,"Gás Refino De Petróleo tipo: gás liquefeito de petróleo - glp, uso: doméstico Entrega conforme demanda da Contratante. G"
federal,achocolatado,2025,Federal/ES,51.5,kg,heuristica,"Achocolatado ACHOCOLATADO, APRESENTAÇÃO PÓ, SABOR TRADICIONAL, CARACTERÍSTICA ADICIONALENRIQUECIDO COM VITAMINAS"
federal,achocolatado,2025,Federal/ES,30.75,kg,heuristica,"Achocolatado ACHOCOLATADO, APRESENTAÇÃO PÓ, SABOR TRADICIONAL, CARACTERÍSTICA ADICIONALENRIQUECIDO COM VITAMINAS"
federal,gas_glp,2025,Federal/ES,114.47,botijao_13kg,unitario,"Gás Refino De Petróleo GÁS REFINO DE PETRÓLEO, TIPO: GÁS LIQUEFEITO DE PETRÓLEO - GLP , USO: DOMÉSTICO "
federal,envelope,2025,Federal/ES,0.65,unidade,unitario,"Envelope ENVELOPE, MATERIAL OFFSET, MODELO OFÍCIO, TAMANHO (C X L) 114 X 229 MM, CORBRANCO, GRAMATURA 75 G/M2, ACABAMENT"
federal,envelope,2025,Federal/ES,0.77,unidade,unitario,"Envelope ENVELOPE, MATERIAL: OFFSET , MODELO: OFÍCIO , TAMANHO (C X L): 114 X 229 MM, COR: BRANCO , GRAMATURA: 75 G/M2, "
federal,gas_glp,2025,Federal/ES,123.49,botijao_13kg,unitario,"Gás Refino De Petróleo GÁS REFINO DE PETRÓLEO, TIPO GÁS LIQUEFEITO DE PETRÓLEO- GLP, USO DOMÉSTICO"
federal,farinha_trigo,2025,Federal/ES,5.6,kg,heuristica,"Pão PÃO, BASE DE FARINHA DE TRIGO REFINADA, TIPO SEMI-DOCE, TIPO ADICIONALBISNAGA, CACHORRO QUENTE"
federal,margarina,2025,Federal/ES,18.8,kg,heuristica,"Gordura vegetal GORDURA VEGETAL - MARGARINA, TIPO MARGARINA, SUBTIPO CREMOSA, COMPOSIÇÃOBÁSICA MÍNIMO DE 80% DE GORDURA,"
federal,margarina,2025,Federal/ES,18.8,kg,heuristica,"Gordura Vegetal GORDURA VEGETAL - MARGARINA, TIPO MARGARINA, SUBTIPO CREMOSA, COMPOSIÇÃOBÁSICA MÍNIMO DE 80% DE GORDURA,"
federal,gas_glp,2025,Federal/ES,103.33,botijao_13kg,unitario,"Gás Refino De Petróleo GÁS REFINO DE PETRÓLEO, TIPO: GÁS LIQUEFEITO DE PETRÓLEO - GLP , USO: DOMÉSTICO "
federal,gas_glp,2025,Federal/ES,130.0,botijao_13kg,unitario,"Gás Refino De Petróleo tipo: gás liquefeito de petróleo - glp, uso: doméstico Gás Refino De Petróleo tipo: gás liquefeit"
federal,gas_glp,2025,Federal/ES,105.0,botijao_13kg,unitario,"Gás Refino De Petróleo tipo: gás liquefeito de petróleo - glp, uso: doméstico Gás Refino De Petróleo tipo: gás liquefeit"
federal,gas_glp,2025,Federal/ES,110.0,botijao_13kg,unitario,"Gás refino de petróleo GÁS REFINO DE PETRÓLEO, TIPO: GÁS LIQUEFEITO DE PETRÓLEO - GLP , USO: DOMÉSTICO "
federal,gas_glp,2025,Federal/ES,105.0,botijao_13kg,unitario,"Gás Refino De Petróleo tipo: gás liquefeito de petróleo - glp, uso: doméstico Gás Refino De Petróleo tipo: gás liquefeit"
federal,gas_glp,2025,Federal/ES,110.1,botijao_13kg,unitario,"Gás refino de petróleo GÁS REFINO DE PETRÓLEO, TIPO: GÁS LIQUEFEITO DE PETRÓLEO - GLP , USO: DOMÉSTICO "
federal,margarina,2025,Federal/ES,16.85,kg,unidade_declarada,"Gordura vegetal GORDURA VEGETAL - MARGARINA, TIPO MARGARINA, SUBTIPO CREMOSA, COMPOSIÇÃOBÁSICA MÍNIMO DE 80% DE GORDURA,"
federal,margarina,2025,Federal/ES,20.73,kg,unidade_declarada,"Gordura vegetal GORDURA VEGETAL, TIPO: MARGARINA , SUBTIPO: CREMOSA , COMPOSIÇÃO BÁSICA: MÍNIMO DE 80% DE GORDURA , SABO"
federal,gas_glp,2025,Federal/ES,105.0,botijao_13kg,unitario,"Gás Refino De Petróleo tipo: gás liquefeito de petróleo - glp, uso: doméstico Gás Refino De Petróleo tipo: gás liquefeit"
federal,gas_glp,2025,Federal/ES,105.0,botijao_13kg,unitario,"GÁS REFINO DE PETRÓLEO TIPO: GÁS LIQUEFEITO DE PETRÓLEO - GLP, USO: DOMÉSTICO GÁS REFINO DE PETRÓLEO TIPO: GÁS LIQUEFEIT"
federal,gas_glp,2025,Federal/ES,89.0,botijao_13kg,unitario,"GÁS REFINO DE PETRÓLEO TIPO: GÁS LIQUEFEITO DE PETRÓLEO - GLP, USO: DOMÉSTICO GÁS REFINO DE PETRÓLEO TIPO: GÁS LIQUEFEIT"
federal,gas_glp,2025,Federal/ES,99.74,botijao_13kg,unitario,"Gás Refino De Petróleo GÁS REFINO DE PETRÓLEO, TIPO GÁS LIQUEFEITO DE PETRÓLEO- GLP, USO DOMÉSTICO"
federal,margarina,2025,Federal/ES,15.78,kg,heuristica,"Gordura Vegetal tipo: margarina, subtipo: cremosa, composição básica: mínimo de 80% de gordura, sabor: com sal Gordura V"
federal,margarina,2025,Federal/ES,11.9,kg,heuristica,"Gordura Vegetal tipo: margarina, subtipo: cremosa, composição básica: mínimo de 80% de gordura, sabor: com sal Gordura V"
federal,margarina,2025,Federal/ES,21.38,kg,heuristica,"Gordura Vegetal - Margarina tipo: margarina, subtipo: cremosa, composição básica: mínimo de 80% de gordura, sabor: com s"
federal,feijao,2024,Federal/ES,9.0,kg,unidade_declarada,"Leguminosa LEGUMINOSA, VARIEDADE FEIJÃO VERMELHO, TIPO TIPO 1"
federal,feijao,2024,Federal/ES,7.5,kg,unidade_declarada,"Leguminosa LEGUMINOSA, VARIEDADE FEIJÃO VERMELHO, TIPO TIPO 1"
federal,feijao,2025,Federal/ES,9.65,kg,unidade_declarada,"Leguminosa LEGUMINOSA, VARIEDADE FEIJÃO VERMELHO, TIPO TIPO 1"
federal,feijao,2024,Federal/ES,7.5,kg,unidade_declarada,"Leguminosa LEGUMINOSA, VARIEDADE FEIJÃO VERMELHO, TIPO TIPO 1"
federal,feijao,2024,Federal/ES,9.0,kg,unidade_declarada,"Leguminosa LEGUMINOSA, VARIEDADE FEIJÃO VERMELHO, TIPO TIPO 1"
federal,feijao,2024,Federal/ES,8.6,kg,unidade_declarada,"Leguminosa LEGUMINOSA, VARIEDADE FEIJÃO VERMELHO, TIPO TIPO 1"
federal,feijao,2025,Federal/ES,10.65,kg,unidade_declarada,"Leguminosa LEGUMINOSA, VARIEDADE FEIJÃO VERMELHO, TIPO TIPO 1"
federal,feijao,2024,Federal/ES,8.6,kg,unidade_declarada,"Leguminosa LEGUMINOSA, VARIEDADE FEIJÃO VERMELHO, TIPO TIPO 1"
federal,feijao,2025,Federal/ES,10.68,kg,unidade_declarada,"Leguminosa LEGUMINOSA, VARIEDADE FEIJÃO VERMELHO, TIPO TIPO 1"
federal,feijao,2025,Federal/ES,12.48,kg,unidade_declarada,"Leguminosa LEGUMINOSA, VARIEDADE: FEIJÃO VERMELHO , TIPO: TIPO 1 "
federal,feijao,2025,Federal/ES,8.98,kg,unidade_declarada,"Leguminosa LEGUMINOSA, VARIEDADE FEIJÃO VERMELHO, TIPO TIPO 1"
federal,pneu,2025,Federal/ES,324.98,unidade,unitario,"Peça , material para órteses PEÇA / MATERIAL PARA MEIOS AUXILIARES LOCOMOÇÃO, TIPO PNEU MACIÇO, TIPOACESSÓRIO P/ RODA TR"
federal,cebola,2025,Federal/ES,1.76,kg,unidade_declarada,"Legume in natura LEGUME IN NATURA, TIPO CEBOLA BRANCA"
federal,envelope,2025,Federal/ES,0.79,unidade,unitario,"Envelope material: offset, modelo: saco padrão, tamanho (c x l): 310 x 410, cor: branco, gramatura: 90 Envelope material"
federal,envelope,2025,Federal/ES,0.3,unidade,unitario,"Envelope ENVELOPE, MATERIAL OFFSET, MODELO SACO PADRÃO, TAMANHO (C X L) 310 X 410 MM,COR BRANCO, GRAMATURA 90 G/M2"
federal,toner,2025,Federal/ES,690.0,unidade,unitario,"Cartucho Toner Impressora Samsung cor tinta: preta, referência cartucho 1,: clt-k503l, tipo cartucho: original Toner Sam"
federal,toner,2025,Federal/ES,628.0,unidade,unitario,"Cartucho Toner Impressora Samsung cor tinta: preta, referência cartucho 1,: clt-k503l, tipo cartucho: original Toner Sam"
federal,farinha_trigo,2025,Federal/ES,9.1,kg,heuristica,"Massa Alimentícia MASSA ALIMENTÍCIA, TIPO PARA PASTEL, BASE DA MASSA FARINHA DE TRIGO REFINADA,APRESENTAÇÃO FRESCA/RESFR"
federal,toner,2025,Federal/ES,565.0,unidade,unitario,"Cartucho Toner Impressora Lexmark cor tinta: preta, referência cartucho 3: x654x11l / x654x11b, tipo cartucho: original "
federal,requeijao,2025,Federal/ES,11.35,kg,unidade_declarada,"Queijo origem: de vaca, variedade: requeijão, apresentação: cremoso Queijo origem: de vaca, variedade: requeijão, aprese"
federal,requeijao,2025,Federal/ES,42.09,kg,heuristica,"Queijo QUEIJO, ORIGEM DE VACA, VARIEDADE REQUEIJÃO, APRESENTAÇÃO CREMOSO"
federal,envelope,2025,Federal/ES,0.31,unidade,unitario,"Envelope ENVELOPE, MATERIAL: KRAFT , MODELO: SACO PADRÃO , TAMANHO (C X L): 340 X 240 MM, COR: PARDA , GRAMATURA: 80 G/M"
federal,envelope,2025,Federal/ES,0.36,unidade,unitario,"Envelope material: kraft, modelo: saco padrão, tamanho (c x l): 340 x 240, cor: parda, gramatura: 80 Envelope material: "
federal,detergente,2025,Federal/ES,4.44,litro,heuristica,"Detergente DETERGENTE, COMPOSIÇÃO DODECILBENZENO SULFONATO DE SÓDIO, APLICAÇÃO LAVAGEM DELOUÇAS, AROMA INODORO, CARACTER"
federal,cebola,2025,Federal/ES,4.29,kg,unidade_declarada,"Legume in natura LEGUME IN NATURA, TIPO CEBOLA BRANCA"
federal,cebola,2025,Federal/ES,6.32,kg,unidade_declarada,"Legume in natura LEGUME IN NATURA, TIPO: CEBOLA BRANCA "
federal,cebola,2025,Federal/ES,1.9,kg,unidade_declarada,"Legume in natura LEGUME IN NATURA, TIPO CEBOLA BRANCA"
federal,cebola,2025,Federal/ES,4.5,kg,unidade_declarada,Legume In Natura tipo: cebola branca Legume In Natura tipo: cebola branca
federal,cebola,2025,Federal/ES,3.0,kg,unidade_declarada,Legume In Natura tipo: cebola branca Legume In Natura tipo: cebola branca
federal,iogurte,2025,Federal/ES,12.99,litro,heuristica,"Iogurte Natural teor gordura: integral, sabor: com sabor, componentes: com polpa ou pedaços de fruta Iogurte Natural teo"
federal,envelope,2025,Federal/ES,0.4,unidade,unitario,"Envelope ENVELOPE, MATERIAL KRAFT, MODELO SACO PADRÃO, TAMANHO (C X L) 229 X 324 MM,COR NATURAL, GRAMATURA 75 G/M2"
federal,envelope,2025,Federal/ES,0.4,unidade,unitario,"Envelope ENVELOPE, MATERIAL: KRAFT , MODELO: SACO PADRÃO , TAMANHO (C X L): 229 X 324 MM, COR: NATURAL , GRAMATURA: 75 G"
federal,lampada_led,2025,Federal/ES,31.0,unidade,unitario,"Lâmpada Led LÂMPADA LED, TENSÃO NOMINAL BIVOLT, POTÊNCIA NOMINAL 5 W, TIPO BASE E-27, CORBRANCO QUENTE, APLICAÇÃO AMBIEN"
federal,milho_verde,2025,Federal/ES,2.93,kg,heuristica,Legume In Natura tipo: milho verde Legume In Natura tipo: milho verde
federal,milho_verde,2025,Federal/ES,2.93,kg,heuristica,Legume In Natura tipo: milho verde Legume In Natura tipo: milho verde
federal,carne_bovina,2025,Federal/ES,35.63,kg,unidade_declarada,"Carne bovina in natura CARNE BOVINA IN NATURA, TIPO CORTE: LAGARTO , APRESENTAÇÃO: PEÇA INTEIRA , ESTADO DE CONSERVAÇÃO:"
federal,carne_bovina,2025,Federal/ES,33.84,kg,unidade_declarada,"Carne bovina in natura CARNE BOVINA IN NATURA, TIPO CORTE: LAGARTO , APRESENTAÇÃO: PEÇA INTEIRA , ESTADO DE CONSERVAÇÃO:"
federal,carne_bovina,2025,Federal/ES,30.5,kg,unidade_declarada,"Carne bovina in natura CARNE BOVINA IN NATURA, TIPO CORTE LAGARTO, APRESENTAÇÃO PEÇA INTEIRA, ESTADODE CONSERVAÇÃO CONGE"
federal,carne_bovina,2025,Federal/ES,14.99,kg,unidade_declarada,"Carne bovina in natura CARNE BOVINA IN NATURA, TIPO CORTE LAGARTO, APRESENTAÇÃO PEÇA INTEIRA, ESTADODE CONSERVAÇÃO CONGE"
federal,carne_bovina,2025,Federal/ES,34.29,kg,unidade_declarada,"Carne bovina in natura CARNE BOVINA IN NATURA, TIPO CORTE LAGARTO, APRESENTAÇÃO PEÇA INTEIRA, ESTADODE CONSERVAÇÃO CONGE"
federal,carne_suina,2025,Federal/ES,19.96,kg,unidade_declarada,"Carne suína in natura CARNE SUÍNA IN NATURA, TIPO CORTE RABO, APRESENTAÇÃO PEÇA INTEIRA, ESTADO DECONSERVAÇÃO CONGELADO("
federal,farinha_trigo,2025,Federal/ES,5.29,kg,heuristica,"Macarrão MACARRÃO, TEOR DE UMIDADE: MASSA SECA , BASE DA MASSA: DE FARINHA DE TRIGO , APRESENTAÇÃO: LASANHA "
federal,farinha_trigo,2025,Federal/ES,6.46,kg,heuristica,"Macarrão MACARRÃO, TEOR DE UMIDADE: MASSA SECA , BASE DA MASSA: DE FARINHA DE TRIGO , APRESENTAÇÃO: LASANHA "
federal,carne_bovina,2025,Federal/ES,39.9,kg,unidade_declarada,"Carne Bovina In Natura tipo corte: coxão duro, apresentação: peça inteira, estado de conservação: resfriado(a) Carne Bov"
federal,tomate,2025,Federal/ES,2.99,kg,unidade_declarada,"Legume in natura LEGUME IN NATURA, TIPO TOMATE SALADA"
federal,ar_condicionado,2025,Federal/ES,1999.0,unidade,unitario,"Aparelho Ar Condicionado APARELHO AR CONDICIONADO, CAPACIDADE REFRIGERAÇÃO 10.000 BTU, TENSÃO 110 V,MODELO JANELA, CARAC"
federal,envelope,2025,Federal/ES,0.19,unidade,unitario,"Envelope ENVELOPE, MATERIAL OFFSET, MODELO SACO PADRÃO, TAMANHO (C X L) 162 X 229 MM,COR BRANCO, GRAMATURA 90 G/M2"
federal,envelope,2025,Federal/ES,0.29,unidade,unitario,"Envelope material: offset, modelo: saco padrão, tamanho (c x l): 162 x 229, cor: branco, gramatura: 90 Envelope material"
federal,tomate,2025,Federal/ES,11.0,kg,unidade_declarada,Legume In Natura tipo: tomate salada Legume In Natura tipo: tomate salada
federal,torneira,2024,Federal/ES,130.0,unidade,unitario,"Introdutor percutâneo INTRODUTOR PERCUTÂNEO, TIPO ARTERIAL/VENOSO, COMPONENTE 1 BAINHA VALVULADA C/SAÍDA LATERAL, DILATA"
federal,torneira,2024,Federal/ES,63.0,unidade,unitario,"Introdutor percutâneo INTRODUTOR PERCUTÂNEO, TIPO ARTERIAL/VENOSO, COMPONENTE 1 BAINHA VALVULADA C/SAÍDA LATERAL, DILATA"
federal,tomate,2025,Federal/ES,11.0,kg,unidade_declarada,Legume In Natura tipo: tomate salada Legume In Natura tipo: tomate salada
federal,frango,2025,Federal/ES,18.64,kg,unidade_declarada,"Embutido EMBUTIDO, TIPO: LINGUIÇA DE FRANGO , TAMANHO: GROSSA , TIPO PREPARAÇÃO: FRESCA , ESTADO DE CONSERVAÇÃO: CONGELA"
federal,frango,2025,Federal/ES,17.89,kg,unidade_declarada,"Embutido EMBUTIDO, TIPO: LINGUIÇA DE FRANGO , TAMANHO: GROSSA , TIPO PREPARAÇÃO: FRESCA , ESTADO DE CONSERVAÇÃO: CONGELA"
federal,frango,2025,Federal/ES,17.89,kg,heuristica,"Embutido EMBUTIDO, TIPO LINGUIÇA DE FRANGO, TAMANHO GROSSA, TIPO PREPARAÇÃO FRESCA,ESTADO DE CONSERVAÇÃO CONGELADO(A)"
federal,frango,2025,Federal/ES,17.89,kg,heuristica,"Embutido EMBUTIDO, TIPO LINGUIÇA DE FRANGO, TAMANHO GROSSA, TIPO PREPARAÇÃO FRESCA,ESTADO DE CONSERVAÇÃO CONGELADO(A)"
federal,tomate,2024,Federal/ES,7.3,kg,unidade_declarada,"Legume In Natura LEGUME IN NATURA, TIPO TOMATE SALADA"
federal,tomate,2025,Federal/ES,8.67,kg,unidade_declarada,"Legume In Natura LEGUME IN NATURA, TIPO TOMATE SALADA"
federal,tomate,2025,Federal/ES,4.35,kg,unidade_declarada,"Legume in natura LEGUME IN NATURA, TIPO TOMATE SALADA"
federal,tomate,2025,Federal/ES,6.2,kg,unidade_declarada,"Legume in natura LEGUME IN NATURA, TIPO TOMATE SALADA"
federal,tomate,2025,Federal/ES,4.45,kg,unidade_declarada,"Legume in natura LEGUME IN NATURA, TIPO TOMATE SALADA"
federal,tomate,2025,Federal/ES,4.45,kg,unidade_declarada,"Legume in natura LEGUME IN NATURA, TIPO TOMATE SALADA"
federal,tomate,2024,Federal/ES,8.35,kg,unidade_declarada,"Legume In Natura LEGUME IN NATURA, TIPO TOMATE SALADA"
federal,tomate,2025,Federal/ES,6.17,kg,unidade_declarada,"Legume in natura LEGUME IN NATURA, TIPO TOMATE SALADA"
federal,tomate,2025,Federal/ES,6.17,kg,unidade_declarada,"Legume in natura LEGUME IN NATURA, TIPO TOMATE SALADA"
federal,tomate,2024,Federal/ES,7.3,kg,unidade_declarada,"Legume In Natura LEGUME IN NATURA, TIPO TOMATE SALADA"
federal,tomate,2025,Federal/ES,4.35,kg,unidade_declarada,"Legume in natura LEGUME IN NATURA, TIPO TOMATE SALADA"
federal,tomate,2025,Federal/ES,8.0,kg,unidade_declarada,Legume In Natura tipo: tomate salada Legume In Natura tipo: tomate salada
federal,tomate,2024,Federal/ES,9.9,kg,unidade_declarada,"Legume In Natura LEGUME IN NATURA, TIPO TOMATE SALADA"
federal,tomate,2025,Federal/ES,9.25,kg,unidade_declarada,"Legume In Natura LEGUME IN NATURA, TIPO TOMATE SALADA"
federal,tomate,2025,Federal/ES,7.5,kg,unidade_declarada,Legume In Natura tipo: tomate salada Legume In Natura tipo: tomate salada
federal,tomate,2025,Federal/ES,9.33,kg,unidade_declarada,"Legume In Natura LEGUME IN NATURA, TIPO TOMATE SALADA"
federal,tomate,2024,Federal/ES,9.9,kg,unidade_declarada,"Legume In Natura LEGUME IN NATURA, TIPO TOMATE SALADA"
federal,tomate,2024,Federal/ES,9.9,kg,unidade_declarada,"Legume In Natura LEGUME IN NATURA, TIPO TOMATE SALADA"
federal,tomate,2024,Federal/ES,8.35,kg,unidade_declarada,"Legume In Natura LEGUME IN NATURA, TIPO TOMATE SALADA"
federal,tomate,2024,Federal/ES,9.9,kg,unidade_declarada,"Legume In Natura LEGUME IN NATURA, TIPO TOMATE SALADA"
federal,farinha_trigo,2025,Federal/ES,5.9,kg,heuristica,"Pão PÃO, BASE DE FARINHA DE TRIGO REFINADA, TIPO DE FORMA, TIPO ADICIONALTRADICIONAL, APRESENTAÇÃO FATIADO, TIPO EMBALAG"
federal,farinha_trigo,2025,Federal/ES,7.41,kg,heuristica,"Pão PÃO, BASE DE FARINHA DE TRIGO REFINADA, TIPO DE FORMA, TIPO ADICIONALTRADICIONAL, APRESENTAÇÃO FATIADO, TIPO EMBALAG"
federal,abacaxi,2025,Federal/ES,14.49,unidade,unitario,"Doce Não Confeitado DOCE NÃO CONFEITADO, TIPO EM CALDA, SABOR ABACAXI, FORMA APRESENTAÇÃO RODELAS"
federal,biscoito,2025,Federal/ES,11.95,kg,heuristica,"Biscoito BISCOITO, APRESENTAÇÃO RETANGULAR, CLASSIFICAÇÃO SALGADO, TIPO CLUB SOCIAL,APLICAÇÃO ALIMENTAÇÃO HUMANA"
federal,pendrive,2025,Federal/ES,26.54,unidade,unitario,"Memória Portátil Microcomputador MEMÓRIA PORTÁTIL MICROCOMPUTADOR, CAPACIDADE MEMÓRIA: 8 GB, INTERFACE: USB , APLICAÇÃO:"
federal,pendrive,2025,Federal/ES,36.08,unidade,unitario,"Memória Portátil Microcomputador capacidade memória: 64, interface: usb 2.0, características adicionais: capa/corpo plás"
federal,pendrive,2025,Federal/ES,32.56,unidade,unitario,"Memória Portátil Microcomputador capacidade memória: 64, características adicionais: capa/corpo plástico customizado/con"
federal,detergente,2025,Federal/ES,3.0,litro,heuristica,"Detergente DETERGENTE, COMPOSIÇÃO TENSOATIVO NÃO-IÔNICO, AGENTE ALCALINIZANTE E AGE N,APLICAÇÃO LAVAGEM DE LOUÇAS, CARAC"
federal,aipim,2025,Federal/ES,2.44,kg,unidade_declarada,"Legume in natura LEGUME IN NATURA, TIPO MANDIOCA/ AIPIM"
federal,aipim,2025,Federal/ES,5.49,kg,unidade_declarada,"Legume in natura LEGUME IN NATURA, TIPO: MANDIOCA / AIPIM "
federal,aipim,2024,Federal/ES,5.08,kg,unidade_declarada,"Legume In Natura LEGUME IN NATURA, TIPO MANDIOCA/ AIPIM"
federal,aipim,2024,Federal/ES,5.15,kg,unidade_declarada,"Legume In Natura LEGUME IN NATURA, TIPO MANDIOCA/ AIPIM"
federal,aipim,2025,Federal/ES,5.16,kg,unidade_declarada,"Legume In Natura LEGUME IN NATURA, TIPO MANDIOCA/ AIPIM"
federal,aipim,2025,Federal/ES,5.49,kg,unidade_declarada,"Legume in natura LEGUME IN NATURA, TIPO MANDIOCA/ AIPIM"
federal,aipim,2024,Federal/ES,3.99,kg,unidade_declarada,"Legume In Natura LEGUME IN NATURA, TIPO MANDIOCA/ AIPIM"
federal,aipim,2025,Federal/ES,4.5,kg,unidade_declarada,"Legume In Natura LEGUME IN NATURA, TIPO MANDIOCA/ AIPIM"
federal,aipim,2024,Federal/ES,5.15,kg,unidade_declarada,"Legume In Natura LEGUME IN NATURA, TIPO MANDIOCA/ AIPIM"
federal,aipim,2024,Federal/ES,3.99,kg,unidade_declarada,"Legume In Natura LEGUME IN NATURA, TIPO MANDIOCA/ AIPIM"
federal,aipim,2024,Federal/ES,5.08,kg,unidade_declarada,"Legume In Natura LEGUME IN NATURA, TIPO MANDIOCA/ AIPIM"
federal,aipim,2025,Federal/ES,5.02,kg,unidade_declarada,"Legume In Natura LEGUME IN NATURA, TIPO MANDIOCA/ AIPIM"
federal,aipim,2025,Federal/ES,3.49,kg,unidade_declarada,"Legume in natura LEGUME IN NATURA, TIPO MANDIOCA/ AIPIM"
federal,lampada_led,2025,Federal/ES,13.5,unidade,unitario,"Lâmpada Led LÂMPADA LED, MODELO LED, TENSÃO NOMINAL BIVOLT, POTÊNCIA NOMINAL 10 W, TIPOBASE G13, TEMPERATURA DE COR 3500"
federal,torrada,2025,Federal/ES,9.65,kg,unidade_declarada,"Farinha de rosca FARINHA DE ROSCA, BASE DE PÃO TORRADO, APRESENTAÇÃO GRANULOS FINOS/MÉDIOS"
federal,aipim,2025,Federal/ES,1.5,kg,unidade_declarada,"Legume in natura LEGUME IN NATURA, TIPO MANDIOCA/ AIPIM"
federal,aipim,2025,Federal/ES,6.0,kg,unidade_declarada,Legume In Natura tipo: mandioca / aipim Legume In Natura tipo: mandioca / aipim
federal,aipim,2025,Federal/ES,6.0,kg,unidade_declarada,Legume In Natura tipo: mandioca / aipim Legume In Natura tipo: mandioca / aipim
federal,carne_bovina,2025,Federal/ES,28.5,kg,unidade_declarada,"Carne bovina in natura CARNE BOVINA IN NATURA, TIPO CORTE RABADA, APRESENTAÇÃO CORTADA, PROCESSAMENTOCOM OSSO, ESTADO DE"
federal,carne_bovina,2025,Federal/ES,28.5,kg,unidade_declarada,"Carne bovina in natura CARNE BOVINA IN NATURA, TIPO CORTE RABADA, APRESENTAÇÃO CORTADA, PROCESSAMENTOCOM OSSO, ESTADO DE"
federal,pneu,2025,Federal/ES,654.38,unidade,unitario,"Pneu veículo automotivo PNEU VEÍCULO AUTOMOTIVO, MATERIAL CARCAÇA LONA NÁILON, MATERIAL TALÃO AÇO,MATERIAL BANDA RODAGEM"
federal,albendazol,2024,Federal/ES,0.57,unidade,unitario,"Albendazol ALBENDAZOL, DOSAGEM 400 MG"
federal,torneira,2024,Federal/ES,90.0,unidade,unitario,"Material especial cardiovascular MATERIAL ESPECIAL CARDIOVASCULAR, APLICAÇÃO* P/ MONITORIZAÇÃO PRESSÃO ARTERIALINVASIVA,"
federal,abacaxi,2025,Federal/ES,5.5,unidade,unitario,"Fruta FRUTA, TIPO ABACAXI PÉROLA, APRESENTAÇÃO NATURAL"
federal,abacaxi,2025,Federal/ES,6.33,unidade,unitario,"Fruta FRUTA, TIPO ABACAXI PÉROLA, APRESENTAÇÃO NATURAL"
federal,abacaxi,2025,Federal/ES,6.59,unidade,unitario,"Fruta FRUTA, TIPO ABACAXI PÉROLA, APRESENTAÇÃO NATURAL"
federal,abacaxi,2024,Federal/ES,5.8,unidade,unitario,"Fruta FRUTA, TIPO ABACAXI PÉROLA, APRESENTAÇÃO NATURAL"
federal,abacaxi,2024,Federal/ES,8.53,unidade,unitario,"Fruta FRUTA, TIPO ABACAXI PÉROLA, APRESENTAÇÃO NATURAL"
federal,abacaxi,2025,Federal/ES,7.84,unidade,unitario,"Fruta FRUTA, TIPO: ABACAXI PÉROLA , APRESENTAÇÃO: NATURAL "
federal,abacaxi,2024,Federal/ES,5.8,unidade,unitario,"Fruta FRUTA, TIPO ABACAXI PÉROLA, APRESENTAÇÃO NATURAL"
federal,abacaxi,2024,Federal/ES,7.61,unidade,unitario,"Fruta FRUTA, TIPO ABACAXI PÉROLA, APRESENTAÇÃO NATURAL"
federal,abacaxi,2025,Federal/ES,6.33,unidade,unitario,"Fruta FRUTA, TIPO ABACAXI PÉROLA, APRESENTAÇÃO NATURAL"
federal,abacaxi,2025,Federal/ES,7.84,unidade,unitario,"Fruta FRUTA, TIPO: ABACAXI PÉROLA , APRESENTAÇÃO: NATURAL "
federal,abacaxi,2024,Federal/ES,7.61,unidade,unitario,"Fruta FRUTA, TIPO ABACAXI PÉROLA, APRESENTAÇÃO NATURAL"
federal,abacaxi,2024,Federal/ES,8.53,unidade,unitario,"Fruta FRUTA, TIPO ABACAXI PÉROLA, APRESENTAÇÃO NATURAL"
federal,abobora,2025,Federal/ES,2.89,kg,unidade_declarada,"Legume in natura LEGUME IN NATURA, TIPO ABÓBORA CABOTIÁ/ JAPONESA"
federal,abobora,2024,Federal/ES,4.0,kg,unidade_declarada,"Legume In Natura LEGUME IN NATURA, TIPO ABÓBORA CABOTIÁ/ JAPONESA"
federal,abobora,2025,Federal/ES,5.04,kg,unidade_declarada,"Legume In Natura LEGUME IN NATURA, TIPO ABÓBORA CABOTIÁ/ JAPONESA"
federal,abobora,2025,Federal/ES,5.45,kg,unidade_declarada,"Legume In Natura LEGUME IN NATURA, TIPO ABÓBORA CABOTIÁ/ JAPONESA"
federal,abobora,2024,Federal/ES,5.75,kg,unidade_declarada,"Legume In Natura LEGUME IN NATURA, TIPO ABÓBORA CABOTIÁ/ JAPONESA"
federal,abobora,2025,Federal/ES,2.3,kg,unidade_declarada,"Legume in natura LEGUME IN NATURA, TIPO ABÓBORA CABOTIÁ/ JAPONESA"
federal,abobora,2024,Federal/ES,5.75,kg,unidade_declarada,"Legume In Natura LEGUME IN NATURA, TIPO ABÓBORA CABOTIÁ/ JAPONESA"
federal,albendazol,2025,Federal/ES,1.2075,unidade,unitario,"Albendazol ALBENDAZOL, DOSAGEM 40 MG/ML, USO SUSPENSÃO ORAL"
federal,abobora,2024,Federal/ES,5.16,kg,unidade_declarada,"Legume In Natura LEGUME IN NATURA, TIPO ABÓBORA CABOTIÁ/ JAPONESA"
federal,abobora,2025,Federal/ES,3.35,kg,unidade_declarada,Legume In Natura tipo: abóbora cabotiá / japonesa Legume In Natura tipo: abóbora cabotiá / japonesa
federal,abobora,2025,Federal/ES,4.48,kg,unidade_declarada,"Legume In Natura LEGUME IN NATURA, TIPO ABÓBORA CABOTIÁ/ JAPONESA"
federal,abobora,2024,Federal/ES,5.16,kg,unidade_declarada,"Legume In Natura LEGUME IN NATURA, TIPO ABÓBORA CABOTIÁ/ JAPONESA"
federal,abobora,2024,Federal/ES,4.0,kg,unidade_declarada,"Legume In Natura LEGUME IN NATURA, TIPO ABÓBORA CABOTIÁ/ JAPONESA"
federal,gasolina,2025,Federal/ES,5.9875,litro,unidade_declarada,"Gasolina GASOLINA, USO PARA AUTOMOTIVOS, CLASSIFICAÇÃO COMUM, ÍNDICE DE OCTANAGEM IAD87 MIN"
federal,gasolina,2025,Federal/ES,6.48,litro,unidade_declarada,"Gasolina classificação: comum, uso: para automotivos, índice de octanagem: iad 87 min Gasolina classificação: comum, uso"
federal,gasolina,2025,Federal/ES,6.4887,litro,unidade_declarada,"GASOLINA CLASSIFICAÇÃO: COMUM, USO: PARA AUTOMOTIVOS, ÍNDICE DE OCTANAGEM: IAD 87 MIN GASOLINA
COMUM; Uso:
Automotivo,
c"
federal,abobora,2025,Federal/ES,3.99,kg,unidade_declarada,"Legume in natura LEGUME IN NATURA, TIPO ABÓBORA CABOTIÁ/ JAPONESA"
federal,banana,2025,Federal/ES,3.5,kg,unidade_declarada,"Fruta tipo: banana prata / banana branca, apresentação: natural Fruta tipo: banana prata / banana branca, apresentação: "
federal,banana,2025,Federal/ES,3.49,kg,unidade_declarada,"Fruta tipo: banana prata / banana branca, apresentação: natural Fruta tipo: banana prata / banana branca, apresentação: "
federal,banana,2025,Federal/ES,2.38,kg,unidade_declarada,"Fruta FRUTA, TIPO BANANA PRATA/ BANANA BRANCA, APRESENTAÇÃO NATURAL"
federal,abobora,2025,Federal/ES,1.7,kg,unidade_declarada,"Legume in natura LEGUME IN NATURA, TIPO ABÓBORA CABOTIÁ/ JAPONESA"
federal,abobora,2025,Federal/ES,4.6,kg,unidade_declarada,Legume In Natura tipo: abóbora cabotiá / japonesa Legume In Natura tipo: abóbora cabotiá / japonesa
federal,farinha_trigo,2025,Federal/ES,4.28,kg,heuristica,"Farinha De Trigo FARINHA DE TRIGO, GRUPO: DOMÉSTICO , TIPO: TIPO 1, ESPECIAL , INGREDIENTE ADICIONAL: FORTIFICADA COM FE"
federal,farinha_trigo,2025,Federal/ES,3.45,kg,unidade_declarada,"Farinha de trigo FARINHA DE TRIGO, GRUPO DOMÉSTICO, TIPO TIPO 1, ESPECIAL, INGREDIENTEADICIONAL FORTIFICADA COM FERRO E "
federal,farinha_trigo,2025,Federal/ES,5.8,kg,heuristica,"Farinha De Trigo FARINHA DE TRIGO, GRUPO: DOMÉSTICO , TIPO: TIPO 1, ESPECIAL , INGREDIENTE ADICIONAL: FORTIFICADA COM FE"
federal,macarrao,2025,Federal/ES,14.23,kg,unidade_declarada,"Legume In Natura LEGUME IN NATURA, TIPO VAGEM MACARRÃO"
federal,macarrao,2024,Federal/ES,9.5,kg,unidade_declarada,"Legume In Natura LEGUME IN NATURA, TIPO VAGEM MACARRÃO"
federal,macarrao,2024,Federal/ES,10.0,kg,unidade_declarada,"Legume In Natura LEGUME IN NATURA, TIPO VAGEM MACARRÃO"
federal,macarrao,2024,Federal/ES,10.0,kg,unidade_declarada,"Legume In Natura LEGUME IN NATURA, TIPO VAGEM MACARRÃO"
federal,macarrao,2025,Federal/ES,14.25,kg,unidade_declarada,"Legume In Natura LEGUME IN NATURA, TIPO VAGEM MACARRÃO"
federal,macarrao,2025,Federal/ES,7.18,kg,unidade_declarada,"Legume in natura LEGUME IN NATURA, TIPO VAGEM MACARRÃO"
federal,macarrao,2025,Federal/ES,7.08,kg,unidade_declarada,"Legume in natura LEGUME IN NATURA, TIPO VAGEM MACARRÃO"
federal,macarrao,2024,Federal/ES,9.5,kg,unidade_declarada,"Legume In Natura LEGUME IN NATURA, TIPO VAGEM MACARRÃO"
federal,acucar,2025,Federal/ES,5.58,kg,heuristica,"Açúcar AÇÚCAR, TIPO REFINADO"
federal,macarrao,2025,Federal/ES,5.48,kg,unidade_declarada,"Legume in natura LEGUME IN NATURA, TIPO VAGEM MACARRÃO"
federal,banana,2025,Federal/ES,2.5,kg,unidade_declarada,"Fruta FRUTA, TIPO BANANA PRATA/ BANANA BRANCA, APRESENTAÇÃO NATURAL"
federal,banana,2025,Federal/ES,6.33,kg,unidade_declarada,"Fruta tipo: banana prata / banana branca, apresentação: natural Fruta tipo: banana prata / banana branca, apresentação: "
federal,banana,2025,Federal/ES,6.33,kg,unidade_declarada,"Fruta tipo: banana prata / banana branca, apresentação: natural Fruta tipo: banana prata / banana branca, apresentação: "
federal,banana,2025,Federal/ES,6.33,kg,unidade_declarada,"Fruta tipo: banana prata / banana branca, apresentação: natural Fruta tipo: banana prata / banana branca, apresentação: "
federal,hidroclorotiazida,2025,Federal/ES,0.13,unidade,unitario,"Hidroclorotiazida HIDROCLOROTIAZIDA, DOSAGEM: 25 MG"
federal,hidroclorotiazida,2025,Federal/ES,0.03,unidade,unitario,"Hidroclorotiazida HIDROCLOROTIAZIDA, DOSAGEM 25 MG"
federal,acucar,2025,Federal/ES,14.9,kg,heuristica,"Açúcar tipo: refinado, coloração: branca Açúcar tipo: refinado, coloração: branca"
federal,macarrao,2025,Federal/ES,15.07,kg,unidade_declarada,Legume In Natura tipo: vagem macarrão Legume In Natura tipo: vagem macarrão
federal,macarrao,2025,Federal/ES,4.4,kg,unidade_declarada,"Legume in natura LEGUME IN NATURA, TIPO VAGEM MACARRÃO"
federal,acucar,2025,Federal/ES,5.98,kg,heuristica,"Açúcar tipo: refinado, coloração: branca Açúcar tipo: refinado, coloração: branca"
federal,acucar,2025,Federal/ES,5.98,kg,heuristica,"Açúcar tipo: refinado, coloração: branca Açúcar tipo: refinado, coloração: branca"
federal,maca_fruta,2025,Federal/ES,7.04,kg,unidade_declarada,"Fruta FRUTA, TIPO MAÇÃ FUJI, APRESENTAÇÃO NATURAL"
federal,maca_fruta,2025,Federal/ES,7.04,kg,unidade_declarada,"Fruta FRUTA, TIPO MAÇÃ FUJI, APRESENTAÇÃO NATURAL"
federal,banana,2024,Federal/ES,5.5,kg,unidade_declarada,"Fruta FRUTA, TIPO BANANA PRATA/ BANANA BRANCA, APRESENTAÇÃO NATURAL"
federal,banana,2025,Federal/ES,4.29,kg,unidade_declarada,"Fruta FRUTA, TIPO: BANANA PRATA / BANANA BRANCA , APRESENTAÇÃO: NATURAL "
federal,banana,2025,Federal/ES,4.06,kg,unidade_declarada,"Fruta FRUTA, TIPO BANANA PRATA/ BANANA BRANCA, APRESENTAÇÃO NATURAL"
federal,banana,2024,Federal/ES,5.5,kg,unidade_declarada,"Fruta FRUTA, TIPO BANANA PRATA/ BANANA BRANCA, APRESENTAÇÃO NATURAL"
federal,banana,2024,Federal/ES,4.0,kg,unidade_declarada,"Fruta FRUTA, TIPO BANANA PRATA/ BANANA BRANCA, APRESENTAÇÃO NATURAL"
federal,banana,2025,Federal/ES,5.72,kg,unidade_declarada,"Fruta FRUTA, TIPO BANANA PRATA/ BANANA BRANCA, APRESENTAÇÃO NATURAL"
federal,banana,2025,Federal/ES,6.71,kg,unidade_declarada,"Fruta FRUTA, TIPO BANANA PRATA/ BANANA BRANCA, APRESENTAÇÃO NATURAL"
federal,banana,2025,Federal/ES,5.91,kg,unidade_declarada,"Fruta FRUTA, TIPO BANANA PRATA/ BANANA BRANCA, APRESENTAÇÃO NATURAL"
federal,banana,2024,Federal/ES,6.0,kg,unidade_declarada,"Fruta FRUTA, TIPO BANANA PRATA/ BANANA BRANCA, APRESENTAÇÃO NATURAL"
federal,banana,2025,Federal/ES,5.0,kg,unidade_declarada,"Fruta tipo: banana prata / banana branca, apresentação: natural Fruta tipo: banana prata / banana branca, apresentação: "
federal,banana,2024,Federal/ES,4.0,kg,unidade_declarada,"Fruta FRUTA, TIPO BANANA PRATA/ BANANA BRANCA, APRESENTAÇÃO NATURAL"
federal,banana,2025,Federal/ES,3.39,kg,unidade_declarada,"Fruta FRUTA, TIPO BANANA PRATA/ BANANA BRANCA, APRESENTAÇÃO NATURAL"
federal,banana,2025,Federal/ES,6.0,kg,unidade_declarada,"Fruta tipo: banana prata / banana branca, apresentação: natural Fruta tipo: banana prata / banana branca, apresentação: "
federal,banana,2024,Federal/ES,6.0,kg,unidade_declarada,"Fruta FRUTA, TIPO BANANA PRATA/ BANANA BRANCA, APRESENTAÇÃO NATURAL"
federal,alface,2025,Federal/ES,1.43,unidade,unitario,"Verdura in natura VERDURA IN NATURA, TIPO ALFACE AMERICANA"
federal,goiaba,2025,Federal/ES,6.5,kg,unidade_declarada,"Fruta tipo: goiaba vermelha, apresentação: natural Fruta tipo: goiaba vermelha, apresentação: natural"
federal,goiaba,2025,Federal/ES,8.0,kg,unidade_declarada,"Fruta tipo: goiaba vermelha, apresentação: natural Fruta tipo: goiaba vermelha, apresentação: natural"
federal,maca_fruta,2025,Federal/ES,7.4,kg,unidade_declarada,"Fruta FRUTA, TIPO MAÇÃ FUJI, APRESENTAÇÃO NATURAL"
federal,maca_fruta,2025,Federal/ES,15.52,kg,unidade_declarada,"Fruta FRUTA, TIPO: MAÇÃ FUJI , APRESENTAÇÃO: NATURAL "
federal,maca_fruta,2025,Federal/ES,10.89,kg,unidade_declarada,"Fruta FRUTA, TIPO: MAÇÃ FUJI , APRESENTAÇÃO: NATURAL "
federal,alface,2025,Federal/ES,1.1,unidade,unitario,"Verdura in natura VERDURA IN NATURA, TIPO ALFACE AMERICANA"
federal,prednisona,2025,Federal/ES,0.11,unidade,unitario,"Prednisona PREDNISONA, DOSAGEM 5 MG"
federal,repolho,2024,Federal/ES,3.89,kg,unidade_declarada,"Verdura In Natura VERDURA IN NATURA, TIPO REPOLHO BRANCO/ VERDE"
federal,repolho,2024,Federal/ES,3.89,kg,unidade_declarada,"Verdura In Natura VERDURA IN NATURA, TIPO REPOLHO BRANCO/ VERDE"
federal,repolho,2025,Federal/ES,2.85,kg,unidade_declarada,"Verdura in natura VERDURA IN NATURA, TIPO REPOLHO BRANCO/ VERDE"
federal,repolho,2024,Federal/ES,4.3,kg,unidade_declarada,"Verdura In Natura VERDURA IN NATURA, TIPO REPOLHO BRANCO/ VERDE"
federal,repolho,2024,Federal/ES,4.3,kg,unidade_declarada,"Verdura In Natura VERDURA IN NATURA, TIPO REPOLHO BRANCO/ VERDE"
federal,repolho,2025,Federal/ES,5.36,kg,unidade_declarada,"Verdura In Natura VERDURA IN NATURA, TIPO REPOLHO BRANCO/ VERDE"
federal,repolho,2025,Federal/ES,4.0,kg,unidade_declarada,Verdura In Natura tipo: repolho branco / verde Verdura In Natura tipo: repolho branco / verde
federal,repolho,2024,Federal/ES,4.8,kg,unidade_declarada,"Verdura In Natura VERDURA IN NATURA, TIPO REPOLHO BRANCO/ VERDE"
federal,repolho,2025,Federal/ES,4.67,kg,unidade_declarada,"Verdura In Natura VERDURA IN NATURA, TIPO REPOLHO BRANCO/ VERDE"
federal,repolho,2024,Federal/ES,4.8,kg,unidade_declarada,"Verdura In Natura VERDURA IN NATURA, TIPO REPOLHO BRANCO/ VERDE"
federal,repolho,2025,Federal/ES,5.03,kg,unidade_declarada,"Verdura In Natura VERDURA IN NATURA, TIPO REPOLHO BRANCO/ VERDE"
federal,repolho,2025,Federal/ES,3.02,kg,unidade_declarada,"Verdura in natura VERDURA IN NATURA, TIPO REPOLHO BRANCO/ VERDE"
federal,propranolol,2025,Federal/ES,0.11,unidade,unitario,"Propranolol cloridrato PROPRANOLOL CLORIDRATO, DOSAGEM 40 MG"
federal,goiaba,2025,Federal/ES,3.8,kg,unidade_declarada,"Fruta FRUTA, TIPO GOIABA VERMELHA, APRESENTAÇÃO NATURAL"
federal,repolho,2025,Federal/ES,2.14,kg,unidade_declarada,"Verdura in natura VERDURA IN NATURA, TIPO REPOLHO BRANCO/ VERDE"
federal,pendrive,2025,Federal/ES,33.41,unidade,unitario,"Memória portátil microcomputador MEMÓRIA PORTÁTIL MICROCOMPUTADOR, CAPACIDADE MEMÓRIA: 32 GB, APLICAÇÃO: ARMAZENAMENTO D"
federal,caneta_esferografica,2025,Federal/ES,3.33,unidade,unitario,"Caneta esferográfica CANETA ESFEROGRÁFICA, MATERIAL: METAL , QUANTIDADE CARGAS: 1 UN, MATERIAL PONTA: METAL , COR TINTA:"
federal,goiaba,2025,Federal/ES,7.93,kg,unidade_declarada,"Fruta tipo: goiaba vermelha, apresentação: natural Fruta tipo: goiaba vermelha, apresentação: natural"
federal,goiaba,2024,Federal/ES,6.5,kg,unidade_declarada,"Fruta FRUTA, TIPO GOIABA VERMELHA, APRESENTAÇÃO NATURAL"
federal,goiaba,2025,Federal/ES,7.2,kg,unidade_declarada,"Fruta FRUTA, TIPO GOIABA VERMELHA, APRESENTAÇÃO NATURAL"
federal,goiaba,2024,Federal/ES,7.0,kg,unidade_declarada,"Fruta FRUTA, TIPO GOIABA VERMELHA, APRESENTAÇÃO NATURAL"
federal,goiaba,2024,Federal/ES,6.5,kg,unidade_declarada,"Fruta FRUTA, TIPO GOIABA VERMELHA, APRESENTAÇÃO NATURAL"
federal,goiaba,2024,Federal/ES,7.0,kg,unidade_declarada,"Fruta FRUTA, TIPO GOIABA VERMELHA, APRESENTAÇÃO NATURAL"
federal,goiaba,2025,Federal/ES,7.15,kg,unidade_declarada,"Fruta FRUTA, TIPO GOIABA VERMELHA, APRESENTAÇÃO NATURAL"
federal,goiaba,2025,Federal/ES,4.5,kg,unidade_declarada,"Fruta FRUTA, TIPO GOIABA VERMELHA, APRESENTAÇÃO NATURAL"
federal,repolho,2025,Federal/ES,4.92,kg,unidade_declarada,"Verdura in natura VERDURA IN NATURA, TIPO: REPOLHO BRANCO / VERDE "
federal,repolho,2025,Federal/ES,3.49,kg,unidade_declarada,"Verdura in natura VERDURA IN NATURA, TIPO: REPOLHO BRANCO / VERDE "
federal,repolho,2025,Federal/ES,4.69,kg,unidade_declarada,Verdura In Natura tipo: repolho branco / verde Verdura In Natura tipo: repolho branco / verde
federal,repolho,2025,Federal/ES,6.35,kg,unidade_declarada,Verdura In Natura tipo: repolho branco / verde Verdura In Natura tipo: repolho branco / verde
federal,repolho,2025,Federal/ES,6.35,kg,unidade_declarada,Verdura In Natura tipo: repolho branco / verde Verdura In Natura tipo: repolho branco / verde
federal,repolho,2025,Federal/ES,1.9,kg,unidade_declarada,"Verdura in natura VERDURA IN NATURA, TIPO REPOLHO BRANCO/ VERDE"
federal,repolho,2025,Federal/ES,6.35,kg,unidade_declarada,Verdura In Natura tipo: repolho branco / verde Verdura In Natura tipo: repolho branco / verde
federal,repolho,2025,Federal/ES,6.35,kg,unidade_declarada,Verdura In Natura tipo: repolho branco / verde Verdura In Natura tipo: repolho branco / verde
federal,polpa_fruta,2025,Federal/ES,27.0,kg,unidade_declarada,"Polpa de fruta POLPA DE FRUTA, TIPO MARACUJÁ, APRESENTAÇÃO CONGELADA"
federal,polpa_fruta,2025,Federal/ES,29.99,kg,unidade_declarada,"Polpa de fruta POLPA DE FRUTA, TIPO MORANGO, AMORA E FRAMBOESA, APRESENTAÇÃO CONGELADA"
federal,acucar,2025,Federal/ES,10.2,kg,heuristica,"Açúcar AÇÚCAR, TIPO CRISTAL, PRAZO VALIDADE MÍNIMO 12 MESES"
federal,ar_condicionado,2025,Federal/ES,7742.86,unidade,unitario,"Aparelho Ar Condicionado APARELHO AR CONDICIONADO, CAPACIDADE REFRIGERAÇÃO 24.000 BTU/H, TENSÃO 220 V,FREQÜÊNCIA 60 HZ, "
federal,ar_condicionado,2025,Federal/ES,6131.25,unidade,unitario,"Aparelho Ar Condicionado APARELHO AR CONDICIONADO, CAPACIDADE REFRIGERAÇÃO 24.000 BTU/H, TENSÃO 220 V,FREQÜÊNCIA 60 HZ, "
federal,farinha_trigo,2025,Federal/ES,8.9,kg,unidade_declarada,"Pão PÃO, BASE DE FARINHA DE TRIGO REFINADA, TIPO TIPO FRANÇÊS/BRANCO/DE SAL, TIPOADICIONAL TRADICIONAL, APRESENTAÇÃO PRÉ"
federal,ar_condicionado,2025,Federal/ES,4299.0,unidade,unitario,"Aparelho Ar Condicionado tipo: split, capacidade refrigeração: 24.000, tensão: 220, freqüência: 60 Aparelho Ar Condicion"
federal,farinha_trigo,2025,Federal/ES,8.9,kg,unidade_declarada,"Pão PÃO, BASE DE FARINHA DE TRIGO REFINADA, TIPO TIPO FRANÇÊS/BRANCO/DE SAL, TIPOADICIONAL TRADICIONAL, APRESENTAÇÃO PRÉ"
federal,acucar,2025,Federal/ES,21.2,kg,heuristica,"Açúcar AÇÚCAR, TIPO: CRISTAL , PRAZO VALIDADE MÍNIMO: 12 MESES "
federal,farinha_trigo,2025,Federal/ES,17.15,kg,unidade_declarada,"Pão PÃO, BASE DE FARINHA DE TRIGO REFINADA, TIPO TIPO FRANÇÊS/BRANCO/DE SAL, TIPOADICIONAL TRADICIONAL, APRESENTAÇÃO PRÉ"
federal,acucar,2025,Federal/ES,18.99,kg,heuristica,"Açúcar AÇÚCAR, TIPO CRISTAL, PRAZO VALIDADE MÍNIMO 12 MESES"
federal,acucar,2025,Federal/ES,7.19,kg,heuristica,"Açúcar AÇÚCAR, TIPO DE CONFEITEIRO"
federal,leite_condensado,2025,Federal/ES,8.99,kg,heuristica,"Leite Condensado tipo: integral, ingrediente básico: leite in natura Leite Condensado tipo: integral, ingrediente básico"
federal,leite_condensado,2025,Federal/ES,21.53,kg,heuristica,"Leite Condensado LEITE CONDENSADO, TIPO INTEGRAL, INGREDIENTE BÁSICO LEITE IN NATURA"
federal,seringa,2025,Federal/ES,2.81,unidade,unitario,"Seringa SERINGA, MATERIAL: POLIPROPILENO , CAPACIDADE: CERCA 60 ML, TIPO BICO: BICO CENTRAL LUER LOCK , TIPO VEDAÇÃO: ÊM"
federal,gas_glp,2025,Federal/ES,170.0,botijao_13kg,unitario,"Gás Refino De Petróleo tipo: gás liquefeito de petróleo - glp, uso: industrial Fornecimento de Gás liquefeito de petróle"
federal,envelope,2025,Federal/ES,1.55,unidade,unitario,"Envelope ENVELOPE, MATERIAL KRAFT, MODELO SACO PADRÃO, TAMANHO (C X L) 324 X 229 MM,COR OURO, GRAMATURA 80 G/M2"
federal,envelope,2025,Federal/ES,2.55,unidade,unitario,"Envelope ENVELOPE, MATERIAL: KRAFT , MODELO: SACO PADRÃO , TAMANHO (C X L): 324 X 229 MM, COR: OURO , GRAMATURA: 80 G/M2"
federal,canjica,2025,Federal/ES,2.98,kg,heuristica,"Canjica CANJICA, GRUPO: ESPECIAL, Nº 3 , SUBGRUPO: DESPELICULADA , CLASSE: BRANCA , QUALIDADE: TIPO 3 , CARACTERÍSTICA A"
federal,canjica,2025,Federal/ES,4.83,kg,heuristica,"Canjica CANJICA, GRUPO: ESPECIAL, Nº 3 , SUBGRUPO: DESPELICULADA , CLASSE: BRANCA , QUALIDADE: TIPO 3 , CARACTERÍSTICA A"
federal,maca_fruta,2025,Federal/ES,14.0,kg,unidade_declarada,"Fruta tipo: maçã gala, apresentação: natural Fruta tipo: maçã gala, apresentação: natural"
federal,maca_fruta,2025,Federal/ES,11.35,kg,unidade_declarada,"Fruta FRUTA, TIPO MAÇÃ GALA, APRESENTAÇÃO NATURAL"
federal,maca_fruta,2025,Federal/ES,8.99,kg,unidade_declarada,"Fruta FRUTA, TIPO MAÇÃ GALA, APRESENTAÇÃO NATURAL"
federal,maca_fruta,2024,Federal/ES,8.97,kg,unidade_declarada,"Fruta FRUTA, TIPO MAÇÃ GALA, APRESENTAÇÃO NATURAL"
federal,maca_fruta,2025,Federal/ES,9.96,kg,unidade_declarada,"Fruta FRUTA, TIPO: MAÇÃ GALA , APRESENTAÇÃO: NATURAL "
federal,maca_fruta,2024,Federal/ES,9.67,kg,unidade_declarada,"Fruta FRUTA, TIPO MAÇÃ GALA, APRESENTAÇÃO NATURAL"
federal,maca_fruta,2024,Federal/ES,9.67,kg,unidade_declarada,"Fruta FRUTA, TIPO MAÇÃ GALA, APRESENTAÇÃO NATURAL"
federal,maca_fruta,2025,Federal/ES,8.95,kg,unidade_declarada,"Fruta FRUTA, TIPO MAÇÃ GALA, APRESENTAÇÃO NATURAL"
federal,maca_fruta,2025,Federal/ES,10.25,kg,unidade_declarada,"Fruta FRUTA, TIPO MAÇÃ GALA, APRESENTAÇÃO NATURAL"
federal,maca_fruta,2025,Federal/ES,8.99,kg,unidade_declarada,"Fruta FRUTA, TIPO MAÇÃ GALA, APRESENTAÇÃO NATURAL"
federal,maca_fruta,2025,Federal/ES,10.5,kg,unidade_declarada,"Fruta tipo: maçã gala, apresentação: natural Fruta tipo: maçã gala, apresentação: natural"
federal,maca_fruta,2025,Federal/ES,9.96,kg,unidade_declarada,"Fruta FRUTA, TIPO: MAÇÃ GALA , APRESENTAÇÃO: NATURAL "
federal,maca_fruta,2024,Federal/ES,8.97,kg,unidade_declarada,"Fruta FRUTA, TIPO MAÇÃ GALA, APRESENTAÇÃO NATURAL"
federal,monitor,2025,Federal/ES,2590.0,unidade,unitario,"Teleprompter TELEPROMPTER, MATERIAL ESTRUTURA ALUMÍNIO, TIPO MONITOR LCD, TAMANHO MONITOR19 POL, ACABAMENTO SUPERFICIAL "
federal,maca_fruta,2025,Federal/ES,7.31,kg,unidade_declarada,"Fruta FRUTA, TIPO MAÇÃ GALA, APRESENTAÇÃO NATURAL"
federal,maca_fruta,2025,Federal/ES,12.0,kg,unidade_declarada,"Fruta tipo: maçã gala, apresentação: natural Fruta tipo: maçã gala, apresentação: natural"
federal,maca_fruta,2025,Federal/ES,9.5,kg,unidade_declarada,"Fruta tipo: maçã gala, apresentação: natural Fruta tipo: maçã gala, apresentação: natural"
federal,maca_fruta,2025,Federal/ES,6.0,kg,unidade_declarada,"Fruta FRUTA, TIPO MAÇÃ GALA, APRESENTAÇÃO NATURAL"
federal,melancia,2024,Federal/ES,4.35,kg,unidade_declarada,"Fruta FRUTA, TIPO MELANCIA VERMELHA, APRESENTAÇÃO NATURAL"
federal,melancia,2025,Federal/ES,2.35,kg,unidade_declarada,"Fruta FRUTA, TIPO MELANCIA VERMELHA, APRESENTAÇÃO NATURAL"
federal,melancia,2024,Federal/ES,4.5,kg,unidade_declarada,"Fruta FRUTA, TIPO MELANCIA VERMELHA, APRESENTAÇÃO NATURAL"
federal,melancia,2024,Federal/ES,4.3,kg,unidade_declarada,"Fruta FRUTA, TIPO MELANCIA VERMELHA, APRESENTAÇÃO NATURAL"
federal,melancia,2024,Federal/ES,4.3,kg,unidade_declarada,"Fruta FRUTA, TIPO MELANCIA VERMELHA, APRESENTAÇÃO NATURAL"
federal,melancia,2024,Federal/ES,4.35,kg,unidade_declarada,"Fruta FRUTA, TIPO MELANCIA VERMELHA, APRESENTAÇÃO NATURAL"
federal,melancia,2024,Federal/ES,4.5,kg,unidade_declarada,"Fruta FRUTA, TIPO MELANCIA VERMELHA, APRESENTAÇÃO NATURAL"
federal,melancia,2025,Federal/ES,4.75,kg,unidade_declarada,"Fruta tipo: melancia vermelha, apresentação: natural Fruta tipo: melancia vermelha, apresentação: natural"
federal,melancia,2025,Federal/ES,2.35,kg,unidade_declarada,"Fruta FRUTA, TIPO: MELANCIA VERMELHA , APRESENTAÇÃO: NATURAL "
federal,melancia,2025,Federal/ES,2.7,kg,unidade_declarada,"Fruta FRUTA, TIPO MELANCIA VERMELHA, APRESENTAÇÃO NATURAL"
federal,caneta_esferografica,2025,Federal/ES,0.64,unidade,unitario,"Caneta Esferográfica material: plástico, quantidade cargas: 1, material ponta: aço inoxidável com esfera de tungstênio, "
federal,melancia,2025,Federal/ES,2.74,kg,unidade_declarada,"Fruta FRUTA, TIPO MELANCIA VERMELHA, APRESENTAÇÃO NATURAL"
federal,melancia,2025,Federal/ES,2.74,kg,unidade_declarada,"Fruta FRUTA, TIPO MELANCIA VERMELHA, APRESENTAÇÃO NATURAL"
federal,toner,2025,Federal/ES,628.0,unidade,unitario,"Cartucho Toner Impressora Samsung cor tinta: magenta, referência cartucho 1,: clt-m503l, tipo cartucho: original Toner S"
federal,melancia,2025,Federal/ES,6.64,kg,unidade_declarada,"Fruta FRUTA, TIPO: MELANCIA VERMELHA , APRESENTAÇÃO: NATURAL "
federal,envelope,2025,Federal/ES,0.2,unidade,unitario,"Envelope ENVELOPE, MATERIAL RECICLADO, MODELO OFÍCIO, TAMANHO (C X L) 114 X 229 MM, CORBRANCO, GRAMATURA 75 G/M2"
federal,envelope,2025,Federal/ES,0.19,unidade,unitario,"Envelope material: reciclado, modelo: ofício, tamanho (c x l): 114 x 229, cor: branco, gramatura: 75 Envelope material: "
federal,melancia,2025,Federal/ES,4.59,kg,unidade_declarada,"Fruta FRUTA, TIPO: MELANCIA VERMELHA , APRESENTAÇÃO: NATURAL "
federal,lampada_led,2025,Federal/ES,20.0,unidade,unitario,"Luminária LUMINÁRIA, TIPO EMERGÊNCIA, MATERIAL CORPO PLÁSTICO ABS, FORMATO RETANGULAR,TIPO LÂMPADA LED, COR BRANCA, QUAN"
federal,melancia,2025,Federal/ES,3.05,kg,unidade_declarada,"Fruta FRUTA, TIPO MELANCIA VERMELHA, APRESENTAÇÃO NATURAL"
federal,pimentao,2025,Federal/ES,3.25,kg,heuristica,Legume In Natura tipo 1: pimentão roxo Legume In Natura tipo 1: pimentão roxo
federal,farinha_trigo,2025,Federal/ES,14.0,kg,unidade_declarada,"Pão PÃO, BASE DE FARINHA DE TRIGO REFINADA, TIPO DOCE, TIPO ADICIONAL BISNAGA,INGREDIENTES ADICIONAIS COBERTURA CREME DE"
federal,lampada_led,2024,Federal/ES,45.0,unidade,unitario,"Refletor REFLETOR, MATERIAL CORPO ALUMÍNIO INJETADO, APLICAÇÃO SISTEMA DE ILUMINAÇÃO,TIPO LÂMPADA LED, POTÊNCIA LÂMPADA "
federal,farinha_trigo,2025,Federal/ES,14.0,kg,unidade_declarada,"Pão PÃO, BASE DE FARINHA DE TRIGO REFINADA, TIPO DOCE, TIPO ADICIONAL BISNAGA,INGREDIENTES ADICIONAIS COBERTURA CREME DE"
federal,disjuntor,2025,Federal/ES,6.6,unidade,unitario,"Disjuntor Baixa Tensão DISJUNTOR BAIXA TENSÃO, FUNCIONAMENTO TERMOMAGNÉTICO, TENSÃO MÁXIMA OPERAÇÃO127/220 V, CORRENTE N"
federal,paracetamol,2024,Federal/ES,0.23,unidade,unitario,"Paracetamol PARACETAMOL, APRESENTAÇÃO ASSOCIADO COM DICLOFENACO, CARISOPRODOL E CAFEÍNA,DOSAGEM 300MG + 50MG + 125MG + 3"
federal,arroz,2025,Federal/ES,4.196,kg,heuristica,"Arroz Beneficiado classe: médio, qualidade: tipo 1, subgrupo: polido, tipo: arbóreo ARROZ AGUILINHA TIPO 1, Arroz tipo 1"
federal,arroz,2025,Federal/ES,3.7,kg,heuristica,"Arroz Beneficiado classe: médio, qualidade: tipo 1, subgrupo: polido, tipo: arbóreo ARROZ AGUILINHA TIPO 1, Arroz tipo 1"
federal,tesoura,2025,Federal/ES,2.14,unidade,unitario,"Tesoura características adicionais: sem ponta, comprimento: 13, material: aço inoxidável, material cabo: polipropileno T"
federal,tubo_pvc,2025,Federal/ES,151.0,metro,unitario,"Tubo pvc soldável TUBO PVC SOLDÁVEL, APLICAÇÃO REDE HIDRÁULICA E ESGOTO, COR BRANCA, DIÂMETRONOMINAL 150 MM, COMPRIMENTO"
federal,diesel,2025,Federal/ES,5.8923,litro,unidade_declarada,"Óleo Diesel ÓLEO DIESEL, USO AUTOMOTIVO, APRESENTAÇÃO COM BIODIESEL, COMPOSIÇÃOCONCENTRAÇÃO DE ENXOFRE 10 MG/KG"
federal,diesel,2025,Federal/ES,6.5887,litro,unidade_declarada,"ÓLEO DIESEL APRESENTAÇÃO: COM BIODIESEL, COMPOSIÇÃO: CONCENTRAÇÃO DE ENXOFRE 10, USO: AUTOMOTIVO ÓLEO DIESEL APRESENTAÇÃ"
federal,envelope,2025,Federal/ES,0.21,unidade,unitario,"Envelope ENVELOPE, MATERIAL KRAFT, MODELO SACO PADRÃO, TAMANHO (C X L) 280 X 200 MM,COR PARDA, GRAMATURA 80 G/M2"
federal,extintor,2025,Federal/ES,688.99,unidade,unitario,"Extintor Incêndio material mangueira: borracha, material trama: aço, material válvula saída: latão forjado, material dif"
federal,milho_verde,2025,Federal/ES,3.45,kg,heuristica,Legume Em Conserva tipo: milho verde Legume Em Conserva tipo: milho verde
federal,milho_verde,2025,Federal/ES,3.49,kg,heuristica,Legume Em Conserva tipo: milho verde Legume Em Conserva tipo: milho verde
federal,milho_verde,2025,Federal/ES,2.96,kg,heuristica,"Legume Em Conserva LEGUME EM CONSERVA, TIPO MILHO VERDE"
federal,carne_suina,2025,Federal/ES,36.51,kg,unidade_declarada,"Carne salgada CARNE SALGADA, TIPO CORTE PARA FEIJOADA, ORIGEM CARNE SUÍNA, BOVINA E DEFRANGO, APRESENTAÇÃO CORTADA, ESTA"
federal,envelope,2025,Federal/ES,0.4,unidade,unitario,"Envelope ENVELOPE, MATERIAL KRAFT, MODELO SACO PADRÃO, TAMANHO (C X L) 240 X 340 MM,COR BRANCO, GRAMATURA 80 G/M2"
federal,toner,2025,Federal/ES,929.0,unidade,unitario,"Cartucho Toner Impressora Canon CARTUCHO TONER IMPRESSORA CANON, REFÊRENCIA CARTUCHO 8068B001AA, TIPO CARTUCHOORIGINAL, "
federal,beterraba,2025,Federal/ES,6.39,kg,unidade_declarada,Legume In Natura tipo: beterraba Legume In Natura tipo: beterraba
federal,beterraba,2025,Federal/ES,2.5,kg,unidade_declarada,"Legume in natura LEGUME IN NATURA, TIPO BETERRABA"
federal,beterraba,2024,Federal/ES,4.98,kg,unidade_declarada,"Legume In Natura LEGUME IN NATURA, TIPO BETERRABA"
federal,beterraba,2024,Federal/ES,6.72,kg,unidade_declarada,"Legume In Natura LEGUME IN NATURA, TIPO BETERRABA"
federal,beterraba,2025,Federal/ES,5.74,kg,unidade_declarada,"Legume In Natura LEGUME IN NATURA, TIPO BETERRABA"
federal,beterraba,2025,Federal/ES,3.99,kg,unidade_declarada,"Legume in natura LEGUME IN NATURA, TIPO BETERRABA"
federal,beterraba,2024,Federal/ES,6.72,kg,unidade_declarada,"Legume In Natura LEGUME IN NATURA, TIPO BETERRABA"
federal,beterraba,2025,Federal/ES,6.0,kg,unidade_declarada,Legume In Natura tipo: beterraba Legume In Natura tipo: beterraba
federal,beterraba,2025,Federal/ES,3.35,kg,unidade_declarada,"Legume in natura LEGUME IN NATURA, TIPO BETERRABA"
federal,beterraba,2024,Federal/ES,4.75,kg,unidade_declarada,"Legume In Natura LEGUME IN NATURA, TIPO BETERRABA"
federal,beterraba,2024,Federal/ES,4.75,kg,unidade_declarada,"Legume In Natura LEGUME IN NATURA, TIPO BETERRABA"
federal,beterraba,2025,Federal/ES,4.98,kg,unidade_declarada,Legume In Natura tipo: beterraba Legume In Natura tipo: beterraba
federal,beterraba,2024,Federal/ES,4.98,kg,unidade_declarada,"Legume In Natura LEGUME IN NATURA, TIPO BETERRABA"
federal,beterraba,2025,Federal/ES,5.74,kg,unidade_declarada,"Legume In Natura LEGUME IN NATURA, TIPO BETERRABA"
federal,inhame,2025,Federal/ES,7.69,kg,unidade_declarada,"Legume In Natura LEGUME IN NATURA, TIPO INHAME"
federal,inhame,2025,Federal/ES,7.54,kg,unidade_declarada,"Legume In Natura LEGUME IN NATURA, TIPO INHAME"
federal,inhame,2025,Federal/ES,6.82,kg,unidade_declarada,"Legume In Natura LEGUME IN NATURA, TIPO INHAME"
federal,inhame,2024,Federal/ES,6.5,kg,unidade_declarada,"Legume In Natura LEGUME IN NATURA, TIPO INHAME"
federal,inhame,2025,Federal/ES,7.54,kg,unidade_declarada,"Legume In Natura LEGUME IN NATURA, TIPO INHAME"
federal,inhame,2024,Federal/ES,8.6,kg,unidade_declarada,"Legume In Natura LEGUME IN NATURA, TIPO INHAME"
federal,inhame,2024,Federal/ES,7.95,kg,unidade_declarada,"Legume In Natura LEGUME IN NATURA, TIPO INHAME"
federal,inhame,2024,Federal/ES,6.5,kg,unidade_declarada,"Legume In Natura LEGUME IN NATURA, TIPO INHAME"
federal,inhame,2025,Federal/ES,7.63,kg,unidade_declarada,"Legume In Natura LEGUME IN NATURA, TIPO INHAME"
federal,inhame,2024,Federal/ES,8.6,kg,unidade_declarada,"Legume In Natura LEGUME IN NATURA, TIPO INHAME"
federal,inhame,2025,Federal/ES,3.5,kg,unidade_declarada,"Legume In Natura LEGUME IN NATURA, TIPO INHAME"
federal,inhame,2024,Federal/ES,7.95,kg,unidade_declarada,"Legume In Natura LEGUME IN NATURA, TIPO INHAME"
federal,inhame,2025,Federal/ES,2.7,kg,unidade_declarada,"Legume In Natura LEGUME IN NATURA, TIPO INHAME"
federal,inhame,2025,Federal/ES,8.03,kg,unidade_declarada,Legume In Natura tipo: inhame Legume In Natura tipo: inhame
federal,inhame,2025,Federal/ES,5.49,kg,unidade_declarada,"Legume In Natura LEGUME IN NATURA, TIPO: INHAME "
federal,inhame,2025,Federal/ES,8.03,kg,unidade_declarada,Legume In Natura tipo: inhame Legume In Natura tipo: inhame
federal,inhame,2025,Federal/ES,6.77,kg,unidade_declarada,"Legume In Natura LEGUME IN NATURA, TIPO: INHAME "
federal,beterraba,2025,Federal/ES,6.33,kg,unidade_declarada,Legume In Natura tipo: beterraba Legume In Natura tipo: beterraba
federal,bebedouro,2025,Federal/ES,390.19,unidade,unitario,"Bebedouro água garrafão BEBEDOURO ÁGUA GARRAFÃO, MATERIAL PLÁSTICO, TIPO ELÉTRICO DE MESA, CAPACIDADE20 L, VOLTAGEM 110/"
federal,bebedouro,2025,Federal/ES,340.0,unidade,unitario,"Bebedouro Água Garrafão BEBEDOURO ÁGUA GARRAFÃO, MATERIAL PLÁSTICO, TIPO ELÉTRICO DE MESA, CAPACIDADE20 L, VOLTAGEM 110/"
federal,inhame,2025,Federal/ES,2.74,kg,unidade_declarada,"Legume In Natura LEGUME IN NATURA, TIPO INHAME"
federal,beterraba,2025,Federal/ES,3.98,kg,unidade_declarada,"Legume in natura LEGUME IN NATURA, TIPO BETERRABA"
federal,beterraba,2025,Federal/ES,5.76,kg,unidade_declarada,"Legume in natura LEGUME IN NATURA, TIPO: BETERRABA "
federal,beterraba,2025,Federal/ES,6.33,kg,unidade_declarada,Legume In Natura tipo: beterraba Legume In Natura tipo: beterraba
federal,lampada_led,2025,Federal/ES,9.8,unidade,unitario,"Lâmpada led LÂMPADA LED, MODELO LED, TENSÃO NOMINAL BIVOLT, POTÊNCIA NOMINAL 20 W, TIPOBASE G13, FORMATO TUBULAR, COMPRI"
federal,lampada_led,2025,Federal/ES,11.98,unidade,unitario,"Lâmpada Led comprimento: 1200, formato: tubular, modelo: led, potência nominal: 20, tensão nominal: bivolt, tipo base: g"
federal,beterraba,2025,Federal/ES,4.0,kg,unidade_declarada,Legume In Natura tipo: beterraba Legume In Natura tipo: beterraba
federal,beterraba,2025,Federal/ES,4.5,kg,unidade_declarada,Legume In Natura tipo: beterraba Legume In Natura tipo: beterraba
federal,beterraba,2025,Federal/ES,2.96,kg,unidade_declarada,"Legume in natura LEGUME IN NATURA, TIPO BETERRABA"
federal,alface,2025,Federal/ES,1.75,unidade,unitario,Verdura In Natura tipo: alface crespa Verdura In Natura tipo: alface crespa
federal,linguica,2025,Federal/ES,13.27,kg,heuristica,"Embutido EMBUTIDO, TIPO: LINGUIÇA DE PERNIL , TAMANHO: GROSSA , TIPO PREPARAÇÃO: FRESCA , ESTADO DE CONSERVAÇÃO: RESFRIA"
federal,linguica,2025,Federal/ES,13.27,kg,heuristica,"Embutido EMBUTIDO, TIPO: LINGUIÇA DE PERNIL , TAMANHO: GROSSA , TIPO PREPARAÇÃO: FRESCA , ESTADO DE CONSERVAÇÃO: RESFRIA"
federal,alface,2025,Federal/ES,3.66,unidade,unitario,"Verdura In Natura VERDURA IN NATURA, TIPO: ALFACE CRESPA "
federal,linguica,2025,Federal/ES,16.88,kg,unidade_declarada,"Embutido EMBUTIDO, TIPO LINGUIÇA DE PERNIL, TAMANHO GROSSA, TIPO PREPARAÇÃO FRESCA,ESTADO DE CONSERVAÇÃO RESFRIADO(A)"
federal,diesel,2025,Federal/ES,5.92,litro,unidade_declarada,"Óleo Diesel apresentação: com biodiesel, composição: concentração de enxofre 500 mg/kg, uso: automotivo Óleo Diesel apre"
federal,alface,2025,Federal/ES,2.98,unidade,unitario,"Verdura In Natura VERDURA IN NATURA, TIPO ALFACE CRESPA"
federal,margarina,2025,Federal/ES,33.8,kg,heuristica,"Gordura Vegetal - Margarina tipo: creme vegetal, composição básica: entre 50% e 75% de gordura, sabor: sem sal Gordura V"
federal,agulha_descartavel,2025,Federal/ES,0.33,unidade,unitario,"Agulha Hipodérmica AGULHA HIPODÉRMICA, MATERIAL: AÇO INOXIDÁVEL SILICONIZADO , DIMENSÃO: 25 G X 3/4"" , TIPO PONTA: BISEL"
federal,alface,2025,Federal/ES,2.21,unidade,unitario,"Verdura In Natura VERDURA IN NATURA, TIPO ALFACE CRESPA"
federal,alface,2025,Federal/ES,4.34,unidade,unitario,"Verdura In Natura VERDURA IN NATURA, TIPO ALFACE ROXA"
federal,grampeador,2025,Federal/ES,9.99,unidade,unitario,"Grampeador GRAMPEADOR, TRATAMENTO SUPERFICIAL PINTADO, MATERIAL METAL E PLÁSTICO, TIPOMESA, CAPACIDADE 10 FL, TAMANHO GR"
federal,tijolo,2025,Federal/ES,6.81,unidade,unitario,"Bloco De Concreto BLOCO DE CONCRETO, COMPRIMENTO 39 CM, LARGURA 14 CM, ALTURA 19 CM, APLICAÇÃOCONSTRUÇÃO CIVIL, TIPO VAZ"
federal,tijolo,2025,Federal/ES,4.96,unidade,unitario,"Bloco De Concreto BLOCO DE CONCRETO, COMPRIMENTO 39 CM, LARGURA 14 CM, ALTURA 19 CM, APLICAÇÃOCONSTRUÇÃO CIVIL, TIPO VAZ"
federal,batata,2025,Federal/ES,5.29,kg,unidade_declarada,"Legume In Natura apresentação: orgânico, tipo: batata doce Legume In Natura apresentação: orgânico, tipo: batata doce"
federal,acucar,2025,Federal/ES,15.66,kg,heuristica,"Planta In - Natura tipo: cana-de-açucar, tipo de classe: caiana, uso: fabricação de caldo ou garapa, características adi"
federal,chuchu,2025,Federal/ES,5.0,kg,unidade_declarada,Legume In Natura tipo: chuchu branco Legume In Natura tipo: chuchu branco
federal,chuchu,2025,Federal/ES,5.0,kg,unidade_declarada,Legume In Natura tipo: chuchu branco Legume In Natura tipo: chuchu branco
federal,impressora,2025,Federal/ES,3937.07,unidade,unitario,"Impressora multifuncional IMPRESSORA MULTIFUNCIONAL, TIPO IMPRESSÃO: LASER , RESOLUÇÃO IMPRESSÃO: 1200 X 1200 DPI, TENSÃ"
federal,acucar,2025,Federal/ES,8.69,kg,heuristica,Açúcar tipo: cristal Açúcar tipo: cristal
federal,acucar,2025,Federal/ES,8.49,kg,heuristica,Açúcar tipo: cristal Açúcar tipo: cristal
federal,acucar,2025,Federal/ES,19.99,kg,heuristica,Açúcar tipo: cristal Açúcar tipo: cristal
federal,acucar,2025,Federal/ES,17.49,kg,heuristica,"Açúcar AÇÚCAR, TIPO CRISTAL"
federal,limao,2024,Federal/ES,6.35,kg,unidade_declarada,"Fruta FRUTA, TIPO LIMÃO TAITI, APRESENTAÇÃO NATURAL"
federal,limao,2025,Federal/ES,3.5,kg,unidade_declarada,"Fruta FRUTA, TIPO LIMÃO TAITI, APRESENTAÇÃO NATURAL"
federal,limao,2025,Federal/ES,4.99,kg,unidade_declarada,"Fruta tipo: limão taiti, apresentação: natural Fruta tipo: limão taiti, apresentação: natural"
federal,limao,2025,Federal/ES,6.99,kg,unidade_declarada,"Fruta tipo: limão taiti, apresentação: natural Fruta tipo: limão taiti, apresentação: natural"
federal,acucar,2025,Federal/ES,20.89,kg,heuristica,"Açúcar AÇÚCAR, TIPO: CRISTAL "
federal,limao,2025,Federal/ES,6.85,kg,unidade_declarada,"Fruta FRUTA, TIPO LIMÃO TAITI, APRESENTAÇÃO NATURAL"
federal,limao,2025,Federal/ES,4.2,kg,unidade_declarada,"Fruta FRUTA, TIPO: LIMÃO TAITI , APRESENTAÇÃO: NATURAL "
federal,limao,2025,Federal/ES,4.77,kg,unidade_declarada,"Fruta FRUTA, TIPO LIMÃO TAITI, APRESENTAÇÃO NATURAL"
federal,limao,2024,Federal/ES,6.35,kg,unidade_declarada,"Fruta FRUTA, TIPO LIMÃO TAITI, APRESENTAÇÃO NATURAL"
federal,limao,2025,Federal/ES,6.25,kg,unidade_declarada,"Fruta FRUTA, TIPO LIMÃO TAITI, APRESENTAÇÃO NATURAL"
federal,limao,2025,Federal/ES,2.1,kg,unidade_declarada,"Fruta FRUTA, TIPO LIMÃO TAITI, APRESENTAÇÃO NATURAL"
federal,pepino,2024,Federal/ES,5.15,kg,unidade_declarada,"Legume In Natura LEGUME IN NATURA, TIPO PEPINO"
federal,pepino,2025,Federal/ES,5.18,kg,unidade_declarada,"Legume In Natura LEGUME IN NATURA, TIPO PEPINO"
federal,pepino,2025,Federal/ES,1.99,kg,unidade_declarada,"Legume in natura LEGUME IN NATURA, TIPO PEPINO"
federal,pepino,2024,Federal/ES,5.15,kg,unidade_declarada,"Legume In Natura LEGUME IN NATURA, TIPO PEPINO"
federal,pepino,2024,Federal/ES,4.9,kg,unidade_declarada,"Legume In Natura LEGUME IN NATURA, TIPO PEPINO"
federal,pepino,2024,Federal/ES,4.9,kg,unidade_declarada,"Legume In Natura LEGUME IN NATURA, TIPO PEPINO"
federal,pepino,2025,Federal/ES,2.2,kg,unidade_declarada,"Legume in natura LEGUME IN NATURA, TIPO: PEPINO "
federal,pepino,2024,Federal/ES,4.9,kg,unidade_declarada,"Legume In Natura LEGUME IN NATURA, TIPO PEPINO"
federal,pepino,2024,Federal/ES,4.9,kg,unidade_declarada,"Legume In Natura LEGUME IN NATURA, TIPO PEPINO"
federal,pepino,2025,Federal/ES,5.13,kg,unidade_declarada,"Legume In Natura LEGUME IN NATURA, TIPO PEPINO"
federal,pepino,2025,Federal/ES,1.99,kg,unidade_declarada,"Legume in natura LEGUME IN NATURA, TIPO PEPINO"
federal,pepino,2025,Federal/ES,5.25,kg,unidade_declarada,"Legume in natura LEGUME IN NATURA, TIPO: PEPINO "
federal,vassoura,2025,Federal/ES,20.5,unidade,unitario,"Vassoura material cerdas: piaçava, material cabo: madeira, material cepa: madeira, tipo: leque, aplicação: limpeza Vasso"
federal,vassoura,2025,Federal/ES,15.99,unidade,unitario,"Vassoura VASSOURA, MATERIAL CERDAS PIAÇAVA, MATERIAL CABO MADEIRA, MATERIAL CEPAMADEIRA, TIPO LEQUE, APLICAÇÃO LIMPEZA"
federal,suco,2025,Federal/ES,4.79,litro,heuristica,"Suco apresentação: líquido, sabor: manga, tipo: natural, características adicionais: concentrado, rendimento mínimo, 1 p"
federal,acucar,2025,Federal/ES,13.43,kg,heuristica,"""Geléia Fruta"" ""GELÉIA FRUTA"", TIPO FRUTA DIVERSOS SABORES, CARACTERÍSTICAS ADICIONAIS SEMCONSERVANTES E CORANTES, TIPO "
federal,suco,2025,Federal/ES,6.49,litro,heuristica,"Suco apresentação: líquido, sabor: uva, tipo: natural, características adicionais: concentrado, rendimento mínimo, 1 par"
federal,pepino,2025,Federal/ES,4.59,kg,unidade_declarada,"Legume in natura LEGUME IN NATURA, TIPO: PEPINO "
federal,pepino,2025,Federal/ES,6.53,kg,unidade_declarada,Legume In Natura tipo: pepino Legume In Natura tipo: pepino
federal,pepino,2025,Federal/ES,6.53,kg,unidade_declarada,Legume In Natura tipo: pepino Legume In Natura tipo: pepino
federal,pepino,2025,Federal/ES,1.7,kg,unidade_declarada,"Legume in natura LEGUME IN NATURA, TIPO PEPINO"
federal,extintor,2025,Federal/ES,75.0,unidade,unitario,"Carga Extintor Incêndio capacidade carga: 6, tipo carga: pó químico seco classe: bc Carga Extintor Incêndio capacidade c"
federal,limao,2025,Federal/ES,5.32,kg,unidade_declarada,"Fruta FRUTA, TIPO LIMÃO TAITI, APRESENTAÇÃO NATURAL"
federal,pepino,2025,Federal/ES,2.99,kg,unidade_declarada,"Legume in natura LEGUME IN NATURA, TIPO PEPINO"
federal,pepino,2025,Federal/ES,3.98,kg,unidade_declarada,Legume In Natura tipo: pepino Legume In Natura tipo: pepino
federal,pepino,2025,Federal/ES,3.3,kg,unidade_declarada,Legume In Natura tipo: pepino Legume In Natura tipo: pepino
federal,disjuntor,2024,Federal/ES,18.7,unidade,unitario,"Disjuntor baixa tensão DISJUNTOR BAIXA TENSÃO, FUNCIONAMENTO TERMOMAGNÉTICO, CORRENTE NOMINAL 40 A,TENSÃO NOMINAL 127/22"
federal,pimentao,2024,Federal/ES,7.5,kg,unidade_declarada,"Legume In Natura LEGUME IN NATURA, TIPO PIMENTÃO VERDE"
federal,pimentao,2024,Federal/ES,6.9,kg,unidade_declarada,"Legume In Natura LEGUME IN NATURA, TIPO PIMENTÃO VERDE"
federal,pimentao,2024,Federal/ES,5.9,kg,unidade_declarada,"Legume In Natura LEGUME IN NATURA, TIPO PIMENTÃO VERDE"
federal,pimentao,2025,Federal/ES,4.5,kg,unidade_declarada,"Legume in natura LEGUME IN NATURA, TIPO PIMENTÃO VERDE"
federal,pimentao,2024,Federal/ES,6.9,kg,unidade_declarada,"Legume In Natura LEGUME IN NATURA, TIPO PIMENTÃO VERDE"
federal,pimentao,2025,Federal/ES,6.69,kg,unidade_declarada,"Legume In Natura LEGUME IN NATURA, TIPO PIMENTÃO VERDE"
federal,pimentao,2024,Federal/ES,7.5,kg,unidade_declarada,"Legume In Natura LEGUME IN NATURA, TIPO PIMENTÃO VERDE"
federal,pimentao,2025,Federal/ES,7.8,kg,unidade_declarada,"Legume in natura LEGUME IN NATURA, TIPO: PIMENTÃO VERDE "
federal,pimentao,2025,Federal/ES,4.6,kg,unidade_declarada,"Legume in natura LEGUME IN NATURA, TIPO PIMENTÃO VERDE"
federal,pimentao,2025,Federal/ES,7.5,kg,unidade_declarada,"Legume In Natura LEGUME IN NATURA, TIPO PIMENTÃO VERDE"
federal,pimentao,2024,Federal/ES,5.9,kg,unidade_declarada,"Legume In Natura LEGUME IN NATURA, TIPO PIMENTÃO VERDE"
federal,pimentao,2025,Federal/ES,2.7,kg,unidade_declarada,"Legume in natura LEGUME IN NATURA, TIPO PIMENTÃO VERDE"
federal,pimentao,2025,Federal/ES,8.29,kg,unidade_declarada,"Legume in natura LEGUME IN NATURA, TIPO PIMENTÃO VERDE"
federal,pimentao,2025,Federal/ES,8.84,kg,unidade_declarada,"Legume in natura LEGUME IN NATURA, TIPO: PIMENTÃO VERDE "
federal,pimentao,2025,Federal/ES,8.0,kg,unidade_declarada,Legume In Natura tipo: pimentão verde Legume In Natura tipo: pimentão verde
federal,manga_fruta,2025,Federal/ES,4.01,kg,unidade_declarada,"Fruta FRUTA, TIPO MANGA TOMMY, APRESENTAÇÃO NATURAL"
federal,pimentao,2025,Federal/ES,7.53,kg,unidade_declarada,"Legume in natura LEGUME IN NATURA, TIPO PIMENTÃO VERDE"
federal,papel_toalha,2025,Federal/ES,27.75,rolo,unitario,"Dispenser papel toalha DISPENSER PAPEL TOALHA, MATERIAL PLÁSTICO ABS, TIPO LIBERAÇÃO DE PAPEL PORALAVANCA, COR BRANCA, C"
federal,manga_fruta,2025,Federal/ES,5.47,kg,unidade_declarada,"Fruta FRUTA, TIPO MANGA TOMMY, APRESENTAÇÃO NATURAL"
federal,torneira,2025,Federal/ES,33.64,unidade,unitario,"Torneira TORNEIRA, MATERIAL CORPO METAL CROMADO, TIPO MESA, DIÂMETRO 1,2 POL,ACABAMENTO SUPERFICIAL CROMADO, CARACTERIST"
federal,torneira,2025,Federal/ES,45.26,unidade,unitario,"Torneira TORNEIRA, MATERIAL CORPO METAL CROMADO, TIPO MESA, DIÂMETRO 1,2 POL,ACABAMENTO SUPERFICIAL CROMADO, CARACTERIST"
federal,feijao,2024,Federal/ES,4.5,kg,unidade_declarada,"Leguminosa LEGUMINOSA, VARIEDADE FEIJÃO PRETO, TIPO TIPO 1"
federal,feijao,2025,Federal/ES,7.99,kg,heuristica,"Leguminosa variedade: feijão preto, tipo: tipo 1 Leguminosa variedade: feijão preto, tipo: tipo 1"
federal,feijao,2024,Federal/ES,8.25,kg,unidade_declarada,"Leguminosa LEGUMINOSA, VARIEDADE FEIJÃO PRETO, TIPO TIPO 1"
federal,feijao,2025,Federal/ES,9.86,kg,unidade_declarada,"Leguminosa LEGUMINOSA, VARIEDADE FEIJÃO PRETO, TIPO TIPO 1"
federal,feijao,2024,Federal/ES,8.0,kg,unidade_declarada,"Leguminosa LEGUMINOSA, VARIEDADE FEIJÃO PRETO, TIPO TIPO 1"
federal,feijao,2024,Federal/ES,8.25,kg,unidade_declarada,"Leguminosa LEGUMINOSA, VARIEDADE FEIJÃO PRETO, TIPO TIPO 1"
federal,feijao,2025,Federal/ES,9.35,kg,unidade_declarada,"Leguminosa LEGUMINOSA, VARIEDADE FEIJÃO PRETO, TIPO TIPO 1"
federal,feijao,2025,Federal/ES,9.22,kg,unidade_declarada,"Leguminosa LEGUMINOSA, VARIEDADE FEIJÃO PRETO, TIPO TIPO 1"
federal,feijao,2024,Federal/ES,8.0,kg,unidade_declarada,"Leguminosa LEGUMINOSA, VARIEDADE FEIJÃO PRETO, TIPO TIPO 1"
federal,feijao,2024,Federal/ES,4.5,kg,unidade_declarada,"Leguminosa LEGUMINOSA, VARIEDADE FEIJÃO PRETO, TIPO TIPO 1"
federal,feijao,2025,Federal/ES,7.69,kg,heuristica,"Leguminosa variedade: feijão preto, tipo: tipo 1 Leguminosa variedade: feijão preto, tipo: tipo 1"
federal,feijao,2025,Federal/ES,4.59,kg,unidade_declarada,"Leguminosa LEGUMINOSA, VARIEDADE: FEIJÃO PRETO , TIPO: TIPO 1 "
federal,tangerina,2025,Federal/ES,5.29,kg,unidade_declarada,"Fruta FRUTA, TIPO TANGERINA PONCAN, APRESENTAÇÃO NATURAL"
federal,tangerina,2024,Federal/ES,2.99,kg,unidade_declarada,"Fruta FRUTA, TIPO TANGERINA PONCAN, APRESENTAÇÃO NATURAL"
federal,tangerina,2024,Federal/ES,4.2,kg,unidade_declarada,"Fruta FRUTA, TIPO TANGERINA PONCAN, APRESENTAÇÃO NATURAL"
federal,tangerina,2025,Federal/ES,4.43,kg,unidade_declarada,"Fruta FRUTA, TIPO TANGERINA PONCAN, APRESENTAÇÃO NATURAL"
federal,tangerina,2024,Federal/ES,4.2,kg,unidade_declarada,"Fruta FRUTA, TIPO TANGERINA PONCAN, APRESENTAÇÃO NATURAL"
federal,tangerina,2024,Federal/ES,2.99,kg,unidade_declarada,"Fruta FRUTA, TIPO TANGERINA PONCAN, APRESENTAÇÃO NATURAL"
federal,tangerina,2025,Federal/ES,4.98,kg,unidade_declarada,"Fruta FRUTA, TIPO TANGERINA PONCAN, APRESENTAÇÃO NATURAL"
federal,feijao,2025,Federal/ES,8.34,kg,unidade_declarada,"Leguminosa LEGUMINOSA, VARIEDADE: FEIJÃO PRETO , TIPO: TIPO 1 "
federal,tangerina,2025,Federal/ES,6.5,kg,unidade_declarada,"Fruta tipo: tangerina poncan, apresentação: natural Fruta tipo: tangerina poncan, apresentação: natural"
federal,tangerina,2025,Federal/ES,8.98,kg,unidade_declarada,"Fruta FRUTA, TIPO: TANGERINA PONCAN , APRESENTAÇÃO: NATURAL "
federal,tangerina,2025,Federal/ES,10.67,kg,unidade_declarada,"Fruta FRUTA, TIPO: TANGERINA PONCAN , APRESENTAÇÃO: NATURAL "
federal,tangerina,2025,Federal/ES,6.5,kg,unidade_declarada,"Fruta tipo: tangerina poncan, apresentação: natural Fruta tipo: tangerina poncan, apresentação: natural"
federal,repolho,2025,Federal/ES,3.9,kg,unidade_declarada,"Verdura in natura VERDURA IN NATURA, TIPO REPOLHO ROXO"
federal,repolho,2024,Federal/ES,4.8,kg,unidade_declarada,"Verdura In Natura VERDURA IN NATURA, TIPO REPOLHO ROXO"
federal,repolho,2025,Federal/ES,3.49,kg,unidade_declarada,"Verdura in natura VERDURA IN NATURA, TIPO REPOLHO ROXO"
federal,repolho,2025,Federal/ES,6.02,kg,unidade_declarada,"Verdura In Natura VERDURA IN NATURA, TIPO REPOLHO ROXO"
federal,tangerina,2025,Federal/ES,3.4,kg,unidade_declarada,"Fruta FRUTA, TIPO TANGERINA PONCAN, APRESENTAÇÃO NATURAL"
federal,repolho,2024,Federal/ES,4.8,kg,unidade_declarada,"Verdura In Natura VERDURA IN NATURA, TIPO REPOLHO ROXO"
federal,repolho,2025,Federal/ES,6.94,kg,unidade_declarada,"Verdura in natura VERDURA IN NATURA, TIPO: REPOLHO ROXO "
federal,repolho,2025,Federal/ES,6.29,kg,unidade_declarada,"Verdura in natura VERDURA IN NATURA, TIPO: REPOLHO ROXO "
federal,feijao,2025,Federal/ES,3.95,kg,heuristica,"Leguminosa LEGUMINOSA, VARIEDADE FEIJÃO PRETO, TIPO TIPO 1"
federal,tangerina,2025,Federal/ES,4.29,kg,unidade_declarada,"Fruta FRUTA, TIPO TANGERINA PONCAN, APRESENTAÇÃO NATURAL"
federal,repolho,2025,Federal/ES,6.53,kg,unidade_declarada,Verdura In Natura tipo: repolho roxo Verdura In Natura tipo: repolho roxo
federal,repolho,2025,Federal/ES,1.9,kg,unidade_declarada,"Verdura in natura VERDURA IN NATURA, TIPO REPOLHO ROXO"
federal,repolho,2025,Federal/ES,2.59,kg,unidade_declarada,"Verdura in natura VERDURA IN NATURA, TIPO REPOLHO ROXO"
federal,achocolatado,2025,Federal/ES,16.475,kg,heuristica,"Achocolatado apresentação: pó, característica adicional: com leite, sabor: tradicional Achocolatado apresentação: pó, ca"
federal,banana,2024,Federal/ES,7.48,kg,unidade_declarada,"Fruta FRUTA, TIPO BANANA DA TERRA/ BANANA COMPRIDA, APRESENTAÇÃO NATURAL"
federal,banana,2025,Federal/ES,6.85,kg,unidade_declarada,"Fruta FRUTA, TIPO BANANA DA TERRA/ BANANA COMPRIDA, APRESENTAÇÃO NATURAL"
federal,banana,2025,Federal/ES,6.83,kg,unidade_declarada,"Fruta FRUTA, TIPO BANANA DA TERRA/ BANANA COMPRIDA, APRESENTAÇÃO NATURAL"
federal,banana,2024,Federal/ES,7.45,kg,unidade_declarada,"Fruta FRUTA, TIPO BANANA DA TERRA/ BANANA COMPRIDA, APRESENTAÇÃO NATURAL"
federal,banana,2024,Federal/ES,7.48,kg,unidade_declarada,"Fruta FRUTA, TIPO BANANA DA TERRA/ BANANA COMPRIDA, APRESENTAÇÃO NATURAL"
federal,banana,2024,Federal/ES,7.0,kg,unidade_declarada,"Fruta FRUTA, TIPO BANANA DA TERRA/ BANANA COMPRIDA, APRESENTAÇÃO NATURAL"
federal,banana,2025,Federal/ES,6.81,kg,unidade_declarada,"Fruta FRUTA, TIPO BANANA DA TERRA/ BANANA COMPRIDA, APRESENTAÇÃO NATURAL"
federal,banana,2024,Federal/ES,7.45,kg,unidade_declarada,"Fruta FRUTA, TIPO BANANA DA TERRA/ BANANA COMPRIDA, APRESENTAÇÃO NATURAL"
federal,banana,2025,Federal/ES,5.5,kg,unidade_declarada,"Fruta tipo: banana da terra / banana comprida, apresentação: natural Fruta tipo: banana da terra / banana comprida, apre"
federal,banana,2024,Federal/ES,7.0,kg,unidade_declarada,"Fruta FRUTA, TIPO BANANA DA TERRA/ BANANA COMPRIDA, APRESENTAÇÃO NATURAL"
federal,banana,2025,Federal/ES,8.02,kg,unidade_declarada,"Fruta FRUTA, TIPO BANANA DA TERRA/ BANANA COMPRIDA, APRESENTAÇÃO NATURAL"
federal,banana,2025,Federal/ES,6.81,kg,unidade_declarada,"Fruta FRUTA, TIPO BANANA DA TERRA/ BANANA COMPRIDA, APRESENTAÇÃO NATURAL"
federal,banana,2025,Federal/ES,7.05,kg,unidade_declarada,"Fruta FRUTA, TIPO BANANA DA TERRA/ BANANA COMPRIDA, APRESENTAÇÃO NATURAL"
federal,banana,2025,Federal/ES,6.99,kg,unidade_declarada,"Fruta tipo: banana da terra / banana comprida, apresentação: natural Fruta tipo: banana da terra / banana comprida, apre"
federal,banana,2025,Federal/ES,6.49,kg,unidade_declarada,"Fruta FRUTA, TIPO: BANANA DA TERRA / BANANA COMPRIDA , APRESENTAÇÃO: NATURAL "
federal,banana,2025,Federal/ES,7.6,kg,unidade_declarada,"Fruta tipo: banana da terra / banana comprida, apresentação: natural Fruta tipo: banana da terra / banana comprida, apre"
federal,banana,2025,Federal/ES,7.95,kg,unidade_declarada,"Fruta FRUTA, TIPO: BANANA DA TERRA / BANANA COMPRIDA , APRESENTAÇÃO: NATURAL "
federal,banana,2025,Federal/ES,7.6,kg,unidade_declarada,"Fruta tipo: banana da terra / banana comprida, apresentação: natural Fruta tipo: banana da terra / banana comprida, apre"
federal,banana,2025,Federal/ES,2.0,kg,unidade_declarada,"Fruta FRUTA, TIPO BANANA DA TERRA/ BANANA COMPRIDA, APRESENTAÇÃO NATURAL"
federal,banana,2025,Federal/ES,2.38,kg,unidade_declarada,"Fruta FRUTA, TIPO BANANA DA TERRA/ BANANA COMPRIDA, APRESENTAÇÃO NATURAL"
federal,pneu,2025,Federal/ES,370.0,unidade,unitario,"Pneu veículo automotivo PNEU VEÍCULO AUTOMOTIVO, MATERIAL BANDA RODAGEM BORRACHA ALTA RESISTÊNCIA,CARACTERÍSTICAS ADICIO"
federal,alcool,2025,Federal/ES,6.57,litro,heuristica,"Álcool Etílico Limpeza De Ambientes ÁLCOOL ETÍLICO LIMPEZA DE AMBIENTES, CONCENTRAÇÃO 70%, APLICAÇÃO LIMPEZA,CARACTERÍST"
federal,etanol,2025,Federal/ES,4.69,litro,unidade_declarada,"Álcool Anidro Combustível ÁLCOOL ANIDRO COMBUSTÍVEL, CLASSIFICAÇÃO: ADITIVADA , USO: PARA AUTOMOTIVOS , COMPOSTO: ETANOL"
federal,algodao,2025,Federal/ES,21.0,kg,heuristica,"Swab SWAB, MATERIAL: HASTE PLÁSTICA , TIPO PONTA: PONTA EM ALGODÃO HIDRÓFILO E RAYON , APRESENTAÇÃO*: EMBALAGEM INDIVIDU"
federal,algodao,2025,Federal/ES,21.89,kg,heuristica,"Swab SWAB, MATERIAL HASTE PLÁSTICA, TIPO PONTA PONTA EM ALGODÃO HIDRÓFILO E RAYON,APRESENTAÇÃO* EMBALAGEM INDIVIDUAL, ES"
federal,algodao,2025,Federal/ES,29.0,kg,heuristica,"Swab SWAB, MATERIAL HASTE PLÁSTICA, TIPO PONTA PONTA EM ALGODÃO HIDRÓFILO E RAYON,APRESENTAÇÃO* EMBALAGEM INDIVIDUAL, ES"
federal,envelope,2025,Federal/ES,0.27,unidade,unitario,"Envelope ENVELOPE, MATERIAL KRAFT, MODELO SACO PADRÃO, TAMANHO (C X L) 240 X 340 MM,COR PARDA, GRAMATURA 80 G/M2"
federal,alcool,2025,Federal/ES,5.55,litro,heuristica,"Álcool Etílico Limpeza De Ambientes ÁLCOOL ETÍLICO LIMPEZA DE AMBIENTES, CONCENTRAÇÃO 70%, APLICAÇÃO LIMPEZA,CARACTERÍST"
federal,alcool,2025,Federal/ES,5.8,litro,heuristica,"Álcool Etílico Limpeza De Ambientes tipo: etílico, aplicação: limpeza, características adicionais: líquido, concentração"
federal,farinha_trigo,2025,Federal/ES,10.99,kg,heuristica,"Pão PÃO, BASE DE FARINHA DE TRIGO REFINADA, TIPO DOCE, TIPO ADICIONAL ROSCA,INGREDIENTES ADICIONAIS COBERTURA DE GOIABAD"
federal,farinha_trigo,2025,Federal/ES,10.99,kg,heuristica,"Pão PÃO, BASE DE FARINHA DE TRIGO REFINADA, TIPO DOCE, TIPO ADICIONAL ROSCA,INGREDIENTES ADICIONAIS COBERTURA DE GOIABAD"
federal,papel_toalha,2025,Federal/ES,10.3,rolo,unitario,"Toalha De Papel TOALHA DE PAPEL, LARGURA 24 A 25 CM, COMPRIMENTO 21,50 CM, MATERIAL PAPEL,APLICAÇÃO HIGIENE PESSOAL, CAR"
federal,papel_toalha,2025,Federal/ES,21.0,rolo,unitario,"Toalha De Papel TOALHA DE PAPEL, LARGURA 24 A 25 CM, COMPRIMENTO 21,50 CM, MATERIAL PAPEL,APLICAÇÃO HIGIENE PESSOAL, CAR"
federal,acucar,2025,Federal/ES,14.98,kg,heuristica,"Suco SUCO, APRESENTAÇÃO CONCENTRADO, SABOR UVA, TIPO INDUSTRIALIZADO,CARACTERÍSTICAS ADICIONAIS SEM AÇUCAR E SEM GLÚTEN"
federal,acucar,2025,Federal/ES,22.0,kg,heuristica,"Suco apresentação: concentrado, sabor: uva, tipo: industrializado, características adicionais: sem açucar e sem glúten S"
federal,impressora,2025,Federal/ES,1047.39,unidade,unitario,"Impressora Jato Tinta IMPRESSORA JATO TINTA, RESOLUÇÃO IMPRESSÃO PRETO BRANCO: 1200 X 1200 E CORES:4.800 X 1.200 DPI, VE"
federal,biscoito,2025,Federal/ES,13.1,kg,heuristica,"Biscoito sabor: maizena, tipo: sem recheio Biscoito doce, tipo Maizena, Sabor
Tradicional, cor e odor característicos,
t"
federal,biscoito,2025,Federal/ES,14.0,kg,heuristica,"Biscoito BISCOITO, SABOR MAIZENA, TIPO SEM RECHEIO"
federal,lampada_led,2025,Federal/ES,4.28,unidade,unitario,"Lâmpada Led LÂMPADA LED, MODELO LED, TENSÃO NOMINAL BIVOLT, POTÊNCIA NOMINAL 10 W, TIPOBASE E-27, COR BRANCA, TIPO BULBO"
federal,pneu,2025,Federal/ES,399.59,unidade,unitario,"Pneu veículo automotivo PNEU VEÍCULO AUTOMOTIVO, MATERIAL BANDA RODAGEM BORRACHA ALTA RESISTÊNCIA,TIPO ESTRUTURA CARCAÇA"
federal,toner,2025,Federal/ES,618.0,unidade,unitario,"Cartucho Toner Impressora Samsung cor tinta: amarela, referência cartucho 1,: clt-y503l, tipo cartucho: original Toner S"
federal,farinha_trigo,2025,Federal/ES,4.99,kg,heuristica,"Farinha De Trigo grupo: industrial, tipo: tipo 1, especial, ingrediente adicional: sem fermento Farinha De Trigo grupo: "
federal,farinha_trigo,2025,Federal/ES,5.79,kg,heuristica,"Farinha De Trigo grupo: industrial, tipo: tipo 1, especial, ingrediente adicional: sem fermento Farinha De Trigo grupo: "
federal,farinha_trigo,2025,Federal/ES,4.98,kg,heuristica,"Farinha De Trigo grupo: industrial, tipo: tipo 1, especial, ingrediente adicional: sem fermento Farinha De Trigo grupo: "
federal,iogurte,2025,Federal/ES,7.07,litro,heuristica,"Iogurte Natural IOGURTE NATURAL, TEOR GORDURA: INTEGRAL , SABOR: SORTIDOS , COMPONENTES: COM POLPA OU PEDAÇOS DE FRUTA ,"
federal,farinha_trigo,2025,Federal/ES,3.38,kg,heuristica,"Farinha de trigo FARINHA DE TRIGO, GRUPO INDUSTRIAL, TIPO TIPO 1, ESPECIAL, INGREDIENTEADICIONAL SEM FERMENTO"
federal,farinha_trigo,2025,Federal/ES,5.85,kg,heuristica,"Massa Alimentícia MASSA ALIMENTÍCIA, TIPO PARA LASANHA, BASE DA MASSA FARINHA DE TRIGO REFINADA,APRESENTAÇÃO FRESCA/RESF"
federal,acucar,2025,Federal/ES,12.0,kg,descricao,"Doce Confeitado características adicionais: embalados individualmente, ingredientes: goiaba madura, açúcar, água, tipo: "
federal,acucar,2025,Federal/ES,11.7,kg,descricao,"Doce Confeitado características adicionais: embalados individualmente, ingredientes: goiaba madura, açúcar, água, tipo: "
federal,farinha_trigo,2025,Federal/ES,9.98,kg,heuristica,"Massa Alimentícia MASSA ALIMENTÍCIA, TIPO PARA LASANHA, BASE DA MASSA FARINHA DE TRIGO REFINADA,APRESENTAÇÃO FRESCA/RESF"
federal,farinha_trigo,2025,Federal/ES,9.89,kg,heuristica,"Massa Alimentícia MASSA ALIMENTÍCIA, TIPO PARA LASANHA, BASE DA MASSA FARINHA DE TRIGO REFINADA,APRESENTAÇÃO FRESCA/RESF"
federal,farinha_trigo,2025,Federal/ES,9.98,kg,heuristica,"Massa Alimentícia MASSA ALIMENTÍCIA, TIPO PARA LASANHA, BASE DA MASSA FARINHA DE TRIGO REFINADA,APRESENTAÇÃO FRESCA/RESF"
federal,extintor,2025,Federal/ES,50.0,unidade,unitario,"Carga Extintor Incêndio capacidade carga: 6, tipo carga: pó químico Carga Extintor Incêndio capacidade carga: 6, tipo ca"
federal,disjuntor,2024,Federal/ES,5.2,unidade,unitario,"Disjuntor baixa tensão DISJUNTOR BAIXA TENSÃO, FUNCIONAMENTO TERMOMAGNÉTICO, TENSÃO MÁXIMA OPERAÇÃO127/220 V, CORRENTE N"
federal,disjuntor,2025,Federal/ES,8.11,unidade,unitario,"Disjuntor Baixa Tensão DISJUNTOR BAIXA TENSÃO, FUNCIONAMENTO TERMOMAGNÉTICO, TENSÃO MÁXIMA OPERAÇÃO127/220 V, CORRENTE N"
federal,extintor,2025,Federal/ES,95.0,unidade,unitario,"Carga Extintor Incêndio capacidade carga: 6, tipo carga: pó químico seco classe: abc Carga Extintor Incêndio capacidade "
federal,torneira,2025,Federal/ES,37.0,unidade,unitario,"Reparo Torneira REPARO TORNEIRA, TIPO FIXAÇÃO ENCAIXE, BITOLA 1/2 POL, REFERÊNCIA CPD 727,APLICAÇÃO TORNEIRA FABRIMAR BI"
federal,amoxicilina,2025,Federal/ES,17.16,unidade,unitario,"Antibiograma ANTIBIOGRAMA, PRINCÍPIO ATIVO: AMOXICILINA E ÁCIDO CLAVULÂNICO , DOSAGEM: 20 + 10 MCG"
federal,abobora,2025,Federal/ES,4.89,kg,unidade_declarada,"Legume in natura LEGUME IN NATURA, TIPO 1: ABÓBORA MENINA "
federal,abobora,2025,Federal/ES,6.42,kg,unidade_declarada,"Legume in natura LEGUME IN NATURA, TIPO 1: ABÓBORA MENINA "
federal,acucar,2025,Federal/ES,4.9,kg,heuristica,"Suco SUCO, APRESENTAÇÃO CONCENTRADO, SABOR CAJÚ, TIPO INDUSTRIALIZADO,CARACTERÍSTICAS ADICIONAIS SEM AÇUCAR E SEM GLÚTEN"
federal,acucar,2025,Federal/ES,9.34,kg,heuristica,"Suco SUCO, APRESENTAÇÃO CONCENTRADO, SABOR CAJÚ, TIPO INDUSTRIALIZADO,CARACTERÍSTICAS ADICIONAIS SEM AÇUCAR E SEM GLÚTEN"
federal,acucar,2025,Federal/ES,4.8,kg,heuristica,"Suco SUCO, APRESENTAÇÃO CONCENTRADO, SABOR CAJÚ, TIPO INDUSTRIALIZADO,CARACTERÍSTICAS ADICIONAIS SEM AÇUCAR E SEM GLÚTEN"
federal,acucar,2025,Federal/ES,13.74,kg,heuristica,"Suco SUCO, APRESENTAÇÃO CONCENTRADO, SABOR CAJÚ, TIPO INDUSTRIALIZADO,CARACTERÍSTICAS ADICIONAIS SEM AÇUCAR E SEM GLÚTEN"
federal,envelope,2025,Federal/ES,0.4,unidade,unitario,"Envelope ENVELOPE, MATERIAL OFFSET, MODELO OFÍCIO, TAMANHO (C X L) 160 X 220 MM, CORBRANCO, GRAMATURA 90 G/M2"
federal,bebedouro,2025,Federal/ES,2606.19,unidade,unitario,"Bebedouro Água BEBEDOURO ÁGUA, TIPO INDUSTRIAL, VOLTAGEM 127/220 V, MATERIAL GABINETE AÇOINOXIDÁVEL, CAPACIDADE ÁGUA 200"
federal,gasolina,2025,Federal/ES,8.97,litro,quantidade_litros,"Peça / Componente Roçadeira PEÇA / COMPONENTE ROÇADEIRA, TIPO FILTRO DE GASOLINA, APLICAÇÃO ROÇADEIRASTIHL FS 160"
federal,biscoito,2025,Federal/ES,9.975,kg,heuristica,"Biscoito sabor: variado, tipo: wafer Biscoito sabor: variado, tipo: wafer"
federal,cadeira,2024,Federal/ES,1303.27,unidade,unitario,"Cadeira fixa CADEIRA FIXA, MATERIAL ASSENTO ESPUMA LAMINADA, MATERIAL ENCOSTO ESPUMALAMINADA, MATERIAL ESTRUTURA AÇO, MA"
federal,lampada_led,2024,Federal/ES,17.0,unidade,unitario,"Refletor REFLETOR, MATERIAL CORPO ALUMÍNIO INJETADO, APLICAÇÃO SISTEMA DE ILUMINAÇÃO,TIPO LÂMPADA LED, POTÊNCIA LÂMPADA "
federal,agua_mineral,2025,Federal/ES,2.48,litro,heuristica,"Água Mineral Natural ÁGUA MINERAL NATURAL, TIPO: SEM GÁS , MATERIAL EMBALAGEM: ALUMíNIO , TIPO EMBALAGEM: DESCARTÁVEL "
federal,envelope,2025,Federal/ES,0.45,unidade,unitario,"Envelope ENVELOPE, MATERIAL OFFSET, MODELO SACO PADRÃO, TAMANHO (C X L) 240 X 340 MM,COR BRANCO, GRAMATURA 75 G/M2"
federal,prednisolona,2025,Federal/ES,0.65,unidade,unitario,"Prednisolona PREDNISOLONA, CONCENTRAÇÃO 5 MG, APLICAÇÃO USO VETERINÁRIO"
federal,vassoura,2024,Federal/ES,10.59,unidade,unitario,"Cabo ferramenta CABO FERRAMENTA, MATERIAL CABO MADEIRA, COMPRIMENTO CABO 1,70 M, FORMATO CABOCILÍNDRICO, APLICAÇÃO VASSO"
federal,extintor,2025,Federal/ES,70.0,unidade,unitario,"Carga Extintor Incêndio capacidade carga: 4, tipo carga: pó químico seco classe: bc Carga Extintor Incêndio capacidade c"
federal,fralda,2025,Federal/ES,1.25,unidade,unitario,"Fralda Descartável tipo fixação: cintura elástica ajustável, tipo calcinha, tamanho: infantil grande, material: tela pol"
federal,repolho,2025,Federal/ES,7.5,kg,unidade_declarada,"Verdura In Natura* tipo: repolho roxo, espécie: comum, aplicação: culinária em geral, características adicionais: classi"
federal,cadeira,2025,Federal/ES,665.93,unidade,unitario,"Cadeira Fixa CADEIRA FIXA, MATERIAL ASSENTO: POLIPROPILENO , MATERIAL ENCOSTO: POLIPROPILENO , MATERIAL ESTRUTURA: METAL"
federal,cadeira,2025,Federal/ES,665.93,unidade,unitario,"Cadeira Fixa CADEIRA FIXA, MATERIAL ASSENTO: POLIPROPILENO , MATERIAL ENCOSTO: POLIPROPILENO , MATERIAL ESTRUTURA: METAL"
federal,cadeira,2025,Federal/ES,579.0,unidade,unitario,"Cadeira Fixa CADEIRA FIXA, MATERIAL ASSENTO POLIPROPILENO, MATERIAL ENCOSTO POLIPROPILENO,MATERIAL ESTRUTURA METAL, MATE"
federal,desinfetante,2025,Federal/ES,30.62,litro,heuristica,"Material Veterinário Para Saúde Animal MATERIAL VETERINÁRIO, TIPO: COPO , CARACTERÍSTICAS ADICIONAIS: APLICADOR DE SOLUÇ"
federal,pendrive,2025,Federal/ES,19.27,unidade,unitario,"Memória portátil microcomputador MEMÓRIA PORTÁTIL MICROCOMPUTADOR, CAPACIDADE MEMÓRIA: 8 GB, INTERFACE: USB , CARACTERÍS"
federal,lampada_led,2025,Federal/ES,7.9,unidade,unitario,"Lâmpada Led tensão nominal: bivolt, potência nominal: 30, tipo base: e-27, cor: branca, aplicação: para uso  em geral, t"
federal,disjuntor,2025,Federal/ES,15.7,unidade,unitario,"Disjuntor Baixa Tensão corrente nominal: 16, curva de disparo: b, funcionamento: termomagnético, tensão nominal: 220 - 2"
federal,notebook,2025,Federal/ES,3050.0,unidade,unitario,"Notebook NOTEBOOK, TELA SUPERIOR A 14 POL, INTERATIVIDADE DA TELA SEM INTERATIVIDADE,MEMÓRIA RAM SUPERIOR A 8 GB, NÚCLEO"
federal,mascara_descartavel,2025,Federal/ES,0.16,unidade,unitario,"Máscara Cirúrgica MÁSCARA CIRÚRGICA, MATERIAL NÃO TECIDO 100% POLIPROPILENO, FILTRO ELEMENTOFILTRANTE INTERNO, EFICIÊNCI"
federal,disjuntor,2024,Federal/ES,17.0,unidade,unitario,"Disjuntor baixa tensão DISJUNTOR BAIXA TENSÃO, FUNCIONAMENTO TERMOMAGNÉTICO, CORRENTE NOMINAL 10 A,TENSÃO NOMINAL 127/22"
federal,ar_condicionado,2025,Federal/ES,9300.0,unidade,unitario,"Aparelho ar condicionado APARELHO AR CONDICIONADO, CAPACIDADE REFRIGERAÇÃO 48.000 BTU, TENSÃO 220 V,FREQÜÊNCIA 60 HZ, NÍ"
federal,mascara_descartavel,2024,Federal/ES,0.07,unidade,unitario,"Máscara Cirúrgica MÁSCARA CIRÚRGICA, MATERIAL NÃO TECIDO 100% POLIPROPILENO, FILTRO ELEMENTOFILTRANTE INTERNO, EFICIÊNCI"
federal,luva_procedimento,2025,Federal/ES,85.0,caixa_100,unitario,"Luva Cirúrgica LUVA CIRÚRGICA, MATERIAL BORRACHA NATURAL- LÁTEX, SUPERFÍCIE SUPERFÍCIE LISA,FORMATO ANATÔMICO, PÓ COM PÓ"
federal,luva_procedimento,2025,Federal/ES,75.0,caixa_100,unitario,"Luva Cirúrgica LUVA CIRÚRGICA, MATERIAL BORRACHA NATURAL- LÁTEX, SUPERFÍCIE SUPERFÍCIE LISA,FORMATO ANATÔMICO, PÓ COM PÓ"
federal,envelope,2025,Federal/ES,4.85,unidade,unitario,"Protetor Crachá PROTETOR CRACHÁ, MATERIAL PVC FLEXÍVEL TRANSPARENTE, ALTURA 12,50 CM,CARACTERÍSTICAS ADICIONAIS VERTICAL"
federal,disjuntor,2025,Federal/ES,26.0,unidade,unitario,"Disjuntor Baixa Tensão DISJUNTOR BAIXA TENSÃO, FUNCIONAMENTO TERMOMAGNÉTICO, CORRENTE NOMINAL 20 A,TENSÃO NOMINAL 127/22"
federal,disjuntor,2025,Federal/ES,26.51,unidade,unitario,"Disjuntor Baixa Tensão DISJUNTOR BAIXA TENSÃO, FUNCIONAMENTO TERMOMAGNÉTICO, CORRENTE NOMINAL 20 A,TENSÃO NOMINAL 127/22"
federal,disjuntor,2025,Federal/ES,24.5,unidade,unitario,"Disjuntor Baixa Tensão DISJUNTOR BAIXA TENSÃO, FUNCIONAMENTO TERMOMAGNÉTICO, CORRENTE NOMINAL 20 A,TENSÃO NOMINAL 127/22"
federal,etanol,2025,Federal/ES,4.989,litro,unidade_declarada,"Álcool Anidro Combustível classificação: comum, composto: etanol, uso: para automotivos Álcool Anidro Combustível classi"
federal,envelope,2025,Federal/ES,0.43,unidade,unitario,"Envelope ENVELOPE, MATERIAL KRAFT, MODELO SACO PADRÃO, TAMANHO (C X L) 365 X 260 MM,COR NATURAL, GRAMATURA 80 G/M2, CARA"
federal,envelope,2025,Federal/ES,0.25,unidade,unitario,"Envelope ENVELOPE, MATERIAL OFFSET, MODELO OFÍCIO, TAMANHO (C X L) 240 X 340 MM, CORBRANCO, GRAMATURA 90 G/M2"
federal,envelope,2025,Federal/ES,0.43,unidade,unitario,"Envelope material: offset, modelo: ofício, tamanho (c x l): 240 x 340, cor: branco, gramatura: 90 Envelope material: off"
federal,suco,2025,Federal/ES,6.4,litro,heuristica,"Suco SUCO, APRESENTAÇÃO PÓ, SABOR VARIADO, TIPO ARTIFICIAL"
federal,farinha_trigo,2025,Federal/ES,15.98,kg,unidade_declarada,"Mistura alimentícia MISTURA ALIMENTÍCIA, INGREDIENTES FARINHA DE TRIGO, MARGARINA, LEITE E OVOS,APLICAÇÃO BOLO"
federal,lampada_led,2024,Federal/ES,8.96,unidade,unitario,"Lâmpada led LÂMPADA LED, TENSÃO NOMINAL BIVOLT V, POTÊNCIA NOMINAL 9 W, APLICAÇÃO PARA USOEM GERAL, COMPRIMENTO 600 MM, "
federal,lampada_led,2025,Federal/ES,8.96,unidade,unitario,"Lâmpada Led LÂMPADA LED, TENSÃO NOMINAL BIVOLT V, POTÊNCIA NOMINAL 9 W, APLICAÇÃO PARA USOEM GERAL, COMPRIMENTO 600 MM, "
federal,desinfetante,2025,Federal/ES,5.25,litro,unidade_declarada,"Desinfetante DESINFETANTE, PRINCÍPIO ATIVO À BASE DE DIDECILDIMETILAMÔNIO E PHMB, FORMAFÍSICA SPRAY DE ESPUMA, CARACTERÍ"
federal,disjuntor,2025,Federal/ES,18.54,unidade,unitario,"Disjuntor Baixa Tensão DISJUNTOR BAIXA TENSÃO, FUNCIONAMENTO WI-FI INTELIGENTE, ACIONAMENTO REMOTO,CORRENTE NOMINAL AJUS"
federal,ar_condicionado,2025,Federal/ES,1150.0,unidade,unitario,"Peças e acessórios aparelho ar condicionado PEÇAS E ACESSÓRIOS APARELHO AR CONDICIONADO, TIPO ELEMENTO FILTRANTE,REFERÊN"
federal,notebook,2025,Federal/ES,2960.0,unidade,unitario,"Notebook NOTEBOOK, TELA SUPERIOR A 14 POL, INTERATIVIDADE DA TELA SEM INTERATIVIDADE,MEMÓRIA RAM SUPERIOR A 8 GB, NÚCLEO"
federal,notebook,2025,Federal/ES,2649.5,unidade,unitario,"Notebook NOTEBOOK, TELA SUPERIOR A 14 POL, INTERATIVIDADE DA TELA SEM INTERATIVIDADE,MEMÓRIA RAM SUPERIOR A 8 GB, NÚCLEO"
federal,fralda,2025,Federal/ES,1.26,unidade,unitario,"Fralda Descartável tipo fixação: cintura elástica ajustável, tipo calcinha, tamanho: infantil extra grande xg, material:"
federal,disjuntor,2025,Federal/ES,24.49,unidade,unitario,"Disjuntor Baixa Tensão DISJUNTOR BAIXA TENSÃO, FUNCIONAMENTO TERMOMAGNÉTICO, TENSÃO MÁXIMA OPERAÇÃO127/220 V, CORRENTE N"
federal,toner,2025,Federal/ES,494.9999,unidade,unitario,"Cartucho Toner Impressora Lexmark tipo cartucho: original, cor tinta: preta, referência cartucho 3: 78c4xk0 Cartucho Ton"
federal,envelope,2025,Federal/ES,0.8,unidade,unitario,"Envelope material: sulfite, modelo: saco comum, tamanho (c x l): 185 x 248, cor: branco, gramatura: 80, características "
federal,disjuntor,2025,Federal/ES,7.85,unidade,unitario,"Disjuntor Baixa Tensão DISJUNTOR BAIXA TENSÃO, FUNCIONAMENTO TERMOMAGNÉTICO, CORRENTE NOMINAL 25 A,TENSÃO NOMINAL 127/22"
federal,disjuntor,2025,Federal/ES,6.95,unidade,unitario,"Disjuntor Baixa Tensão DISJUNTOR BAIXA TENSÃO, FUNCIONAMENTO TERMOMAGNÉTICO, CORRENTE NOMINAL 40 A,TENSÃO NOMINAL 127/22"
federal,disjuntor,2025,Federal/ES,8.98,unidade,unitario,"Disjuntor Baixa Tensão DISJUNTOR BAIXA TENSÃO, FUNCIONAMENTO TERMOMAGNÉTICO, CORRENTE NOMINAL 40 A,TENSÃO NOMINAL 127/22"
federal,papel_a4,2025,Federal/ES,20.0,resma,unitario,"Impresso Padronizado material: papel sulfite, tipo: bloco, gramatura: 75, comprimento: 210, largura: 150, cor: branca, q"
federal,brita,2025,Federal/ES,309.9,m3,unitario,"Brita material: pedra moída, tamanho: brita 0, aplicação: jardim residencial/público Brita nº 0 -  Apresentação em metro"
federal,borracha_escolar,2025,Federal/ES,1.47,unidade,unitario,"Borracha Apagadora Escrita altura: 8, aplicação: para lápis e tinta, comprimento: 53, largura: 18, material: borracha, t"
federal,ar_condicionado,2025,Federal/ES,7477.19,unidade,unitario,"Aparelho Ar Condicionado tipo: split, modelo: piso-teto inverter, capacidade refrigeração: 36.000, tensão: 220, freqüênc"
federal,ar_condicionado,2025,Federal/ES,10800.0,unidade,unitario,"Aparelho Ar Condicionado tipo: split, modelo: piso-teto inverter, capacidade refrigeração: 36.000, tensão: 220, freqüênc"
federal,ar_condicionado,2025,Federal/ES,6849.0,unidade,unitario,"Aparelho Ar Condicionado capacidade refrigeração: 36.000, características adicionais 1: controle remoto/ciclo reverso (q"
federal,algodao,2025,Federal/ES,38.2,kg,descricao,"Algodão Uso Em Saúde tipo: hidrófilo, material: fibras de algodão purificado, apresentação: rolo, esterilidade: não esté"
federal,detergente,2025,Federal/ES,2.94,litro,heuristica,"Detergente DETERGENTE, COMPOSIÇÃO LAURIL ÉTER, SULFATO DE SÓDIO, ÁLCOOL LAURICO ETO X,APLICAÇÃO LIMPEZA EM GERAL, AROMA "
federal,lampada_led,2025,Federal/ES,14.15,unidade,unitario,"Lâmpada Led LÂMPADA LED, MODELO LED, TENSÃO NOMINAL BIVOLT 90/265 V, POTÊNCIA NOMINAL 18 A20 W, TIPO BASE G13, FLUXO LUM"
federal,envelope,2025,Federal/ES,4.92,unidade,unitario,"Tira abrasiva - uso odontológico TIRA ABRASIVA - USO ODONTOLÓGICO, MATERIAL AÇO INOXIDÁVEL + ÓXIDO DE ALUMÍNIO,COMPRIMEN"
federal,luva_procedimento,2025,Federal/ES,61.25,caixa_100,unitario,"Luva Cirúrgica LUVA CIRÚRGICA, MATERIAL BORRACHA NATURAL- LÁTEX, SUPERFÍCIE SUPERFÍCIE LISA,FORMATO ANATÔMICO, PÓ COM PÓ"
federal,disjuntor,2025,Federal/ES,20.41,unidade,unitario,"Disjuntor Baixa Tensão DISJUNTOR BAIXA TENSÃO, FUNCIONAMENTO TERMOMAGNÉTICO, CORRENTE NOMINAL 50 A,TENSÃO NOMINAL 690 V,"
federal,ar_condicionado,2025,Federal/ES,3177.0,unidade,unitario,"Aparelho Ar Condicionado tipo: hi-wall, modelo: split inverter, capacidade refrigeração: 9.000, tensão: 220, freqüência:"
federal,ar_condicionado,2025,Federal/ES,3177.0,unidade,unitario,"APARELHO AR CONDICIONADO CAPACIDADE REFRIGERAÇÃO: 9.000, CARACTERÍSTICAS ADICIONAIS 1: CONTROLE REMOTO/CICLO REVERSO (QU"
federal,ar_condicionado,2025,Federal/ES,1750.0,unidade,unitario,"Aparelho ar condicionado APARELHO AR CONDICIONADO, TIPO HI-WALL, MODELO SPLIT INVERTER, CAPACIDADEREFRIGERAÇÃO 9.000 BTU"
federal,ar_condicionado,2025,Federal/ES,1900.0,unidade,unitario,"Aparelho ar condicionado APARELHO AR CONDICIONADO, TIPO HI-WALL, MODELO SPLIT INVERTER, CAPACIDADEREFRIGERAÇÃO 9.000 BTU"
federal,ar_condicionado,2025,Federal/ES,1748.0,unidade,unitario,"Aparelho ar condicionado APARELHO AR CONDICIONADO, TIPO HI-WALL, MODELO SPLIT INVERTER, CAPACIDADEREFRIGERAÇÃO 9.000 BTU"
federal,luva_procedimento,2025,Federal/ES,75.0,caixa_100,unitario,"Luva Cirúrgica LUVA CIRÚRGICA, MATERIAL BORRACHA NATURAL- LÁTEX, SUPERFÍCIE SUPERFÍCIE LISA,FORMATO ANATÔMICO, PÓ COM PÓ"
federal,luva_procedimento,2025,Federal/ES,61.25,caixa_100,unitario,"Luva Cirúrgica LUVA CIRÚRGICA, MATERIAL BORRACHA NATURAL- LÁTEX, SUPERFÍCIE SUPERFÍCIE LISA,FORMATO ANATÔMICO, PÓ COM PÓ"
federal,disjuntor,2024,Federal/ES,6.4,unidade,unitario,"Disjuntor baixa tensão DISJUNTOR BAIXA TENSÃO, FUNCIONAMENTO TERMOMAGNÉTICO, NÚMERO PÓLOS 1, CORRENTENOMINAL 50 A, TENSÃ"
federal,ar_condicionado,2025,Federal/ES,3450.0,unidade,unitario,"Aparelho ar condicionado APARELHO AR CONDICIONADO, TIPO HI-WALL, MODELO SPLIT INVERTER, CAPACIDADEREFRIGERAÇÃO 24.000 BT"
federal,ar_condicionado,2025,Federal/ES,3450.0,unidade,unitario,"Aparelho ar condicionado APARELHO AR CONDICIONADO, TIPO HI-WALL, MODELO SPLIT INVERTER, CAPACIDADEREFRIGERAÇÃO 24.000 BT"
federal,ar_condicionado,2025,Federal/ES,3860.0,unidade,unitario,"Aparelho ar condicionado APARELHO AR CONDICIONADO, TIPO HI-WALL, MODELO SPLIT INVERTER, CAPACIDADEREFRIGERAÇÃO 24.000 BT"
federal,ar_condicionado,2025,Federal/ES,3295.0,unidade,unitario,"Aparelho ar condicionado APARELHO AR CONDICIONADO, TIPO HI-WALL, MODELO SPLIT INVERTER, CAPACIDADEREFRIGERAÇÃO 24.000 BT"
federal,ar_condicionado,2025,Federal/ES,10657.69,unidade,unitario,"Aparelho Ar Condicionado APARELHO AR CONDICIONADO, TIPO SPLIT, MODELO TETO/PISO, CAPACIDADEREFRIGERAÇÃO 60.000 BTU/H, TE"
federal,ar_condicionado,2025,Federal/ES,11500.0,unidade,unitario,"Aparelho Ar Condicionado tipo: split, modelo: teto/piso, capacidade refrigeração: 60.000, tensão: 220, freqüência: 60, c"
federal,ar_condicionado,2025,Federal/ES,10657.69,unidade,unitario,"Aparelho Ar Condicionado APARELHO AR CONDICIONADO, TIPO SPLIT, MODELO TETO/PISO, CAPACIDADEREFRIGERAÇÃO 60.000 BTU/H, TE"
federal,ar_condicionado,2025,Federal/ES,9874.04,unidade,unitario,"Aparelho Ar Condicionado APARELHO AR CONDICIONADO, TIPO SPLIT, MODELO TETO/PISO, CAPACIDADEREFRIGERAÇÃO 60.000 BTU/H, TE"
federal,notebook,2025,Federal/ES,5460.0,unidade,unitario,"Notebook alimentação: bivolt automática, armazenamento hdd: sem disco hdd, armazenamento ssd: 310 a 500, bateria: minimo"
federal,luva_procedimento,2025,Federal/ES,61.25,caixa_100,unitario,"Luva Cirúrgica LUVA CIRÚRGICA, MATERIAL BORRACHA NATURAL- LÁTEX, SUPERFÍCIE SUPERFÍCIE LISA,FORMATO ANATÔMICO, PÓ COM PÓ"
federal,extintor,2025,Federal/ES,50.0,unidade,unitario,"Carga Extintor Incêndio capacidade carga: 4, tipo carga: pó químico seco classe: abc Carga Extintor Incêndio capacidade "
federal,envelope,2025,Federal/ES,0.5,unidade,unitario,"Envelope ENVELOPE, MATERIAL OFFSET, MODELO OFÍCIO, TAMANHO (C X L) 115 X 230 MM, CORCOLORIDO, GRAMATURA 90 G/M2"
federal,envelope,2025,Federal/ES,0.67,unidade,unitario,"Envelope ENVELOPE, MATERIAL: OFFSET , MODELO: OFÍCIO , TAMANHO (C X L): 115 X 230 MM, COR: COLORIDO , GRAMATURA: 90 G/M2"
federal,sabonete,2025,Federal/ES,5.2,unidade,unitario,"Sabonete Líquido acidez: 5,5 a 6,0, aplicação: assepsia das mãos, aspecto físico: líquido viscoso, características adici"
federal,disjuntor,2025,Federal/ES,16.47,unidade,unitario,"Disjuntor Baixa Tensão DISJUNTOR BAIXA TENSÃO, FUNCIONAMENTO TERMOMAGNÉTICO, ACIONAMENTO ALAVANCA,CORRENTE NOMINAL 25 A,"
federal,lampada_led,2025,Federal/ES,70.0,unidade,unitario,"Lâmpada Led aplicação: iluminação, fluxo luminoso: mín. 700, formato: pêra, potência nominal: 10, temperatura de cor: 6."
federal,cadeira,2025,Federal/ES,1110.64,unidade,unitario,"Cadeira Fixa CADEIRA FIXA, MATERIAL ASSENTO: ESPUMA DE POLIURETANO , MATERIAL ENCOSTO: ESPUMA POLIURETANO INJETADO , MAT"
federal,cadeira,2025,Federal/ES,1063.0,unidade,unitario,"Cadeira Fixa CADEIRA FIXA, MATERIAL ASSENTO ESPUMA DE POLIURETANO, MATERIAL ENCOSTO ESPUMAPOLIURETANO INJETADO, MATERIAL"
federal,cadeira,2025,Federal/ES,1110.64,unidade,unitario,"Cadeira Fixa CADEIRA FIXA, MATERIAL ASSENTO: ESPUMA DE POLIURETANO , MATERIAL ENCOSTO: ESPUMA POLIURETANO INJETADO , MAT"
federal,salsicha,2025,Federal/ES,11.35,kg,unidade_declarada,"Embutido tipo: salsicha hot dog, tipo preparação: cozida, estado de conservação: congelado(a) Embutido tipo: salsicha ho"
federal,salsicha,2025,Federal/ES,21.99,kg,unidade_declarada,"Embutido EMBUTIDO, TIPO: SALSICHA HOT DOG , TIPO PREPARAÇÃO: COZIDA , ESTADO DE CONSERVAÇÃO: CONGELADO(A) "
federal,salsicha,2025,Federal/ES,11.35,kg,unidade_declarada,"Embutido EMBUTIDO, TIPO: SALSICHA HOT DOG , TIPO PREPARAÇÃO: COZIDA , ESTADO DE CONSERVAÇÃO: CONGELADO(A) "
federal,salsicha,2025,Federal/ES,9.5,kg,unidade_declarada,"Embutido EMBUTIDO, TIPO SALSICHA HOT DOG, TIPO PREPARAÇÃO COZIDA, ESTADO DE CONSERVAÇÃOCONGELADO(A)"
federal,desinfetante,2025,Federal/ES,10.42,litro,heuristica,"Desinfetante composição: à base de alquilamina e associações, forma física: solução aquosa, teor ativo: 0,3% Desinfetant"
federal,salsicha,2025,Federal/ES,9.5,kg,unidade_declarada,"Embutido EMBUTIDO, TIPO SALSICHA HOT DOG, TIPO PREPARAÇÃO COZIDA, ESTADO DE CONSERVAÇÃOCONGELADO(A)"
federal,desinfetante,2025,Federal/ES,5.98,litro,heuristica,"Desinfetante composição: à base de alquilamina e associações, forma física: solução aquosa, teor ativo: 0,3% Desinfetant"
federal,desinfetante,2025,Federal/ES,37.14,litro,unidade_declarada,"Desinfetante composição: à base de alquilamina e associações, forma física: solução aquosa, teor ativo: 0,3% Desinfetant"
federal,disjuntor,2025,Federal/ES,20.63,unidade,unitario,"Disjuntor Baixa Tensão DISJUNTOR BAIXA TENSÃO, FUNCIONAMENTO TERMOMAGNÉTICO, ACIONAMENTO ALAVANCA,CORRENTE NOMINAL 16 A,"
federal,disjuntor,2025,Federal/ES,20.41,unidade,unitario,"Disjuntor Baixa Tensão DISJUNTOR BAIXA TENSÃO, FUNCIONAMENTO TERMOMAGNÉTICO, ACIONAMENTO ALAVANCA,CORRENTE NOMINAL 16 A,"
federal,envelope,2025,Federal/ES,0.35,unidade,unitario,"Envelope material: sulfite, modelo: ofício, tamanho (c x l): 115 x 230, cor: branco, gramatura: 80, características adic"
federal,acucar,2025,Federal/ES,20.22,kg,unidade_declarada,"Mistura alimentícia MISTURA ALIMENTÍCIA, INGREDIENTES AMIDO DE MILHO, AÇÚCAR E AROMATIZANTE, SABORNATURAL, APLICAÇÃO PAN"
federal,ar_condicionado,2025,Federal/ES,2740.0,unidade,unitario,"Aparelho ar condicionado APARELHO AR CONDICIONADO, CAPACIDADE REFRIGERAÇÃO 18.000 BTU, VAZÃO AR 2,280M3/H, TENSÃO 220 V,"
federal,ar_condicionado,2025,Federal/ES,2750.0,unidade,unitario,"Aparelho ar condicionado APARELHO AR CONDICIONADO, CAPACIDADE REFRIGERAÇÃO 18.000 BTU, VAZÃO AR 2,280M3/H, TENSÃO 220 V,"
federal,ar_condicionado,2025,Federal/ES,2976.99,unidade,unitario,"Aparelho ar condicionado APARELHO AR CONDICIONADO, CAPACIDADE REFRIGERAÇÃO 18.000 BTU, VAZÃO AR 2,280M3/H, TENSÃO 220 V,"
federal,extintor,2025,Federal/ES,193.25,unidade,unitario,"Extintor Incêndio EXTINTOR INCÊNDIO, MATERIAL MANGUEIRA: BORRACHA , MATERIAL TRAMA: NYLON , MATERIAL VÁLVULA SAÍDA: LATÃ"
federal,caneta_esferografica,2025,Federal/ES,5.62,unidade,unitario,"Corretivo Fita CORRETIVO FITA, MATERIAL POLIETILENO, COMPRIMENTO 6 M, LARGURA 5 MM, APLICAÇÃOAPAGAR CANETA ESFEROGRÁFICA"
federal,pneu,2025,Federal/ES,373.83,unidade,unitario,"Carrinho mão CARRINHO MÃO, MATERIAL CAÇAMBA: CHAPA METÁLICA , QUANTIDADE RODA: 2 UN, TIPO RODA: PNEU COM CÂMARA , CAPACI"
federal,lampada_led,2025,Federal/ES,3.2,unidade,unitario,"Lâmpada Led cor: colorida, formato: dicróica, modelo: led, potência nominal: 5, tipo base: e-27, vida média: 2.000 Lâmpa"
federal,alface,2025,Federal/ES,4.0,unidade,unitario,"Salgados Diversos tipo: sanduíche natural, tamanho: pequeno, aplicação: alimentação, formato: cilíndrico, ingredientes: "
federal,alface,2025,Federal/ES,3.9,unidade,unitario,"Salgados Diversos SALGADOS DIVERSOS, TIPO: SANDUÍCHE NATURAL , TAMANHO: PEQUENO , APLICAÇÃO: ALIMENTAÇÃO , FORMATO: CILÍ"
federal,caneta_esferografica,2025,Federal/ES,0.7,unidade,unitario,"Caneta Esferográfica CANETA ESFEROGRÁFICA, MATERIAL ACRÍLICO TRANSPARENTE, QUANTIDADE CARGAS 1 UN,MATERIAL PONTA ESFERA,"
federal,lampada_led,2025,Federal/ES,14.0,unidade,unitario,"Lâmpada Led modelo: led, potência nominal: 20, temperatura de cor: 4.000, tensão nominal: bivolt, tipo base: r7s, tipo b"
federal,ar_condicionado,2025,Federal/ES,5640.0,unidade,unitario,"APARELHO AR CONDICIONADO CAPACIDADE REFRIGERAÇÃO: 12.000, CARACTERÍSTICAS ADICIONAIS: COM CONTROLE REMOTO SEM FIO, CARAC"
federal,ar_condicionado,2025,Federal/ES,1800.0,unidade,unitario,"Aparelho ar condicionado APARELHO AR CONDICIONADO, TIPO SPLIT HI WALL, MODELO SPLIT INVERTER,CAPACIDADE REFRIGERAÇÃO 12."
federal,ar_condicionado,2025,Federal/ES,5640.0,unidade,unitario,"Aparelho Ar Condicionado tipo: split hi wall, modelo: split inverter, capacidade refrigeração: 12.000, tensão: 220, freq"
federal,caneta_esferografica,2025,Federal/ES,0.93,unidade,unitario,"Caneta Esferográfica CANETA ESFEROGRÁFICA, MATERIAL: METAL , MATERIAL PONTA: METAL , TIPO ESCRITA: MÉDIA , COR TINTA: AZ"
federal,creme_dental,2025,Federal/ES,2.0,unidade,unitario,"Dentifrício capacidade: 90, composição básica: creme dental com flúor, tipo: adulto CREME DENTAL, em creme, uso adulto,
"
federal,creme_dental,2025,Federal/ES,1.87,unidade,unitario,"Dentifrício capacidade: 90, composição básica: creme dental com flúor, tipo: adulto CREME DENTAL, em creme, uso adulto,
"
federal,ar_condicionado,2025,Federal/ES,4200.0,unidade,unitario,"Aparelho Ar Condicionado tipo: split hi wall, modelo: split inverter, capacidade refrigeração: 18.000, tensão: 220, freq"
federal,ar_condicionado,2025,Federal/ES,4200.0,unidade,unitario,"APARELHO AR CONDICIONADO CAPACIDADE REFRIGERAÇÃO: 18.000, CARACTERÍSTICAS ADICIONAIS: COM CONTROLE REMOTO SEM FIO, CARAC"
federal,ar_condicionado,2025,Federal/ES,2794.45,unidade,unitario,"Aparelho Ar Condicionado APARELHO AR CONDICIONADO, TIPO SPLIT HI WALL, MODELO SPLIT INVERTER,CAPACIDADE REFRIGERAÇÃO 18."
federal,notebook,2025,Federal/ES,7342.33,unidade,unitario,"Notebook NOTEBOOK, TELA: ATÉ 14 POL, INTERATIVIDADE DA TELA: SEM INTERATIVIDADE , MEMÓRIA RAM: SUPERIOR A 8 GB, NÚCLEOS "
federal,notebook,2025,Federal/ES,5110.0,unidade,unitario,"Notebook NOTEBOOK, TELA: ATÉ 14 POL, INTERATIVIDADE DA TELA: SEM INTERATIVIDADE , MEMÓRIA RAM: SUPERIOR A 8 GB, NÚCLEOS "
federal,cadeira,2025,Federal/ES,870.0,unidade,unitario,"Cadeira Fixa acabamento estrutura: pintura eletrostática epóxi-pó, características adicionais: com braços reguláveis, de"
federal,desinfetante,2025,Federal/ES,22.5,litro,unidade_declarada,"Desinfetante DESINFETANTE, COMPOSIÇÃO: À BASE DE IODOFÓRMIO E ÁCIDO FOSFÓRICO , TEOR ATIVO: CERCA DE 2% + 10% , FORMA FÍ"
federal,monitor,2025,Federal/ES,1697.0,unidade,unitario,"Bateria Recarregável aplicação: monitor de vídeo, capacidade nominal: 2200, dimensões: 7 x 3.8 x 2, modelo: np-f550/750/"
federal,torneira,2025,Federal/ES,177.03,unidade,unitario,"Bureta BURETA, MATERIAL VIDRO, GRADUAÇÃO GRADUADA, VOLUME 25 ML, ESCALA GRADUAÇÃOMÁXIMA 0,1 EM 0,1 ML, NUMERADA, ACESSÓR"
federal,detergente,2025,Federal/ES,4.0,litro,heuristica,"Detergente aplicação: limpeza em geral, aroma: neutro, aspecto físico: líquido, características adicionais: ph entre 6,0"
federal,detergente,2025,Federal/ES,3.2,litro,heuristica,"Detergente aplicação: limpeza em geral, aroma: neutro, aspecto físico: líquido, características adicionais: ph entre 6,0"
federal,torneira,2024,Federal/ES,81.54,unidade,unitario,"Torneira TORNEIRA, MATERIAL CORPO METAL, TIPO AUTOMÁTICA, DIÂMETRO 1/2 POL, ACABAMENTOSUPERFICIAL AMARELO, CARACTERISTIC"
federal,linguica,2025,Federal/ES,22.95,kg,unidade_declarada,"Embutido EMBUTIDO, TIPO: LINGUIÇA CALABRESA , TAMANHO: GROSSA , TIPO PREPARAÇÃO: DEFUMADA , ESTADO DE CONSERVAÇÃO: CONGE"
federal,linguica,2025,Federal/ES,22.95,kg,unidade_declarada,"Embutido tipo: linguiça calabresa, tamanho: grossa, tipo preparação: defumada, estado de conservação: congelado(a) Embut"
federal,linguica,2025,Federal/ES,24.24,kg,unidade_declarada,"Embutido EMBUTIDO, TIPO: LINGUIÇA CALABRESA , TAMANHO: GROSSA , TIPO PREPARAÇÃO: DEFUMADA , ESTADO DE CONSERVAÇÃO: CONGE"
federal,linguica,2025,Federal/ES,15.83,kg,unidade_declarada,"Embutido EMBUTIDO, TIPO: LINGUIÇA CALABRESA , TAMANHO: GROSSA , TIPO PREPARAÇÃO: DEFUMADA , ESTADO DE CONSERVAÇÃO: CONGE"
federal,farinha_trigo,2025,Federal/ES,3.31,kg,heuristica,"Biscoito ingredientes: farinha de trigo enriquecida com ferro e acido, sabor: salgado, tipo: cream cracker BISCOITO CREA"
federal,farinha_trigo,2025,Federal/ES,2.96,kg,heuristica,"Biscoito ingredientes: farinha de trigo enriquecida com ferro e acido, sabor: salgado, tipo: cream cracker BISCOITO CREA"
federal,biscoito,2025,Federal/ES,22.475,kg,heuristica,"Biscoito características adicionais: rosquinha, sabor: chocolate, tipo: amanteigado Biscoito características adicionais:"
federal,biscoito,2025,Federal/ES,13.025,kg,heuristica,"Biscoito características adicionais: rosquinha, sabor: chocolate, tipo: amanteigado Biscoito características adicionais:"
federal,biscoito,2025,Federal/ES,22.475,kg,heuristica,"Biscoito características adicionais: rosquinha, sabor: chocolate, tipo: amanteigado Biscoito características adicionais:"
federal,torneira,2025,Federal/ES,70.13,unidade,unitario,"Torneira TORNEIRA, MATERIAL CORPO LIGA DE COBRE, TIPO BANCADA, DIÂMETRO 1/2 POL,ACABAMENTO SUPERFICIAL CROMADO, CARACTER"
federal,laranja,2025,Federal/ES,2.9,kg,unidade_declarada,"Fruta FRUTA, TIPO LARANJA PERA, APRESENTAÇÃO NATURAL, ADICIONAL DESCASCADA"
federal,disjuntor,2025,Federal/ES,7.92,unidade,unitario,"Disjuntor Baixa Tensão DISJUNTOR BAIXA TENSÃO, FUNCIONAMENTO TERMOMAGNÉTICO, CORRENTE NOMINAL 16 A,TENSÃO NOMINAL 127/22"
federal,detergente,2025,Federal/ES,5.5,litro,heuristica,"Detergente aplicação: lavagem manual de louças, utensílios e limpeza ger, aspecto físico: líquido, características adici"
federal,detergente,2025,Federal/ES,7.1,litro,heuristica,"Detergente aplicação: lavagem manual de louças, utensílios e limpeza ger, aspecto físico: líquido, características adici"
federal,lampada_led,2025,Federal/ES,7.0,unidade,unitario,"Lâmpada Led frequência nominal: 60, potência nominal: 12, tensão nominal: bivolt, tipo base: e-27, tipo bulbo: a60 globa"
federal,lampada_led,2025,Federal/ES,11.15,unidade,unitario,"Lâmpada led LÂMPADA LED, TENSÃO NOMINAL BIVOLT V, POTÊNCIA NOMINAL 12 W, TIPO BASE E-27,TIPO BULBO A60 GLOBAL LEITOSO, F"
federal,detergente,2025,Federal/ES,2.7,litro,heuristica,"Detergente aplicação: lavagem manual de louças, utensílios e limpeza ger, aspecto físico: líquido, características adici"
federal,lampada_led,2025,Federal/ES,7.8,unidade,unitario,"Lâmpada Led LÂMPADA LED, MODELO LED, TENSÃO NOMINAL BIVOLT V, POTÊNCIA NOMINAL 10 W, TIPOBASE E-27, FLUXO LUMINOSO 800 L"
federal,ar_condicionado,2025,Federal/ES,10714.1,unidade,unitario,"Aparelho Ar Condicionado capacidade refrigeração: 30.000, características adicionais: com controle remoto sem fio, carac"
federal,desinfetante,2025,Federal/ES,6.8,litro,unidade_declarada,"Desinfetante composição: à base de quaternários de amônio, forma física: solução aquosa concentrada, princípio ativo: as"
federal,tinta_latex,2025,Federal/ES,28.79,litro,heuristica,"Tinta Acrílica TINTA ACRÍLICA, COMPONENTES: ÁGUA, RESINA ACRÍLICA, LÍQUIDO VISCOSO , ASPECTO FÍSICO: LÍQUIDO VISCOSO , C"
federal,tinta_latex,2025,Federal/ES,28.79,litro,heuristica,"Tinta Acrílica TINTA ACRÍLICA, COMPONENTES: ÁGUA, RESINA ACRÍLICA, LÍQUIDO VISCOSO , ASPECTO FÍSICO: LÍQUIDO VISCOSO , C"
federal,tinta_latex,2025,Federal/ES,28.79,litro,heuristica,"Tinta Acrílica TINTA ACRÍLICA, COMPONENTES: ÁGUA, RESINA ACRÍLICA, LÍQUIDO VISCOSO , ASPECTO FÍSICO: LÍQUIDO VISCOSO , C"
federal,tinta_latex,2025,Federal/ES,28.79,litro,heuristica,"Tinta Acrílica TINTA ACRÍLICA, COMPONENTES: ÁGUA, RESINA ACRÍLICA, LÍQUIDO VISCOSO , ASPECTO FÍSICO: LÍQUIDO VISCOSO , C"
federal,tinta_latex,2025,Federal/ES,28.79,litro,heuristica,"Tinta Acrílica TINTA ACRÍLICA, COMPONENTES: ÁGUA, RESINA ACRÍLICA, LÍQUIDO VISCOSO , ASPECTO FÍSICO: LÍQUIDO VISCOSO , C"
federal,disjuntor,2025,Federal/ES,22.0,unidade,unitario,"Disjuntor Baixa Tensão DISJUNTOR BAIXA TENSÃO, FUNCIONAMENTO TERMOMAGNÉTICO, TENSÃO MÁXIMA OPERAÇÃO127/220 V, CORRENTE N"
federal,disjuntor,2025,Federal/ES,20.2,unidade,unitario,"Disjuntor Baixa Tensão DISJUNTOR BAIXA TENSÃO, FUNCIONAMENTO TERMOMAGNÉTICO, TENSÃO MÁXIMA OPERAÇÃO127/220 V, CORRENTE N"
federal,lampada_led,2025,Federal/ES,21.0,unidade,unitario,"Lâmpada Led LÂMPADA LED, TENSÃO NOMINAL 110/220 V, POTÊNCIA NOMINAL 30 W, TIPO BASE E-27,TEMPERATURA DE COR 6400 K, FORM"
federal,lampada_led,2025,Federal/ES,5.05,unidade,unitario,"Lâmpada Led LÂMPADA LED, TENSÃO NOMINAL 110/220 V, POTÊNCIA NOMINAL 30 W, TIPO BASE E-27,TEMPERATURA DE COR 6400 K, FORM"
federal,lampada_led,2025,Federal/ES,31.29,unidade,unitario,"Refletor REFLETOR, MATERIAL CORPO ALUMÍNIO, FORMATO RETANGULAR, TIPO LÂMPADA LED,POTÊNCIA LÂMPADA 200 W, TENSÃO ALIMENTA"
federal,lampada_led,2024,Federal/ES,33.6,unidade,unitario,"Refletor REFLETOR, MATERIAL CORPO ALUMÍNIO, FORMATO RETANGULAR, TIPO LÂMPADA LED,POTÊNCIA LÂMPADA 200 W, TENSÃO ALIMENTA"
federal,agua_mineral,2025,Federal/ES,3.6667,litro,descricao,"Água Mineral Natural material embalagem: polietileno, tipo: sem gás, tipo embalagem: frasco de alimentação enteral 300 m"
federal,seringa,2025,Federal/ES,0.81,unidade,unitario,"Seringa SERINGA, MATERIAL: POLIPROPILENO , CAPACIDADE: 20 ML, TIPO BICO: BICO CENTRAL LUER LOCK OU SLIP , TIPO VEDAÇÃO: "
federal,gas_glp,2025,Federal/ES,126.0,botijao_13kg,unitario,"Mangueira Gás MANGUEIRA GÁS, MATERIAL PVC/MALHA DE AÇO GALVANIZADO, DIÂMETRO 1/2 POL,APLICAÇÃO GLP- GÁS LIQUEFEITO DE PE"
federal,gas_glp,2025,Federal/ES,97.0,botijao_13kg,unitario,"Mangueira Gás MANGUEIRA GÁS, MATERIAL PVC/MALHA DE AÇO GALVANIZADO, DIÂMETRO 1/2 POL,APLICAÇÃO GLP- GÁS LIQUEFEITO DE PE"
federal,cafe,2025,Federal/ES,99.98,kg,heuristica,"Café apresentação: torrado moído, tipo: único, empacotamento: vácuo, característica adicional: grãos café arábica Café t"
federal,papel_higienico,2025,Federal/ES,5.63,rolo,unitario,"Papel higiênico PAPEL HIGIÊNICO, MATERIAL: FIBRAS CELULÓSICAS , COMPRIMENTO: 30 M, LARGURA: 10 CM, TIPO: GOFRADO E PICOT"
federal,papel_higienico,2025,Federal/ES,7.8,rolo,unitario,"Papel higiênico PAPEL HIGIÊNICO, MATERIAL CELULOSE VIRGEM, LARGURA 10 CM, COR BRANCA,CARACTERÍSTICAS ADICIONAIS PICOTADO"
federal,papel_higienico,2025,Federal/ES,13.46,rolo,unitario,"Papel Higiênico PAPEL HIGIÊNICO, MATERIAL CELULOSE VIRGEM, LARGURA 10 CM, COR BRANCA,CARACTERÍSTICAS ADICIONAIS PICOTADO"
federal,acucar,2025,Federal/ES,11.47,kg,heuristica,"Mistura alimentícia MISTURA ALIMENTÍCIA, TIPO GELADINHO TIPO AMERICANO, INGREDIENTES : AGUA,AÇUCAR,AROMATIZANTE, ACIDULA"
federal,acucar,2025,Federal/ES,11.47,kg,heuristica,"Mistura alimentícia MISTURA ALIMENTÍCIA, TIPO GELADINHO TIPO AMERICANO, INGREDIENTES : AGUA,AÇUCAR,AROMATIZANTE, ACIDULA"
federal,disjuntor,2025,Federal/ES,6.6,unidade,unitario,"Disjuntor Baixa Tensão DISJUNTOR BAIXA TENSÃO, FUNCIONAMENTO TERMOMAGNÉTICO, ACIONAMENTO ALAVANCA,CORRENTE NOMINAL 16 A,"
federal,pendrive,2025,Federal/ES,41.85,unidade,unitario,"Memória Portátil Microcomputador capacidade memória: 64, interface: usb 3.0, velocidade leitura: 150, características ad"
federal,pendrive,2025,Federal/ES,27.4,unidade,unitario,"Memória Portátil Microcomputador MEMÓRIA PORTÁTIL MICROCOMPUTADOR, CAPACIDADE MEMÓRIA 64 GB, INTERFACE USB 3.0,VELOCIDAD"
federal,vassoura,2025,Federal/ES,21.37,unidade,unitario,"Vassoura VASSOURA, MATERIAL CERDAS: PIAÇAVA , MATERIAL CEPA: Madeira Plastificado , COMPRIMENTO CEPA: 120 CM, CARACTERÍS"
federal,tinta_latex,2025,Federal/ES,75.0,litro,heuristica,"Tinta Acrílica TINTA ACRÍLICA, COMPONENTES ÁGUA, RESINA ACRÍLICA E PIGMENTOS, COR AZUL, TIPOACABAMENTO FOSCO"
federal,lampada_led,2025,Federal/ES,25.0,unidade,unitario,"Luminária LUMINÁRIA, TIPO SOBREPOR, MATERIAL CORPO AÇO INOXIDÁVEL, MATERIAL REFLETORALUMíNIO, FORMATO QUADRADO, TIPO LÂM"
federal,lampada_led,2025,Federal/ES,20.47,unidade,unitario,"Luminária LUMINÁRIA, TIPO SOBREPOR, MATERIAL CORPO AÇO INOXIDÁVEL, MATERIAL REFLETORALUMíNIO, FORMATO QUADRADO, TIPO LÂM"
federal,lampada_led,2025,Federal/ES,29.0,unidade,unitario,"Refletor REFLETOR, MATERIAL CORPO ALUMÍNIO, MATERIAL REFLETOR ALUMÍNIO, QUANTIDADELÂMPADAS 1 UN, FORMATO QUADRADO, TIPO "
federal,lampada_led,2025,Federal/ES,3.88,unidade,unitario,"Lâmpada led LÂMPADA LED, TENSÃO NOMINAL BIVOLT V, POTÊNCIA NOMINAL 12 W, TIPO BASE E-27,FLUXO LUMINOSO MÍN. 700 LM, APLI"
federal,alcool,2025,Federal/ES,14.0,litro,heuristica,"Álcool Etílico ÁLCOOL ETÍLICO, TEOR ALCOÓLICO ABSOLUTO, MÍNIMO DE 95%, FORMA FARMACÊUTICASOLUÇÃO INJETÁVEL"
federal,alcool,2025,Federal/ES,10.5,litro,descricao,"Álcool Etílico forma farmacêutica: solução injetável, teor alcoólico: absoluto, mínimo de 95% Álcool etílico puro absolu"
federal,lampada_led,2025,Federal/ES,8.1,unidade,unitario,"Lâmpada led LÂMPADA LED, TENSÃO NOMINAL 110/220 V, POTÊNCIA NOMINAL 9 W, TIPO BASE G13,CARACTERÍSTICAS ADICIONAIS FASE E"
federal,cola_branca,2025,Federal/ES,9.19,unidade,unitario,"Cola apresentação: pacote contem 1kg, 94 bastoes., composição: base de resinas sinteticas e ceras especiais, tipo: basta"
federal,carne_bovina,2025,Federal/ES,39.0,kg,unidade_declarada,"Carne bovina in natura CARNE BOVINA IN NATURA, TIPO CORTE ALCATRA, APRESENTAÇÃO PEÇA INTEIRA, ESTADODE CONSERVAÇÃO CONGE"
federal,carne_bovina,2025,Federal/ES,42.44,kg,unidade_declarada,"Carne bovina in natura CARNE BOVINA IN NATURA, TIPO CORTE ALCATRA, APRESENTAÇÃO PEÇA INTEIRA, ESTADODE CONSERVAÇÃO CONGE"
federal,carne_bovina,2025,Federal/ES,39.9,kg,heuristica,"Carne Bovina In Natura tipo corte: alcatra, apresentação: peça inteira, estado de conservação: resfriado(a) Carne Bovina"
federal,bacon,2025,Federal/ES,24.6,kg,unidade_declarada,"Carne defumada CARNE DEFUMADA, TIPO CORTE TOUCINHO (BACON), TIPO ANIMAL SUÍNA, APRESENTAÇÃOFATIADA, ESTADO DE CONSERVAÇÃ"
federal,bacon,2025,Federal/ES,24.6,kg,unidade_declarada,"Carne defumada CARNE DEFUMADA, TIPO CORTE TOUCINHO (BACON), TIPO ANIMAL SUÍNA, APRESENTAÇÃOFATIADA, ESTADO DE CONSERVAÇÃ"
federal,linguica,2025,Federal/ES,29.95,kg,unidade_declarada,"Embutido tipo: linguiça calabresa, tamanho: fina, tipo preparação: defumada, estado de conservação: resfriado(a) Embutid"
federal,linguica,2025,Federal/ES,31.9,kg,heuristica,"Embutido tipo: linguiça calabresa, tamanho: fina, tipo preparação: defumada, estado de conservação: resfriado(a) Embutid"
federal,linguica,2025,Federal/ES,17.89,kg,unidade_declarada,"Embutido EMBUTIDO, TIPO LINGUIÇA CALABRESA, TAMANHO FINA, TIPO PREPARAÇÃO DEFUMADA,ESTADO DE CONSERVAÇÃO RESFRIADO(A)"
federal,linguica,2025,Federal/ES,17.89,kg,unidade_declarada,"Embutido EMBUTIDO, TIPO LINGUIÇA CALABRESA, TAMANHO FINA, TIPO PREPARAÇÃO DEFUMADA,ESTADO DE CONSERVAÇÃO RESFRIADO(A)"
federal,lampada_led,2025,Federal/ES,6.04,unidade,unitario,"Lâmpada Led LÂMPADA LED, TENSÃO NOMINAL BIVOLT 100/240 V, POTÊNCIA NOMINAL 9 W, TIPO BASEE-27, COR BRANCA FRIA, FLUXO LU"
federal,torneira,2025,Federal/ES,159.0,unidade,unitario,"Bureta BURETA, MATERIAL VIDRO, GRADUAÇÃO GRADUADA, VOLUME 50 ML, ESCALA GRADUAÇÃOMÁXIMA 0,1 EM 0,1 ML, NUMERADA, ACESSÓR"
federal,bebedouro,2025,Federal/ES,641.0,unidade,unitario,"Bebedouro Água Garrafão BEBEDOURO ÁGUA GARRAFÃO, MATERIAL AÇO INOXIDÁVEL, TIPO TORRE, CAPACIDADE 20 L,VOLTAGEM 127 V, CA"
federal,suco,2025,Federal/ES,4.3,litro,heuristica,"Peixe Em Conserva apresentação: filé, meio de cobertura: com molho de tomate, variedade: sardinha SARDINHA AO PRÓPRIO SU"
federal,suco,2025,Federal/ES,4.6,litro,heuristica,"Peixe Em Conserva apresentação: filé, meio de cobertura: com molho de tomate, variedade: sardinha SARDINHA AO PRÓPRIO SU"
federal,carne_bovina,2025,Federal/ES,38.29,kg,unidade_declarada,"Carne bovina in natura CARNE BOVINA IN NATURA, TIPO CORTE: PALETA (PÁ) , APRESENTAÇÃO: CORTADA EM TIRAS , ESTADO DE CONS"
federal,carne_bovina,2025,Federal/ES,31.45,kg,unidade_declarada,"Carne bovina in natura CARNE BOVINA IN NATURA, TIPO CORTE PALETA (PÁ), APRESENTAÇÃO CORTADA EM TIRAS,ESTADO DE CONSERVAÇ"
federal,carne_bovina,2025,Federal/ES,36.8,kg,unidade_declarada,"Carne Bovina In Natura CARNE BOVINA IN NATURA, TIPO CORTE: PALETA (PÁ) , APRESENTAÇÃO: CORTADA EM TIRAS , ESTADO DE CONS"
federal,carne_bovina,2025,Federal/ES,35.9,kg,unidade_declarada,"Carne Bovina In Natura CARNE BOVINA IN NATURA, TIPO CORTE: PALETA (PÁ) , APRESENTAÇÃO: CORTADA EM TIRAS , ESTADO DE CONS"
federal,carne_bovina,2025,Federal/ES,36.8,kg,heuristica,"Carne Bovina In Natura tipo corte: paleta (pá), apresentação: cortada em tiras, estado de conservação: congelado(a) Carn"
federal,frango,2025,Federal/ES,5.8,kg,heuristica,"Animal Vivo espécie: ave, idade: 1, características adicionais: pinto para corte, aplicação: pesquisa Pintinho de 01 dia"
federal,ar_condicionado,2025,Federal/ES,1750.0,unidade,unitario,"Aparelho Ar Condicionado APARELHO AR CONDICIONADO, CAPACIDADE REFRIGERAÇÃO 9.000 BTU, TENSÃO 220 V,TIPO SPLIT HI WALL, C"
federal,farinha_trigo,2025,Federal/ES,5.75,kg,heuristica,"Macarrão MACARRÃO, TEOR DE UMIDADE: MASSA SECA , BASE DA MASSA: DE FARINHA DE TRIGO , INGREDIENTES ADICIONAIS: COM OVOS "
federal,farinha_trigo,2025,Federal/ES,3.29,kg,heuristica,"Macarrão MACARRÃO, TEOR DE UMIDADE: MASSA SECA , BASE DA MASSA: DE FARINHA DE TRIGO , INGREDIENTES ADICIONAIS: COM OVOS "
federal,farinha_trigo,2025,Federal/ES,4.49,kg,heuristica,"Macarrão teor de umidade: massa seca, base da massa: de farinha de trigo, ingredientes adicionais: com ovos, apresentaçã"
federal,farinha_trigo,2025,Federal/ES,3.35,kg,heuristica,"Macarrão MACARRÃO, TEOR DE UMIDADE: MASSA SECA , BASE DA MASSA: DE FARINHA DE TRIGO , INGREDIENTES ADICIONAIS: COM OVOS "
federal,farinha_trigo,2025,Federal/ES,5.93,kg,heuristica,"Macarrão MACARRÃO, TEOR DE UMIDADE: MASSA SECA , BASE DA MASSA: DE FARINHA DE TRIGO , INGREDIENTES ADICIONAIS: COM OVOS "
federal,farinha_trigo,2025,Federal/ES,17.89,kg,unidade_declarada,"Macarrão MACARRÃO, TEOR DE UMIDADE MASSA INSTANTÂNEA, BASE DA MASSA DE FARINHA DE TRIGO, INGREDIENTES ADICIONAIS COM SAB"
federal,toner,2025,Federal/ES,629.3,unidade,unitario,"Cartucho Toner Impressora Canon CARTUCHO TONER IMPRESSORA CANON, REFÊRENCIA CARTUCHO 8066B001AA, TIPO CARTUCHOORIGINAL, "
federal,toner,2025,Federal/ES,929.0,unidade,unitario,"Cartucho Toner Impressora Canon CARTUCHO TONER IMPRESSORA CANON, REFÊRENCIA CARTUCHO 8067B001AA, TIPO CARTUCHOORIGINAL, "
federal,toner,2025,Federal/ES,929.0,unidade,unitario,"Cartucho Toner Impressora Canon CARTUCHO TONER IMPRESSORA CANON, REFÊRENCIA CARTUCHO 8069B001AA, TIPO CARTUCHOORIGINAL, "
federal,ar_condicionado,2025,Federal/ES,3599.0,unidade,unitario,"Aparelho Ar Condicionado APARELHO AR CONDICIONADO, CAPACIDADE REFRIGERAÇÃO 18.000 BTU, TENSÃO 220 V,MODELO JANELA, CARAC"
federal,chuchu,2025,Federal/ES,3.29,kg,unidade_declarada,"Legume in natura LEGUME IN NATURA, TIPO: CHUCHU VERDE "
federal,chuchu,2025,Federal/ES,4.03,kg,unidade_declarada,Legume In Natura tipo: chuchu verde Legume In Natura tipo: chuchu verde
federal,chuchu,2025,Federal/ES,4.43,kg,unidade_declarada,"Legume in natura LEGUME IN NATURA, TIPO: CHUCHU VERDE "
federal,chuchu,2025,Federal/ES,1.05,kg,unidade_declarada,"Legume in natura LEGUME IN NATURA, TIPO CHUCHU VERDE"
federal,chuchu,2024,Federal/ES,3.97,kg,unidade_declarada,"Legume In Natura LEGUME IN NATURA, TIPO CHUCHU VERDE"
federal,chuchu,2025,Federal/ES,2.0,kg,unidade_declarada,"Legume in natura LEGUME IN NATURA, TIPO CHUCHU VERDE"
federal,chuchu,2024,Federal/ES,4.2,kg,unidade_declarada,"Legume In Natura LEGUME IN NATURA, TIPO CHUCHU VERDE"
federal,chuchu,2025,Federal/ES,4.48,kg,unidade_declarada,"Legume In Natura LEGUME IN NATURA, TIPO CHUCHU VERDE"
federal,chuchu,2025,Federal/ES,2.11,kg,unidade_declarada,"Legume in natura LEGUME IN NATURA, TIPO CHUCHU VERDE"
federal,chuchu,2024,Federal/ES,2.9,kg,unidade_declarada,"Legume In Natura LEGUME IN NATURA, TIPO CHUCHU VERDE"
federal,chuchu,2025,Federal/ES,4.12,kg,unidade_declarada,"Legume In Natura LEGUME IN NATURA, TIPO CHUCHU VERDE"
federal,chuchu,2025,Federal/ES,4.03,kg,unidade_declarada,"Legume In Natura LEGUME IN NATURA, TIPO CHUCHU VERDE"
federal,chuchu,2025,Federal/ES,2.75,kg,unidade_declarada,Legume In Natura tipo: chuchu verde Legume In Natura tipo: chuchu verde
federal,chuchu,2025,Federal/ES,2.1,kg,unidade_declarada,"Legume in natura LEGUME IN NATURA, TIPO CHUCHU VERDE"
federal,chuchu,2024,Federal/ES,2.9,kg,unidade_declarada,"Legume In Natura LEGUME IN NATURA, TIPO CHUCHU VERDE"
federal,chuchu,2024,Federal/ES,4.2,kg,unidade_declarada,"Legume In Natura LEGUME IN NATURA, TIPO CHUCHU VERDE"
federal,chuchu,2024,Federal/ES,3.97,kg,unidade_declarada,"Legume In Natura LEGUME IN NATURA, TIPO CHUCHU VERDE"
federal,chuchu,2025,Federal/ES,2.97,kg,unidade_declarada,"Legume in natura LEGUME IN NATURA, TIPO CHUCHU VERDE"
federal,banana,2025,Federal/ES,1.7,kg,unidade_declarada,"Fruta FRUTA, TIPO BANANA NANICA/ BANANA D'ÁGUA, APRESENTAÇÃO NATURAL"
federal,banana,2025,Federal/ES,4.97,kg,unidade_declarada,"Fruta FRUTA, TIPO BANANA NANICA/ BANANA D'ÁGUA, APRESENTAÇÃO NATURAL"
federal,banana,2024,Federal/ES,4.0,kg,unidade_declarada,"Fruta FRUTA, TIPO BANANA NANICA/ BANANA D'ÁGUA, APRESENTAÇÃO NATURAL"
federal,banana,2025,Federal/ES,6.09,kg,unidade_declarada,"Fruta FRUTA, TIPO BANANA NANICA/ BANANA D'ÁGUA, APRESENTAÇÃO NATURAL"
federal,banana,2025,Federal/ES,2.88,kg,unidade_declarada,"Fruta FRUTA, TIPO BANANA NANICA/ BANANA D'ÁGUA, APRESENTAÇÃO NATURAL"
federal,banana,2025,Federal/ES,4.97,kg,unidade_declarada,"Fruta FRUTA, TIPO BANANA NANICA/ BANANA D'ÁGUA, APRESENTAÇÃO NATURAL"
federal,banana,2024,Federal/ES,5.25,kg,unidade_declarada,"Fruta FRUTA, TIPO BANANA NANICA/ BANANA D'ÁGUA, APRESENTAÇÃO NATURAL"
federal,banana,2025,Federal/ES,5.5,kg,unidade_declarada,"Fruta tipo: banana nanica / banana d'água, apresentação: natural Fruta tipo: banana nanica / banana d'água, apresentação"
federal,banana,2024,Federal/ES,4.0,kg,unidade_declarada,"Fruta FRUTA, TIPO BANANA NANICA/ BANANA D'ÁGUA, APRESENTAÇÃO NATURAL"
federal,banana,2024,Federal/ES,5.25,kg,unidade_declarada,"Fruta FRUTA, TIPO BANANA NANICA/ BANANA D'ÁGUA, APRESENTAÇÃO NATURAL"
federal,banana,2025,Federal/ES,2.08,kg,unidade_declarada,"Fruta FRUTA, TIPO BANANA NANICA/ BANANA D'ÁGUA, APRESENTAÇÃO NATURAL"
federal,cadeira,2025,Federal/ES,1147.0,unidade,unitario,"Cadeira fixa CADEIRA FIXA, MATERIAL ASSENTO POLIPROPILENO INJETADO, MATERIAL ENCOSTOPOLIPROPILENO INJETADO, MATERIAL REV"
federal,cadeira,2025,Federal/ES,1152.02,unidade,unitario,"Cadeira fixa CADEIRA FIXA, MATERIAL ASSENTO: POLIPROPILENO INJETADO , MATERIAL ENCOSTO: POLIPROPILENO INJETADO , MATERIA"
federal,cadeira,2025,Federal/ES,1152.02,unidade,unitario,"Cadeira fixa CADEIRA FIXA, MATERIAL ASSENTO: POLIPROPILENO INJETADO , MATERIAL ENCOSTO: POLIPROPILENO INJETADO , MATERIA"
federal,farinha_trigo,2025,Federal/ES,6.79,kg,heuristica,"Torrada tipo: de pão de forma, base da massa: farinha de trigo integral, enriquecida, ingredientes adicionais: salgada T"
federal,lampada_led,2025,Federal/ES,6.23,unidade,unitario,"Lâmpada Led LÂMPADA LED, TENSÃO NOMINAL BIVOLT, POTÊNCIA NOMINAL 18 W, TIPO BASE E-27,FLUXO LUMINOSO 490-700 LM, TIPO BU"
federal,envelope,2025,Federal/ES,0.36,unidade,unitario,"Envelope ENVELOPE, MATERIAL: RECICLADO , MODELO: OFÍCIO , TAMANHO (C X L): 115 X 230 MM, COR: BRANCO , GRAMATURA: 90 G/M"
federal,envelope,2025,Federal/ES,0.34,unidade,unitario,"Envelope ENVELOPE, MATERIAL RECICLADO, MODELO OFÍCIO, TAMANHO (C X L) 115 X 230 MM, CORBRANCO, GRAMATURA 90 G/M2"
federal,envelope,2025,Federal/ES,0.59,unidade,unitario,"Envelope ENVELOPE, MATERIAL OFFSET, MODELO SACO PADRÃO, TAMANHO (C X L) 250 X 176 MM,COR BRANCO, GRAMATURA 90 G/M2"
federal,envelope,2025,Federal/ES,0.95,unidade,unitario,"Envelope ENVELOPE, MATERIAL: OFFSET , MODELO: SACO PADRÃO , TAMANHO (C X L): 250 X 176 MM, COR: BRANCO , GRAMATURA: 90 G"
federal,disjuntor,2025,Federal/ES,8.09,unidade,unitario,"Disjuntor Baixa Tensão DISJUNTOR BAIXA TENSÃO, FUNCIONAMENTO TERMOMAGNÉTICO, TENSÃO MÁXIMA OPERAÇÃO127/220 V, CORRENTE N"
federal,carne_bovina,2025,Federal/ES,33.3333,kg,descricao,"Salgados Diversos SALGADOS DIVERSOS, TIPO: HAMBURGUER DE CARNE BOVINA , TAMANHO: PADRÃO , APLICAÇÃO: ALIMENTAÇÃO , SABOR"
federal,esponja,2025,Federal/ES,1.98,unidade,unitario,"Esponja Limpeza aplicação: serviço pesado, formato: circular, material: filamento de aço inox Esponja de aço - Limpeza E"
federal,pendrive,2025,Federal/ES,58.17,unidade,unitario,"Memória Portátil Microcomputador capacidade memória: 128, interface: usb, tipo: pen drive Memória Portátil Microcomputad"
federal,cola_branca,2025,Federal/ES,6.89,unidade,unitario,"Cola aplicação: ideal para uso escolar e artesanal, podendo ser ut, apresentação: 120g, composição: adesivo a base d'águ"
federal,papel_a4,2025,Federal/ES,38.45,resma,unitario,"Papel Correspondência tipo papel: papel sulfite, gramatura: 75, cor: extrabranca, comprimento: 297, largura: 210 Papel C"
federal,biscoito,2025,Federal/ES,13.375,kg,heuristica,"Biscoito apresentação: quadrado, tipo: cream cracker, classificação: salgado Biscoito apresentação: quadrado, tipo: crea"
federal,suco,2025,Federal/ES,23.9,litro,heuristica,"Jarra material: vidro, capacidade: 1,50, modelo: com alça sem tampa, cor: transparent incolor, aplicação: água/suco Jarr"
federal,papel_toalha,2025,Federal/ES,3.2,rolo,unitario,"Toalha De Papel TOALHA DE PAPEL, MATERIAL PAPEL, TIPO FOLHA DUPLA PICOTADA, QUANTIDADE TOALHA60 UN, COMPRIMENTO 22 CM, L"
federal,acucar,2025,Federal/ES,2.05,kg,heuristica,"Biscoito BISCOITO, APRESENTAÇÃO RETANGULAR, SABOR MORANGO, CLASSIFICAÇÃO DOCE,CARACTERÍSTICAS ADICIONAIS COM RECHEIO, TI"
federal,acucar,2025,Federal/ES,2.04,kg,heuristica,"Biscoito BISCOITO, APRESENTAÇÃO RETANGULAR, SABOR CHOCOLATE, CLASSIFICAÇÃO DOCE,CARACTERÍSTICAS ADICIONAIS COM RECHEIO, "
federal,disjuntor,2024,Federal/ES,19.47,unidade,unitario,"Disjuntor baixa tensão DISJUNTOR BAIXA TENSÃO, FUNCIONAMENTO TERMOMAGNÉTICO, MODELO CAIXA MOLDADA,NÚMERO PÓLOS 2, TENSÃO"
federal,ciprofloxacino,2024,Federal/ES,0.26,unidade,unitario,"Ciprofloxacino cloridrato CIPROFLOXACINO CLORIDRATO, DOSAGEM 500 MG"
federal,ciprofloxacino,2025,Federal/ES,0.1933,unidade,unitario,"Ciprofloxacino cloridrato CIPROFLOXACINO CLORIDRATO, DOSAGEM 500 MG"
federal,metronidazol,2025,Federal/ES,0.1725,unidade,unitario,"Metronidazol METRONIDAZOL, DOSAGEM 250 MG"
federal,metronidazol,2024,Federal/ES,0.39,unidade,unitario,"Metronidazol METRONIDAZOL, DOSAGEM 400 MG"
federal,dexametasona,2025,Federal/ES,1.5,unidade,unitario,Dexametasona dosagem: 4 Dexametasona dosagem: 4
federal,dexametasona,2024,Federal/ES,0.38,unidade,unitario,"Dexametasona DEXAMETASONA, DOSAGEM 4 MG"
federal,caneta_esferografica,2025,Federal/ES,0.55,unidade,unitario,"Caneta esferográfica CANETA ESFEROGRÁFICA, MATERIAL PLÁSTICO, QUANTIDADE CARGAS 1 UN, MATERIALPONTA LATÃO COM ESFERA DE "
federal,caneta_esferografica,2025,Federal/ES,0.55,unidade,unitario,"Caneta esferográfica CANETA ESFEROGRÁFICA, MATERIAL PLÁSTICO, QUANTIDADE CARGAS 1 UN, MATERIALPONTA LATÃO COM ESFERA DE "
federal,loratadina,2024,Federal/ES,0.08,unidade,unitario,"Loratadina LORATADINA, CONCENTRAÇÃO 10MG"
federal,loratadina,2025,Federal/ES,0.1,unidade,unitario,"Loratadina LORATADINA, CONCENTRAÇÃO 10MG"
federal,vassoura,2025,Federal/ES,24.3,unidade,unitario,"Vassoura VASSOURA, MATERIAL CERDAS PIAÇAVA, MATERIAL CABO MADEIRA, MATERIAL CEPAMADEIRA CAPA FOLHA FLANGE, COMPRIMENTO C"
federal,vassoura,2025,Federal/ES,17.95,unidade,unitario,"Vassoura VASSOURA, MATERIAL CERDAS PIAÇAVA, MATERIAL CABO MADEIRA, MATERIAL CEPAMADEIRA, COMPRIMENTO CEPA 40 CM, COMPRIM"
federal,vassoura,2025,Federal/ES,19.2,unidade,unitario,"Vassoura VASSOURA, MATERIAL CERDAS: PIAÇAVA , MATERIAL CABO: MADEIRA , MATERIAL CEPA: MADEIRA , COMPRIMENTO CEPA: 40 CM,"
federal,tubo_pvc,2025,Federal/ES,88.7,metro,unitario,"Tubo Pvc Soldável TUBO PVC SOLDÁVEL, APLICAÇÃO IRRIGAÇÃO, COR AZUL, DIÂMETRO NOMINAL 75 MM,COMPRIMENTO 6 M, ESPESSURA PA"
federal,pneu,2025,Federal/ES,138.49,unidade,unitario,"Pneu Carrinho Mão PNEU CARRINHO MÃO, MATERIAL: BORRACHA , TAMANHO: 250 X 8 , CARACTERÍSTICAS ADICIONAIS: COM CÂMARA E RO"
federal,disjuntor,2024,Federal/ES,17.9,unidade,unitario,"Disjuntor baixa tensão DISJUNTOR BAIXA TENSÃO, FUNCIONAMENTO TERMOMAGNÉTICO, NÚMERO PÓLOS 2, TENSÃOMÁXIMA OPERAÇÃO 220 A"
federal,disjuntor,2024,Federal/ES,17.9,unidade,unitario,"Disjuntor baixa tensão DISJUNTOR BAIXA TENSÃO, FUNCIONAMENTO TERMOMAGNÉTICO, NÚMERO PÓLOS 2, CORRENTENOMINAL 20 A"
federal,pneu,2025,Federal/ES,251.0,unidade,unitario,"Pneu veículo automotivo PNEU VEÍCULO AUTOMOTIVO, MATERIAL CARCAÇA LONA NÁILON, MATERIAL BANDA RODAGEMBORRACHA ALTA RESIS"
federal,acucar,2025,Federal/ES,9.49,kg,heuristica,"Refrigerante material: água gasosa/xarope, sabor: cola, características adicionais: sem açucar Refrigerante material: ág"
federal,acucar,2025,Federal/ES,3.8,kg,heuristica,"Refrigerante REFRIGERANTE, MATERIAL ÁGUA GASOSA/XAROPE, SABOR COLA, CARACTERÍSTICASADICIONAIS SEM AÇUCAR"
federal,requeijao,2025,Federal/ES,25.0,kg,descricao,"Requeijão REQUEIJÃO, INGREDIENTES CREME DE LEITE, TIPO CREMOSO, CONSERVAÇÃO 1 A 10 °C,PESO 250 G"
federal,requeijao,2025,Federal/ES,25.0,kg,descricao,"Requeijão REQUEIJÃO, INGREDIENTES CREME DE LEITE, TIPO CREMOSO, CONSERVAÇÃO 1 A 10 °C,PESO 250 G"
federal,bebedouro,2025,Federal/ES,591.0,unidade,unitario,"Bebedouro Água capacidade água: 2, características adicionais: 1 torneira água gelada, 1 torneira água natural, material"
federal,pincel_quadro,2025,Federal/ES,3.0,unidade,unitario,"Pincel Atômico PINCEL ATÔMICO, MATERIAL PLÁSTICO, TIPO PONTA FELTRO, TIPO CARGA RECARREGÁVEL,COR TINTA PRETA, CARACTERÍS"
federal,dexametasona,2025,Federal/ES,6.0,unidade,unitario,"DEXAMETASONA COMPOSIÇÃO: ACETATO, ASSOCIADA À NEOMICINA SULFATO, CONCENTRAÇAO: 1 MG + 5, FORMA FARMACEUTICA: CREME DEXAM"
federal,suco,2025,Federal/ES,36.0,litro,descricao,"Copo Descartável COPO DESCARTÁVEL, MATERIAL PLÁSTICO, CAPACIDADE 50 ML, APLICAÇÃO ÁGUA/SUCO EREFRIGERENTE, CARACTERÍSTIC"
federal,disjuntor,2024,Federal/ES,26.99,unidade,unitario,"Disjuntor baixa tensão DISJUNTOR BAIXA TENSÃO, FUNCIONAMENTO TERMOMAGNÉTICO, NÚMERO PÓLOS 3, CORRENTENOMINAL 63 A, TENSÃ"
federal,torneira,2025,Federal/ES,49.77,unidade,unitario,"Bureta BURETA, MATERIAL: VIDRO , GRADUAÇÃO: GRADUADA , VOLUME: 10 ML, ESCALA: GRADUAÇÃO MÁXIMA 0,1 EM 0,1 ML, NUMERADA ,"
federal,torneira,2025,Federal/ES,59.6,unidade,unitario,"Bureta BURETA, MATERIAL: VIDRO , GRADUAÇÃO: GRADUADA , VOLUME: 50 ML, ESCALA: GRADUAÇÃO MÁXIMA 0,1 EM 0,1 ML, NUMERADA ,"
federal,torneira,2025,Federal/ES,59.99,unidade,unitario,"Bureta BURETA, MATERIAL VIDRO, GRADUAÇÃO GRADUADA, VOLUME 50 ML, ESCALA GRADUAÇÃOMÁXIMA 0,1 EM 0,1 ML, NUMERADA, ACESSÓR"
federal,caneta_esferografica,2025,Federal/ES,0.6,unidade,unitario,"Caneta Esferográfica CANETA ESFEROGRÁFICA, MATERIAL PLÁSTICO RECICLADO, MATERIAL PONTA ESFERA DETUNGSTÊNIO, TIPO ESCRITA"
federal,desinfetante,2025,Federal/ES,3.5,litro,unidade_declarada,"Desinfetante DESINFETANTE, COMPOSIÇÃO À BASE DE QUATERNÁRIO DE AMÔNIO, FORMA FÍSICA SOLUÇÃOAQUOSA CONCENTRADA, CARACTERÍ"
federal,alcool,2025,Federal/ES,5.87,litro,unidade_declarada,"Álcool etílico limpeza de ambientes ÁLCOOL ETÍLICO LIMPEZA DE AMBIENTES, TIPO: HIDRATADO , APLICAÇÃO: PRODUTO LIMPEZA DO"
federal,toner,2025,Federal/ES,68.03,unidade,unitario,"Cartucho Toner Impressora Hp CARTUCHO TONER IMPRESSORA HP, TIPO CARTUCHO: COMPATÍVEL , COR: PRETA , REFERÊNCIA CARTUCHO "
federal,lampada_led,2024,Federal/ES,7.08,unidade,unitario,"Lâmpada led LÂMPADA LED, TENSÃO NOMINAL BIVOLT V, POTÊNCIA NOMINAL 18 W, TIPO BASE G13,TIPO BULBO T8, FORMATO TUBULAR T8"
federal,lampada_led,2025,Federal/ES,4.62,unidade,unitario,"Lâmpada Led LÂMPADA LED, TENSÃO NOMINAL BIVOLT V, POTÊNCIA NOMINAL 18 W, TIPO BASE G13,TIPO BULBO T8, FORMATO TUBULAR T8"
federal,lampada_led,2025,Federal/ES,6.47,unidade,unitario,"Lâmpada Led LÂMPADA LED, TENSÃO NOMINAL BIVOLT V, POTÊNCIA NOMINAL 18 W, TIPO BASE G13,TIPO BULBO T8, FORMATO TUBULAR T8"
federal,lampada_led,2025,Federal/ES,13.49,unidade,unitario,"Lâmpada led LÂMPADA LED, TENSÃO NOMINAL BIVOLT V, POTÊNCIA NOMINAL 10 W, TIPO BASE G13,TIPO BULBO T8, FORMATO TUBULAR T8"
federal,seringa,2025,Federal/ES,0.36,unidade,unitario,"Seringa SERINGA, MATERIAL: POLIPROPILENO , CAPACIDADE: 5 ML, TIPO BICO: BICO CENTRAL LUER LOCK OU SLIP , TIPO VEDAÇÃO: Ê"
federal,agulha_descartavel,2025,Federal/ES,0.08,unidade,unitario,"Agulha hipodérmica AGULHA HIPODÉRMICA, MATERIAL: AÇO INOXIDÁVEL SILICONIZADO , DIMENSÃO: 21 G X 1 1/4"" , TIPO PONTA: BIS"
federal,torneira,2024,Federal/ES,67.99,unidade,unitario,"Torneira TORNEIRA, MATERIAL CORPO METAL CROMADO, TIPO GIRATÓRIA COM ALAVANCA, DIÂMETRO1/2 POL, ACABAMENTO SUPERFICIAL CR"
federal,alcool,2025,Federal/ES,21.68,litro,unidade_declarada,"Álcool Etílico ÁLCOOL ETÍLICO, ASPECTO FÍSICO: LÍQUIDO , FÓRMULA QUÍMICA: C2H6O , PESO MOLECULAR: 46,07 G/MOL, GRAU DE P"
federal,alcool,2025,Federal/ES,10.0,litro,unidade_declarada,"Álcool etílico ÁLCOOL ETÍLICO, ASPECTO FÍSICO LÍQUIDO, FÓRMULA QUÍMICA C2H6O, PESO MOLECULAR46,07 G/MOL, GRAU DE PUREZA "
federal,leite_po,2025,Federal/ES,29.59,kg,unidade_declarada,"Leite em pó LEITE EM PÓ, ORIGEM DE VACA, TEOR GORDURA INTEGRAL, SOLUBILIDADE INSTANTÂNEO"
federal,leite_po,2025,Federal/ES,32.0,kg,unidade_declarada,"Leite em pó LEITE EM PÓ, ORIGEM DE VACA, TEOR GORDURA INTEGRAL, SOLUBILIDADE INSTANTÂNEO"
federal,leite_po,2025,Federal/ES,30.5,kg,unidade_declarada,"Leite em pó LEITE EM PÓ, ORIGEM DE VACA, TEOR GORDURA INTEGRAL, SOLUBILIDADE INSTANTÂNEO"
federal,leite_po,2025,Federal/ES,43.75,kg,heuristica,"Leite Em Pó origem: de vaca, teor gordura: integral, solubilidade: instantâneo Leite Em Pó origem: de vaca, teor gordura"
federal,leite_po,2025,Federal/ES,44.975,kg,heuristica,"Leite Em Pó origem: de vaca, teor gordura: integral, solubilidade: instantâneo Leite Em Pó origem: de vaca, teor gordura"
federal,leite_po,2025,Federal/ES,40.82,kg,unidade_declarada,"Leite em pó LEITE EM PÓ, ORIGEM: DE VACA , TEOR GORDURA: INTEGRAL , SOLUBILIDADE: INSTANTÂNEO "
federal,leite_po,2025,Federal/ES,38.98,kg,unidade_declarada,"Leite em pó LEITE EM PÓ, ORIGEM DE VACA, TEOR GORDURA INTEGRAL, SOLUBILIDADE INSTANTÂNEO"
federal,carne_suina,2025,Federal/ES,19.95,kg,unidade_declarada,"Carne suína in natura CARNE SUÍNA IN NATURA, TIPO CORTE CARRÉ (BISTECA), APRESENTAÇÃO FATIADA,PROCESSAMENTO COM OSSO, ES"
federal,carne_suina,2025,Federal/ES,19.95,kg,unidade_declarada,"Carne suína in natura CARNE SUÍNA IN NATURA, TIPO CORTE CARRÉ (BISTECA), APRESENTAÇÃO FATIADA,PROCESSAMENTO COM OSSO, ES"
federal,carne_suina,2025,Federal/ES,21.5,kg,unidade_declarada,"Carne suína in natura CARNE SUÍNA IN NATURA, TIPO CORTE PERNIL, APRESENTAÇÃO PEÇA INTEIRA,PROCESSAMENTO SEM OSSO, SEM PE"
federal,carne_suina,2025,Federal/ES,21.5,kg,unidade_declarada,"Carne suína in natura CARNE SUÍNA IN NATURA, TIPO CORTE PERNIL, APRESENTAÇÃO PEÇA INTEIRA,PROCESSAMENTO SEM OSSO, SEM PE"
federal,carne_suina,2025,Federal/ES,20.99,kg,unidade_declarada,"Carne suína in natura CARNE SUÍNA IN NATURA, TIPO CORTE PERNIL, APRESENTAÇÃO PEÇA INTEIRA,PROCESSAMENTO SEM OSSO, SEM PE"
federal,carne_suina,2025,Federal/ES,20.99,kg,unidade_declarada,"Carne suína in natura CARNE SUÍNA IN NATURA, TIPO CORTE PERNIL, APRESENTAÇÃO PEÇA INTEIRA,PROCESSAMENTO SEM OSSO, SEM PE"
federal,carne_suina,2025,Federal/ES,18.99,kg,unidade_declarada,"Carne suína in natura CARNE SUÍNA IN NATURA, TIPO CORTE PERNIL, APRESENTAÇÃO PEÇA INTEIRA,PROCESSAMENTO SEM OSSO, SEM PE"
federal,carne_suina,2025,Federal/ES,22.1,kg,unidade_declarada,"Carne suína in natura CARNE SUÍNA IN NATURA, TIPO CORTE PERNIL, APRESENTAÇÃO PEÇA INTEIRA,PROCESSAMENTO SEM OSSO, SEM PE"
federal,carne_suina,2025,Federal/ES,23.45,kg,unidade_declarada,"Carne Suína In Natura tipo corte: pernil, apresentação: peça inteira, processamento: sem osso, sem pele, estado de conse"
federal,carne_suina,2025,Federal/ES,20.25,kg,unidade_declarada,"Carne Suína In Natura CARNE SUÍNA IN NATURA, TIPO CORTE: PERNIL , APRESENTAÇÃO: PEÇA INTEIRA , PROCESSAMENTO: SEM OSSO, "
federal,carne_suina,2025,Federal/ES,23.45,kg,unidade_declarada,"Carne Suína In Natura CARNE SUÍNA IN NATURA, TIPO CORTE: PERNIL , APRESENTAÇÃO: PEÇA INTEIRA , PROCESSAMENTO: SEM OSSO, "
federal,carne_suina,2025,Federal/ES,27.89,kg,unidade_declarada,"Carne suína in natura CARNE SUÍNA IN NATURA, TIPO CORTE: PERNIL , APRESENTAÇÃO: PEÇA INTEIRA , PROCESSAMENTO: SEM OSSO, "
federal,frango,2025,Federal/ES,12.4,kg,unidade_declarada,"Carne De Ave In Natura tipo animal: frango, tipo corte: coxa, apresentação: inteiro, estado de conservação: congelado(a)"
federal,frango,2025,Federal/ES,29.93,kg,unidade_declarada,"Carne processada CARNE PROCESSADA, VARIEDADE: MINI STEAK , TIPO: FRANGO , SABOR: TEMPERADO , TIPO PREPARAÇÃO: PRÉ COZIDO"
federal,frango,2025,Federal/ES,18.5,kg,unidade_declarada,"Carne processada CARNE PROCESSADA, VARIEDADE MINI STEAK, TIPO FRANGO, SABOR TEMPERADO, TIPOPREPARAÇÃO PRÉ COZIDO, EMPANA"
federal,prednisolona,2025,Federal/ES,5.55,unidade,unitario,"Prednisolona PREDNISOLONA, COMPOSIÇÃO FOSFATO SÓDICO, CONCENTRAÇÃO 3 MG/ML, FORMAFARMACEUTICA SOLUÇÃO ORAL"
federal,prednisolona,2025,Federal/ES,5.0,unidade,unitario,"Prednisolona PREDNISOLONA, COMPOSIÇÃO FOSFATO SÓDICO, CONCENTRAÇÃO 3 MG/ML, FORMAFARMACEUTICA SOLUÇÃO ORAL"
federal,biscoito,2025,Federal/ES,40.3333,kg,descricao,"Biscoito BISCOITO, SABOR DOCE DE LEITE, CARACTERÍSTICAS ADICIONAIS 60 G, COM COBERTURADE CHOCOLATE BRANCO, TIPO ALFAJOR"
federal,macarrao,2025,Federal/ES,5.88,kg,heuristica,"Macarrão MACARRÃO, TEOR DE UMIDADE MASSA SECA, BASE DA MASSA DE SÊMOLA/SEMOLINA,INGREDIENTES ADICIONAIS COM OVOS, APRESE"
federal,farinha_trigo,2025,Federal/ES,11.18,kg,heuristica,"Macarrão MACARRÃO, TEOR DE UMIDADE: MASSA SECA , BASE DA MASSA: DE FARINHA DE TRIGO , INGREDIENTES ADICIONAIS: COM OVOS "
federal,farinha_trigo,2025,Federal/ES,9.38,kg,heuristica,"Macarrão MACARRÃO, TEOR DE UMIDADE: MASSA SECA , BASE DA MASSA: DE FARINHA DE TRIGO , INGREDIENTES ADICIONAIS: COM OVOS "
federal,farinha_trigo,2025,Federal/ES,2.94,kg,heuristica,"Macarrão MACARRÃO, TEOR DE UMIDADE MASSA SECA, BASE DA MASSA DE FARINHA DE TRIGO,APRESENTAÇÃO PARAFUSO"
federal,acucar,2025,Federal/ES,5.0,kg,heuristica,"Biscoito BISCOITO, SABOR CEREAIS DIVERSOS, CARACTERÍSTICAS ADICIONAIS SEM RECHEIO, TIPOCLUB SOCIAL, INGREDIENTES AÇÚCAR,"
federal,acucar,2025,Federal/ES,5.0,kg,heuristica,"Biscoito BISCOITO, SABOR CEREAIS DIVERSOS, CARACTERÍSTICAS ADICIONAIS SEM RECHEIO, TIPOCLUB SOCIAL, INGREDIENTES AÇÚCAR,"
federal,acucar,2025,Federal/ES,5.2,kg,heuristica,"Biscoito sabor: cereais diversos, tipo: club social, ingredientes: açúcar, farinha de trigo e fibra, características adi"
federal,acucar,2025,Federal/ES,5.24,kg,heuristica,"Biscoito sabor: cereais diversos, tipo: club social, ingredientes: açúcar, farinha de trigo e fibra, características adi"
federal,batata,2025,Federal/ES,2.44,kg,unidade_declarada,"Legume in natura LEGUME IN NATURA, TIPO BATATA DOCE"
federal,batata,2025,Federal/ES,6.17,kg,unidade_declarada,"Legume In Natura LEGUME IN NATURA, TIPO BATATA DOCE"
federal,batata,2025,Federal/ES,3.39,kg,unidade_declarada,"Legume in natura LEGUME IN NATURA, TIPO BATATA DOCE"
federal,batata,2024,Federal/ES,4.99,kg,unidade_declarada,"Legume In Natura LEGUME IN NATURA, TIPO BATATA DOCE"
federal,batata,2024,Federal/ES,4.99,kg,unidade_declarada,"Legume In Natura LEGUME IN NATURA, TIPO BATATA DOCE"
federal,batata,2025,Federal/ES,4.05,kg,unidade_declarada,"Legume in natura LEGUME IN NATURA, TIPO BATATA DOCE"
federal,batata,2024,Federal/ES,5.5,kg,unidade_declarada,"Legume In Natura LEGUME IN NATURA, TIPO BATATA DOCE"
federal,batata,2025,Federal/ES,5.87,kg,unidade_declarada,"Legume In Natura LEGUME IN NATURA, TIPO BATATA DOCE"
federal,batata,2025,Federal/ES,6.33,kg,unidade_declarada,"Legume In Natura LEGUME IN NATURA, TIPO BATATA DOCE"
federal,batata,2024,Federal/ES,5.5,kg,unidade_declarada,"Legume In Natura LEGUME IN NATURA, TIPO BATATA DOCE"
federal,batata,2024,Federal/ES,5.3,kg,unidade_declarada,"Legume In Natura LEGUME IN NATURA, TIPO BATATA DOCE"
federal,batata,2024,Federal/ES,5.3,kg,unidade_declarada,"Legume In Natura LEGUME IN NATURA, TIPO BATATA DOCE"
federal,batata,2025,Federal/ES,6.03,kg,unidade_declarada,Legume In Natura tipo: batata doce Legume In Natura tipo: batata doce
federal,batata,2025,Federal/ES,6.03,kg,unidade_declarada,Legume In Natura tipo: batata doce Legume In Natura tipo: batata doce
federal,batata,2025,Federal/ES,5.42,kg,unidade_declarada,"Legume in natura LEGUME IN NATURA, TIPO: BATATA DOCE "
federal,batata,2025,Federal/ES,6.03,kg,unidade_declarada,Legume In Natura tipo: batata doce Legume In Natura tipo: batata doce
federal,batata,2025,Federal/ES,4.1,kg,unidade_declarada,"Legume in natura LEGUME IN NATURA, TIPO BATATA DOCE"
federal,batata,2025,Federal/ES,2.0,kg,unidade_declarada,"Legume in natura LEGUME IN NATURA, TIPO BATATA DOCE"
federal,batata,2025,Federal/ES,6.03,kg,unidade_declarada,Legume In Natura tipo: batata doce Legume In Natura tipo: batata doce
federal,batata,2025,Federal/ES,1.99,kg,unidade_declarada,"Legume in natura LEGUME IN NATURA, TIPO BATATA INGLESA"
federal,batata,2025,Federal/ES,7.58,kg,unidade_declarada,"Legume In Natura LEGUME IN NATURA, TIPO BATATA INGLESA"
federal,batata,2024,Federal/ES,8.55,kg,unidade_declarada,"Legume In Natura LEGUME IN NATURA, TIPO BATATA INGLESA"
federal,batata,2025,Federal/ES,5.0,kg,unidade_declarada,Legume In Natura tipo: batata inglesa Legume In Natura tipo: batata inglesa
federal,batata,2024,Federal/ES,6.97,kg,unidade_declarada,"Legume In Natura LEGUME IN NATURA, TIPO BATATA INGLESA"
federal,batata,2024,Federal/ES,5.8,kg,unidade_declarada,"Legume In Natura LEGUME IN NATURA, TIPO BATATA INGLESA"
federal,batata,2025,Federal/ES,3.49,kg,unidade_declarada,"Legume in natura LEGUME IN NATURA, TIPO BATATA INGLESA"
federal,batata,2024,Federal/ES,5.8,kg,unidade_declarada,"Legume In Natura LEGUME IN NATURA, TIPO BATATA INGLESA"
federal,batata,2025,Federal/ES,7.48,kg,unidade_declarada,"Legume In Natura LEGUME IN NATURA, TIPO BATATA INGLESA"
federal,batata,2025,Federal/ES,2.7,kg,unidade_declarada,"Legume in natura LEGUME IN NATURA, TIPO BATATA INGLESA"
federal,batata,2025,Federal/ES,7.8,kg,unidade_declarada,"Legume In Natura LEGUME IN NATURA, TIPO BATATA INGLESA"
federal,batata,2025,Federal/ES,5.75,kg,unidade_declarada,Legume In Natura tipo: batata inglesa Legume In Natura tipo: batata inglesa
federal,batata,2024,Federal/ES,6.97,kg,unidade_declarada,"Legume In Natura LEGUME IN NATURA, TIPO BATATA INGLESA"
federal,batata,2025,Federal/ES,4.71,kg,unidade_declarada,"Legume in natura LEGUME IN NATURA, TIPO BATATA INGLESA"
federal,batata,2024,Federal/ES,8.55,kg,unidade_declarada,"Legume In Natura LEGUME IN NATURA, TIPO BATATA INGLESA"
federal,batata,2025,Federal/ES,8.53,kg,unidade_declarada,"Legume in natura LEGUME IN NATURA, TIPO: BATATA INGLESA "
federal,batata,2025,Federal/ES,2.2,kg,unidade_declarada,"Legume in natura LEGUME IN NATURA, TIPO BATATA INGLESA"
federal,batata,2025,Federal/ES,5.89,kg,unidade_declarada,"Legume in natura LEGUME IN NATURA, TIPO: BATATA INGLESA "
federal,cenoura,2025,Federal/ES,2.86,kg,unidade_declarada,"Legume in natura LEGUME IN NATURA, TIPO CENOURA"
federal,cenoura,2025,Federal/ES,4.5,kg,unidade_declarada,Legume In Natura tipo: cenoura Legume In Natura tipo: cenoura
federal,cenoura,2025,Federal/ES,5.0,kg,unidade_declarada,Legume In Natura tipo: cenoura Legume In Natura tipo: cenoura
federal,cenoura,2025,Federal/ES,3.49,kg,unidade_declarada,"Legume in natura LEGUME IN NATURA, TIPO CENOURA"
federal,cenoura,2025,Federal/ES,4.29,kg,unidade_declarada,"Legume in natura LEGUME IN NATURA, TIPO CENOURA"
federal,cenoura,2025,Federal/ES,2.8,kg,unidade_declarada,"Legume in natura LEGUME IN NATURA, TIPO CENOURA"
federal,cenoura,2024,Federal/ES,4.9,kg,unidade_declarada,"Legume In Natura LEGUME IN NATURA, TIPO CENOURA"
federal,cenoura,2024,Federal/ES,4.9,kg,unidade_declarada,"Legume In Natura LEGUME IN NATURA, TIPO CENOURA"
federal,cenoura,2025,Federal/ES,7.12,kg,unidade_declarada,"Legume In Natura LEGUME IN NATURA, TIPO CENOURA"
federal,cenoura,2025,Federal/ES,5.0,kg,unidade_declarada,Legume In Natura tipo: cenoura Legume In Natura tipo: cenoura
federal,cenoura,2025,Federal/ES,6.0,kg,unidade_declarada,Legume In Natura tipo: cenoura Legume In Natura tipo: cenoura
federal,cenoura,2024,Federal/ES,6.47,kg,unidade_declarada,"Legume In Natura LEGUME IN NATURA, TIPO CENOURA"
federal,cenoura,2025,Federal/ES,6.28,kg,unidade_declarada,"Legume In Natura LEGUME IN NATURA, TIPO CENOURA"
federal,cenoura,2024,Federal/ES,6.47,kg,unidade_declarada,"Legume In Natura LEGUME IN NATURA, TIPO CENOURA"
federal,cenoura,2025,Federal/ES,7.03,kg,unidade_declarada,"Legume In Natura LEGUME IN NATURA, TIPO CENOURA"
federal,cenoura,2025,Federal/ES,5.89,kg,unidade_declarada,"Legume in natura LEGUME IN NATURA, TIPO: CENOURA "
federal,cenoura,2025,Federal/ES,7.67,kg,unidade_declarada,Legume In Natura tipo: cenoura Legume In Natura tipo: cenoura
federal,cenoura,2025,Federal/ES,5.78,kg,unidade_declarada,Legume In Natura tipo: cenoura Legume In Natura tipo: cenoura
federal,cenoura,2025,Federal/ES,4.39,kg,unidade_declarada,"Legume in natura LEGUME IN NATURA, TIPO: CENOURA "
federal,cenoura,2025,Federal/ES,7.67,kg,unidade_declarada,Legume In Natura tipo: cenoura Legume In Natura tipo: cenoura
federal,cenoura,2025,Federal/ES,7.67,kg,unidade_declarada,Legume In Natura tipo: cenoura Legume In Natura tipo: cenoura
federal,cenoura,2025,Federal/ES,7.67,kg,unidade_declarada,Legume In Natura tipo: cenoura Legume In Natura tipo: cenoura
federal,pimentao,2025,Federal/ES,12.0,kg,unidade_declarada,"Legume In Natura LEGUME IN NATURA, TIPO PIMENTÃO AMARELO"
federal,pimentao,2025,Federal/ES,8.0,kg,unidade_declarada,"Legume In Natura LEGUME IN NATURA, TIPO PIMENTÃO AMARELO"
federal,pimentao,2025,Federal/ES,12.97,kg,unidade_declarada,"Legume In Natura LEGUME IN NATURA, TIPO: PIMENTÃO AMARELO "
federal,pimentao,2025,Federal/ES,10.4,kg,unidade_declarada,"Legume In Natura LEGUME IN NATURA, TIPO PIMENTÃO AMARELO"
federal,pimentao,2025,Federal/ES,16.73,kg,unidade_declarada,"Legume In Natura LEGUME IN NATURA, TIPO: PIMENTÃO AMARELO "
federal,pimentao,2025,Federal/ES,16.49,kg,unidade_declarada,"Legume In Natura LEGUME IN NATURA, TIPO: PIMENTÃO AMARELO "
federal,mamao,2025,Federal/ES,3.4,kg,unidade_declarada,"Fruta FRUTA, TIPO MAMÃO PAPAIA/ MAMÃO AMAZÔNIA, APRESENTAÇÃO NATURAL"
federal,mamao,2025,Federal/ES,5.0,kg,unidade_declarada,"Fruta tipo: mamão formosa, apresentação: natural Fruta tipo: mamão formosa, apresentação: natural"
federal,mamao,2025,Federal/ES,3.9,kg,unidade_declarada,"Fruta tipo: mamão formosa, apresentação: natural Fruta tipo: mamão formosa, apresentação: natural"
federal,mamao,2025,Federal/ES,5.89,kg,unidade_declarada,"Fruta FRUTA, TIPO MAMÃO FORMOSA, APRESENTAÇÃO NATURAL"
federal,mamao,2024,Federal/ES,5.5,kg,unidade_declarada,"Fruta FRUTA, TIPO MAMÃO FORMOSA, APRESENTAÇÃO NATURAL"
federal,mamao,2025,Federal/ES,6.87,kg,unidade_declarada,"Fruta FRUTA, TIPO MAMÃO FORMOSA, APRESENTAÇÃO NATURAL"
federal,mamao,2025,Federal/ES,4.34,kg,unidade_declarada,"Fruta FRUTA, TIPO: MAMÃO FORMOSA , APRESENTAÇÃO: NATURAL "
federal,mamao,2024,Federal/ES,6.15,kg,unidade_declarada,"Fruta FRUTA, TIPO MAMÃO FORMOSA, APRESENTAÇÃO NATURAL"
federal,mamao,2024,Federal/ES,5.5,kg,unidade_declarada,"Fruta FRUTA, TIPO MAMÃO FORMOSA, APRESENTAÇÃO NATURAL"
federal,mamao,2024,Federal/ES,6.15,kg,unidade_declarada,"Fruta FRUTA, TIPO MAMÃO FORMOSA, APRESENTAÇÃO NATURAL"
federal,mamao,2025,Federal/ES,7.67,kg,unidade_declarada,"Fruta tipo: mamão formosa, apresentação: natural Fruta tipo: mamão formosa, apresentação: natural"
federal,torrada,2025,Federal/ES,11.99,kg,heuristica,"Oleaginosa tipo: amendoim, apresentação: torrada, adicional: sem casca Oleaginosa tipo: amendoim, apresentação: torrada,"
federal,torrada,2025,Federal/ES,17.0,kg,unidade_declarada,"Oleaginosa tipo: amendoim, apresentação: torrada, adicional: sem casca Oleaginosa tipo: amendoim, apresentação: torrada,"
federal,feijao,2025,Federal/ES,5.38,kg,unidade_declarada,"Leguminosa LEGUMINOSA, VARIEDADE FEIJÃO CARIOCA, TIPO TIPO 1"
federal,feijao,2025,Federal/ES,5.61,kg,descricao,"Leguminosa tipo: tipo 1, variedade: feijão carioca FEIJÃO CARIOCA, TIPO 1, embalagem
com 1Kg. - Conforme Termo de Referê"
federal,feijao,2025,Federal/ES,5.1,kg,descricao,"Leguminosa tipo: tipo 1, variedade: feijão carioca FEIJÃO CARIOCA, TIPO 1, embalagem
com 1Kg. - Conforme Termo de Referê"
federal,feijao,2024,Federal/ES,8.0,kg,unidade_declarada,"Leguminosa LEGUMINOSA, VARIEDADE FEIJÃO CARIOCA, TIPO TIPO 1"
federal,feijao,2024,Federal/ES,8.0,kg,unidade_declarada,"Leguminosa LEGUMINOSA, VARIEDADE FEIJÃO CARIOCA, TIPO TIPO 1"
federal,feijao,2025,Federal/ES,8.86,kg,unidade_declarada,"Leguminosa LEGUMINOSA, VARIEDADE FEIJÃO CARIOCA, TIPO TIPO 1"
federal,feijao,2025,Federal/ES,9.83,kg,unidade_declarada,"Leguminosa LEGUMINOSA, VARIEDADE FEIJÃO CARIOCA, TIPO TIPO 1"
federal,feijao,2024,Federal/ES,8.0,kg,unidade_declarada,"Leguminosa LEGUMINOSA, VARIEDADE FEIJÃO CARIOCA, TIPO TIPO 1"
federal,feijao,2024,Federal/ES,8.0,kg,unidade_declarada,"Leguminosa LEGUMINOSA, VARIEDADE FEIJÃO CARIOCA, TIPO TIPO 1"
federal,feijao,2024,Federal/ES,8.0,kg,unidade_declarada,"Leguminosa LEGUMINOSA, VARIEDADE FEIJÃO CARIOCA, TIPO TIPO 1"
federal,feijao,2025,Federal/ES,9.02,kg,unidade_declarada,"Leguminosa LEGUMINOSA, VARIEDADE FEIJÃO CARIOCA, TIPO TIPO 1"
federal,feijao,2024,Federal/ES,8.0,kg,unidade_declarada,"Leguminosa LEGUMINOSA, VARIEDADE FEIJÃO CARIOCA, TIPO TIPO 1"
federal,feijao,2025,Federal/ES,8.42,kg,unidade_declarada,"Leguminosa LEGUMINOSA, VARIEDADE: FEIJÃO CARIOCA , TIPO: TIPO 1 "
federal,feijao,2025,Federal/ES,4.89,kg,unidade_declarada,"Leguminosa LEGUMINOSA, VARIEDADE: FEIJÃO CARIOCA , TIPO: TIPO 1 "
federal,apontador,2025,Federal/ES,2.4,unidade,unitario,"Apontador Lápis APONTADOR LÁPIS, MATERIAL PLÁSTICO, TIPO MESA, TAMANHO CONFORME MODELO DOORGÃO, QUANTIDADE FUROS 1, CARA"
federal,acucar,2025,Federal/ES,23.99,kg,heuristica,"Chantilly CHANTILLY, INGREDIENTES GORDURA VEGETAL INTERESTERIFICADA, AÇÚCAR, SAL, C A,PRAZO VALIDADE 12 MÊS, TIPO EMBALA"
federal,envelope,2025,Federal/ES,1.37,unidade,unitario,"Envelope ENVELOPE, MATERIAL: OFFSET , MODELO: SACO PADRÃO , TAMANHO (C X L): 340 X 240 MM, COR: BRANCO , GRAMATURA: 90 G"
federal,envelope,2025,Federal/ES,1.18,unidade,unitario,"Envelope ENVELOPE, MATERIAL OFFSET, MODELO SACO PADRÃO, TAMANHO (C X L) 340 X 240 MM,COR BRANCO, GRAMATURA 90 G/M2"
federal,fuba,2025,Federal/ES,2.1,kg,heuristica,"Farinha De Milho característica adicional: não transgênico, grão: amarelo, tipo: fubá FUBÁ DE MILHO, em embalagem plásti"
federal,fuba,2025,Federal/ES,1.87,kg,heuristica,"Farinha De Milho característica adicional: não transgênico, grão: amarelo, tipo: fubá FUBÁ DE MILHO, em embalagem plásti"
federal,fuba,2025,Federal/ES,8.67,kg,unidade_declarada,"Farinha De Milho grão: amarelo, tipo: fubá, característica adicional: não transgênico Farinha De Milho grão: amarelo, ti"
federal,fuba,2025,Federal/ES,8.67,kg,unidade_declarada,"Farinha De Milho grão: amarelo, tipo: fubá, característica adicional: não transgênico Farinha De Milho grão: amarelo, ti"
federal,frango,2025,Federal/ES,40.0,kg,unidade_declarada,"Suplemento alimentar animal SUPLEMENTO ALIMENTAR ANIMAL, TIPO CALCÁRIO CALCÍTICO, APLICAÇÃO FRANGO DECORTE E GALINHA POE"
federal,frango,2025,Federal/ES,38.9,kg,heuristica,"Suplemento Alimentar Animal SUPLEMENTO ALIMENTAR ANIMAL, TIPO CALCÁRIO CALCÍTICO, APLICAÇÃO FRANGO DECORTE E GALINHA POE"
federal,envelope,2025,Federal/ES,2.05,unidade,unitario,"Envelope ENVELOPE, MATERIAL: OFFSET , MODELO: SACO COMUM , TAMANHO (C X L): 370 X 470 MM, COR: BRANCO , GRAMATURA: 90 G/"
federal,envelope,2025,Federal/ES,1.68,unidade,unitario,"Envelope ENVELOPE, MATERIAL OFFSET, MODELO SACO COMUM, TAMANHO (C X L) 370 X 470 MM,COR BRANCO, GRAMATURA 90 G/M2"
federal,vassoura,2025,Federal/ES,15.88,unidade,unitario,"Vassoura VASSOURA, MATERIAL CERDAS: NÁILON , MATERIAL CEPA: MADEIRA , COMPRIMENTO CEPA: 40 CM, CARACTERÍSTICAS ADICIONAI"
federal,suco,2025,Federal/ES,2.2,litro,heuristica,"Suco SUCO, APRESENTAÇÃO LÍQUIDO, SABOR LARANJA, TIPO INDUSTRIALIZADO,CARACTERÍSTICAS ADICIONAIS LIGHT"
federal,sabao_po,2025,Federal/ES,6.0,kg,heuristica,"Sabão Pó aspecto físico: pó, características adicionais: amarelo, utiizado em limpeza em geral, composição: ácidos graxo"
federal,sabao_po,2025,Federal/ES,5.9,kg,heuristica,"Sabão Pó aspecto físico: pó, características adicionais: amarelo, utiizado em limpeza em geral, composição: ácidos graxo"
federal,acucar,2025,Federal/ES,16.95,kg,heuristica,"Açúcar AÇÚCAR, TIPO: CRISTAL , COLORAÇÃO: BRANCA "
federal,acucar,2025,Federal/ES,3.6,kg,heuristica,"Açúcar coloração: branca, tipo: cristal Açúcar coloração: branca, tipo: cristal"
federal,acucar,2025,Federal/ES,17.96,kg,heuristica,"Açúcar AÇÚCAR, TIPO CRISTAL, COLORAÇÃO BRANCA"
federal,acucar,2025,Federal/ES,19.05,kg,heuristica,"Açúcar coloração: branca, tipo: cristal Açúcar coloração: branca, tipo: cristal "
federal,acucar,2025,Federal/ES,19.06,kg,heuristica,"Açúcar AÇÚCAR, TIPO: CRISTAL , COLORAÇÃO: BRANCA "
federal,acucar,2025,Federal/ES,19.0,kg,heuristica,"Açúcar AÇÚCAR, TIPO CRISTAL, COLORAÇÃO BRANCA"
federal,acucar,2025,Federal/ES,16.25,kg,heuristica,"Açúcar coloração: branca, tipo: cristal AÇÚCAR, tipo CRISTAL, coloração branca. - Conforme Termo de Referência Açúcar co"
federal,acucar,2025,Federal/ES,17.98,kg,heuristica,"Açúcar coloração: branca, tipo: cristal AÇÚCAR, tipo CRISTAL, coloração branca. - Conforme Termo de Referência Açúcar co"
federal,acucar,2025,Federal/ES,4.7,kg,heuristica,"Açúcar AÇÚCAR, TIPO CRISTAL, COLORAÇÃO BRANCA"
federal,acucar,2025,Federal/ES,24.69,kg,heuristica,"Açúcar coloração: branca, tipo: cristal Açúcar coloração: branca, tipo: cristal"
federal,acucar,2025,Federal/ES,22.32,kg,heuristica,"Açúcar AÇÚCAR, TIPO CRISTAL, COLORAÇÃO BRANCA"
federal,acucar,2025,Federal/ES,20.8,kg,heuristica,"Açúcar AÇÚCAR, TIPO CRISTAL, COLORAÇÃO BRANCA"
federal,carne_suina,2025,Federal/ES,14.0,kg,unidade_declarada,"Carne Suína In Natura CARNE SUÍNA IN NATURA, TIPO CORTE: TRIPA PARA EMBUTID0S , APRESENTAÇÃO: FIO LONGO, 90 METROS, CALI"
federal,carne_suina,2025,Federal/ES,21.0,kg,heuristica,"Carne Suína In Natura CARNE SUÍNA IN NATURA, TIPO CORTE TRIPA PARA EMBUTID0S, APRESENTAÇÃO FIOLONGO, 90 METROS, CALIBRE "
federal,alcool,2025,Federal/ES,11.8,litro,descricao,"Álcool Etílico composição básica: com emoliente, forma farmacêutica: espuma, teor alcoólico: 70% v/v ÁLCOOL EM GEL 70, e"
federal,alcool,2025,Federal/ES,12.0,litro,descricao,"Álcool Etílico composição básica: com emoliente, forma farmacêutica: espuma, teor alcoólico: 70% v/v ÁLCOOL EM GEL 70, e"
federal,grampeador,2025,Federal/ES,9.4,unidade,unitario,"Grampeador GRAMPEADOR, MATERIAL METAL/ BORRACHA, TIPO MESA, CAPACIDADE 15 FL, TAMANHOGRAMPO 26/6"
federal,cartucho,2025,Federal/ES,91.38,unidade,unitario,"Cartucho De Tinta cor tinta: preta, referência cartucho: 006r01261, referência impressora: nuvera 288ea, tipo cartucho: "
federal,cartucho,2025,Federal/ES,80.49,unidade,unitario,"Cartucho De Tinta cor tinta: preta, referência cartucho: 006r01261, referência impressora: nuvera 288ea, tipo cartucho: "
federal,sabonete,2025,Federal/ES,1.1,unidade,unitario,"Sabonete aspecto físico*: sólido, característica adicional: para todos os tipos de pele, composição: ác. esteárico, citr"
federal,sabonete,2025,Federal/ES,1.2,unidade,unitario,"Sabonete aspecto físico*: sólido, característica adicional: para todos os tipos de pele, composição: ác. esteárico, citr"
federal,pneu,2025,Federal/ES,167.0,unidade,unitario,"Carrinho Mão material caçamba: chapa metálica (0,9 mm), material eixo: aço, quantidade roda: 1, tipo roda: pneu maciço 3"
federal,envelope,2025,Federal/ES,0.7,unidade,unitario,"Envelope material: sulfite, modelo: saco comum, tamanho (c x l): 240 x 340, cor: branco, gramatura: 80, características "
federal,toner,2025,Federal/ES,580.0,unidade,unitario,"Cartucho Toner Impressora Hp cor: preta, referência cartucho 3: 154a, tipo cartucho: original Toner HP W 9008MZ/MC - Pre"
federal,desinfetante,2025,Federal/ES,2.0,litro,unidade_declarada,"Desinfetante forma física: líquida, princípio ativo: cloreto alquil dimetil benzil amônio, teor ativo: 0,4% (p/p) DESINF"
federal,desinfetante,2025,Federal/ES,2.4,litro,unidade_declarada,"Desinfetante forma física: líquida, princípio ativo: cloreto alquil dimetil benzil amônio, teor ativo: 0,4% (p/p) DESINF"
federal,lampada_led,2025,Federal/ES,3.99,unidade,unitario,"Lâmpada Led modelo: led, potência nominal: 10, temperatura de cor: 4.000, tensão nominal: bivolt, tipo base: r7s, tipo b"
federal,envelope,2026,Federal/ES,1.87,unidade,unitario,Envelope 
federal,envelope,2026,Federal/ES,0.43,unidade,unitario,Envelope 
federal,alcool,2026,Federal/ES,9.25,litro,unidade_declarada,"Álcool Etílico tipo: hidratado, teor alcoólico: 70%_(70°gl), apresentação: líquido "
federal,caneta_esferografica,2026,Federal/ES,0.52,unidade,unitario,Caneta Esferográfica 
federal,pincel_quadro,2026,Federal/ES,1.34,unidade,unitario,Pincel Atômico 
federal,pincel_quadro,2026,Federal/ES,1.3,unidade,unitario,Pincel Atômico 
federal,alcool,2026,Federal/ES,4.97,litro,heuristica,Álcool Etílico 
federal,alcool,2026,Federal/ES,5.25,litro,heuristica,Álcool Etílico 
federal,acucar,2026,Federal/ES,4.02,kg,heuristica,Açúcar 
federal,acucar,2026,Federal/ES,4.02,kg,heuristica,Açúcar 
federal,caneta_esferografica,2026,Federal/ES,0.88,unidade,unitario,Caneta Esferográfica 
federal,envelope,2026,Federal/ES,0.3,unidade,unitario,Envelope 
federal,envelope,2026,Federal/ES,0.7,unidade,unitario,Envelope 
federal,envelope,2026,Federal/ES,0.5,unidade,unitario,Envelope 
federal,envelope,2026,Federal/ES,0.86,unidade,unitario,Envelope 
federal,dipirona,2026,Federal/ES,1.54,unidade,unitario,"Dipirona Sódica composição: associada à cafeína e diidroergotamina, concentração: 350 mg + 100 mg + 1 "
federal,dipirona,2026,Federal/ES,0.89,unidade,unitario,"Dipirona Sódica composição: associada à cafeína e isometepteno, concentração: 300mg + 30mg + 30mg "
federal,dipirona,2026,Federal/ES,1.04,unidade,unitario,Dipirona Sódica concentração: 1 
federal,furosemida,2026,Federal/ES,0.7,unidade,unitario,Furosemida dosagem: 40 
federal,captopril,2026,Federal/ES,0.4,unidade,unitario,Captopril concentração: 25 
federal,omeprazol,2026,Federal/ES,0.65,unidade,unitario,Omeprazol concentração: 20 
federal,dipirona,2026,Federal/ES,0.8,unidade,unitario,"Escopolamina Butilbrometo apresentação: associada com dipirona sódica, dosagem: 10mg + 250mg "
federal,paracetamol,2026,Federal/ES,0.4,unidade,unitario,"Paracetamol apresentação: associado com diclofenaco, carisoprodol e cafeína, dosagem: 300mg + 50mg + 125mg + 30mg "
federal,dipirona,2026,Federal/ES,0.55,unidade,unitario,"Orfenadrina Citrato composição: associada com dipirona e cafeína, dosagem: 35mg + 300mg + 50mg "
federal,paracetamol,2026,Federal/ES,0.44,unidade,unitario,Paracetamol dosagem comprimido: 750 
federal,seringa,2026,Federal/ES,1.03,unidade,unitario,"Seringa material: polipropileno, capacidade: 5, tipo bico: bico central luer lock ou slip, tipo vedação: êmbolo de borra"
federal,caneta_esferografica,2026,Federal/ES,0.59,unidade,unitario,"Caneta Esferográfica características adicionais: personalizada a laser, empunhadura, crip conforme, cor tinta: azul mari"
federal,pincel_quadro,2026,Federal/ES,2.66,unidade,unitario,"Pincel Atômico características adicionais: diâmetro da ponta: 6 mm, cor tinta: vermelha, material: plástico, tipo carga:"
federal,acucar,2026,Federal/ES,7.98,kg,heuristica,"Açúcar coloração: branca, tipo: cristal AÇÚCAR, TIPO CRISTAL, COMPOSIÇÃO ORIGEM VEGETAL, CARACTERÍSTICAS ADICIONAIS SACA"
federal,acucar,2026,Federal/ES,6.8,kg,heuristica,"Açúcar coloração: branca, tipo: cristal QUILO DE AÇÚCAR, TIPO CRISTAL, COMPOSIÇÃO ORIGEM VEGETAL, CARACTERÍSTICAS ADICIO"
federal,pilha,2026,Federal/ES,0.82,unidade,unitario,"Pilha tamanho: palito, modelo: aaa, características adicionais: não recarregável, sistema eletroquímico: alcalina, tensã"
federal,lapis,2026,Federal/ES,0.55,unidade,unitario,"Lápis Preto características adicionais: sem borracha apagadora, dureza carga: 2b, formato corpo: sextavado, material cor"
federal,acucar,2026,Federal/ES,7.98,kg,heuristica,"Açúcar coloração: branca, tipo: cristal QUILO DE AÇÚCAR, TIPO CRISTAL, COMPOSIÇÃO ORIGEM VEGETAL, CARACTERÍSTICAS ADICIO"
federal,pilha,2026,Federal/ES,0.9,unidade,unitario,"Pilha características adicionais: não recarregável, modelo: aa, sistema eletroquímico: alcalina, tamanho: pequena, tensã"
federal,tubo_pvc,2026,Federal/ES,22.18,metro,unitario,"Tubo Pvc Soldável aplicação: instalações prediais água fria, diâmetro nominal: 25, comprimento: 6, material: pvc rígido "
federal,tubo_pvc,2026,Federal/ES,67.49,metro,unitario,"Tubo Pvc Soldável aplicação: hidráulica, cor: marrom, diâmetro nominal: 50, comprimento: 6, comprimento bolsa: 50, espes"
federal,tubo_pvc,2026,Federal/ES,24.23,metro,unitario,"Tubo Pvc Soldável aplicação: sanitária, cor: branca, diâmetro nominal: 40, comprimento: 6, comprimento bolsa: 50, espess"
federal,agua_mineral,2026,Federal/ES,10.99,litro,heuristica,"Água Mineral Natural tipo: sem gás, material embalagem: plástico, tipo embalagem: retornável "
federal,ar_condicionado,2026,Federal/ES,3563.0,unidade,unitario,"Aparelho Ar Condicionado capacidade refrigeração: 24.000, características adicionais 1: controle remoto/display digital/"
federal,ar_condicionado,2026,Federal/ES,3390.0,unidade,unitario,"Aparelho Ar Condicionado capacidade refrigeração: 24.000, características adicionais 1: controle remoto/display digital/"
federal,disjuntor,2025,Federal/ES,26.0,unidade,unitario,"Disjuntor baixa tensão DISJUNTOR BAIXA TENSÃO, FUNCIONAMENTO: TERMOMAGNÉTICO , NÚMERO PÓLOS: 2 , CORRENTE NOMINAL: 32 A,"
federal,leite_integral,2026,Federal/ES,6.5,litro,heuristica,"Leite Fluido origem: de vaca, tipo: b, teor gordura: integral, processamento: pasteurizado, tratamento: homogeneizado "
federal,acucar,2026,Federal/ES,20.0,kg,heuristica,"Planta In - Natura tipo: cana-de-açucar, tipo de classe: caiana, uso: fabricação de caldo ou garapa, características adi"
federal,acucar,2026,Federal/ES,6.98,kg,heuristica,Açúcar tipo: cristal 
federal,agua_mineral,2026,Federal/ES,2.69,litro,heuristica,"Água Mineral Natural tipo: especial com gás, material embalagem: plástico, tipo embalagem: descartável "
federal,fuba,2026,Federal/ES,3.65,kg,heuristica,"Farinha De Milho grão: amarelo, tipo: fubá mimoso, característica adicional: transgênico, ingrediente adicional: fortifi"
federal,feijao,2026,Federal/ES,7.39,kg,heuristica,"Leguminosa variedade: feijão preto, tipo: tipo 1 "
federal,farinha_trigo,2026,Federal/ES,10.89,kg,heuristica,"Mucilagem base: farinha de trigo, aveia e cevada, características adicionais: enriquecido com vitaminas e minerais com g"
federal,vinagre,2026,Federal/ES,11.2667,litro,heuristica,"Vinagre matéria-prima: limão, tipo: aromático, acidez: 4,20, aspecto físico: líquido, aspecto visual: límpido e sem depó"
federal,disjuntor,2025,Federal/ES,9.0,unidade,unitario,"Disjuntor baixa tensão DISJUNTOR BAIXA TENSÃO, FUNCIONAMENTO: TERMOMAGNÉTICO , CORRENTE NOMINAL: 25 A, TENSÃO NOMINAL: 1"
federal,pendrive,2025,Federal/ES,52.12,unidade,unitario,"Memória portátil microcomputador MEMÓRIA PORTÁTIL MICROCOMPUTADOR, CAPACIDADE MEMÓRIA: 128 GB, INTERFACE: USB 2.0 , CARA"
federal,lampada_led,2025,Federal/ES,12.38,unidade,unitario,"Lâmpada led LÂMPADA LED, TENSÃO NOMINAL: BIVOLT V, POTÊNCIA NOMINAL: 20 W, TIPO BASE: G13 , TIPO BULBO: T8 , TEMPERATURA"
federal,lampada_led,2025,Federal/ES,14.89,unidade,unitario,"Lâmpada led LÂMPADA LED, MODELO: LED , TENSÃO NOMINAL: BIVOLT , POTÊNCIA NOMINAL: 18 W, TIPO BASE: G13 , COR: BRANCA , F"
federal,lampada_led,2025,Federal/ES,8.48,unidade,unitario,"Lâmpada led LÂMPADA LED, MODELO: LED , TENSÃO NOMINAL: BIVOLT , POTÊNCIA NOMINAL: 10 W, TIPO BASE: G13 , COR: BRANCA , T"
federal,gas_glp,2026,Federal/ES,110.0,botijao_13kg,unitario,"Gás Refino De Petróleo tipo: gás liquefeito de petróleo - glp, uso: doméstico "
federal,achocolatado,2026,Federal/ES,47.25,kg,heuristica,"Achocolatado apresentação: pó, sabor: tradicional, prazo validade mínimo: 18 meses, característica adicional: enriquecid"
federal,acucar,2026,Federal/ES,5.98,kg,heuristica,"Açúcar tipo: refinado, coloração: branca "
federal,farinha_trigo,2026,Federal/ES,4.35,kg,heuristica,"Farinha De Trigo grupo: industrial, tipo: tipo 1, especial, ingrediente adicional: sem fermento "
federal,leite_condensado,2026,Federal/ES,10.89,kg,heuristica,"Leite Condensado tipo: integral, ingrediente básico: leite in natura "
federal,leite_integral,2026,Federal/ES,4.59,litro,heuristica,"Leite Fluido origem: de vaca, tipo: a, teor gordura: desnatado, processamento: uht "
federal,leite_integral,2026,Federal/ES,4.68,litro,heuristica,"Leite Fluido origem: de vaca, tipo: a, teor gordura: integral, processamento: uht "
federal,leite_po,2026,Federal/ES,58.75,kg,heuristica,"Leite Em Pó origem: de vaca, teor gordura: integral, solubilidade: instantâneo "
federal,farinha_trigo,2026,Federal/ES,15.98,kg,unidade_declarada,"Pão base: de farinha de trigo refinada, tipo: tipo françês/branco/de sal "
federal,vassoura,2026,Federal/ES,34.23,unidade,unitario,"Vassoura jardinagem VASSOURA JARDINAGEM, TIPO: FIXA , MATERIAL CERDAS: POLIPROPILENO ALTA RESISTÊNCIA , CARACTERÍSTICAS "
federal,pneu,2026,Federal/ES,498.41,unidade,unitario,"Carrinho mão CARRINHO MÃO, MATERIAL CAÇAMBA: CHAPA AÇO GALVANIZADO , MATERIAL PÉS: FERRO , QUANTIDADE RODA: 1 UN, TIPO R"
federal,alcool,2025,Federal/ES,11.0,litro,heuristica,"Álcool Etílico teor alcoólico: 70% ( 70°gl), tipo: hidratado, apresentação: glicerinado, líquido "
federal,ar_condicionado,2026,Federal/ES,7300.0,unidade,unitario,"Aparelho Ar Condicionado tipo: split, modelo: piso-teto inverter, capacidade refrigeração: 36.000, tensão: 220, freqüênc"
federal,acucar,2026,Federal/ES,17.85,kg,heuristica,"Açúcar tipo: cristal, prazo validade mínimo: 12 meses "
federal,dipirona,2026,Federal/ES,0.29,unidade,unitario,Dipirona Sódica dosagem: 500 
federal,ibuprofeno,2026,Federal/ES,0.2,unidade,unitario,Ibuprofeno dosagem: 600 
federal,loratadina,2026,Federal/ES,0.07,unidade,unitario,Loratadina concentração: 10mg 
federal,alcool,2026,Federal/ES,11.56,litro,heuristica,"Álcool Etílico tipo: hidratado, teor alcoólico: 70%_(70°gl), apresentação: líquido "
federal,vassoura,2026,Federal/ES,14.15,unidade,unitario,"Vassoura material cerdas: piaçava, material cepa: chapa de aço, comprimento cepa: 21, características adicionais: com ca"
federal,gas_glp,2026,Federal/ES,105.0,botijao_13kg,unitario,"Gás Refino De Petróleo tipo: gás liquefeito de petróleo - glp, uso: doméstico "
federal,ar_condicionado,2026,Federal/ES,2100.0,unidade,unitario,"Aparelho Ar Condicionado tipo: hi-wall, modelo: split inverter, capacidade refrigeração: 9.000, vazão ar: 2.940, tensão:"
federal,gas_glp,2026,Federal/ES,105.0,botijao_13kg,unitario,"GÁS REFINO DE PETRÓLEO TIPO: GÁS LIQUEFEITO DE PETRÓLEO - GLP, USO: DOMÉSTICO "
federal,acucar,2026,Federal/ES,15.41,kg,heuristica,"Açúcar coloração: branca, tipo: cristal "
federal,lampada_led,2026,Federal/ES,15.0,unidade,unitario,"Lâmpada Led comprimento: 1200, cor: branca fria, equivalência: fluorescente de 40w, fator potência: > 0,92, fluxo lumino"
federal,pneu,2026,Federal/ES,410.0,unidade,unitario,"Pneu Veículo Automotivo características adicionais: sem câmara, dimensões: 255/55 r18, material banda rodagem: borracha "
federal,pneu,2026,Federal/ES,410.0,unidade,unitario,"Pneu Veículo Automotivo características adicionais: sem câmara, dimensões: 255/55 r18, material banda rodagem: borracha "
federal,pneu,2026,Federal/ES,479.99,unidade,unitario,"Pneu Veículo Automotivo características adicionais: sem câmara, dimensões: 215/55 r 16, material banda rodagem: borracha"
federal,pneu,2026,Federal/ES,479.99,unidade,unitario,"Pneu Veículo Automotivo características adicionais: sem câmara, dimensões: 215/55 r 16, material banda rodagem: borracha"
federal,detergente,2026,Federal/ES,4.2,litro,heuristica,"Detergente composição: alquil benzeno sulfato sódio, lauril, éter, neutro, características adicionais: biodegradável, bi"
federal,agua_sanitaria,2026,Federal/ES,2.9,litro,heuristica,"Água Sanitária composição química: hipoclorito de sódio, hidróxido de sódio, cloreto, teor cloro ativo: varia de 2 a 2,5"
federal,pincel_quadro,2026,Federal/ES,5.0,unidade,unitario,"Refil Tinta material: tinta, cor: preta, capacidade: 37, aplicação: pincel atômico, características adicionais: marca e "
federal,ar_condicionado,2026,Federal/ES,950.0,unidade,unitario,"AR CONDICIONADO - INSTALAÇÃO/MONTAGEM/DESMONTAGEM/REMOÇÃO - (PAREDE / SISTEMAS) Instalação de ar condicionado, Split, Pi"
federal,cadeira,2026,Federal/ES,310.0,unidade,unitario,"Encosto Cadeira Escolar material: pvc, tratamento superficial: resinado, cor: verde, comprimento: 40, largura: 19, espes"
federal,cadeira,2026,Federal/ES,317.771,unidade,unitario,"Encosto Cadeira Escolar material: pvc, tratamento superficial: resinado, cor: verde, comprimento: 40, largura: 19, espes"
federal,extintor,2026,Federal/ES,70.0,unidade,unitario,"Manutenção Extintores / Mangueiras - Combate Incêndio Serviço de recarga para extintor de incêndio, com carga de Gás Car"
federal,gas_glp,2026,Federal/ES,115.0,botijao_13kg,unitario,"Gás Refino De Petróleo tipo: gás liquefeito de petróleo - glp, uso: doméstico "
federal,gas_glp,2026,Federal/ES,115.0,botijao_13kg,unitario,"Gás Refino De Petróleo tipo: gás liquefeito de petróleo - glp, uso: doméstico "
federal,envelope,2026,Federal/ES,1.14,unidade,unitario,"Matriz Odontológica MATRIZ ODONTOLÓGICA, MATERIAL: POLIÉSTER , TIPO: PRÉ-CORTADA , FORMATO: FITA , APRESENTAÇÃO: ENVELOP"
federal,notebook,2026,Federal/ES,2859.33,unidade,unitario,"Notebook NOTEBOOK, TELA: SUPERIOR A 14 POL, INTERATIVIDADE DA TELA: SEM INTERATIVIDADE , MEMÓRIA RAM: SUPERIOR A 8 GB, N"
federal,notebook,2026,Federal/ES,2859.33,unidade,unitario,"Notebook NOTEBOOK, TELA: SUPERIOR A 14 POL, INTERATIVIDADE DA TELA: SEM INTERATIVIDADE , MEMÓRIA RAM: SUPERIOR A 8 GB, N"
federal,sabonete,2025,Federal/ES,3.52,unidade,unitario,"Sabonete SABONETE, ASPECTO FÍSICO: SÓLIDO , PESO: 90 G, AROMA: SUAVE , COR: BRANCA "
federal,desinfetante,2025,Federal/ES,5.49,litro,heuristica,"Solução Limpeza Multiuso SOLUÇÃO LIMPEZA MULTIUSO, COMPOSIÇÃO BÁSICA: ÁGUA SANITÁRIA, ALVEJANTE E DESINFETANTE , ASPECTO"
federal,desinfetante,2025,Federal/ES,19.0,litro,unidade_declarada,"Desinfetante DESINFETANTE, COMPOSIÇÃO: À BASE DE QUATERNÁRIO DE AMÔNIO , PRINCÍPIO ATIVO: DIDECILMETILAMÔNIO + BIGUANIDA"
federal,alcool,2025,Federal/ES,15.86,litro,heuristica,"Álcool Etílico ÁLCOOL ETÍLICO, TIPO: HIDRATADO , TEOR ALCOÓLICO: 70% ( 70°GL) , COMPOSIÇÃO BÁSICA: COM CARBOPOL E GLICER"
federal,agua_sanitaria,2025,Federal/ES,4.82,litro,heuristica,"Água sanitária ÁGUA SANITÁRIA, COMPOSIÇÃO QUÍMICA: HIPOCLORITO DE SÓDIO, HIDRÓXIDO DE SÓDIO, CLORETO , TEOR CLORO ATIVO:"
federal,alcool,2025,Federal/ES,17.06,litro,heuristica,"Álcool Etílico ÁLCOOL ETÍLICO, TEOR ALCOÓLICO: 70% V/V , COMPOSIÇÃO BÁSICA: COM EMOLIENTE , FORMA FARMACÊUTICA: GEL "
federal,papel_higienico,2025,Federal/ES,11.32,rolo,unitario,"Papel Higiênico PAPEL HIGIÊNICO, MATERIAL: CELULOSE VIRGEM , COMPRIMENTO: 30 M, LARGURA: 10 CM, TIPO: PICOTADO , QUANTID"
federal,vassoura,2025,Federal/ES,43.06,unidade,unitario,"Vassoura VASSOURA, MATERIAL CERDAS: PIAÇAVA , MATERIAL CABO: MADEIRA , MATERIAL CEPA: MADEIRA , COMPRIMENTO CEPA: 40 CM,"
federal,papel_toalha,2025,Federal/ES,27.74,rolo,unitario,"Toalha De Papel TOALHA DE PAPEL, MATERIAL: PAPEL , TIPO FOLHA: 2 DOBRAS , COMPRIMENTO: 21,50 CM, LARGURA: 24 A 25 CM, CO"
federal,cimento,2025,Federal/ES,41.4633,saco_50kg,unitario,"Cimento Portland CIMENTO PORTLAND, MATERIAL: CLINKER , TIPO: CP II - F 32 "
federal,pneu,2025,Federal/ES,304.6133,unidade,unitario,"Carrinho mão CARRINHO MÃO, MATERIAL CAÇAMBA: CHAPA AÇO GALVANIZADO , MATERIAL PÉS: FERRO , QUANTIDADE RODA: 1 UN, TIPO R"
federal,lampada_led,2025,Federal/ES,8.1967,unidade,unitario,"Lâmpada led LÂMPADA LED, MODELO: ULTRA LED , TENSÃO NOMINAL: BIVOLT , POTÊNCIA NOMINAL: 12 W, TIPO BASE: E-27 , COR: LUZ"
federal,lampada_led,2025,Federal/ES,34.6667,unidade,unitario,"Lâmpada led LÂMPADA LED, TENSÃO NOMINAL: BIVOLT V, POTÊNCIA NOMINAL: 50 W, TIPO BASE: E-27 , FLUXO LUMINOSO: 4500 LM, TI"
federal,torneira,2025,Federal/ES,124.4033,unidade,unitario,"Torneira TORNEIRA, MATERIAL CORPO: AÇO INOXIDÁVEL , TIPO: DE PAREDE , DIÂMETRO: 1/2 POL, CARACTERISTICAS ADICIONAIS: COM"
federal,tubo_pvc,2025,Federal/ES,26.6333,metro,unitario,"Tubo pvc soldável TUBO PVC SOLDÁVEL, APLICAÇÃO: REDE HIDRÁULICA E ESGOTO , COR: BRANCA , DIÂMETRO NOMINAL: 40 MM, COMPRI"
federal,tubo_pvc,2025,Federal/ES,61.4833,metro,unitario,"Tubo pvc soldável TUBO PVC SOLDÁVEL, APLICAÇÃO: REDE HIDRÁULICA E ESGOTO , COR: BRANCA , DIÂMETRO NOMINAL: 50 MM, COMPRI"
federal,ar_condicionado,2025,Federal/ES,1413.07,unidade,unitario,"Gás refrigerante GÁS REFRIGERANTE, TIPO: R410A , APLICAÇÃO: SISTEMA DE AR CONDICIONADO CENTRAL , ELEMENTO BÁSICO: DICLOR"
federal,torneira,2025,Federal/ES,117.9367,unidade,unitario,"Torneira TORNEIRA, MATERIAL CORPO: AÇO INOXIDÁVEL CROMADO , TIPO: PIA , DIÂMETRO: 1/2 POL, CARACTERISTICAS ADICIONAIS: B"
federal,ar_condicionado,2025,Federal/ES,1207.0467,unidade,unitario,"Gás refrigerante GÁS REFRIGERANTE, TIPO: R-22 , APLICAÇÃO: SISTEMA DE AR CONDICIONADO , APRESENTAÇÃO: CILINDRO "
federal,tinta_latex,2025,Federal/ES,26.6633,litro,heuristica,"Corante Tinta CORANTE TINTA, TIPO USO: TINTA LÁTEX/PVA/ACRÍLICA/BASE ÁGUA/ARGAMASSA/CERA , COR: PRETA , ASPECTO FÍSICO: "
federal,tinta_latex,2025,Federal/ES,27.6633,litro,heuristica,"Corante Tinta CORANTE TINTA, TIPO USO: TINTA LÁTEX/PVA/ACRÍLICA/BASE ÁGUA/ARGAMASSA/CERA , COR: VERDE , ASPECTO FÍSICO: "
federal,tinta_latex,2025,Federal/ES,26.6633,litro,heuristica,"Corante Tinta CORANTE TINTA, TIPO USO: TINTA LÁTEX/PVA/ACRÍLICA/BASE ÁGUA/ARGAMASSA/CERA , COR: MARROM , ASPECTO FÍSICO:"
federal,tinta_latex,2025,Federal/ES,28.03,litro,heuristica,"Corante Tinta CORANTE TINTA, TIPO USO: TINTA LÁTEX/PVA/ACRÍLICA/BASE ÁGUA/ARGAMASSA/CERA , COR: AZUL , ASPECTO FÍSICO: P"
federal,ar_condicionado,2025,Federal/ES,857.8067,unidade,unitario,"Gás refrigerante GÁS REFRIGERANTE, TIPO: R-134 , APLICAÇÃO: SISTEMA DE AR CONDICIONADO , APRESENTAÇÃO: CILINDRO "
federal,torneira,2026,Federal/ES,59.0,unidade,unitario,"Garrafa Térmica material: plástico, capacidade: 5, características adicionais: com torneira, alça e pés dobráveis em bai"
federal,pendrive,2026,Federal/ES,123.0,unidade,unitario,"Memória portátil microcomputador MEMÓRIA PORTÁTIL MICROCOMPUTADOR, CAPACIDADE MEMÓRIA: 128 GB, INTERFACE: USB 2.0 , CARA"
federal,dexametasona,2026,Federal/ES,3.02,unidade,unitario,"Dexametasona composição: acetato, associada à neomicina sulfato, concentraçao: 1 mg + 5, forma farmaceutica: creme "
federal,paracetamol,2026,Federal/ES,0.69,unidade,unitario,Paracetamol dosagem comprimido: 750 
federal,dipirona,2026,Federal/ES,0.43,unidade,unitario,"Escopolamina Butilbrometo apresentação: associada com dipirona sódica, dosagem: 10mg + 250mg "
federal,alcool,2026,Federal/ES,6.27,litro,heuristica,"Álcool Etílico Limpeza De Ambientes tipo: etílico, aplicação: limpeza, características adicionais: líquido, concentração"
federal,dexametasona,2026,Federal/ES,8.0,unidade,unitario,"Dexametasona composição: acetato, associada à neomicina sulfato, concentraçao: 1 mg + 5, forma farmaceutica: creme Dexam"
federal,vassoura,2026,Federal/ES,23.0,unidade,unitario,"Vassoura Jardinagem altura: 120, características adicionais: com cabo de madeira, quantidade lâminas: 22, tipo: fixa, ti"
federal,alcool,2026,Federal/ES,8.43,litro,heuristica,"Álcool Etílico Limpeza De Ambientes tipo: etílico, aplicação: limpeza, características adicionais: líquido, concentração"
federal,papel_higienico,2026,Federal/ES,7.45,rolo,unitario,"Papel Higiênico características adicionais: picotado, folha dupla, cor: branca, largura: 10, material: celulose virgem D"
federal,envelope,2026,Federal/ES,0.25,unidade,unitario,"Envelope material: kraft, modelo: ofício, tamanho (c x l): 240 x 340, cor: parda, gramatura: 90, características adicion"
federal,lapis,2026,Federal/ES,0.75,unidade,unitario,"Lápis Preto material corpo: madeira de manejo sustentável, diâmetro carga: 2, dureza carga: 2b, características adiciona"
federal,pincel_quadro,2026,Federal/ES,12.34,unidade,unitario,"Pincel Atômico material: plástico, tipo ponta: feltro, tipo carga: recarregável, cor tinta: variada Descrição detalhada "
federal,alcool,2026,Federal/ES,12.56,litro,heuristica,"Álcool Etílico Limpeza De Ambientes ÁLCOOL ETÍLICO LIMPEZA DE AMBIENTES, TIPO: ETÍLICO HIDRATADO , APLICAÇÃO: LIMPEZA , "
federal,notebook,2026,Federal/ES,2859.33,unidade,unitario,"Notebook NOTEBOOK, TELA: SUPERIOR A 14 POL, INTERATIVIDADE DA TELA: SEM INTERATIVIDADE , MEMÓRIA RAM: SUPERIOR A 8 GB, N"
federal,notebook,2026,Federal/ES,2859.33,unidade,unitario,"Notebook NOTEBOOK, TELA: SUPERIOR A 14 POL, INTERATIVIDADE DA TELA: SEM INTERATIVIDADE , MEMÓRIA RAM: SUPERIOR A 8 GB, N"
federal,impressora,2026,Federal/ES,985.63,unidade,unitario,"Impressora multifuncional IMPRESSORA MULTIFUNCIONAL, TIPO IMPRESSÃO: JATO TINTA , RESOLUÇÃO IMPRESSÃO: 1200 X 1200 DPI, "
federal,impressora,2026,Federal/ES,985.63,unidade,unitario,"Impressora multifuncional IMPRESSORA MULTIFUNCIONAL, TIPO IMPRESSÃO: JATO TINTA , RESOLUÇÃO IMPRESSÃO: 1200 X 1200 DPI, "
federal,sabonete,2025,Federal/ES,10.74,unidade,unitario,"Sabonete líquido SABONETE LÍQUIDO, ASPECTO FÍSICO: CREMOSO , APLICAÇÃO: SABONETEIRA PARA SABONETE LÍQUIDO , CARACTERÍSTI"
federal,alcool,2025,Federal/ES,15.21,litro,unidade_declarada,"Álcool etílico ÁLCOOL ETÍLICO, ASPECTO FÍSICO: LÍQUIDO LÍMPIDO, INCOLOR, VOLÁTIL , TEOR ALCOÓLICO: 95,1 A 96°GL , FÓRMUL"
federal,alcool,2025,Federal/ES,33.85,litro,descricao,"Dispensador DISPENSADOR, MATERIAL: PLÁSTICO ABS , APLICAÇÃO: PARA ÁLCOOL GEL , CARACTERÍSTICAS ADICIONAIS: SUPORTE PARED"
federal,vassoura,2025,Federal/ES,25.44,unidade,unitario,"Vassoura VASSOURA, MATERIAL CERDAS: PIAÇAVA , MATERIAL CEPA: CHAPA DE AÇO , COMPRIMENTO CEPA: 21 CM, CARACTERÍSTICAS ADI"
federal,detergente,2025,Federal/ES,5.72,litro,heuristica,"Detergente DETERGENTE, COMPOSIÇÃO: LAURIL ÉTER, SULFATO DE SÓDIO, ÁLCOOL LAURICO ETOX , APLICAÇÃO: LIMPEZA EM GERAL , AR"
federal,agua_sanitaria,2025,Federal/ES,19.49,litro,heuristica,"Água Sanitária ÁGUA SANITÁRIA, COMPOSIÇÃO QUÍMICA: HIPOCLORITO DE SÓDIO, HIDRÓXIDO DE SÓDIO, CLORETO , TEOR CLORO ATIVO:"
federal,tijolo,2025,Federal/ES,4.7267,unidade,unitario,"Bloco de concreto BLOCO DE CONCRETO, COMPRIMENTO: 39 CM, LARGURA: 14 CM, ALTURA: 19 CM, APLICAÇÃO: CONSTRUÇÃO CIVIL , TI"
federal,brita,2025,Federal/ES,219.1267,m3,unitario,"Brita BRITA, MATERIAL: ROCHA TRITURADA , TAMANHO: BRITA 1 "
federal,brita,2025,Federal/ES,238.3067,m3,unitario,"Brita BRITA, MATERIAL: PEDRA MOÍDA , TAMANHO: BRITA 0 , APLICAÇÃO: JARDIM RESIDENCIAL/PÚBLICO "
federal,cimento,2025,Federal/ES,55.3333,saco_50kg,unitario,"Cimento Portland CIMENTO PORTLAND, MATERIAL: CLINKER , TIPO: CP II - F 32 "
federal,lampada_led,2025,Federal/ES,11.7467,unidade,unitario,"Lâmpada led LÂMPADA LED, MODELO: LED , TENSÃO NOMINAL: BIVOLT , POTÊNCIA NOMINAL: 10 W, TIPO BASE: E-27 , COR: BRANCA , "
federal,disjuntor,2025,Federal/ES,38.65,unidade,unitario,"Disjuntor baixa tensão DISJUNTOR BAIXA TENSÃO, FUNCIONAMENTO: TERMOMAGNÉTICO , NÚMERO PÓLOS: 3 , CORRENTE NOMINAL: 50 A,"
federal,disjuntor,2025,Federal/ES,46.16,unidade,unitario,"Disjuntor baixa tensão DISJUNTOR BAIXA TENSÃO, FUNCIONAMENTO: TERMOMAGNÉTICO , CORRENTE NOMINAL: 10 A, FREQÜÊNCIA NOMINA"
federal,disjuntor,2025,Federal/ES,33.25,unidade,unitario,"Disjuntor baixa tensão DISJUNTOR BAIXA TENSÃO, FUNCIONAMENTO: TERMOMAGNÉTICO , MODELO: CAIXA MOLDADA X160 3P3D , NÚMERO "
federal,tubo_pvc,2025,Federal/ES,42.41,metro,unitario,"Tubo pvc soldável TUBO PVC SOLDÁVEL, DIÂMETRO NOMINAL: 32 MM, COMPRIMENTO: 3 M, PRESSÃO: 80 MCA , MATERIAL: PPR "
federal,tubo_pvc,2025,Federal/ES,21.1667,metro,unitario,"Tubo pvc soldável TUBO PVC SOLDÁVEL, APLICAÇÃO: HIDRÁULICA , COR: MARROM , DIÂMETRO NOMINAL: 1/2 POL, COMPRIMENTO: 3 M, "
federal,feijao,2025,Federal/ES,32.13,kg,heuristica,"Peneira PENEIRA, MATERIAL: AÇO , MATERIAL BORDA: MADEIRA , FORMATO: REDONDO , TIPO MALHA: MÉDIA , DIÂMETRO: 55 CM, APLIC"
federal,torneira,2025,Federal/ES,47.6567,unidade,unitario,"Torneira TORNEIRA, MATERIAL CORPO: METAL , TIPO: BICO DE PATO , DIÂMETRO: 1/2 POL, APLICAÇÃO: LAVATÓRIO "
federal,acucar,2026,Federal/ES,3.8308,kg,descricao,"Açúcar tipo: refinado, coloração: branca, prazo validade mínimo: 24 meses aquisição de 1.300kg de açúcar refinado, em pa"
federal,cafe,2026,Federal/ES,25.9933,kg,descricao,"Café apresentação: torrado moído, intensidade: intensa ou extra forte, tipo: tradicional, empacotamento: vácuo aquisição"
federal,cafe,2026,Federal/ES,25.9933,kg,descricao,"Café apresentação: torrado moído, intensidade: intensa ou extra forte, tipo: tradicional, empacotamento: vácuo aquisição"
federal,pneu,2026,Federal/ES,2038.5,unidade,unitario,"Pneu Veículo Automotivo aplicação: caminhão mercedez benz 710, características adicionais: sem câmara, 7 lonas, dimensõe"
federal,agua_sanitaria,2026,Federal/ES,4.43,litro,heuristica,"Água Sanitária composição química: hipoclorito de sódio, hidróxido de sódio, cloreto, cor: incolor, tipo: comum, aplicaç"
federal,ar_condicionado,2026,Federal/ES,4900.056,unidade,unitario,Ar Condicionado - Manutenção de Aparelhos de Parede 
federal,acucar,2026,Federal/ES,16.9,kg,heuristica,"Açúcar tipo: cristal, coloração: branca "
federal,brita,2026,Federal/ES,309.9,m3,unitario,"Brita aplicação: jardim residencial/público, material: pedra moída, tamanho: brita 0 "
federal,brita,2026,Federal/ES,219.88,m3,unitario,"Brita material: rocha triturada, tamanho: brita 1 "
federal,cimento,2026,Federal/ES,35.98,saco_50kg,unitario,"Cimento Portland material: clinker, tipo: cp iii "
federal,argamassa,2026,Federal/ES,8.35,kg,unidade_declarada,"Argamassa características adicionais: densidade aparente 1,1 a 1,5g/cm³ e cert. inmetro, composição: cimento, agregados "
federal,ar_condicionado,2026,Federal/ES,14760.0,unidade,unitario,Ar condicionado - manutenção de sistemas / limpeza Ar condicionado - manutenção de sistemas / limpeza 
federal,ar_condicionado,2026,Federal/ES,4780.0,unidade,unitario,Ar Condicionado - Manutenção de Sistemas / Limpeza Ar Condicionado - Manutenção de Sistemas / Limpeza 
federal,acucar,2026,Federal/ES,5.33,kg,descricao,"Açúcar tipo: refinado, característica adicional: calorias reduzidas - light Açúcar refinado, empacotado convencionalment"
federal,toner,2026,Federal/ES,570.0,unidade,unitario,"Cartucho Toner Impressora Canon CARTUCHO TONER IMPRESSORA CANON, REFÊRENCIA CARTUCHO: 8067B001AA , TIPO CARTUCHO: ORIGIN"
federal,toner,2026,Federal/ES,570.0,unidade,unitario,"Cartucho Toner Impressora Canon CARTUCHO TONER IMPRESSORA CANON, REFÊRENCIA CARTUCHO: 8068B001AA , TIPO CARTUCHO: ORIGIN"
federal,toner,2026,Federal/ES,570.0,unidade,unitario,"Cartucho Toner Impressora Canon CARTUCHO TONER IMPRESSORA CANON, REFÊRENCIA CARTUCHO: 8069B001AA , TIPO CARTUCHO: ORIGIN"
federal,toner,2026,Federal/ES,570.0,unidade,unitario,"Cartucho Toner Impressora Canon CARTUCHO TONER IMPRESSORA CANON, REFÊRENCIA CARTUCHO: 8066B001AA , TIPO CARTUCHO: ORIGIN"
federal,notebook,2024,Federal/ES,3725.22,unidade,unitario,"Notebook NOTEBOOK, TELA: ATÉ 14 POL, INTERATIVIDADE DA TELA: SEM INTERATIVIDADE , MEMÓRIA RAM: SUPERIOR A 8 GB, NÚCLEOS "
federal,impressora,2024,Federal/ES,7544.5,unidade,unitario,"Impressora Multifuncional IMPRESSORA MULTIFUNCIONAL, TIPO IMPRESSÃO: LASER , RESOLUÇÃO IMPRESSÃO: 1200 X 1200 DPI, TENSÃ"
federal,acucar,2026,Federal/ES,15.5,kg,heuristica,"Açúcar tipo: cristal, coloração: branca "
federal,ar_condicionado,2026,Federal/ES,1550.0,unidade,unitario,"Ar condicionado - manutenção de aparelhos de parede Ar condicionado - manutenção de aparelhos de parede 
 prestação de s"
federal,ar_condicionado,2026,Federal/ES,6450.0,unidade,unitario,"Veículo Transporte acessórios: vidros elétricos, ar condicionado, sitema de 6 air, características adicionais: autonomia"
federal,notebook,2026,Federal/ES,4999.0,unidade,unitario,"Notebook alimentação: bivolt automática, armazenamento hdd: até 500, armazenamento ssd: sem disco ssd, bateria: até 4 cé"
federal,pneu,2026,Federal/ES,393.0,unidade,unitario,"Carrinho Transporte CARRINHO TRANSPORTE, MATERIAL: METAL , CAPACIDADE: 150 KG, ALTURA: 150 CM, LARGURA: 30 CM, QUANTIDAD"
federal,agua_mineral,2025,Federal/ES,2.07,litro,heuristica,"Água Mineral Natural ÁGUA MINERAL NATURAL, TIPO: SEM GÁS , MATERIAL EMBALAGEM: ALUMíNIO , TIPO EMBALAGEM: DESCARTÁVEL "
federal,caneta_esferografica,2025,Federal/ES,3.17,unidade,unitario,"Caneta esferográfica CANETA ESFEROGRÁFICA, MATERIAL: METAL , QUANTIDADE CARGAS: 1 UN, MATERIAL PONTA: METAL , COR TINTA:"
federal,alcool,2026,Federal/ES,7.58,litro,heuristica,"Álcool Etílico teor alcoólico: 70% v/v, composição básica: com emoliente, forma farmacêutica: gel "
federal,alcool,2026,Federal/ES,7.58,litro,heuristica,"Álcool Etílico teor alcoólico: 70% v/v, composição básica: com emoliente, forma farmacêutica: gel "
federal,desinfetante,2026,Federal/ES,13.99,litro,unidade_declarada,"Desinfetante Saneante composição: à base de ortoftalaldeído, teor ativo: a 0,55%, forma física: solução aquosa pronta "
federal,desinfetante,2026,Federal/ES,13.99,litro,unidade_declarada,"Desinfetante Saneante composição: à base de ortoftalaldeído, teor ativo: a 0,55%, forma física: solução aquosa pronta "
federal,detergente,2026,Federal/ES,5.18,litro,heuristica,"Detergente composição: tensoativos aniônicos biodegradáveis, aplicação: remoção gordura e sujeira em geral., característ"
federal,detergente,2026,Federal/ES,5.18,litro,heuristica,"Detergente composição: tensoativos aniônicos biodegradáveis, aplicação: remoção gordura e sujeira em geral., característ"
federal,pendrive,2025,Federal/ES,15.27,unidade,unitario,"Memória portátil microcomputador MEMÓRIA PORTÁTIL MICROCOMPUTADOR, CAPACIDADE MEMÓRIA: 8 GB, INTERFACE: USB , CARACTERÍS"
federal,acucar,2026,Federal/ES,22.5,kg,heuristica,"Açúcar tipo: cristal, coloração: branca "
federal,acucar,2026,Federal/ES,22.5,kg,heuristica,"Açúcar tipo: cristal, coloração: branca "
federal,ar_condicionado,2026,Federal/ES,2500.0,unidade,unitario,Ar Condicionado - Instalação/Montagem/Desmontagem/Remoção - (Parede / Sistemas) Ar Condicionado - Instalação/Montagem/De
federal,alcool,2026,Federal/ES,9.74,litro,unidade_declarada,"Álcool Etílico aspecto físico: líquido límpido, incolor, volátil, característica adicional: hidratado, fórmula química: "
federal,ar_condicionado,2026,Federal/ES,5817.456,unidade,unitario,Ar Condicionado - Manutenção Sistema Central 
federal,ar_condicionado,2026,Federal/ES,5817.456,unidade,unitario,Ar Condicionado - Manutenção Sistema Central 
federal,ar_condicionado,2026,Federal/ES,6302.244,unidade,unitario,Ar Condicionado - Manutenção Sistema Central 
federal,ar_condicionado,2026,Federal/ES,3900.0,unidade,unitario,Ar Condicionado - Manutenção de Aparelhos de Parede 
federal,ar_condicionado,2026,Federal/ES,3847.2,unidade,unitario,Ar Condicionado - Manutenção de Aparelhos de Parede 
federal,ar_condicionado,2026,Federal/ES,4382.112,unidade,unitario,Ar Condicionado - Manutenção de Aparelhos de Parede 
federal,frango,2026,Federal/ES,5.9413,kg,unidade_declarada,"Ração Animal ingredientes: carne de frango, quirela de arroz, farinha de fran, espécie animal: filhote de cães, dosagem "
federal,alcool,2026,Federal/ES,5.32,litro,heuristica,"Álcool Etílico ÁLCOOL ETÍLICO, TIPO: HIDRATADO , TEOR ALCOÓLICO: 70%_(70°GL) , APRESENTAÇÃO: GEL "
federal,alcool,2026,Federal/ES,5.32,litro,heuristica,"Álcool Etílico ÁLCOOL ETÍLICO, TIPO: HIDRATADO , TEOR ALCOÓLICO: 70%_(70°GL) , APRESENTAÇÃO: GEL "
federal,papel_toalha,2026,Federal/ES,22.0,rolo,unitario,"Dispenser papel toalha DISPENSER PAPEL TOALHA, MATERIAL: PLÁSTICO ABS , TIPO: INTERFOLHA , COR: BRANCA , CARACTERÍSTICAS"
federal,papel_toalha,2026,Federal/ES,22.0,rolo,unitario,"Dispenser papel toalha DISPENSER PAPEL TOALHA, MATERIAL: PLÁSTICO ABS , TIPO: INTERFOLHA , COR: BRANCA , CARACTERÍSTICAS"
federal,desinfetante,2026,Federal/ES,2.32,litro,unidade_declarada,"Desinfetante DESINFETANTE, COMPOSIÇÃO: À BASE DE QUATERNÁRIO DE AMÔNIO , CARACTERÍSTICAS ADICIONAIS: COM AROMA , PRINCÍP"
federal,desinfetante,2026,Federal/ES,2.32,litro,unidade_declarada,"Desinfetante DESINFETANTE, COMPOSIÇÃO: À BASE DE QUATERNÁRIO DE AMÔNIO , CARACTERÍSTICAS ADICIONAIS: COM AROMA , PRINCÍP"
federal,detergente,2026,Federal/ES,2.76,litro,heuristica,"Detergente DETERGENTE, COMPOSIÇÃO: ALQUILBENZENO SULFONATO DE SÓDIO , APLICAÇÃO: LIMPEZA EM GERAL , AROMA: NEUTRO , CARA"
federal,detergente,2026,Federal/ES,2.76,litro,heuristica,"Detergente DETERGENTE, COMPOSIÇÃO: ALQUILBENZENO SULFONATO DE SÓDIO , APLICAÇÃO: LIMPEZA EM GERAL , AROMA: NEUTRO , CARA"
federal,papel_toalha,2026,Federal/ES,13.48,rolo,unitario,"Toalha de papel TOALHA DE PAPEL, MATERIAL: 100% CELULOSE VIRGEM , TIPO FOLHA: 2 DOBRAS , COMPRIMENTO: 20 CM, LARGURA: 21"
federal,vassoura,2026,Federal/ES,10.4,unidade,unitario,"Vassoura VASSOURA, MATERIAL CERDAS: PÊLO SINTÉTICO , COMPRIMENTO CEPA: 30 CM, CARACTERÍSTICAS ADICIONAIS: CABO PLASTIFIC"
federal,vassoura,2026,Federal/ES,10.4,unidade,unitario,"Vassoura VASSOURA, MATERIAL CERDAS: PÊLO SINTÉTICO , COMPRIMENTO CEPA: 30 CM, CARACTERÍSTICAS ADICIONAIS: CABO PLASTIFIC"
federal,gas_glp,2026,Federal/ES,138.0,botijao_13kg,unitario,"Gás Refino De Petróleo tipo: gás liquefeito de petróleo - glp, uso: doméstico "
federal,ar_condicionado,2026,Federal/ES,6350.0,unidade,unitario,"Aparelho Ar Condicionado tipo: split, modelo: teto, capacidade refrigeração: 36.000, vazão ar: 1.400, tensão: 220, freqü"
federal,ar_condicionado,2026,Federal/ES,6350.0,unidade,unitario,"Aparelho Ar Condicionado tipo: split, modelo: teto, capacidade refrigeração: 36.000, vazão ar: 1.400, tensão: 220, freqü"
federal,suco,2026,Federal/ES,5.29,litro,heuristica,"Copo De Vidro capacidade: 350, cor: incolor, tipo uso: água/suco/refrigerante Havendo divergência entre o CATMAT (Catálo"
federal,alcool,2025,Federal/ES,4.93,litro,heuristica,"Álcool etílico limpeza de ambientes ÁLCOOL ETÍLICO LIMPEZA DE AMBIENTES, TIPO: ETÍLICO , APLICAÇÃO: LIMPEZA , CARACTERÍS"
federal,papel_toalha,2025,Federal/ES,9.98,rolo,unitario,"Toalha De Papel TOALHA DE PAPEL, MATERIAL: 100% CELULOSE VIRGEM , TIPO FOLHA: 2 DOBRAS , COMPRIMENTO: 20 CM, LARGURA: 21"
federal,vassoura,2025,Federal/ES,14.0,unidade,unitario,"Vassoura VASSOURA, MATERIAL CERDAS: PIAÇAVA , MATERIAL CABO: MADEIRA PLASTIFICADA , MATERIAL CEPA: MADEIRA , COMPRIMENTO"
federal,vassoura,2025,Federal/ES,23.4,unidade,unitario,"Vassoura VASSOURA, MATERIAL CERDAS: PIAÇAVA , MATERIAL CABO: MADEIRA , MATERIAL CEPA: MADEIRA , COMPRIMENTO CEPA: 40 CM,"
federal,sabonete,2025,Federal/ES,8.15,unidade,unitario,"Sabonete líquido SABONETE LÍQUIDO, ASPECTO FÍSICO: CREMOSO , APLICAÇÃO: SABONETEIRA PARA SABONETE LÍQUIDO , CARACTERÍSTI"
federal,desinfetante,2025,Federal/ES,27.25,litro,unidade_declarada,"Desinfetante Desinfetante Saneante, COMPOSIÇÃO: À BASE DE HIPOCLORITO DE SÓDIO , TEOR ATIVO: TEOR MÍNIMO DE 1% , FORMA F"
federal,impressora,2024,Federal/ES,2588.5,unidade,unitario,"Impressora Multifuncional IMPRESSORA MULTIFUNCIONAL, TIPO IMPRESSÃO: LASER , RESOLUÇÃO IMPRESSÃO: 1200 X 1200 DPI, TENSÃ"
federal,ar_condicionado,2026,Federal/ES,8100.99,unidade,unitario,"Aparelho Ar Condicionado tipo: split, modelo: split inverter, capacidade refrigeração: 36.000, tensão: 127/220, caracter"
federal,alcool,2026,Federal/ES,8.49,litro,unidade_declarada,"Álcool Etílico aspecto físico: líquido límpido, incolor, volátil, fórmula química: c2h5oh, peso molecular: 46,07, grau d"
federal,alcool,2026,Federal/ES,8.49,litro,unidade_declarada,"Álcool Etílico aspecto físico: líquido límpido, incolor, volátil, fórmula química: c2h5oh, peso molecular: 46,07, grau d"
federal,vassoura,2026,Federal/ES,20.0,unidade,unitario,"Vassoura características adicionais: com cabo madeira, comprimento cepa: 21, material cepa: chapa de aço, material cerda"
federal,vassoura,2026,Federal/ES,20.0,unidade,unitario,"Vassoura características adicionais: com cabo madeira, comprimento cepa: 21, material cepa: chapa de aço, material cerda"
federal,agua_mineral,2026,Federal/ES,1.23,litro,heuristica,"Água Mineral Natural tipo: sem gás, material embalagem: plástico, tipo embalagem: descartável "
federal,agua_mineral,2026,Federal/ES,2.58,litro,heuristica,"Água Mineral Natural tipo: sem gás, material embalagem: plástico, tipo embalagem: descartável "
federal,agua_sanitaria,2026,Federal/ES,2.36,litro,heuristica,"Água Sanitária ÁGUA SANITÁRIA, COMPOSIÇÃO QUÍMICA: HIPOCLORITO DE SÓDIO, HIDRÓXIDO DE SÓDIO, CLORETO , TEOR CLORO ATIVO:"
federal,agua_sanitaria,2026,Federal/ES,2.36,litro,heuristica,"Água Sanitária ÁGUA SANITÁRIA, COMPOSIÇÃO QUÍMICA: HIPOCLORITO DE SÓDIO, HIDRÓXIDO DE SÓDIO, CLORETO , TEOR CLORO ATIVO:"
federal,alcool,2026,Federal/ES,6.14,litro,unidade_declarada,"Álcool etílico ÁLCOOL ETÍLICO, TIPO: HIDRATADO , TEOR ALCOÓLICO: 70%_(70°GL) , APRESENTAÇÃO: LÍQUIDO "
federal,alcool,2026,Federal/ES,6.14,litro,unidade_declarada,"Álcool etílico ÁLCOOL ETÍLICO, TIPO: HIDRATADO , TEOR ALCOÓLICO: 70%_(70°GL) , APRESENTAÇÃO: LÍQUIDO "
federal,papel_higienico,2026,Federal/ES,3.85,rolo,unitario,"Papel Higiênico PAPEL HIGIÊNICO, MATERIAL: CELULOSE VIRGEM , COMPRIMENTO: 30 M, LARGURA: 10 CM, TIPO: PICOTADO , QUANTID"
federal,papel_higienico,2026,Federal/ES,3.85,rolo,unitario,"Papel Higiênico PAPEL HIGIÊNICO, MATERIAL: CELULOSE VIRGEM , COMPRIMENTO: 30 M, LARGURA: 10 CM, TIPO: PICOTADO , QUANTID"
federal,vassoura,2026,Federal/ES,18.0,unidade,unitario,"Vassoura VASSOURA, MATERIAL CERDAS: PIAÇAVA , COMPRIMENTO CEPA: 40 CM, CARACTERÍSTICAS ADICIONAIS: CABO PLASTIFICADO: 1,"
federal,vassoura,2026,Federal/ES,18.0,unidade,unitario,"Vassoura VASSOURA, MATERIAL CERDAS: PIAÇAVA , COMPRIMENTO CEPA: 40 CM, CARACTERÍSTICAS ADICIONAIS: CABO PLASTIFICADO: 1,"
federal,vassoura,2026,Federal/ES,12.35,unidade,unitario,"Vassoura VASSOURA, MATERIAL CERDAS: PIAÇAVA , MATERIAL CEPA: CHAPA DE AÇO , COMPRIMENTO CEPA: 21 CM, CARACTERÍSTICAS ADI"
federal,vassoura,2026,Federal/ES,12.35,unidade,unitario,"Vassoura VASSOURA, MATERIAL CERDAS: PIAÇAVA , MATERIAL CEPA: CHAPA DE AÇO , COMPRIMENTO CEPA: 21 CM, CARACTERÍSTICAS ADI"
federal,suco,2026,Federal/ES,8.01,litro,heuristica,"Copo De Vidro capacidade: 350, cor: incolor, tipo uso: água/suco/refrigerante Havendo divergência entre o CATMAT (Catálo"
federal,sabonete,2026,Federal/ES,6.7,unidade,unitario,"Sabonete Líquido SABONETE LÍQUIDO, ASPECTO FÍSICO: CREMOSO , APLICAÇÃO: SABONETEIRA PARA SABONETE LÍQUIDO , CARACTERÍSTI"
federal,sabonete,2026,Federal/ES,6.7,unidade,unitario,"Sabonete Líquido SABONETE LÍQUIDO, ASPECTO FÍSICO: CREMOSO , APLICAÇÃO: SABONETEIRA PARA SABONETE LÍQUIDO , CARACTERÍSTI"
federal,alcool,2025,Federal/ES,4.15,litro,unidade_declarada,"Álcool etílico limpeza de ambientes ÁLCOOL ETÍLICO LIMPEZA DE AMBIENTES, TIPO: ETÍLICO HIDRATADO , CARACTERÍSTICAS ADICI"
federal,desinfetante,2025,Federal/ES,2.75,litro,unidade_declarada,"Desinfetante DESINFETANTE, PRINCÍPIO ATIVO: CLORETO ALQUIL DIMETIL BENZIL AMÔNIO , TEOR ATIVO: 0,4% (P/P) , FORMA FÍSICA"
federal,detergente,2025,Federal/ES,3.08,litro,heuristica,"Detergente DETERGENTE, COMPOSIÇÃO: DODECILBENZENO SULFONATO DE SÓDIO , APLICAÇÃO: LAVAGEM DE LOUÇAS , AROMA: INODORO , C"
federal,agua_sanitaria,2025,Federal/ES,2.46,litro,unidade_declarada,"Água sanitária ÁGUA SANITÁRIA, COMPOSIÇÃO QUÍMICA: HIPOCLORITO DE SÓDIO, HIDRÓXIDO DE SÓDIO, CLORETO , TEOR CLORO ATIVO:"
federal,papel_higienico,2025,Federal/ES,3.69,rolo,unitario,"Papel Higiênico PAPEL HIGIÊNICO, MATERIAL: CELULOSE VIRGEM , COMPRIMENTO: 30 M, LARGURA: 10 CM, TIPO: PICOTADO , QUANTID"
federal,vassoura,2025,Federal/ES,12.7,unidade,unitario,"Vassoura VASSOURA, MATERIAL CERDAS: PÊLO SINTÉTICO , COMPRIMENTO CEPA: 30 CM, CARACTERÍSTICAS ADICIONAIS: CABO PLASTIFIC"
federal,vassoura,2025,Federal/ES,14.49,unidade,unitario,"Vassoura jardinagem VASSOURA JARDINAGEM, TIPO: FIXA , MATERIAL CERDAS: POLIPROPILENO ALTA RESISTÊNCIA , CARACTERÍSTICAS "
federal,agua_sanitaria,2026,Federal/ES,13.9,litro,heuristica,"Água Sanitária composição química: hipoclorito de sódio, hidróxido de sódio, cloreto, cor: incolor, densidade: de 1,20 a"
federal,acucar,2026,Federal/ES,3.37,kg,descricao,"Açúcar coloração: branca, tipo: cristal AÇÚCAR BRANCO TIPO CRISTAL 5 KG – MARCA DE REFERÊNCIA: ALCON "
federal,farinha_trigo,2026,Federal/ES,15.4286,kg,descricao,"Biscoito ingredientes: farinha de trigo enriquecida com ferro e acido, sabor: salgado, tipo: cream cracker BISCOITO CREA"
federal,biscoito,2026,Federal/ES,16.5714,kg,descricao,"Biscoito sabor: maizena, tipo: sem recheio BISCOITO DOCE MAISENA 350 G – MARCA DE REFERÊNCIA: MARILAN "
federal,toner,2026,Federal/ES,39.4,unidade,unitario,"Cartucho Toner Impressora Samsung cor tinta: preta, referência cartucho: clt-k406s, tipo cartucho: compatível "
federal,desinfetante,2026,Federal/ES,3.724,litro,unidade_declarada,"Desinfetante característica adicional: com aroma, composição: à base de quaternário de amônio, forma física: solução aqu"
federal,desinfetante,2026,Federal/ES,2.27,litro,unidade_declarada,"Desinfetante característica adicional: com aroma, composição: à base de quaternário de amônio, forma física: solução aqu"
federal,papel_higienico,2026,Federal/ES,6.8225,rolo,unitario,"Papel Higiênico características adicionais: extra luxo, cor: branca, largura: 10, material: celulose virgem, quantidade "
federal,sabao_barra,2026,Federal/ES,20.02,kg,descricao,"Sabão Barra características adicionais: sem perfume, composição básica: sais + ácido graxo, tipo: neutro SABÃO EM BARRA "
