produto,ano,fonte,unidade_padrao,preco_mediano,preco_medio,preco_min,preco_max,n_registros,ratio_max_min
aas,2019,estadual,unidade,0.41,0.37,0.04,0.88,31,24.5
aas,2019,federal,unidade,0.1,0.17,0.04,0.36,3,9.0
aas,2019,municipal,unidade,0.44,0.44,0.35,0.53,2,1.5
aas,2020,estadual,unidade,0.23,0.21,0.03,0.46,9,13.8
aas,2020,federal,unidade,0.15,0.15,0.09,0.21,2,2.3
aas,2020,municipal,unidade,0.03,0.11,0.02,0.39,6,20.3
aas,2021,estadual,unidade,0.47,0.57,0.25,1.02,12,4.0
aas,2021,municipal,unidade,0.03,0.14,0.03,0.61,8,18.3
aas,2022,estadual,unidade,0.44,0.36,0.05,0.52,8,9.8
aas,2022,federal,unidade,0.16,0.28,0.05,0.75,4,15.0
aas,2022,municipal,unidade,0.05,0.05,0.05,0.05,4,1.0
aas,2023,estadual,unidade,0.48,0.45,0.3,0.55,8,1.8
aas,2023,municipal,unidade,0.04,0.04,0.04,0.05,26,1.3
aas,2024,estadual,unidade,0.48,0.4,0.04,0.57,19,13.7
aas,2024,federal,unidade,0.2,0.2,0.05,0.34,2,6.8
aas,2024,municipal,unidade,0.04,0.04,0.03,0.04,27,1.2
aas,2025,estadual,unidade,0.03,0.28,0.03,0.79,3,26.3
aas,2025,municipal,unidade,0.03,0.09,0.02,0.78,33,32.5
aas,2026,municipal,unidade,0.02,0.04,0.02,0.18,11,7.2
abacaxi,2019,municipal,unidade,2.29,2.29,2.29,2.29,2,1.0
abacaxi,2020,municipal,unidade,6.39,6.08,4.12,7.42,4,1.8
abacaxi,2021,municipal,unidade,5.03,5.03,4.86,5.19,4,1.1
abacaxi,2022,municipal,unidade,5.72,5.28,2.25,7.99,28,3.6
abacaxi,2023,municipal,unidade,5.07,4.45,2.03,6.98,58,3.4
abacaxi,2024,federal,unidade,7.36,7.28,5.8,8.9,10,1.5
abacaxi,2024,municipal,unidade,5.66,5.52,2.0,8.49,75,4.2
abacaxi,2025,federal,unidade,6.46,7.26,5.5,12.0,8,2.2
abacaxi,2025,municipal,unidade,4.9,5.53,3.6,8.25,37,2.3
abacaxi,2026,municipal,unidade,5.24,5.52,3.94,7.04,10,1.8
abobora,2019,federal,kg,1.99,2.04,1.98,2.12,5,1.1
abobora,2019,municipal,kg,2.48,2.48,2.48,2.48,2,1.0
abobora,2020,municipal,kg,2.19,2.3,2.05,2.71,9,1.3
abobora,2021,municipal,kg,3.24,3.12,2.68,3.45,6,1.3
abobora,2022,municipal,kg,3.85,4.12,2.48,6.2,34,2.5
abobora,2023,municipal,kg,3.9,4.21,1.55,6.3,106,4.1
abobora,2024,federal,kg,4.25,4.59,3.85,5.75,13,1.5
abobora,2024,municipal,kg,3.79,3.69,2.05,5.73,65,2.8
abobora,2025,federal,kg,4.96,4.47,2.3,5.45,18,2.4
abobora,2025,municipal,kg,5.01,4.22,2.05,5.38,55,2.6
abobora,2026,municipal,kg,4.6,3.7,2.0,5.52,9,2.8
achocolatado,2019,federal,kg,17.15,17.6,9.05,30.0,6,3.3
achocolatado,2019,municipal,kg,14.78,14.78,13.38,16.18,2,1.2
achocolatado,2020,federal,kg,9.81,9.81,5.75,13.85,4,2.4
achocolatado,2020,municipal,kg,12.48,14.46,12.48,18.42,3,1.5
achocolatado,2021,federal,kg,11.15,12.83,9.32,19.7,4,2.1
achocolatado,2021,municipal,kg,12.09,12.84,12.09,14.35,3,1.2
achocolatado,2022,federal,kg,14.62,16.38,13.25,21.25,3,1.6
achocolatado,2022,municipal,kg,18.5,28.64,6.88,56.05,40,8.2
achocolatado,2023,municipal,kg,10.0,15.66,8.48,47.1,38,5.6
achocolatado,2024,municipal,kg,44.65,30.83,7.34,44.65,76,6.1
achocolatado,2025,federal,kg,16.85,22.7,12.98,44.75,6,3.4
achocolatado,2025,municipal,kg,24.88,26.28,7.1,39.28,93,5.5
achocolatado,2026,municipal,kg,8.0,8.36,8.0,8.9,5,1.1
acucar,2019,estadual,kg,8.9,8.17,1.82,20.0,35,11.0
acucar,2019,federal,kg,3.99,5.56,1.82,9.99,37,5.5
acucar,2019,municipal,kg,3.98,4.4,1.62,10.0,8,6.2
acucar,2020,estadual,kg,4.65,7.5,2.0,19.2,33,9.6
acucar,2020,federal,kg,4.3,5.83,1.99,12.5,17,6.3
acucar,2020,municipal,kg,3.55,6.98,2.08,22.25,25,10.7
acucar,2021,estadual,kg,5.91,8.34,2.8,20.5,34,7.3
acucar,2021,federal,kg,11.2,10.2,3.8,16.28,20,4.3
acucar,2021,municipal,kg,13.18,13.04,2.86,24.0,54,8.4
acucar,2022,estadual,kg,6.71,10.51,3.98,22.6,33,5.7
acucar,2022,federal,kg,6.71,8.75,4.07,19.5,25,4.8
acucar,2022,municipal,kg,6.35,8.58,3.24,24.99,331,7.7
acucar,2023,estadual,kg,8.48,11.28,4.03,21.51,20,5.3
acucar,2023,municipal,kg,6.6,8.8,3.06,23.58,758,7.7
acucar,2024,estadual,kg,8.99,11.59,4.45,22.32,21,5.0
acucar,2024,federal,kg,15.45,13.27,2.97,22.98,52,7.7
acucar,2024,municipal,kg,5.45,8.0,2.94,22.13,806,7.5
acucar,2025,estadual,kg,16.24,13.63,5.95,21.2,16,3.6
acucar,2025,federal,kg,11.58,11.87,2.05,22.32,58,10.9
acucar,2025,municipal,kg,8.55,9.77,3.29,24.45,795,7.4
acucar,2026,estadual,kg,18.39,16.55,6.54,24.71,3,3.8
acucar,2026,federal,kg,7.98,11.47,3.83,22.5,16,5.9
acucar,2026,municipal,kg,4.07,6.86,2.8,24.05,266,8.6
agua_mineral,2019,estadual,litro,4.2,4.34,0.65,9.8,37,15.1
agua_mineral,2019,federal,litro,6.44,5.49,0.48,10.0,27,20.8
agua_mineral,2020,estadual,litro,8.0,6.77,1.54,9.5,15,6.2
agua_mineral,2020,federal,litro,5.64,4.38,0.7,8.62,16,12.3
agua_mineral,2020,municipal,litro,0.43,0.45,0.31,0.56,8,1.8
agua_mineral,2021,estadual,litro,6.0,6.53,1.9,12.0,21,6.3
agua_mineral,2021,federal,litro,7.83,5.59,0.79,9.47,13,12.0
agua_mineral,2021,municipal,litro,0.6,0.97,0.34,3.02,16,8.8
agua_mineral,2022,estadual,litro,1.88,2.4,0.68,7.02,24,10.3
agua_mineral,2022,federal,litro,8.87,6.04,0.98,10.0,11,10.2
agua_mineral,2022,municipal,litro,0.62,1.01,0.32,3.84,91,11.9
agua_mineral,2023,estadual,litro,3.33,3.66,1.25,7.68,14,6.1
agua_mineral,2023,municipal,litro,1.92,1.87,0.4,5.95,290,14.8
agua_mineral,2024,estadual,litro,0.87,1.4,0.59,3.32,9,5.6
agua_mineral,2024,federal,litro,10.9,8.0,1.69,11.9,19,7.0
agua_mineral,2024,municipal,litro,1.78,2.52,0.42,7.99,205,18.8
agua_mineral,2025,federal,litro,2.38,3.35,0.82,10.9,18,13.3
agua_mineral,2025,municipal,litro,1.98,2.11,0.51,5.45,270,10.7
agua_mineral,2026,federal,litro,2.64,4.37,1.23,10.99,4,8.9
agua_mineral,2026,municipal,litro,1.6,1.79,0.51,4.75,35,9.2
agua_sanitaria,2019,estadual,litro,2.55,2.94,2.5,3.78,3,1.5
agua_sanitaria,2019,federal,litro,1.9,2.48,1.5,7.49,13,5.0
agua_sanitaria,2020,estadual,litro,3.15,7.71,2.13,20.49,13,9.6
agua_sanitaria,2020,federal,litro,2.22,4.12,1.74,9.5,7,5.5
agua_sanitaria,2021,estadual,litro,9.91,10.1,3.31,17.78,7,5.4
agua_sanitaria,2021,federal,litro,2.19,2.13,1.72,2.4,5,1.4
agua_sanitaria,2022,estadual,litro,5.0,5.04,4.37,5.86,5,1.3
agua_sanitaria,2022,federal,litro,2.93,3.57,2.2,9.0,8,4.1
agua_sanitaria,2022,municipal,litro,2.09,2.31,2.08,4.62,40,2.2
agua_sanitaria,2023,estadual,litro,5.6,6.02,5.5,7.37,4,1.3
agua_sanitaria,2023,municipal,litro,2.35,3.68,1.14,20.67,76,18.1
agua_sanitaria,2024,estadual,litro,13.67,12.75,4.6,19.07,4,4.1
agua_sanitaria,2024,federal,litro,1.94,2.1,1.85,2.9,6,1.6
agua_sanitaria,2024,municipal,litro,2.0,2.12,1.14,3.75,77,3.3
agua_sanitaria,2025,estadual,litro,11.86,10.71,4.64,14.48,4,3.1
agua_sanitaria,2025,federal,litro,4.27,6.62,2.28,17.9,8,7.9
agua_sanitaria,2025,municipal,litro,2.22,3.28,1.4,10.0,67,7.1
agua_sanitaria,2026,federal,litro,2.63,3.01,2.36,4.43,4,1.9
agua_sanitaria,2026,municipal,litro,2.22,2.97,1.3,9.49,17,7.3
agulha_descartavel,2019,estadual,unidade,0.32,0.27,0.08,0.5,16,6.2
agulha_descartavel,2019,federal,unidade,0.75,0.56,0.17,0.82,5,4.8
agulha_descartavel,2020,estadual,unidade,0.44,0.49,0.25,0.89,39,3.6
agulha_descartavel,2020,municipal,unidade,0.3,0.29,0.18,0.33,10,1.9
agulha_descartavel,2021,estadual,unidade,0.41,0.41,0.17,0.66,36,3.9
agulha_descartavel,2021,federal,unidade,0.12,0.12,0.12,0.12,2,1.0
agulha_descartavel,2021,municipal,unidade,0.26,0.39,0.16,0.83,11,5.2
agulha_descartavel,2022,estadual,unidade,0.41,0.43,0.3,0.77,18,2.6
agulha_descartavel,2022,municipal,unidade,0.11,0.17,0.08,0.39,31,4.9
agulha_descartavel,2023,estadual,unidade,0.33,0.3,0.11,0.64,25,6.1
agulha_descartavel,2023,municipal,unidade,0.06,0.09,0.06,0.35,251,5.8
agulha_descartavel,2024,estadual,unidade,0.24,0.27,0.1,0.74,17,7.4
agulha_descartavel,2024,municipal,unidade,0.18,0.18,0.05,0.35,100,6.5
agulha_descartavel,2025,estadual,unidade,0.22,0.22,0.21,0.24,4,1.1
agulha_descartavel,2025,federal,unidade,0.2,0.2,0.08,0.33,2,4.1
agulha_descartavel,2025,municipal,unidade,0.18,0.16,0.05,0.23,67,4.7
agulha_descartavel,2026,municipal,unidade,0.08,0.11,0.07,0.22,111,3.1
aipim,2019,federal,kg,2.08,2.25,1.96,2.71,6,1.4
aipim,2019,municipal,kg,2.75,2.75,2.75,2.75,2,1.0
aipim,2020,municipal,kg,2.21,2.42,1.7,3.12,13,1.8
aipim,2021,municipal,kg,3.66,3.97,3.47,5.07,4,1.5
aipim,2022,municipal,kg,4.36,4.01,2.5,5.5,35,2.2
aipim,2023,municipal,kg,4.37,4.37,2.0,5.8,114,2.9
aipim,2024,federal,kg,4.06,4.38,3.95,5.15,12,1.3
aipim,2024,municipal,kg,4.5,4.22,2.0,10.39,86,5.2
aipim,2025,federal,kg,5.16,4.84,2.44,6.0,9,2.5
aipim,2025,municipal,kg,5.26,4.96,2.64,5.5,75,2.1
aipim,2026,municipal,kg,3.99,4.01,2.2,5.73,12,2.6
albendazol,2019,estadual,unidade,1.16,0.97,0.5,1.24,3,2.5
albendazol,2019,federal,unidade,1.08,1.08,0.49,1.68,2,3.4
albendazol,2019,municipal,unidade,0.46,0.64,0.38,1.08,3,2.8
albendazol,2020,estadual,unidade,0.99,1.08,0.45,1.87,4,4.2
albendazol,2020,federal,unidade,0.94,0.94,0.47,1.4,2,3.0
albendazol,2020,municipal,unidade,0.81,0.81,0.41,1.23,4,3.0
albendazol,2021,estadual,unidade,0.69,0.77,0.48,1.13,3,2.3
albendazol,2021,municipal,unidade,0.33,0.5,0.28,0.93,6,3.3
albendazol,2022,estadual,unidade,0.44,0.61,0.41,1.14,4,2.8
albendazol,2022,federal,unidade,0.72,0.72,0.42,1.03,2,2.5
albendazol,2022,municipal,unidade,0.9,0.7,0.35,1.14,15,3.3
albendazol,2023,estadual,unidade,1.04,1.16,0.37,2.44,6,6.7
albendazol,2023,municipal,unidade,0.4,0.66,0.3,1.42,52,4.7
albendazol,2024,estadual,unidade,1.36,1.36,1.36,1.36,2,1.0
albendazol,2024,municipal,unidade,0.41,0.79,0.37,1.42,57,3.9
albendazol,2025,estadual,unidade,1.21,1.43,1.08,1.76,7,1.6
albendazol,2025,municipal,unidade,1.0,0.74,0.35,1.26,44,3.6
albendazol,2026,municipal,unidade,0.46,0.68,0.42,1.08,12,2.6
alcool,2019,estadual,litro,8.76,9.54,5.1,16.25,32,3.2
alcool,2019,federal,litro,6.85,8.5,3.96,24.05,56,6.1
alcool,2019,municipal,litro,4.4,4.4,4.4,4.4,8,1.0
alcool,2020,estadual,litro,9.5,11.85,4.99,29.26,90,5.9
alcool,2020,federal,litro,8.4,11.08,3.99,30.0,91,7.5
alcool,2020,municipal,litro,6.76,8.25,4.33,12.51,13,2.9
alcool,2021,estadual,litro,9.23,11.56,5.87,26.86,67,4.6
alcool,2021,federal,litro,7.06,9.88,4.5,25.99,39,5.8
alcool,2021,municipal,litro,7.9,10.15,6.83,21.12,51,3.1
alcool,2022,estadual,litro,11.32,12.48,6.9,27.62,66,4.0
alcool,2022,federal,litro,9.6,13.11,3.95,34.9,41,8.8
alcool,2022,municipal,litro,8.0,8.67,5.14,13.96,69,2.7
alcool,2023,estadual,litro,12.06,12.46,7.38,22.71,28,3.1
alcool,2023,municipal,litro,7.82,8.59,4.56,22.3,312,4.9
alcool,2024,estadual,litro,11.31,11.91,4.89,25.2,37,5.2
alcool,2024,federal,litro,7.0,8.69,3.91,22.11,29,5.7
alcool,2024,municipal,litro,6.44,7.32,4.5,15.16,174,3.4
alcool,2025,estadual,litro,8.13,11.89,4.29,28.8,19,6.7
alcool,2025,federal,litro,11.8,12.1,5.07,25.49,47,5.0
alcool,2025,municipal,litro,8.75,7.9,4.8,15.62,262,3.3
alcool,2026,federal,litro,7.58,7.54,5.25,11.56,14,2.2
alcool,2026,municipal,litro,8.62,8.92,4.39,14.24,41,3.2
alface,2019,municipal,unidade,3.36,3.36,3.36,3.36,2,1.0
alface,2020,municipal,unidade,6.2,6.03,4.3,6.86,7,1.6
alface,2021,municipal,unidade,6.46,6.43,5.23,7.14,6,1.4
alface,2022,municipal,unidade,2.14,2.43,1.73,4.1,33,2.4
alface,2023,municipal,unidade,4.2,4.47,1.73,6.81,95,3.9
alface,2024,federal,unidade,3.03,3.8,2.49,6.99,15,2.8
alface,2024,municipal,unidade,4.75,4.59,2.26,6.76,64,3.0
alface,2025,federal,unidade,3.66,3.51,1.43,4.67,17,3.3
alface,2025,municipal,unidade,4.88,4.61,1.7,7.73,45,4.5
alface,2026,municipal,unidade,3.04,3.94,2.5,6.0,9,2.4
algodao,2019,estadual,kg,12.0,13.16,8.9,20.0,8,2.2
algodao,2020,estadual,kg,14.95,15.59,13.5,18.95,4,1.4
algodao,2020,municipal,kg,20.62,20.62,18.38,22.87,2,1.2
algodao,2021,estadual,kg,13.99,14.56,11.0,19.0,7,1.7
algodao,2021,municipal,kg,23.47,22.46,16.97,25.92,4,1.5
algodao,2022,estadual,kg,17.5,20.74,13.14,30.32,7,2.3
algodao,2022,municipal,kg,15.1,15.96,15.0,17.0,23,1.1
algodao,2023,estadual,kg,29.9,37.69,26.92,52.29,5,1.9
algodao,2023,municipal,kg,27.76,27.25,14.1,39.7,69,2.8
algodao,2024,estadual,kg,15.73,18.21,14.9,23.99,3,1.6
algodao,2024,municipal,kg,28.4,33.09,13.75,50.5,62,3.7
algodao,2025,federal,kg,25.44,27.52,21.0,38.2,4,1.8
algodao,2025,municipal,kg,24.48,22.7,13.19,31.86,23,2.4
algodao,2026,municipal,kg,24.48,22.91,12.24,31.86,36,2.6
alho,2019,municipal,kg,14.98,14.98,14.98,14.98,2,1.0
alho,2020,municipal,kg,30.56,30.56,30.56,30.56,2,1.0
alho,2021,municipal,kg,17.63,17.63,17.63,17.63,2,1.0
alho,2022,municipal,kg,19.1,19.1,19.1,19.1,4,1.0
alho,2023,municipal,kg,20.1,20.73,13.65,24.0,27,1.8
alho,2024,municipal,kg,21.6,22.27,15.89,28.45,36,1.8
alho,2025,municipal,kg,24.9,25.19,15.56,35.8,20,2.3
alho,2026,municipal,kg,28.51,28.51,28.51,28.51,3,1.0
amaciante,2019,federal,litro,2.28,3.11,2.1,4.95,3,2.4
amaciante,2021,federal,litro,5.01,5.2,4.4,6.16,3,1.4
amaciante,2022,federal,litro,2.62,2.62,2.4,2.84,2,1.2
amaciante,2022,municipal,litro,3.73,4.26,2.78,5.96,9,2.1
amaciante,2023,municipal,litro,2.7,3.64,2.25,5.96,11,2.6
amaciante,2024,municipal,litro,2.61,2.72,2.25,4.28,10,1.9
amaciante,2025,federal,litro,2.71,2.71,2.56,2.86,2,1.1
amaciante,2025,municipal,litro,2.7,2.79,2.26,3.25,41,1.4
amaciante,2026,municipal,litro,2.7,2.7,2.7,2.7,4,1.0
amido_milho,2019,estadual,kg,6.48,6.48,4.98,7.97,2,1.6
amido_milho,2020,estadual,kg,7.92,7.92,5.85,10.0,2,1.7
amido_milho,2020,municipal,kg,12.36,12.36,10.72,14.0,4,1.3
amido_milho,2021,municipal,kg,7.22,14.07,7.22,24.34,5,3.4
amido_milho,2022,estadual,kg,11.99,11.99,8.88,15.1,2,1.7
amido_milho,2022,municipal,kg,14.82,15.84,5.4,29.2,14,5.4
amido_milho,2023,estadual,kg,4.95,8.44,4.59,15.79,3,3.4
amido_milho,2023,municipal,kg,11.12,13.88,5.8,29.3,64,5.1
amido_milho,2024,municipal,kg,9.71,11.47,6.15,23.8,37,3.9
amido_milho,2025,estadual,kg,4.95,4.95,4.95,4.95,2,1.0
amido_milho,2025,municipal,kg,9.71,12.34,5.09,26.39,41,5.2
amido_milho,2026,municipal,kg,6.4,6.65,4.41,9.4,8,2.1
amitriptilina,2019,estadual,unidade,0.25,0.39,0.04,1.76,15,50.3
amitriptilina,2019,federal,unidade,0.08,0.08,0.08,0.08,2,1.0
amitriptilina,2020,estadual,unidade,0.17,0.26,0.03,0.75,18,23.9
amitriptilina,2020,municipal,unidade,0.04,0.04,0.04,0.06,4,1.5
amitriptilina,2021,estadual,unidade,0.32,0.42,0.09,1.17,10,13.0
amitriptilina,2021,municipal,unidade,0.12,0.1,0.05,0.12,8,2.6
amitriptilina,2022,estadual,unidade,0.42,0.49,0.32,0.8,4,2.5
amitriptilina,2022,municipal,unidade,0.06,0.06,0.05,0.07,8,1.4
amitriptilina,2023,estadual,unidade,0.37,0.39,0.04,0.87,7,19.5
amitriptilina,2023,municipal,unidade,0.04,0.04,0.04,0.07,26,1.8
amitriptilina,2024,estadual,unidade,0.05,0.05,0.05,0.05,2,1.0
amitriptilina,2024,municipal,unidade,0.04,0.06,0.03,0.27,35,7.9
amitriptilina,2025,estadual,unidade,1.39,1.05,0.04,1.73,3,43.5
amitriptilina,2025,municipal,unidade,0.04,0.03,0.03,0.04,32,1.6
amitriptilina,2026,municipal,unidade,0.03,0.03,0.03,0.04,11,1.4
amoxicilina,2019,estadual,unidade,1.0,4.22,0.17,13.12,18,77.1
amoxicilina,2019,federal,unidade,1.0,2.13,0.21,8.15,5,38.8
amoxicilina,2019,municipal,unidade,3.7,5.07,0.15,12.7,5,84.9
amoxicilina,2020,estadual,unidade,1.08,4.57,0.16,15.0,19,94.1
amoxicilina,2020,federal,unidade,7.84,6.64,0.24,14.54,7,60.6
amoxicilina,2020,municipal,unidade,0.75,2.93,0.18,10.87,12,60.4
amoxicilina,2021,estadual,unidade,4.97,7.21,0.22,18.57,19,82.5
amoxicilina,2021,federal,unidade,0.69,2.59,0.29,6.8,3,23.4
amoxicilina,2021,municipal,unidade,1.15,3.12,0.2,11.3,15,55.7
amoxicilina,2022,estadual,unidade,1.87,3.55,0.91,11.24,7,12.4
amoxicilina,2022,federal,unidade,0.79,1.6,0.21,5.41,5,25.8
amoxicilina,2022,municipal,unidade,1.06,3.7,0.18,12.46,34,69.3
amoxicilina,2023,estadual,unidade,2.2,3.91,0.07,17.0,19,249.6
amoxicilina,2023,municipal,unidade,3.52,3.39,0.18,9.49,58,52.8
amoxicilina,2024,estadual,unidade,0.3,1.16,0.23,3.88,10,16.9
amoxicilina,2024,federal,unidade,0.35,0.7,0.29,1.45,3,5.0
amoxicilina,2024,municipal,unidade,1.0,2.32,0.2,6.29,101,31.4
amoxicilina,2025,estadual,unidade,0.63,2.69,0.22,9.3,4,43.0
amoxicilina,2025,federal,unidade,7.5,6.96,0.85,12.0,4,14.1
amoxicilina,2025,municipal,unidade,2.2,3.86,0.18,13.5,129,75.0
amoxicilina,2026,municipal,unidade,1.22,3.26,0.18,9.98,40,55.5
anlodipino,2019,estadual,unidade,1.08,1.2,0.04,3.07,36,81.5
anlodipino,2019,municipal,unidade,0.06,0.06,0.06,0.06,2,1.0
anlodipino,2020,estadual,unidade,1.12,1.18,0.04,3.49,33,95.3
anlodipino,2020,federal,unidade,0.06,0.06,0.05,0.07,2,1.4
anlodipino,2020,municipal,unidade,0.03,0.03,0.03,0.03,5,1.4
anlodipino,2021,estadual,unidade,1.68,1.85,0.1,3.46,34,34.6
anlodipino,2021,municipal,unidade,0.03,0.03,0.03,0.03,4,1.0
anlodipino,2022,estadual,unidade,1.89,1.98,0.08,3.72,37,45.4
anlodipino,2022,municipal,unidade,0.03,0.04,0.03,0.07,11,2.3
anlodipino,2023,estadual,unidade,2.01,1.81,0.08,3.51,34,45.7
anlodipino,2023,municipal,unidade,0.03,0.04,0.03,0.07,53,2.4
anlodipino,2024,estadual,unidade,2.11,1.95,0.04,3.93,34,105.3
anlodipino,2024,municipal,unidade,0.03,0.04,0.02,0.07,47,3.3
anlodipino,2025,estadual,unidade,0.23,0.97,0.04,2.28,5,57.1
anlodipino,2025,federal,unidade,0.06,0.06,0.03,0.09,2,3.6
anlodipino,2025,municipal,unidade,0.03,0.03,0.02,0.05,45,2.5
anlodipino,2026,municipal,unidade,0.03,0.03,0.02,0.05,17,2.1
apontador,2019,estadual,unidade,4.08,4.41,1.66,7.66,6,4.6
apontador,2019,federal,unidade,0.92,1.47,0.56,4.43,8,7.9
apontador,2019,municipal,unidade,1.82,1.82,1.27,2.38,2,1.9
apontador,2020,estadual,unidade,6.94,5.56,1.0,8.75,3,8.8
apontador,2020,federal,unidade,0.64,0.66,0.6,0.77,5,1.3
apontador,2020,municipal,unidade,1.43,1.28,0.82,1.43,4,1.7
apontador,2021,estadual,unidade,6.96,6.53,5.66,6.96,3,1.2
apontador,2021,federal,unidade,0.34,0.39,0.21,0.63,3,3.0
apontador,2021,municipal,unidade,2.94,2.63,1.93,3.25,20,1.7
apontador,2022,estadual,unidade,1.21,2.27,1.03,5.63,4,5.5
apontador,2022,federal,unidade,0.52,0.6,0.35,1.15,6,3.3
apontador,2022,municipal,unidade,0.38,0.56,0.22,1.12,42,5.1
apontador,2023,estadual,unidade,1.27,1.27,0.85,1.7,2,2.0
apontador,2023,municipal,unidade,0.75,0.76,0.25,3.17,103,12.7
apontador,2024,federal,unidade,0.54,1.55,0.5,3.61,3,7.2
apontador,2024,municipal,unidade,0.53,0.55,0.25,0.96,126,3.8
apontador,2025,estadual,unidade,1.75,1.83,1.3,2.53,4,1.9
apontador,2025,federal,unidade,0.76,0.99,0.23,2.05,6,8.9
apontador,2025,municipal,unidade,0.56,1.55,0.41,8.0,64,19.5
apontador,2026,municipal,unidade,1.19,2.69,0.45,7.9,25,17.6
ar_condicionado,2019,estadual,unidade,2710.15,3804.99,1152.84,8800.0,115,7.6
ar_condicionado,2019,federal,unidade,2125.0,3492.29,953.12,12250.61,90,12.9
ar_condicionado,2019,municipal,unidade,2500.0,3328.34,868.16,13104.0,28,15.1
ar_condicionado,2020,estadual,unidade,3210.0,4707.98,1428.8,11903.72,105,8.3
ar_condicionado,2020,federal,unidade,3340.0,4142.89,957.8,10770.0,89,11.2
ar_condicionado,2020,municipal,unidade,2718.53,3639.23,1000.0,11900.0,123,11.9
ar_condicionado,2021,estadual,unidade,3000.0,3717.94,1100.0,9100.0,116,8.3
ar_condicionado,2021,federal,unidade,3194.0,4020.08,850.0,10315.0,57,12.1
ar_condicionado,2021,municipal,unidade,3120.83,4117.66,1893.33,8750.0,34,4.6
ar_condicionado,2022,estadual,unidade,4500.0,6317.07,1100.0,16900.0,136,15.4
ar_condicionado,2022,federal,unidade,2930.2,3935.62,828.0,13156.0,71,15.9
ar_condicionado,2022,municipal,unidade,2630.0,3319.84,902.43,11000.0,271,12.2
ar_condicionado,2023,estadual,unidade,3673.0,4522.0,875.0,13472.93,59,15.4
ar_condicionado,2023,federal,unidade,1925.0,1753.75,840.0,2350.0,8,2.8
ar_condicionado,2023,municipal,unidade,2865.31,3567.49,951.72,10188.46,652,10.7
ar_condicionado,2024,estadual,unidade,4320.0,5609.74,1200.0,15100.0,33,12.6
ar_condicionado,2024,federal,unidade,3116.33,3772.74,850.0,11995.0,161,14.1
ar_condicionado,2024,municipal,unidade,2900.0,3731.44,955.74,12385.0,497,13.0
ar_condicionado,2025,estadual,unidade,4180.56,5197.27,1588.15,14000.0,60,8.8
ar_condicionado,2025,federal,unidade,3295.0,4401.09,950.0,11588.99,69,12.2
ar_condicionado,2025,municipal,unidade,3296.0,4438.52,943.96,12999.0,400,13.8
ar_condicionado,2026,estadual,unidade,11751.48,11751.48,11525.0,11977.97,2,1.0
ar_condicionado,2026,federal,unidade,4840.03,4855.58,1550.0,8100.99,18,5.2
ar_condicionado,2026,municipal,unidade,2611.74,3554.07,900.0,11725.0,162,13.0
areia,2019,estadual,m3,109.0,92.67,60.0,109.0,3,1.8
areia,2019,municipal,m3,72.28,72.28,68.75,75.8,4,1.1
areia,2020,estadual,m3,95.87,88.24,63.75,104.75,5,1.6
areia,2020,municipal,m3,67.74,72.38,66.6,82.8,3,1.2
areia,2021,estadual,m3,142.91,143.15,110.0,176.8,4,1.6
areia,2021,municipal,m3,90.0,82.95,71.67,90.7,5,1.3
areia,2022,estadual,m3,152.14,145.99,132.5,153.33,3,1.2
areia,2022,municipal,m3,56.51,67.99,33.26,160.0,153,4.8
areia,2023,estadual,m3,150.0,159.25,150.0,177.75,3,1.2
areia,2023,municipal,m3,60.91,75.03,33.23,175.03,296,5.3
areia,2024,municipal,m3,60.0,60.91,33.43,135.0,342,4.0
areia,2025,municipal,m3,62.18,75.69,32.54,203.5,147,6.3
areia,2026,estadual,m3,199.3,199.3,199.3,199.3,2,1.0
areia,2026,municipal,m3,68.83,81.14,33.28,269.38,100,8.1
argamassa,2019,estadual,kg,2.51,3.51,0.58,7.9,10,13.7
argamassa,2019,federal,kg,4.46,4.97,2.5,9.0,9,3.6
argamassa,2019,municipal,kg,1.41,1.41,1.41,1.41,2,1.0
argamassa,2020,estadual,kg,0.72,1.88,0.38,8.0,16,21.3
argamassa,2020,federal,kg,6.55,6.55,4.65,8.45,2,1.8
argamassa,2020,municipal,kg,1.53,2.13,1.48,3.39,6,2.3
argamassa,2021,estadual,kg,1.3,1.21,0.67,1.39,11,2.1
argamassa,2021,federal,kg,3.99,5.56,3.7,9.0,3,2.4
argamassa,2022,estadual,kg,1.74,1.99,0.66,4.38,16,6.6
argamassa,2022,federal,kg,3.84,3.84,2.68,5.0,2,1.9
argamassa,2022,municipal,kg,4.27,4.0,0.9,7.86,45,8.7
argamassa,2023,municipal,kg,2.12,2.28,0.68,6.06,148,8.9
argamassa,2024,estadual,kg,1.46,2.48,0.54,7.51,10,13.9
argamassa,2024,federal,kg,7.67,7.75,6.99,8.69,4,1.2
argamassa,2024,municipal,kg,2.05,3.06,0.57,8.33,118,14.7
argamassa,2025,municipal,kg,2.12,3.07,0.49,7.97,77,16.2
argamassa,2026,municipal,kg,0.8,1.36,0.59,4.9,51,8.2
arroz,2019,federal,kg,2.6,2.64,2.32,3.0,3,1.3
arroz,2020,municipal,kg,4.55,6.89,2.64,12.72,21,4.8
arroz,2021,municipal,kg,4.78,7.25,3.51,16.88,11,4.8
arroz,2022,municipal,kg,3.99,7.06,3.38,21.06,46,6.2
arroz,2023,municipal,kg,4.1,5.43,3.3,21.06,123,6.4
arroz,2024,municipal,kg,4.61,7.71,3.6,21.67,106,6.0
arroz,2025,federal,kg,4.2,4.03,3.7,4.2,3,1.1
arroz,2025,municipal,kg,4.38,5.17,3.2,23.15,124,7.2
arroz,2026,municipal,kg,3.16,3.58,3.16,5.86,36,1.9
atenolol,2019,estadual,unidade,0.4,0.34,0.04,0.68,35,17.4
atenolol,2019,federal,unidade,0.04,0.05,0.04,0.06,3,1.5
atenolol,2019,municipal,unidade,0.11,0.11,0.03,0.19,2,6.5
atenolol,2020,estadual,unidade,0.06,0.09,0.04,0.2,13,4.8
atenolol,2020,municipal,unidade,0.04,0.05,0.04,0.07,5,1.7
atenolol,2021,estadual,unidade,0.21,0.3,0.07,0.72,21,10.0
atenolol,2021,municipal,unidade,0.09,0.08,0.05,0.09,7,1.9
atenolol,2022,estadual,unidade,0.27,0.28,0.08,0.63,10,7.5
atenolol,2022,federal,unidade,0.1,0.1,0.1,0.1,2,1.0
atenolol,2022,municipal,unidade,0.07,0.07,0.04,0.1,15,2.6
atenolol,2023,estadual,unidade,0.39,0.5,0.08,1.3,17,16.8
atenolol,2023,municipal,unidade,0.06,0.06,0.03,0.08,39,2.6
atenolol,2024,estadual,unidade,0.31,0.32,0.04,0.69,7,16.1
atenolol,2024,municipal,unidade,0.05,0.05,0.03,0.06,38,1.9
atenolol,2025,estadual,unidade,0.12,0.24,0.04,0.68,4,15.3
atenolol,2025,federal,unidade,0.07,0.07,0.06,0.08,2,1.3
atenolol,2025,municipal,unidade,0.04,0.04,0.03,0.04,38,1.5
atenolol,2026,estadual,unidade,0.5,0.5,0.12,0.87,2,7.2
atenolol,2026,municipal,unidade,0.04,0.04,0.03,0.06,14,2.0
atorvastatina,2019,estadual,unidade,0.53,0.64,0.34,1.54,7,4.6
atorvastatina,2020,estadual,unidade,0.6,0.74,0.33,1.23,6,3.7
atorvastatina,2021,estadual,unidade,0.48,0.66,0.26,1.3,11,5.0
atorvastatina,2022,estadual,unidade,0.59,0.72,0.32,1.51,7,4.7
atorvastatina,2023,estadual,unidade,1.44,1.63,0.25,4.99,11,19.8
atorvastatina,2024,estadual,unidade,0.39,0.71,0.2,1.87,8,9.4
atorvastatina,2025,estadual,unidade,1.68,1.68,0.32,3.05,4,9.6
aveia,2020,municipal,kg,11.09,11.09,4.24,17.95,4,4.2
aveia,2021,municipal,kg,18.98,18.71,18.3,18.98,5,1.0
aveia,2022,municipal,kg,14.94,14.94,14.94,14.94,6,1.0
aveia,2023,municipal,kg,17.0,16.03,6.0,30.0,33,5.0
aveia,2024,municipal,kg,17.5,18.41,9.89,30.0,28,3.0
aveia,2025,municipal,kg,12.54,12.33,5.0,21.89,18,4.4
aveia,2026,municipal,kg,19.54,21.15,18.9,25.0,7,1.3
azeite,2020,municipal,litro,41.58,41.58,35.98,47.18,4,1.3
azeite,2021,municipal,litro,38.4,44.15,36.98,60.66,7,1.6
azeite,2022,municipal,litro,39.78,44.22,39.78,57.78,9,1.5
azeite,2023,municipal,litro,41.62,40.39,24.34,63.4,51,2.6
azeite,2024,municipal,litro,56.9,61.17,38.0,82.0,48,2.2
azeite,2025,municipal,litro,60.9,65.3,54.0,81.74,20,1.5
azeite,2026,municipal,litro,53.8,55.86,40.0,77.54,9,1.9
azitromicina,2019,estadual,unidade,4.0,4.31,0.52,9.0,12,17.2
azitromicina,2019,federal,unidade,0.63,0.66,0.63,0.72,3,1.1
azitromicina,2019,municipal,unidade,3.93,3.93,0.67,7.19,2,10.7
azitromicina,2020,estadual,unidade,2.5,3.6,0.58,8.48,32,14.7
azitromicina,2020,federal,unidade,2.62,2.62,1.95,3.29,2,1.7
azitromicina,2020,municipal,unidade,1.83,3.42,0.48,7.45,8,15.5
azitromicina,2021,estadual,unidade,7.68,5.59,1.3,10.0,9,7.7
azitromicina,2021,municipal,unidade,3.46,3.29,1.63,4.9,10,3.0
azitromicina,2022,estadual,unidade,5.56,4.79,2.0,7.49,5,3.8
azitromicina,2022,federal,unidade,1.06,1.05,0.82,1.26,4,1.5
azitromicina,2022,municipal,unidade,0.84,2.96,0.7,6.5,18,9.3
azitromicina,2023,estadual,unidade,4.31,4.29,0.86,7.69,4,9.0
azitromicina,2023,municipal,unidade,5.77,3.99,0.75,7.49,51,10.0
azitromicina,2024,estadual,unidade,3.46,5.48,0.9,14.11,12,15.7
azitromicina,2024,municipal,unidade,0.8,3.6,0.68,7.46,57,11.0
azitromicina,2025,estadual,unidade,0.71,2.78,0.68,6.96,3,10.2
azitromicina,2025,federal,unidade,7.03,7.03,0.79,13.26,2,16.7
azitromicina,2025,municipal,unidade,0.83,2.98,0.64,6.09,56,9.6
azitromicina,2026,municipal,unidade,5.7,4.12,0.67,7.1,19,10.6
bacon,2019,federal,kg,17.77,18.45,17.67,19.9,3,1.1
bacon,2022,municipal,kg,24.5,23.3,20.9,24.5,3,1.2
bacon,2023,municipal,kg,25.2,26.17,22.34,42.0,25,1.9
bacon,2024,federal,kg,27.5,28.74,27.5,31.22,3,1.1
bacon,2024,municipal,kg,25.25,27.61,25.04,31.31,15,1.3
bacon,2025,federal,kg,24.6,26.37,24.6,29.9,3,1.2
bacon,2025,municipal,kg,29.49,28.07,20.15,37.0,15,1.8
bacon,2026,municipal,kg,23.88,23.88,20.15,27.61,4,1.4
banana,2019,municipal,kg,2.63,2.63,2.45,2.81,4,1.1
banana,2020,municipal,kg,3.44,3.5,2.69,4.35,25,1.6
banana,2021,municipal,kg,4.48,4.53,3.44,6.02,11,1.8
banana,2022,municipal,kg,4.9,4.95,2.55,7.0,94,2.7
banana,2023,municipal,kg,6.38,5.98,3.33,7.67,208,2.3
banana,2024,federal,kg,5.21,5.27,3.5,7.45,41,2.1
banana,2024,municipal,kg,5.49,5.36,2.02,7.59,283,3.8
banana,2025,federal,kg,5.82,5.29,2.08,7.6,32,3.7
banana,2025,municipal,kg,6.36,6.26,2.8,8.93,148,3.2
banana,2026,municipal,kg,5.98,5.81,2.8,7.77,25,2.8
batata,2019,municipal,kg,2.93,2.93,2.88,2.98,4,1.0
batata,2020,municipal,kg,3.12,3.32,2.88,4.12,7,1.4
batata,2021,municipal,kg,4.26,4.26,3.95,4.56,4,1.2
batata,2022,municipal,kg,4.78,4.69,3.01,6.57,50,2.2
batata,2023,municipal,kg,5.8,5.45,3.4,6.61,152,1.9
batata,2024,federal,kg,5.3,5.6,4.24,8.55,21,2.0
batata,2024,municipal,kg,5.0,4.87,2.89,6.0,113,2.1
batata,2025,federal,kg,5.58,5.09,2.2,7.58,22,3.4
batata,2025,municipal,kg,4.38,4.46,2.39,7.0,100,2.9
batata,2026,municipal,kg,2.4,3.51,2.39,5.67,23,2.4
bebedouro,2019,estadual,unidade,1600.0,1431.49,350.0,2696.67,13,7.7
bebedouro,2019,federal,unidade,1786.0,1546.61,500.0,2200.0,14,4.4
bebedouro,2019,municipal,unidade,2207.89,1821.58,1100.0,2350.0,5,2.1
bebedouro,2020,estadual,unidade,1924.43,1809.54,656.23,2472.84,17,3.8
bebedouro,2020,federal,unidade,1789.0,1566.2,537.3,2580.0,7,4.8
bebedouro,2020,municipal,unidade,255.0,631.78,255.0,1780.0,17,7.0
bebedouro,2021,estadual,unidade,552.71,898.9,484.65,1659.33,3,3.4
bebedouro,2021,federal,unidade,1698.98,1798.43,794.0,2620.0,8,3.3
bebedouro,2021,municipal,unidade,1190.02,1658.61,570.0,2800.0,11,4.9
bebedouro,2022,estadual,unidade,1400.0,1804.91,897.67,3500.0,18,3.9
bebedouro,2022,federal,unidade,1900.0,1633.03,646.27,2980.0,13,4.6
bebedouro,2022,municipal,unidade,1300.0,1275.58,400.0,2679.97,69,6.7
bebedouro,2023,estadual,unidade,1789.9,1793.37,560.09,3355.0,22,6.0
bebedouro,2023,municipal,unidade,1820.1,1454.32,524.26,2369.04,141,4.5
bebedouro,2024,estadual,unidade,684.5,1320.57,500.0,2803.41,11,5.6
bebedouro,2024,federal,unidade,801.89,1305.06,340.0,3399.87,23,10.0
bebedouro,2024,municipal,unidade,2300.0,2073.49,621.62,2963.0,151,4.8
bebedouro,2025,estadual,unidade,2364.31,2361.09,1790.0,2928.95,3,1.6
bebedouro,2025,federal,unidade,655.66,722.41,300.0,2585.9,14,8.6
bebedouro,2025,municipal,unidade,1619.85,1530.32,500.0,3036.0,55,6.1
bebedouro,2026,municipal,unidade,1450.0,1427.72,600.0,2599.85,86,4.3
beterraba,2019,municipal,kg,2.23,2.23,2.23,2.23,2,1.0
beterraba,2020,municipal,kg,2.99,2.89,2.59,3.14,5,1.2
beterraba,2021,municipal,kg,3.4,3.46,2.92,4.11,8,1.4
beterraba,2022,municipal,kg,4.61,5.04,2.51,7.8,29,3.1
beterraba,2023,municipal,kg,5.72,5.17,2.99,7.5,89,2.5
beterraba,2024,federal,kg,4.53,4.85,3.8,6.85,16,1.8
beterraba,2024,municipal,kg,4.19,4.54,2.33,7.3,56,3.1
beterraba,2025,federal,kg,4.84,4.88,2.96,6.33,14,2.1
beterraba,2025,municipal,kg,4.59,5.16,2.21,9.09,59,4.1
beterraba,2026,municipal,kg,2.95,3.47,2.21,6.13,16,2.8
biscoito,2019,federal,kg,8.9,12.95,6.98,34.95,25,5.0
biscoito,2020,estadual,kg,14.18,13.49,7.09,18.5,4,2.6
biscoito,2020,federal,kg,8.43,12.06,4.3,41.05,24,9.5
biscoito,2020,municipal,kg,13.88,13.88,8.95,20.52,37,2.3
biscoito,2021,estadual,kg,11.85,10.57,7.65,12.2,3,1.6
biscoito,2021,federal,kg,7.99,11.95,4.8,44.95,28,9.4
biscoito,2021,municipal,kg,11.72,16.48,9.7,29.18,13,3.0
biscoito,2022,estadual,kg,18.6,22.74,8.68,46.5,11,5.4
biscoito,2022,federal,kg,9.36,9.09,4.9,18.0,18,3.7
biscoito,2022,municipal,kg,18.05,20.48,9.7,46.87,63,4.8
biscoito,2023,estadual,kg,15.75,14.9,9.7,21.3,5,2.2
biscoito,2023,municipal,kg,19.16,22.75,9.82,44.75,272,4.6
biscoito,2024,estadual,kg,13.0,14.13,10.85,18.55,3,1.7
biscoito,2024,federal,kg,12.18,14.97,5.22,50.0,13,9.6
biscoito,2024,municipal,kg,23.1,27.17,8.5,55.0,198,6.5
biscoito,2025,federal,kg,13.24,13.86,5.88,23.98,22,4.1
biscoito,2025,municipal,kg,25.0,28.65,8.62,51.2,196,5.9
biscoito,2026,municipal,kg,10.31,13.76,7.98,30.0,26,3.8
borracha_escolar,2019,estadual,unidade,0.9,1.03,0.89,1.3,3,1.5
borracha_escolar,2020,estadual,unidade,0.89,0.79,0.49,1.0,3,2.0
borracha_escolar,2021,estadual,unidade,1.3,1.26,0.88,1.67,6,1.9
borracha_escolar,2021,municipal,unidade,1.53,1.53,1.53,1.53,4,1.0
borracha_escolar,2022,municipal,unidade,0.32,0.57,0.13,1.28,6,9.8
borracha_escolar,2023,estadual,unidade,1.81,1.81,0.48,3.14,2,6.5
borracha_escolar,2023,municipal,unidade,0.3,0.41,0.29,1.03,58,3.6
borracha_escolar,2024,municipal,unidade,0.24,0.39,0.24,0.65,104,2.7
borracha_escolar,2025,municipal,unidade,0.65,0.78,0.26,1.55,28,6.0
borracha_escolar,2026,municipal,unidade,0.71,2.16,0.51,6.0,17,11.8
brita,2019,municipal,m3,79.06,79.06,78.46,79.67,4,1.0
brita,2020,municipal,m3,81.9,82.2,81.9,82.8,3,1.0
brita,2021,municipal,m3,103.48,102.88,90.03,114.5,4,1.3
brita,2022,municipal,m3,171.78,179.82,84.8,350.0,38,4.1
brita,2023,municipal,m3,183.16,179.25,85.0,304.82,77,3.6
brita,2024,federal,m3,178.5,173.76,138.93,212.12,9,1.5
brita,2024,municipal,m3,148.99,160.45,81.65,265.2,97,3.2
brita,2025,estadual,m3,200.14,200.14,167.67,232.6,2,1.4
brita,2025,federal,m3,234.15,252.23,219.13,309.0,8,1.4
brita,2025,municipal,m3,161.8,172.73,85.82,270.0,50,3.1
brita,2026,estadual,m3,170.45,170.45,170.45,170.45,2,1.0
brita,2026,federal,m3,264.89,264.89,219.88,309.9,2,1.4
brita,2026,municipal,m3,233.28,208.9,83.01,277.32,17,3.3
cabo_eletrico,2019,estadual,metro,2.46,3.21,0.6,7.64,41,12.7
cabo_eletrico,2019,municipal,metro,1.9,4.24,1.0,15.0,9,15.0
cabo_eletrico,2020,estadual,metro,6.73,7.77,1.11,23.01,91,20.7
cabo_eletrico,2021,estadual,metro,2.41,7.1,1.2,24.77,17,20.6
cabo_eletrico,2021,municipal,metro,9.13,11.58,1.35,31.75,54,23.5
cabo_eletrico,2022,estadual,metro,7.4,9.82,1.8,27.98,55,15.5
cabo_eletrico,2022,municipal,metro,8.98,10.32,1.1,30.24,339,27.5
cabo_eletrico,2023,estadual,metro,1.69,4.94,1.08,16.71,13,15.5
cabo_eletrico,2023,municipal,metro,11.9,13.96,1.69,32.2,702,19.1
cabo_eletrico,2024,estadual,metro,11.84,9.19,0.75,15.95,14,21.3
cabo_eletrico,2024,federal,metro,4.7,5.06,1.89,8.92,8,4.7
cabo_eletrico,2024,municipal,metro,13.33,15.16,5.34,31.76,614,5.9
cabo_eletrico,2025,municipal,metro,9.65,11.79,2.27,30.24,454,13.3
cabo_eletrico,2026,municipal,metro,14.0,15.22,4.3,31.62,203,7.4
cadeira,2019,estadual,unidade,813.18,814.59,100.0,1655.1,26,16.6
cadeira,2019,federal,unidade,90.93,82.22,39.1,107.95,4,2.8
cadeira,2019,municipal,unidade,254.5,251.75,78.0,420.0,4,5.4
cadeira,2020,estadual,unidade,452.25,488.82,236.19,755.0,12,3.2
cadeira,2020,federal,unidade,148.19,148.19,86.38,210.0,2,2.4
cadeira,2020,municipal,unidade,900.0,955.66,303.72,1299.0,19,4.3
cadeira,2021,estadual,unidade,980.0,917.17,289.99,1547.02,27,5.3
cadeira,2021,federal,unidade,170.27,170.27,150.0,190.54,2,1.3
cadeira,2021,municipal,unidade,398.0,427.14,99.0,976.0,19,9.9
cadeira,2022,estadual,unidade,720.07,709.69,61.3,1130.0,30,18.4
cadeira,2022,federal,unidade,291.0,255.0,154.0,320.0,3,2.1
cadeira,2022,municipal,unidade,298.26,450.3,100.0,1435.2,59,14.4
cadeira,2023,estadual,unidade,794.25,816.29,81.87,1379.88,15,16.9
cadeira,2023,municipal,unidade,437.0,551.07,41.0,1600.0,93,39.0
cadeira,2024,estadual,unidade,62.0,90.32,55.8,153.17,3,2.7
cadeira,2024,federal,unidade,360.0,486.19,41.99,1143.8,9,27.2
cadeira,2024,municipal,unidade,535.5,608.11,74.5,1590.0,73,21.3
cadeira,2025,estadual,unidade,1709.96,1322.97,549.0,1709.96,3,3.1
cadeira,2025,federal,unidade,1063.0,895.92,338.96,1152.02,11,3.4
cadeira,2025,municipal,unidade,395.0,529.03,65.0,1616.93,59,24.9
cadeira,2026,federal,unidade,313.89,313.89,310.0,317.77,2,1.0
cadeira,2026,municipal,unidade,751.68,869.99,215.91,1734.41,20,8.0
caderno,2019,estadual,unidade,6.86,9.12,5.5,15.0,3,2.7
caderno,2020,estadual,unidade,4.18,4.12,2.59,5.6,6,2.2
caderno,2020,municipal,unidade,7.58,7.58,5.83,9.33,2,1.6
caderno,2021,estadual,unidade,6.98,8.4,5.95,12.27,3,2.1
caderno,2022,estadual,unidade,11.03,11.64,6.1,18.43,15,3.0
caderno,2022,municipal,unidade,11.93,12.29,3.5,30.0,37,8.6
caderno,2023,estadual,unidade,12.24,10.93,5.96,14.58,3,2.4
caderno,2023,municipal,unidade,5.92,8.24,4.13,30.0,36,7.3
caderno,2024,estadual,unidade,5.76,6.54,4.39,10.24,4,2.3
caderno,2024,municipal,unidade,4.73,6.18,3.42,13.77,58,4.0
caderno,2025,municipal,unidade,6.85,9.44,2.11,24.06,25,11.4
caderno,2026,municipal,unidade,14.46,11.93,3.58,22.97,23,6.4
cafe,2019,estadual,kg,19.74,19.74,18.5,20.98,2,1.1
cafe,2019,federal,kg,22.7,23.33,13.36,39.96,21,3.0
cafe,2020,estadual,kg,13.18,13.37,12.0,14.92,3,1.2
cafe,2020,municipal,kg,16.89,16.89,16.57,17.2,4,1.0
cafe,2021,estadual,kg,32.7,34.84,22.0,58.6,6,2.7
cafe,2022,estadual,kg,36.18,37.56,29.56,54.2,11,1.8
cafe,2022,municipal,kg,24.64,25.37,23.54,32.78,84,1.4
cafe,2023,estadual,kg,42.98,54.41,33.56,88.9,9,2.6
cafe,2023,municipal,kg,21.4,28.86,20.0,88.6,161,4.4
cafe,2024,estadual,kg,44.4,47.83,31.16,69.0,7,2.2
cafe,2024,municipal,kg,29.0,29.92,23.2,78.48,254,3.4
cafe,2025,federal,kg,103.01,103.01,99.98,106.04,2,1.1
cafe,2025,municipal,kg,53.8,54.35,26.0,77.98,62,3.0
cafe,2026,federal,kg,25.99,25.99,25.99,25.99,2,1.0
cafe,2026,municipal,kg,42.3,41.31,39.0,56.48,115,1.4
cal,2019,federal,kg,7.7,7.83,6.79,9.0,3,1.3
cal,2020,municipal,kg,0.68,0.68,0.68,0.68,2,1.0
cal,2022,estadual,kg,0.7,0.69,0.55,0.8,4,1.5
cal,2022,municipal,kg,0.83,0.88,0.57,1.27,4,2.2
cal,2023,municipal,kg,0.83,0.8,0.7,0.97,12,1.4
cal,2024,municipal,kg,0.59,0.8,0.45,1.62,13,3.6
cal,2025,municipal,kg,0.88,0.98,0.58,1.57,4,2.7
cal,2026,municipal,kg,0.68,0.68,0.68,0.68,6,1.0
caneta_esferografica,2019,estadual,unidade,0.8,5.67,0.4,18.15,33,45.4
caneta_esferografica,2019,federal,unidade,0.56,4.51,0.36,19.26,40,53.5
caneta_esferografica,2020,estadual,unidade,0.65,2.24,0.53,15.6,21,29.4
caneta_esferografica,2020,federal,unidade,0.53,7.63,0.35,19.88,39,56.8
caneta_esferografica,2020,municipal,unidade,0.56,0.69,0.54,1.56,36,2.9
caneta_esferografica,2021,estadual,unidade,0.75,1.57,0.63,10.86,36,17.2
caneta_esferografica,2021,federal,unidade,0.42,0.52,0.37,0.72,17,1.9
caneta_esferografica,2021,municipal,unidade,0.72,1.13,0.65,2.66,34,4.1
caneta_esferografica,2022,estadual,unidade,0.89,1.41,0.48,10.6,35,22.1
caneta_esferografica,2022,federal,unidade,0.48,0.54,0.46,0.78,18,1.7
caneta_esferografica,2022,municipal,unidade,0.55,3.63,0.41,20.0,105,48.8
caneta_esferografica,2023,estadual,unidade,0.92,0.9,0.62,1.16,20,1.9
caneta_esferografica,2023,municipal,unidade,0.53,0.55,0.46,0.94,311,2.0
caneta_esferografica,2024,estadual,unidade,1.07,1.39,0.67,3.75,21,5.6
caneta_esferografica,2024,federal,unidade,1.6,1.41,0.55,1.9,4,3.5
caneta_esferografica,2024,municipal,unidade,0.45,0.47,0.45,0.7,406,1.6
caneta_esferografica,2025,estadual,unidade,1.33,2.92,0.61,11.9,24,19.5
caneta_esferografica,2025,federal,unidade,0.76,1.1,0.55,3.33,19,6.1
caneta_esferografica,2025,municipal,unidade,0.51,0.69,0.45,1.6,117,3.6
caneta_esferografica,2026,federal,unidade,0.59,0.66,0.52,0.88,3,1.7
caneta_esferografica,2026,municipal,unidade,0.48,0.75,0.44,1.3,47,3.0
canjica,2020,municipal,kg,5.49,5.49,5.2,5.78,4,1.1
canjica,2021,federal,kg,3.87,4.15,3.69,4.89,3,1.3
canjica,2021,municipal,kg,8.48,8.69,8.48,9.0,5,1.1
canjica,2022,federal,kg,5.8,5.87,5.8,6.0,3,1.0
canjica,2022,municipal,kg,3.45,5.52,2.98,10.8,39,3.6
canjica,2023,municipal,kg,7.0,6.66,2.98,10.5,70,3.5
canjica,2024,municipal,kg,7.82,8.8,2.87,15.72,54,5.5
canjica,2025,federal,kg,4.4,4.01,2.98,4.64,3,1.6
canjica,2025,municipal,kg,5.62,7.35,2.76,15.48,47,5.6
canjica,2026,municipal,kg,3.84,5.44,2.26,14.0,11,6.2
captopril,2019,estadual,unidade,0.05,0.07,0.03,0.16,4,5.7
captopril,2019,federal,unidade,0.04,0.04,0.03,0.04,2,1.3
captopril,2020,estadual,unidade,0.04,0.06,0.02,0.19,12,7.6
captopril,2020,municipal,unidade,0.02,0.02,0.02,0.03,4,1.1
captopril,2021,estadual,unidade,0.12,0.16,0.04,0.46,8,13.2
captopril,2021,municipal,unidade,0.03,0.03,0.03,0.04,7,1.3
captopril,2022,estadual,unidade,0.07,0.1,0.05,0.22,6,4.4
captopril,2022,federal,unidade,0.08,0.08,0.07,0.1,2,1.5
captopril,2022,municipal,unidade,0.03,0.04,0.03,0.06,9,1.9
captopril,2023,estadual,unidade,0.06,0.06,0.05,0.08,4,1.6
captopril,2023,municipal,unidade,0.04,0.03,0.02,0.04,28,1.7
captopril,2024,estadual,unidade,0.07,0.07,0.03,0.1,4,3.5
captopril,2024,municipal,unidade,0.03,0.03,0.02,0.06,29,2.8
captopril,2025,estadual,unidade,0.02,0.02,0.02,0.03,3,1.5
captopril,2025,municipal,unidade,0.02,0.02,0.02,0.04,27,2.1
captopril,2026,municipal,unidade,0.02,0.03,0.02,0.04,10,2.1
carbamazepina,2019,estadual,unidade,0.26,0.49,0.1,1.51,10,15.2
carbamazepina,2019,federal,unidade,0.15,0.15,0.15,0.15,2,1.0
carbamazepina,2019,municipal,unidade,0.66,0.66,0.53,0.79,2,1.5
carbamazepina,2020,estadual,unidade,0.25,0.32,0.11,0.62,12,5.7
carbamazepina,2020,municipal,unidade,0.12,0.12,0.11,0.13,4,1.2
carbamazepina,2021,estadual,unidade,0.56,0.56,0.14,1.5,16,10.7
carbamazepina,2021,municipal,unidade,0.16,0.21,0.15,0.4,12,2.7
carbamazepina,2022,estadual,unidade,0.79,0.84,0.24,1.66,11,6.9
carbamazepina,2022,municipal,unidade,0.21,0.25,0.18,0.44,12,2.4
carbamazepina,2023,estadual,unidade,0.95,1.23,0.24,2.43,15,10.0
carbamazepina,2023,municipal,unidade,0.19,0.29,0.18,1.9,31,10.3
carbamazepina,2024,estadual,unidade,0.99,1.3,0.19,2.68,13,14.1
carbamazepina,2024,municipal,unidade,0.18,0.22,0.16,0.49,39,3.0
carbamazepina,2025,estadual,unidade,0.17,0.19,0.16,0.25,3,1.6
carbamazepina,2025,municipal,unidade,0.21,2.15,0.16,5.95,40,37.7
carbamazepina,2026,municipal,unidade,0.16,0.26,0.11,1.92,16,16.8
carne_bovina,2019,federal,kg,18.22,19.55,13.0,33.49,61,2.6
carne_bovina,2019,municipal,kg,24.68,25.52,22.94,28.95,6,1.3
carne_bovina,2020,federal,kg,21.3,22.38,13.7,33.99,57,2.5
carne_bovina,2020,municipal,kg,21.58,22.58,13.46,38.22,16,2.8
carne_bovina,2021,federal,kg,32.34,30.74,17.46,41.98,29,2.4
carne_bovina,2021,municipal,kg,30.11,31.07,23.9,36.67,19,1.5
carne_bovina,2022,federal,kg,35.94,36.18,27.98,47.98,72,1.7
carne_bovina,2022,municipal,kg,31.29,28.73,17.99,40.96,83,2.3
carne_bovina,2023,federal,kg,25.9,28.57,25.9,33.9,3,1.3
carne_bovina,2023,municipal,kg,25.05,25.82,19.8,36.7,295,1.9
carne_bovina,2024,federal,kg,29.68,29.58,17.25,39.99,44,2.3
carne_bovina,2024,municipal,kg,23.94,24.47,16.78,36.0,236,2.1
carne_bovina,2025,federal,kg,34.6,33.46,18.7,44.65,54,2.4
carne_bovina,2025,municipal,kg,24.48,24.72,16.78,35.86,235,2.1
carne_bovina,2026,municipal,kg,26.5,26.27,21.0,35.8,50,1.7
carne_suina,2019,federal,kg,12.9,13.45,9.85,17.57,33,1.8
carne_suina,2019,municipal,kg,18.12,16.2,12.34,18.12,3,1.5
carne_suina,2020,federal,kg,15.5,15.86,11.8,20.31,23,1.7
carne_suina,2020,municipal,kg,14.36,14.36,12.71,16.0,4,1.3
carne_suina,2021,federal,kg,15.97,16.66,14.85,19.5,7,1.3
carne_suina,2021,municipal,kg,22.94,24.09,18.9,29.0,11,1.5
carne_suina,2022,federal,kg,17.39,17.74,14.65,19.99,36,1.4
carne_suina,2022,municipal,kg,17.88,17.95,15.87,21.49,22,1.4
carne_suina,2023,federal,kg,19.98,19.58,15.85,22.9,3,1.4
carne_suina,2023,municipal,kg,15.95,16.43,14.39,22.14,88,1.5
carne_suina,2024,federal,kg,21.38,21.6,15.9,27.69,38,1.7
carne_suina,2024,municipal,kg,15.9,16.32,13.3,21.68,81,1.6
carne_suina,2025,federal,kg,21.89,22.29,15.89,27.89,36,1.8
carne_suina,2025,municipal,kg,18.0,18.3,14.8,21.44,60,1.4
carne_suina,2026,municipal,kg,19.8,19.34,15.99,22.97,17,1.4
cartucho,2019,estadual,unidade,90.0,92.93,90.0,98.8,6,1.1
cartucho,2020,estadual,unidade,569.0,569.0,569.0,569.0,6,1.0
cartucho,2022,estadual,unidade,570.24,431.28,95.0,573.53,14,6.0
cartucho,2023,estadual,unidade,120.0,120.0,115.0,125.0,2,1.1
cartucho,2024,estadual,unidade,375.58,375.58,364.69,386.48,2,1.1
cartucho,2025,federal,unidade,195.0,169.1,91.38,195.0,4,2.1
cebola,2019,federal,kg,3.88,3.73,2.81,4.68,13,1.7
cebola,2019,municipal,kg,3.28,3.28,3.28,3.28,2,1.0
cebola,2020,federal,kg,4.54,4.0,2.69,4.76,3,1.8
cebola,2020,municipal,kg,4.04,4.03,2.94,5.09,4,1.7
cebola,2021,municipal,kg,4.22,4.22,3.41,5.01,8,1.5
cebola,2022,municipal,kg,4.71,4.29,3.2,5.79,25,1.8
cebola,2023,municipal,kg,4.38,4.91,4.2,6.98,52,1.7
cebola,2024,federal,kg,6.0,6.0,4.5,7.49,2,1.7
cebola,2024,municipal,kg,5.3,5.12,3.44,6.98,53,2.0
cebola,2025,federal,kg,3.64,3.42,1.9,4.5,4,2.4
cebola,2025,municipal,kg,4.0,4.1,2.15,7.0,36,3.3
cebola,2026,municipal,kg,3.3,3.39,2.15,6.41,16,3.0
cefalexina,2019,estadual,unidade,0.9,3.91,0.12,9.1,11,73.9
cefalexina,2019,federal,unidade,0.44,3.84,0.4,8.98,5,22.4
cefalexina,2019,municipal,unidade,0.21,0.26,0.21,0.36,3,1.7
cefalexina,2020,estadual,unidade,0.57,2.46,0.27,8.39,8,31.0
cefalexina,2020,federal,unidade,0.6,3.92,0.55,10.62,3,19.3
cefalexina,2020,municipal,unidade,0.25,2.63,0.22,7.49,9,34.0
cefalexina,2021,estadual,unidade,1.44,4.26,0.4,10.25,10,25.6
cefalexina,2021,federal,unidade,5.34,5.34,0.53,10.14,2,19.1
cefalexina,2021,municipal,unidade,0.29,2.81,0.22,8.38,6,38.1
cefalexina,2022,estadual,unidade,0.48,1.04,0.31,2.62,5,8.5
cefalexina,2022,federal,unidade,0.51,0.52,0.48,0.57,3,1.2
cefalexina,2022,municipal,unidade,6.64,4.94,0.4,9.3,20,23.3
cefalexina,2023,estadual,unidade,0.61,2.77,0.48,9.38,5,19.5
cefalexina,2023,municipal,unidade,5.69,4.48,0.44,9.15,53,20.8
cefalexina,2024,estadual,unidade,10.51,8.28,0.61,11.51,4,19.0
cefalexina,2024,federal,unidade,0.85,0.85,0.83,0.87,2,1.0
cefalexina,2024,municipal,unidade,3.64,4.56,0.44,10.79,58,24.5
cefalexina,2025,estadual,unidade,0.55,0.45,0.11,0.59,4,5.3
cefalexina,2025,municipal,unidade,0.56,3.54,0.46,9.5,56,20.7
cefalexina,2026,municipal,unidade,0.54,2.76,0.41,8.76,22,21.4
cenoura,2019,municipal,kg,2.99,2.99,2.99,2.99,2,1.0
cenoura,2020,municipal,kg,2.55,2.69,2.2,3.43,9,1.6
cenoura,2021,municipal,kg,3.64,3.58,2.93,4.1,8,1.4
cenoura,2022,municipal,kg,6.53,6.22,3.5,9.62,42,2.7
cenoura,2023,municipal,kg,5.5,5.41,3.0,8.0,101,2.7
cenoura,2024,federal,kg,4.95,5.27,3.8,7.0,10,1.8
cenoura,2024,municipal,kg,5.0,4.9,3.07,7.67,94,2.5
cenoura,2025,federal,kg,5.89,5.78,2.86,7.67,17,2.7
cenoura,2025,municipal,kg,4.97,5.13,2.57,9.15,75,3.6
cenoura,2026,municipal,kg,4.1,4.28,2.57,6.27,22,2.4
cha,2024,municipal,kg,138.75,138.75,138.75,138.75,6,1.0
chuchu,2019,federal,kg,1.4,1.4,1.0,1.79,3,1.8
chuchu,2019,municipal,kg,1.59,1.59,1.59,1.59,2,1.0
chuchu,2020,municipal,kg,2.37,2.01,1.3,2.37,3,1.8
chuchu,2021,municipal,kg,2.06,2.07,1.83,2.33,7,1.3
chuchu,2022,municipal,kg,2.5,2.61,1.71,4.12,25,2.4
chuchu,2023,municipal,kg,2.89,2.88,2.0,4.0,79,2.0
chuchu,2024,federal,kg,3.75,3.55,2.9,4.2,9,1.4
chuchu,2024,municipal,kg,2.78,2.91,1.74,4.0,74,2.3
chuchu,2025,federal,kg,4.03,3.56,2.0,5.0,13,2.5
chuchu,2025,municipal,kg,2.3,2.84,1.5,4.56,61,3.0
chuchu,2026,municipal,kg,1.89,2.21,1.5,4.36,15,2.9
cimento,2019,estadual,saco_50kg,25.27,23.54,20.0,26.22,5,1.3
cimento,2019,federal,saco_50kg,22.3,22.26,21.0,23.5,7,1.1
cimento,2020,federal,saco_50kg,25.0,25.15,21.75,30.54,13,1.4
cimento,2021,estadual,saco_50kg,26.3,24.83,22.33,26.9,5,1.2
cimento,2021,federal,saco_50kg,27.5,27.93,26.0,30.99,13,1.2
cimento,2021,municipal,saco_50kg,27.5,27.92,21.5,34.56,5,1.6
cimento,2022,estadual,saco_50kg,32.2,32.7,31.5,34.88,4,1.1
cimento,2022,federal,saco_50kg,30.95,32.26,28.9,36.9,6,1.3
cimento,2022,municipal,saco_50kg,42.26,38.57,29.99,43.68,12,1.5
cimento,2023,estadual,saco_50kg,34.85,35.23,32.5,38.33,6,1.2
cimento,2023,municipal,saco_50kg,38.1,39.13,30.5,44.35,23,1.5
cimento,2024,federal,saco_50kg,35.5,35.8,32.44,40.0,8,1.2
cimento,2024,municipal,saco_50kg,34.6,34.91,28.82,46.5,45,1.6
cimento,2025,federal,saco_50kg,35.0,37.97,31.5,52.0,9,1.7
cimento,2025,municipal,saco_50kg,27.5,31.09,26.5,43.99,20,1.7
cimento,2026,estadual,saco_50kg,41.3,41.3,41.3,41.3,2,1.0
cimento,2026,municipal,saco_50kg,29.99,30.53,29.67,32.2,36,1.1
ciprofloxacino,2019,estadual,unidade,0.3,3.01,0.24,8.53,9,35.1
ciprofloxacino,2019,federal,unidade,0.26,0.28,0.26,0.32,3,1.2
ciprofloxacino,2020,estadual,unidade,0.25,0.3,0.24,0.39,5,1.7
ciprofloxacino,2020,federal,unidade,0.29,0.29,0.28,0.3,2,1.1
ciprofloxacino,2020,municipal,unidade,0.21,0.21,0.21,0.21,3,1.0
ciprofloxacino,2021,estadual,unidade,0.52,0.8,0.25,1.91,7,7.7
ciprofloxacino,2021,municipal,unidade,0.28,0.26,0.21,0.28,3,1.3
ciprofloxacino,2022,estadual,unidade,2.2,3.61,0.24,8.4,3,34.6
ciprofloxacino,2022,federal,unidade,0.26,0.26,0.22,0.29,2,1.3
ciprofloxacino,2022,municipal,unidade,0.21,0.21,0.2,0.22,6,1.1
ciprofloxacino,2023,estadual,unidade,0.33,0.56,0.24,1.35,4,5.6
ciprofloxacino,2023,municipal,unidade,0.23,1.62,0.18,7.9,21,42.7
ciprofloxacino,2024,estadual,unidade,7.05,5.03,0.2,7.99,12,39.5
ciprofloxacino,2024,municipal,unidade,0.2,1.95,0.17,7.98,37,46.9
ciprofloxacino,2025,estadual,unidade,0.22,1.81,0.18,6.6,4,37.3
ciprofloxacino,2025,federal,unidade,3.57,3.57,0.19,6.94,2,35.9
ciprofloxacino,2025,municipal,unidade,0.18,1.91,0.14,9.1,37,65.0
ciprofloxacino,2026,municipal,unidade,0.16,2.77,0.14,7.39,14,52.8
clonazepam,2019,estadual,unidade,0.12,0.14,0.07,0.45,16,6.4
clonazepam,2020,estadual,unidade,0.12,0.33,0.07,2.27,13,34.2
clonazepam,2020,federal,unidade,0.09,0.09,0.06,0.12,2,2.0
clonazepam,2020,municipal,unidade,0.06,0.41,0.06,2.08,16,34.8
clonazepam,2021,estadual,unidade,0.15,0.28,0.07,0.64,11,9.0
clonazepam,2021,municipal,unidade,1.57,1.0,0.06,2.52,13,45.0
clonazepam,2022,estadual,unidade,0.34,0.33,0.09,0.67,12,7.4
clonazepam,2022,federal,unidade,0.09,0.09,0.06,0.13,2,2.3
clonazepam,2022,municipal,unidade,0.06,0.79,0.05,2.46,19,49.2
clonazepam,2023,estadual,unidade,0.6,0.66,0.08,3.02,13,38.0
clonazepam,2023,municipal,unidade,0.06,0.79,0.05,2.39,63,50.9
clonazepam,2024,estadual,unidade,0.3,0.79,0.06,2.63,11,47.4
clonazepam,2024,federal,unidade,0.06,0.06,0.06,0.06,3,1.1
clonazepam,2024,municipal,unidade,0.06,0.72,0.04,2.34,77,52.6
clonazepam,2025,estadual,unidade,0.35,0.54,0.06,1.43,13,23.9
clonazepam,2025,municipal,unidade,0.05,0.56,0.04,1.99,60,47.4
clonazepam,2026,municipal,unidade,0.05,0.65,0.04,1.99,28,48.5
cola_branca,2019,estadual,unidade,4.2,6.6,1.3,16.2,11,12.5
cola_branca,2020,estadual,unidade,6.89,7.38,1.96,14.25,5,7.3
cola_branca,2020,municipal,unidade,0.65,0.65,0.65,0.65,6,1.0
cola_branca,2021,estadual,unidade,3.2,4.09,1.55,9.83,6,6.3
cola_branca,2022,estadual,unidade,13.67,11.73,2.37,17.2,4,7.3
cola_branca,2022,municipal,unidade,3.73,5.13,0.97,10.0,56,10.3
cola_branca,2023,estadual,unidade,9.12,8.8,5.06,11.88,4,2.3
cola_branca,2023,municipal,unidade,6.11,5.76,1.5,12.89,143,8.6
cola_branca,2024,estadual,unidade,7.86,8.9,1.9,18.0,4,9.5
cola_branca,2024,municipal,unidade,4.95,5.21,1.38,13.85,168,10.0
cola_branca,2025,federal,unidade,8.04,8.04,6.89,9.19,2,1.3
cola_branca,2025,municipal,unidade,2.2,4.02,1.29,9.56,59,7.4
cola_branca,2026,municipal,unidade,6.71,6.57,5.0,9.56,20,1.9
couve,2019,municipal,unidade,3.89,3.89,3.89,3.89,2,1.0
couve,2020,municipal,unidade,7.0,7.16,7.0,7.47,6,1.1
couve,2021,municipal,unidade,6.55,6.55,6.55,6.55,2,1.0
couve,2022,municipal,unidade,2.43,2.04,1.45,2.43,13,1.7
couve,2023,municipal,unidade,6.5,5.66,4.4,6.79,60,1.5
couve,2024,municipal,unidade,5.25,5.42,4.1,6.44,9,1.6
couve,2025,municipal,unidade,5.25,5.13,3.7,6.44,3,1.7
creme_dental,2019,estadual,unidade,2.9,2.97,2.43,3.62,5,1.5
creme_dental,2019,municipal,unidade,3.02,3.02,3.02,3.02,2,1.0
creme_dental,2020,estadual,unidade,2.92,3.19,2.65,4.0,3,1.5
creme_dental,2020,municipal,unidade,4.27,3.77,2.69,4.35,6,1.6
creme_dental,2021,estadual,unidade,3.36,3.18,2.49,3.69,3,1.5
creme_dental,2021,municipal,unidade,3.09,3.05,1.84,4.22,3,2.3
creme_dental,2022,estadual,unidade,3.15,3.32,2.88,3.93,3,1.4
creme_dental,2022,municipal,unidade,4.6,4.14,1.42,9.64,33,6.8
creme_dental,2023,municipal,unidade,3.61,3.42,1.42,5.1,66,3.6
creme_dental,2024,municipal,unidade,2.57,2.97,1.29,7.1,57,5.5
creme_dental,2025,federal,unidade,2.0,2.05,1.87,2.29,3,1.2
creme_dental,2025,municipal,unidade,3.97,3.91,1.63,7.56,89,4.6
creme_dental,2026,municipal,unidade,3.06,3.07,1.69,4.09,26,2.4
creme_leite,2019,federal,kg,14.91,14.35,13.14,14.99,3,1.1
creme_leite,2020,federal,kg,13.18,13.47,10.86,16.38,3,1.5
creme_leite,2020,municipal,kg,10.13,10.13,10.13,10.13,2,1.0
creme_leite,2022,federal,kg,17.29,16.94,9.99,20.83,5,2.1
creme_leite,2022,municipal,kg,18.38,18.31,17.25,19.25,4,1.1
creme_leite,2023,municipal,kg,17.5,23.82,17.5,40.0,26,2.3
creme_leite,2024,federal,kg,15.14,13.93,9.95,15.49,4,1.6
creme_leite,2024,municipal,kg,17.5,23.62,12.75,46.38,20,3.6
creme_leite,2025,federal,kg,18.82,18.68,11.21,25.88,4,2.3
creme_leite,2025,municipal,kg,17.45,23.36,12.0,43.3,17,3.6
creme_leite,2026,municipal,kg,30.0,30.0,20.0,40.0,4,2.0
desinfetante,2019,estadual,litro,7.9,8.22,2.78,15.8,28,5.7
desinfetante,2019,federal,litro,9.48,11.01,2.5,30.33,17,12.1
desinfetante,2019,municipal,litro,2.22,2.38,2.22,4.17,12,1.9
desinfetante,2020,estadual,litro,9.63,9.7,2.53,25.2,27,9.9
desinfetante,2020,federal,litro,5.77,11.94,4.05,38.0,8,9.4
desinfetante,2020,municipal,litro,7.98,6.26,2.83,7.98,3,2.8
desinfetante,2021,estadual,litro,7.79,8.71,2.97,19.7,23,6.6
desinfetante,2021,federal,litro,16.44,15.27,11.0,17.2,4,1.6
desinfetante,2021,municipal,litro,4.0,4.4,2.4,9.0,22,3.8
desinfetante,2022,estadual,litro,8.86,10.22,3.28,21.9,25,6.7
desinfetante,2022,federal,litro,22.2,16.67,2.29,25.9,11,11.3
desinfetante,2022,municipal,litro,2.89,4.34,2.17,19.02,54,8.8
desinfetante,2023,estadual,litro,6.88,9.9,2.75,26.52,18,9.6
desinfetante,2023,municipal,litro,3.08,3.99,2.03,12.5,169,6.2
desinfetante,2024,estadual,litro,11.14,10.04,2.27,20.5,20,9.0
desinfetante,2024,federal,litro,27.25,21.18,4.01,34.23,10,8.5
desinfetante,2024,municipal,litro,3.67,4.56,2.0,12.75,145,6.4
desinfetante,2025,estadual,litro,14.95,12.71,6.35,16.82,3,2.6
desinfetante,2025,federal,litro,10.42,13.94,2.42,30.62,21,12.7
desinfetante,2025,municipal,litro,3.34,6.1,2.0,24.5,125,12.2
desinfetante,2026,federal,litro,3.72,7.27,2.32,13.99,5,6.0
desinfetante,2026,municipal,litro,3.57,4.87,2.28,12.0,48,5.3
detergente,2019,estadual,litro,3.67,3.84,2.48,6.19,30,2.5
detergente,2019,federal,litro,8.0,9.59,2.34,21.0,37,9.0
detergente,2019,municipal,litro,3.63,3.63,3.6,3.66,18,1.0
detergente,2020,estadual,litro,4.04,4.71,2.8,14.06,34,5.0
detergente,2020,federal,litro,14.62,13.24,2.16,27.0,16,12.5
detergente,2021,estadual,litro,4.22,5.15,2.64,14.92,36,5.7
detergente,2021,federal,litro,3.5,7.14,2.3,20.4,13,8.9
detergente,2021,municipal,litro,4.74,4.59,4.18,5.0,23,1.2
detergente,2022,estadual,litro,5.54,6.05,3.18,14.57,34,4.6
detergente,2022,federal,litro,4.34,10.52,2.9,27.96,28,9.6
detergente,2022,municipal,litro,3.58,5.64,2.88,17.28,125,6.0
detergente,2023,estadual,litro,5.24,4.88,1.0,8.0,25,8.0
detergente,2023,municipal,litro,3.48,5.52,2.46,15.63,275,6.3
detergente,2024,estadual,litro,5.41,7.53,3.76,22.9,23,6.1
detergente,2024,federal,litro,4.97,7.77,3.0,19.89,14,6.6
detergente,2024,municipal,litro,4.82,5.9,2.52,17.12,187,6.8
detergente,2025,estadual,litro,5.5,8.59,4.36,21.2,10,4.9
detergente,2025,federal,litro,4.44,4.92,2.94,9.54,19,3.2
detergente,2025,municipal,litro,4.02,6.3,2.84,16.2,239,5.7
detergente,2026,federal,litro,4.2,4.02,2.76,5.18,5,1.9
detergente,2026,municipal,litro,5.06,6.23,2.98,17.14,49,5.8
dexametasona,2019,estadual,unidade,1.1,1.82,0.35,6.53,24,18.9
dexametasona,2019,federal,unidade,0.99,1.94,0.57,6.08,12,10.7
dexametasona,2019,municipal,unidade,0.77,1.96,0.49,5.8,4,11.9
dexametasona,2020,estadual,unidade,1.38,1.89,0.35,7.37,30,20.9
dexametasona,2020,federal,unidade,1.6,2.65,0.74,5.69,7,7.7
dexametasona,2020,municipal,unidade,0.55,2.13,0.55,6.07,11,11.0
dexametasona,2021,estadual,unidade,2.13,3.23,0.96,8.7,21,9.1
dexametasona,2021,federal,unidade,4.69,4.51,0.97,7.37,7,7.6
dexametasona,2021,municipal,unidade,1.64,2.98,0.83,6.69,19,8.1
dexametasona,2022,estadual,unidade,2.68,4.28,0.51,13.62,14,26.9
dexametasona,2022,federal,unidade,2.47,3.07,0.68,7.41,5,10.9
dexametasona,2022,municipal,unidade,1.22,2.03,0.19,7.41,25,39.0
dexametasona,2023,estadual,unidade,1.9,2.64,0.22,9.53,14,43.9
dexametasona,2023,municipal,unidade,2.08,3.72,0.19,12.01,83,63.2
dexametasona,2024,estadual,unidade,2.36,2.83,0.24,8.17,12,33.5
dexametasona,2024,federal,unidade,2.1,3.41,0.38,9.5,7,25.0
dexametasona,2024,municipal,unidade,1.59,2.39,0.2,7.82,84,39.1
dexametasona,2025,estadual,unidade,2.04,3.53,0.92,9.12,4,9.9
dexametasona,2025,federal,unidade,5.74,4.89,1.5,6.57,4,4.4
dexametasona,2025,municipal,unidade,1.3,3.67,0.14,12.01,95,85.1
dexametasona,2026,federal,unidade,5.51,5.51,3.02,8.0,2,2.6
dexametasona,2026,municipal,unidade,1.3,2.22,0.15,8.72,32,58.3
diazepam,2019,estadual,unidade,0.29,0.4,0.08,0.84,15,10.8
diazepam,2019,federal,unidade,0.56,0.52,0.09,1.29,5,14.3
diazepam,2019,municipal,unidade,0.56,0.54,0.05,1.0,3,18.6
diazepam,2020,estadual,unidade,0.53,0.67,0.08,1.63,23,20.4
diazepam,2020,federal,unidade,0.64,0.54,0.11,0.78,4,7.1
diazepam,2020,municipal,unidade,0.32,0.39,0.08,0.92,6,11.1
diazepam,2021,estadual,unidade,0.79,0.74,0.09,1.51,24,17.4
diazepam,2021,federal,unidade,0.44,0.44,0.09,0.79,2,8.4
diazepam,2021,municipal,unidade,0.11,0.23,0.08,0.61,8,7.4
diazepam,2022,estadual,unidade,0.28,0.5,0.07,1.58,19,22.6
diazepam,2022,federal,unidade,0.89,0.78,0.16,1.2,4,7.5
diazepam,2022,municipal,unidade,0.09,0.34,0.06,0.94,22,16.8
diazepam,2023,estadual,unidade,0.65,0.54,0.1,1.0,7,10.4
diazepam,2023,municipal,unidade,0.08,0.33,0.05,1.04,70,20.7
diazepam,2024,estadual,unidade,0.07,0.32,0.06,1.66,14,29.2
diazepam,2024,federal,unidade,0.95,0.71,0.15,1.04,3,6.9
diazepam,2024,municipal,unidade,0.05,0.26,0.04,0.98,73,24.5
diazepam,2025,estadual,unidade,0.4,0.4,0.04,0.76,4,19.1
diazepam,2025,federal,unidade,1.22,1.2,0.79,1.59,3,2.0
diazepam,2025,municipal,unidade,0.04,0.29,0.04,0.95,53,27.1
diazepam,2026,municipal,unidade,0.04,0.29,0.04,1.07,20,27.1
diesel,2019,estadual,litro,3.77,4.07,3.74,4.69,3,1.3
diesel,2019,federal,litro,3.58,3.77,3.41,4.85,16,1.4
diesel,2019,municipal,litro,8.2,8.2,8.0,8.4,4,1.0
diesel,2020,estadual,litro,6.69,6.69,5.25,8.12,2,1.5
diesel,2020,federal,litro,3.74,3.83,3.26,5.99,14,1.8
diesel,2020,municipal,litro,4.15,4.15,4.09,4.21,3,1.0
diesel,2021,estadual,litro,4.18,4.18,3.76,4.6,2,1.2
diesel,2021,federal,litro,4.46,4.52,4.09,5.19,5,1.3
diesel,2021,municipal,litro,4.69,4.85,3.64,6.19,21,1.7
diesel,2022,estadual,litro,6.72,6.72,6.39,7.05,2,1.1
diesel,2022,federal,litro,7.09,6.88,5.58,7.74,4,1.4
diesel,2023,municipal,litro,6.57,6.58,5.95,7.41,7,1.2
diesel,2024,federal,litro,6.04,6.44,5.86,7.82,4,1.3
diesel,2024,municipal,litro,5.92,5.81,4.22,6.73,33,1.6
diesel,2025,federal,litro,5.92,5.93,5.89,5.99,3,1.0
diesel,2025,municipal,litro,5.67,5.39,4.29,6.2,3,1.4
diesel,2026,municipal,litro,6.08,6.08,6.08,6.08,5,1.0
dipirona,2019,estadual,unidade,0.67,0.85,0.15,2.26,26,15.0
dipirona,2019,federal,unidade,0.62,1.26,0.12,5.0,6,41.7
dipirona,2019,municipal,unidade,0.43,0.75,0.35,1.79,4,5.1
dipirona,2020,estadual,unidade,0.81,1.18,0.21,2.86,38,13.6
dipirona,2020,federal,unidade,0.23,0.3,0.15,0.79,9,5.3
dipirona,2020,municipal,unidade,0.42,0.53,0.08,1.48,28,18.8
dipirona,2021,estadual,unidade,1.2,1.52,0.13,4.16,34,32.0
dipirona,2021,federal,unidade,1.15,3.4,0.56,8.5,3,15.2
dipirona,2021,municipal,unidade,0.78,1.19,0.11,4.26,28,37.5
dipirona,2022,estadual,unidade,1.64,1.96,0.51,4.65,32,9.1
dipirona,2022,federal,unidade,0.29,0.54,0.18,1.2,6,6.7
dipirona,2022,municipal,unidade,1.19,1.35,0.14,4.7,34,34.1
dipirona,2023,estadual,unidade,1.39,1.4,0.24,2.79,22,11.9
dipirona,2023,municipal,unidade,1.18,1.12,0.14,2.88,117,20.9
dipirona,2024,estadual,unidade,0.92,0.93,0.11,2.13,15,19.5
dipirona,2024,federal,unidade,0.74,0.88,0.33,1.72,6,5.2
dipirona,2024,municipal,unidade,1.09,0.79,0.11,1.93,107,17.5
dipirona,2025,estadual,unidade,1.21,1.16,0.63,1.96,11,3.1
dipirona,2025,federal,unidade,1.0,2.32,0.17,9.3,6,54.7
dipirona,2025,municipal,unidade,0.77,0.71,0.1,1.4,114,14.1
dipirona,2026,federal,unidade,0.8,0.74,0.43,1.04,5,2.4
dipirona,2026,municipal,unidade,0.45,0.54,0.1,1.54,43,15.4
disjuntor,2019,estadual,unidade,20.55,29.23,5.4,110.0,61,20.4
disjuntor,2019,federal,unidade,20.5,23.28,5.1,87.0,73,17.1
disjuntor,2019,municipal,unidade,50.0,64.94,8.9,190.0,35,21.3
disjuntor,2020,estadual,unidade,30.32,39.22,5.6,121.0,77,21.6
disjuntor,2020,federal,unidade,17.96,18.13,5.0,37.0,60,7.4
disjuntor,2020,municipal,unidade,45.37,91.88,13.6,206.81,57,15.2
disjuntor,2021,estadual,unidade,31.3,36.38,8.83,152.2,50,17.2
disjuntor,2021,federal,unidade,28.62,28.27,7.92,66.99,51,8.5
disjuntor,2021,municipal,unidade,32.22,46.2,8.14,118.98,62,14.6
disjuntor,2022,estadual,unidade,29.67,40.83,7.9,160.0,82,20.3
disjuntor,2022,federal,unidade,28.78,34.81,6.5,120.99,36,18.6
disjuntor,2022,municipal,unidade,44.9,53.9,8.0,171.61,463,21.5
disjuntor,2023,estadual,unidade,29.7,27.31,7.2,65.11,75,9.0
disjuntor,2023,municipal,unidade,45.19,53.23,6.26,171.44,1168,27.4
disjuntor,2024,estadual,unidade,27.34,26.26,9.92,46.77,26,4.7
disjuntor,2024,federal,unidade,26.37,28.82,5.4,76.39,47,14.1
disjuntor,2024,municipal,unidade,41.3,57.84,7.98,182.0,608,22.8
disjuntor,2025,estadual,unidade,47.9,36.82,14.65,47.9,3,3.3
disjuntor,2025,federal,unidade,20.52,21.95,6.95,46.0,26,6.6
disjuntor,2025,municipal,unidade,22.74,35.73,5.45,128.72,660,23.6
disjuntor,2026,municipal,unidade,56.71,58.42,5.97,165.26,240,27.7
enalapril,2019,estadual,unidade,0.16,0.67,0.04,2.17,19,51.7
enalapril,2019,federal,unidade,0.05,0.05,0.05,0.05,2,1.0
enalapril,2020,estadual,unidade,0.19,0.3,0.05,1.82,16,36.9
enalapril,2020,municipal,unidade,0.04,0.05,0.04,0.07,6,1.5
enalapril,2021,estadual,unidade,0.24,0.37,0.05,1.38,9,26.1
enalapril,2021,municipal,unidade,0.05,0.05,0.05,0.06,6,1.2
enalapril,2022,estadual,unidade,1.65,1.58,0.36,2.72,8,7.6
enalapril,2022,municipal,unidade,0.05,0.05,0.04,0.07,14,1.9
enalapril,2023,estadual,unidade,0.07,0.1,0.06,0.23,6,4.0
enalapril,2023,municipal,unidade,0.05,0.04,0.03,0.05,48,1.7
enalapril,2024,estadual,unidade,0.05,0.05,0.04,0.07,12,1.7
enalapril,2024,municipal,unidade,0.04,0.04,0.03,0.05,47,1.8
enalapril,2025,estadual,unidade,0.58,0.63,0.43,0.89,3,2.1
enalapril,2025,municipal,unidade,0.04,0.04,0.03,0.05,42,1.6
enalapril,2026,municipal,unidade,0.04,0.04,0.03,0.05,15,1.7
envelope,2019,estadual,unidade,0.89,1.37,0.12,4.53,60,37.8
envelope,2019,federal,unidade,0.2,0.25,0.09,0.51,27,5.7
envelope,2019,municipal,unidade,0.89,0.81,0.34,0.99,13,2.9
envelope,2020,estadual,unidade,0.73,1.26,0.2,4.55,66,22.7
envelope,2020,federal,unidade,0.18,0.2,0.07,0.42,29,6.0
envelope,2020,municipal,unidade,0.8,0.91,0.19,2.18,51,11.5
envelope,2021,estadual,unidade,1.07,1.31,0.29,3.5,50,12.1
envelope,2021,federal,unidade,0.34,0.37,0.17,0.59,15,3.5
envelope,2021,municipal,unidade,0.4,0.98,0.29,3.02,62,10.4
envelope,2022,estadual,unidade,1.11,1.58,0.25,4.18,50,16.7
envelope,2022,federal,unidade,0.27,0.35,0.2,0.69,10,3.4
envelope,2022,municipal,unidade,0.4,0.76,0.16,2.64,124,16.5
envelope,2023,estadual,unidade,1.57,1.61,0.3,3.87,40,12.9
envelope,2023,municipal,unidade,1.08,1.25,0.12,2.36,410,19.7
envelope,2024,estadual,unidade,0.85,0.8,0.24,1.88,25,7.8
envelope,2024,federal,unidade,0.5,0.73,0.21,2.5,19,11.9
envelope,2024,municipal,unidade,0.78,0.72,0.06,1.46,241,24.3
envelope,2025,estadual,unidade,0.94,1.48,0.19,3.75,15,19.7
envelope,2025,federal,unidade,0.45,0.66,0.2,2.05,37,10.2
envelope,2025,municipal,unidade,0.97,1.02,0.19,1.89,404,9.9
envelope,2026,federal,unidade,0.6,0.65,0.3,1.14,6,3.8
envelope,2026,municipal,unidade,1.12,0.92,0.22,1.54,51,7.0
ervilha,2019,federal,kg,6.39,7.48,6.35,9.69,3,1.5
ervilha,2022,municipal,kg,10.85,11.27,10.85,11.9,5,1.1
ervilha,2023,municipal,kg,15.55,12.85,4.1,15.55,12,3.8
ervilha,2024,municipal,kg,20.5,19.53,17.6,20.5,6,1.2
ervilha,2025,municipal,kg,18.92,18.27,15.0,20.25,4,1.4
ervilha,2026,municipal,kg,15.0,15.0,15.0,15.0,2,1.0
escova_dental,2019,estadual,unidade,2.85,2.64,1.03,5.8,9,5.6
escova_dental,2019,municipal,unidade,1.0,1.0,0.95,1.04,4,1.1
escova_dental,2020,estadual,unidade,4.4,4.3,3.99,4.5,3,1.1
escova_dental,2020,municipal,unidade,0.56,0.56,0.45,0.66,2,1.5
escova_dental,2021,estadual,unidade,2.99,3.01,1.5,5.33,5,3.6
escova_dental,2021,municipal,unidade,1.82,1.82,1.72,1.92,2,1.1
escova_dental,2022,estadual,unidade,3.08,3.26,1.9,4.99,6,2.6
escova_dental,2022,municipal,unidade,5.44,5.27,1.59,7.2,14,4.5
escova_dental,2023,estadual,unidade,2.55,2.55,1.94,3.17,2,1.6
escova_dental,2023,municipal,unidade,1.9,2.33,0.6,5.54,39,9.2
escova_dental,2024,estadual,unidade,3.2,3.57,1.32,6.57,4,5.0
escova_dental,2024,municipal,unidade,0.78,1.29,0.57,3.09,42,5.4
escova_dental,2025,estadual,unidade,1.4,1.4,1.39,1.4,2,1.0
escova_dental,2025,municipal,unidade,1.3,1.56,0.53,5.0,41,9.4
escova_dental,2026,municipal,unidade,0.89,1.33,0.59,2.0,11,3.4
esponja,2019,estadual,unidade,1.64,1.55,1.07,1.85,4,1.7
esponja,2020,estadual,unidade,1.85,1.83,1.75,1.88,4,1.1
esponja,2021,estadual,unidade,2.58,2.58,1.99,3.17,2,1.6
esponja,2022,estadual,unidade,2.24,2.06,1.4,2.54,3,1.8
esponja,2022,municipal,unidade,0.83,1.21,0.49,2.1,57,4.3
esponja,2023,municipal,unidade,0.68,1.04,0.54,2.5,152,4.6
esponja,2024,estadual,unidade,4.83,4.45,3.68,4.83,3,1.3
esponja,2024,municipal,unidade,0.63,1.16,0.61,3.31,93,5.4
esponja,2025,municipal,unidade,1.33,1.11,0.53,2.77,110,5.2
esponja,2026,municipal,unidade,0.9,1.11,0.65,2.77,13,4.3
etanol,2021,municipal,litro,4.79,4.6,4.06,4.82,8,1.2
etanol,2025,federal,litro,4.84,4.84,4.69,4.99,2,1.1
extintor,2019,estadual,unidade,58.39,71.28,41.33,180.0,166,4.4
extintor,2019,federal,unidade,60.0,89.06,40.0,300.0,23,7.5
extintor,2020,estadual,unidade,61.67,80.4,41.67,268.33,235,6.4
extintor,2020,federal,unidade,68.9,106.48,40.0,380.0,27,9.5
extintor,2020,municipal,unidade,85.0,88.64,85.0,103.2,10,1.2
extintor,2021,estadual,unidade,66.84,83.83,43.8,263.7,196,6.0
extintor,2021,federal,unidade,59.0,103.05,40.0,400.0,19,10.0
extintor,2021,municipal,unidade,50.0,48.33,45.0,50.0,3,1.1
extintor,2022,estadual,unidade,73.69,96.38,41.5,300.0,87,7.2
extintor,2022,federal,unidade,70.0,108.65,45.0,329.99,10,7.3
extintor,2022,municipal,unidade,174.38,190.17,47.0,643.36,105,13.7
extintor,2023,estadual,unidade,72.49,86.96,44.33,190.0,178,4.3
extintor,2023,municipal,unidade,181.0,188.56,44.2,685.9,425,15.5
extintor,2024,estadual,unidade,66.67,73.83,49.6,145.0,69,2.9
extintor,2024,federal,unidade,79.16,96.67,70.0,161.7,9,2.3
extintor,2024,municipal,unidade,210.0,210.95,43.15,755.02,272,17.5
extintor,2025,estadual,unidade,74.63,82.76,44.32,180.0,106,4.1
extintor,2025,federal,unidade,80.0,101.28,45.0,245.0,57,5.4
extintor,2025,municipal,unidade,140.0,157.15,45.0,649.98,353,14.4
extintor,2026,municipal,unidade,98.77,174.63,43.2,692.32,49,16.0
extrato_tomate,2021,municipal,kg,22.52,22.52,22.52,22.52,2,1.0
extrato_tomate,2022,municipal,kg,12.45,12.45,12.0,12.9,2,1.1
extrato_tomate,2023,municipal,kg,14.9,15.82,10.8,24.5,6,2.3
extrato_tomate,2024,municipal,kg,15.26,17.05,4.68,33.0,4,7.1
extrato_tomate,2025,municipal,kg,12.92,16.52,7.33,32.89,8,4.5
extrato_tomate,2026,municipal,kg,7.33,7.33,7.33,7.33,2,1.0
farinha_mandioca,2019,federal,kg,3.82,3.78,3.42,4.16,6,1.2
farinha_mandioca,2020,federal,kg,3.92,3.87,3.05,4.54,8,1.5
farinha_mandioca,2020,municipal,kg,3.41,3.36,3.1,3.54,8,1.1
farinha_mandioca,2021,federal,kg,5.4,5.15,3.1,6.7,4,2.2
farinha_mandioca,2021,municipal,kg,3.68,3.78,3.3,4.38,8,1.3
farinha_mandioca,2022,federal,kg,4.69,4.81,3.98,5.75,10,1.4
farinha_mandioca,2022,municipal,kg,4.21,4.07,3.5,4.9,39,1.4
farinha_mandioca,2023,municipal,kg,6.02,5.61,3.5,6.74,96,1.9
farinha_mandioca,2024,federal,kg,4.9,4.78,3.89,5.5,11,1.4
farinha_mandioca,2024,municipal,kg,6.0,5.73,3.6,8.45,83,2.3
farinha_mandioca,2025,federal,kg,5.23,5.18,3.87,6.94,8,1.8
farinha_mandioca,2025,municipal,kg,4.0,4.51,2.9,8.45,48,2.9
farinha_mandioca,2026,municipal,kg,3.0,3.9,2.75,9.33,21,3.4
farinha_trigo,2019,federal,kg,2.99,2.99,2.98,2.99,2,1.0
farinha_trigo,2019,municipal,kg,5.03,9.84,2.54,20.83,14,8.2
farinha_trigo,2020,federal,kg,4.36,4.3,3.49,4.99,4,1.4
farinha_trigo,2020,municipal,kg,4.54,5.46,3.65,8.6,13,2.4
farinha_trigo,2021,federal,kg,4.49,4.29,3.46,5.0,8,1.4
farinha_trigo,2021,municipal,kg,5.83,7.55,3.99,11.72,23,2.9
farinha_trigo,2022,estadual,kg,8.76,10.45,3.0,17.7,5,5.9
farinha_trigo,2022,federal,kg,5.99,6.16,4.49,7.89,10,1.8
farinha_trigo,2022,municipal,kg,5.61,6.5,4.19,13.55,61,3.2
farinha_trigo,2023,municipal,kg,6.56,7.98,4.38,17.9,258,4.1
farinha_trigo,2024,federal,kg,6.3,7.24,4.29,15.88,36,3.7
farinha_trigo,2024,municipal,kg,6.63,7.92,3.55,18.0,225,5.1
farinha_trigo,2025,federal,kg,5.93,7.6,2.94,15.98,51,5.4
farinha_trigo,2025,municipal,kg,5.6,6.47,3.19,16.0,115,5.0
farinha_trigo,2026,federal,kg,13.16,11.66,4.35,15.98,4,3.7
farinha_trigo,2026,municipal,kg,5.9,8.41,3.33,17.1,85,5.1
feijao,2019,federal,kg,4.86,5.32,3.35,10.53,23,3.1
feijao,2019,municipal,kg,5.44,5.4,5.03,5.54,5,1.1
feijao,2020,estadual,kg,13.95,11.97,7.0,14.95,3,2.1
feijao,2020,municipal,kg,6.98,8.46,5.65,21.26,24,3.8
feijao,2021,municipal,kg,7.58,7.47,6.5,8.6,22,1.3
feijao,2022,estadual,kg,17.32,16.55,15.0,17.32,3,1.2
feijao,2022,municipal,kg,7.73,9.26,5.22,26.7,73,5.1
feijao,2023,municipal,kg,8.56,15.57,5.37,35.34,208,6.6
feijao,2024,estadual,kg,20.0,20.5,19.0,23.0,4,1.2
feijao,2024,federal,kg,8.0,7.63,4.5,9.98,39,2.2
feijao,2024,municipal,kg,7.39,9.16,5.12,34.73,168,6.8
feijao,2025,federal,kg,8.98,8.43,4.89,12.48,21,2.6
feijao,2025,municipal,kg,9.91,15.51,3.35,29.88,213,8.9
feijao,2026,municipal,kg,5.5,7.81,3.0,24.4,43,8.1
fenobarbital,2019,estadual,unidade,1.69,1.24,0.12,3.18,16,27.6
fenobarbital,2019,federal,unidade,1.69,2.24,1.64,3.1,5,1.9
fenobarbital,2020,estadual,unidade,1.83,1.76,0.12,6.54,24,54.5
fenobarbital,2020,federal,unidade,1.97,1.89,0.11,3.51,4,32.2
fenobarbital,2020,municipal,unidade,1.8,1.9,0.1,3.45,15,33.4
fenobarbital,2021,estadual,unidade,2.02,1.9,0.21,4.53,16,21.5
fenobarbital,2021,federal,unidade,1.99,2.47,0.21,5.2,3,24.8
fenobarbital,2021,municipal,unidade,1.92,1.59,0.1,3.62,18,36.2
fenobarbital,2022,estadual,unidade,1.19,1.56,0.17,4.7,16,28.3
fenobarbital,2022,federal,unidade,2.5,2.32,0.16,4.12,4,26.6
fenobarbital,2022,municipal,unidade,2.37,2.34,0.15,4.73,22,31.5
fenobarbital,2023,estadual,unidade,2.31,2.07,0.14,4.42,9,32.5
fenobarbital,2023,municipal,unidade,2.21,2.14,0.13,4.11,67,31.6
fenobarbital,2024,estadual,unidade,2.5,1.96,0.16,4.18,17,26.3
fenobarbital,2024,municipal,unidade,2.1,1.78,0.13,3.9,79,30.0
fenobarbital,2025,estadual,unidade,2.33,2.24,0.2,4.2,3,21.2
fenobarbital,2025,federal,unidade,3.5,3.21,2.42,3.72,3,1.5
fenobarbital,2025,municipal,unidade,2.19,1.76,0.14,3.9,54,28.9
fenobarbital,2026,municipal,unidade,2.55,2.47,0.14,4.64,22,33.1
figado,2022,municipal,kg,11.0,11.0,11.0,11.0,3,1.0
figado,2023,municipal,kg,9.74,9.89,9.26,11.0,7,1.2
figado,2024,municipal,kg,9.98,9.88,9.26,10.36,7,1.1
figado,2025,municipal,kg,10.16,10.16,9.98,10.36,2,1.0
fluoxetina,2019,estadual,unidade,0.34,0.6,0.07,1.84,12,27.0
fluoxetina,2019,municipal,unidade,0.06,0.06,0.06,0.06,3,1.1
fluoxetina,2020,estadual,unidade,0.99,1.04,0.07,2.26,15,31.0
fluoxetina,2020,municipal,unidade,0.07,0.39,0.07,1.02,3,15.2
fluoxetina,2021,estadual,unidade,0.9,1.21,0.27,2.25,7,8.4
fluoxetina,2021,municipal,unidade,0.07,0.21,0.07,0.55,7,7.6
fluoxetina,2022,estadual,unidade,0.18,0.18,0.13,0.22,4,1.7
fluoxetina,2022,municipal,unidade,0.08,0.08,0.07,0.09,9,1.3
fluoxetina,2023,estadual,unidade,0.12,0.21,0.11,0.49,4,4.5
fluoxetina,2023,municipal,unidade,0.08,0.08,0.07,0.09,30,1.2
fluoxetina,2024,estadual,unidade,0.09,0.52,0.08,1.4,3,17.4
fluoxetina,2024,federal,unidade,0.1,0.1,0.08,0.12,2,1.5
fluoxetina,2024,municipal,unidade,0.08,0.08,0.06,0.08,33,1.4
fluoxetina,2025,municipal,unidade,0.06,0.06,0.05,0.07,28,1.4
fluoxetina,2026,municipal,unidade,0.05,0.05,0.04,0.07,13,1.6
fralda,2019,estadual,unidade,1.96,2.02,0.66,6.48,75,9.9
fralda,2019,federal,unidade,0.4,0.5,0.35,0.74,3,2.1
fralda,2019,municipal,unidade,1.21,1.24,0.53,2.3,13,4.3
fralda,2020,estadual,unidade,1.6,1.72,0.81,3.04,59,3.7
fralda,2020,federal,unidade,0.44,0.57,0.38,1.03,4,2.7
fralda,2020,municipal,unidade,1.08,1.09,0.45,1.94,35,4.3
fralda,2021,estadual,unidade,1.6,1.89,0.75,3.55,54,4.7
fralda,2021,federal,unidade,0.58,0.73,0.53,1.09,3,2.1
fralda,2021,municipal,unidade,1.44,1.42,0.54,2.37,52,4.4
fralda,2022,estadual,unidade,2.1,2.4,0.79,4.33,62,5.5
fralda,2022,federal,unidade,0.72,0.86,0.6,1.25,3,2.1
fralda,2022,municipal,unidade,1.41,1.34,0.58,2.86,225,4.9
fralda,2023,estadual,unidade,2.12,2.25,1.15,3.72,50,3.2
fralda,2023,municipal,unidade,1.45,1.45,0.56,2.96,379,5.3
fralda,2024,estadual,unidade,2.6,2.61,1.27,3.5,43,2.8
fralda,2024,municipal,unidade,1.35,1.38,0.62,2.97,383,4.8
fralda,2025,estadual,unidade,1.98,2.13,1.49,3.9,9,2.6
fralda,2025,federal,unidade,1.25,1.25,1.25,1.26,2,1.0
fralda,2025,municipal,unidade,1.24,1.39,0.52,3.11,314,6.0
fralda,2026,municipal,unidade,1.46,1.47,0.54,2.99,88,5.5
frango,2019,municipal,kg,15.72,15.72,15.72,15.72,2,1.0
frango,2020,estadual,kg,25.0,25.0,20.0,30.0,2,1.5
frango,2020,municipal,kg,12.34,13.53,12.34,17.63,6,1.4
frango,2021,municipal,kg,13.37,13.34,7.91,15.98,19,2.0
frango,2022,municipal,kg,15.9,18.68,8.9,41.0,53,4.6
frango,2023,federal,kg,14.46,14.46,8.95,19.98,2,2.2
frango,2023,municipal,kg,14.41,14.69,7.27,28.48,217,3.9
frango,2024,federal,kg,18.84,18.49,9.98,30.76,34,3.1
frango,2024,municipal,kg,15.34,14.7,8.19,22.22,150,2.7
frango,2025,federal,kg,18.72,18.98,9.98,32.07,36,3.2
frango,2025,municipal,kg,17.12,17.43,9.6,38.0,171,4.0
frango,2026,municipal,kg,16.78,16.35,8.69,19.57,37,2.3
fuba,2019,federal,kg,2.5,2.43,1.59,3.4,9,2.1
fuba,2019,municipal,kg,2.19,2.19,2.1,2.28,2,1.1
fuba,2020,municipal,kg,2.59,3.81,2.14,8.98,11,4.2
fuba,2021,municipal,kg,4.16,5.4,2.5,11.16,12,4.5
fuba,2022,municipal,kg,3.2,3.62,2.8,6.3,46,2.2
fuba,2023,estadual,kg,7.9,7.9,7.9,7.9,2,1.0
fuba,2023,municipal,kg,3.8,3.67,2.8,5.6,114,2.0
fuba,2024,federal,kg,4.0,3.78,3.0,4.79,12,1.6
fuba,2024,municipal,kg,3.78,3.75,2.5,5.8,98,2.3
fuba,2025,federal,kg,4.1,4.48,2.09,8.67,14,4.1
fuba,2025,municipal,kg,2.88,3.69,2.2,9.4,66,4.3
fuba,2026,municipal,kg,3.29,4.67,2.6,12.16,28,4.7
furosemida,2019,estadual,unidade,0.46,0.35,0.04,0.86,9,22.5
furosemida,2019,federal,unidade,0.46,0.62,0.05,1.5,4,30.0
furosemida,2019,municipal,unidade,0.26,0.26,0.03,0.48,2,18.1
furosemida,2020,estadual,unidade,0.1,0.28,0.04,1.01,20,26.9
furosemida,2020,federal,unidade,0.64,0.45,0.06,0.66,3,11.0
furosemida,2020,municipal,unidade,0.27,0.27,0.05,0.5,4,10.3
furosemida,2021,estadual,unidade,0.59,0.65,0.06,1.65,11,28.8
furosemida,2021,federal,unidade,0.86,0.68,0.09,1.1,3,12.2
furosemida,2021,municipal,unidade,0.05,0.26,0.05,0.59,7,10.7
furosemida,2022,estadual,unidade,1.89,1.86,0.26,3.2,35,12.5
furosemida,2022,federal,unidade,1.9,1.75,0.07,3.27,3,46.7
furosemida,2022,municipal,unidade,0.05,0.18,0.05,1.18,9,24.8
furosemida,2023,estadual,unidade,1.74,1.58,0.07,2.76,17,37.3
furosemida,2023,municipal,unidade,0.05,0.45,0.04,2.0,43,45.1
furosemida,2024,estadual,unidade,0.07,0.46,0.07,1.25,3,18.5
furosemida,2024,federal,unidade,0.84,0.84,0.69,0.98,2,1.4
furosemida,2024,municipal,unidade,0.05,0.46,0.04,1.25,54,31.2
furosemida,2025,estadual,unidade,1.03,1.24,0.69,2.2,5,3.2
furosemida,2025,federal,unidade,1.02,0.74,0.05,1.15,3,25.2
furosemida,2025,municipal,unidade,0.04,0.29,0.04,0.92,47,26.3
furosemida,2026,municipal,unidade,0.04,0.19,0.04,0.63,14,18.0
gas_glp,2019,estadual,botijao_13kg,78.67,76.45,63.0,87.13,17,1.4
gas_glp,2019,federal,botijao_13kg,66.0,70.23,63.9,81.3,7,1.3
gas_glp,2020,estadual,botijao_13kg,80.69,81.79,74.0,87.25,14,1.2
gas_glp,2020,municipal,botijao_13kg,79.33,91.61,74.25,121.25,6,1.6
gas_glp,2021,estadual,botijao_13kg,95.0,99.45,85.13,125.0,21,1.5
gas_glp,2021,municipal,botijao_13kg,96.0,96.0,96.0,96.0,2,1.0
gas_glp,2022,estadual,botijao_13kg,130.56,128.47,110.0,137.61,11,1.3
gas_glp,2022,municipal,botijao_13kg,93.5,104.0,89.81,140.0,88,1.6
gas_glp,2023,estadual,botijao_13kg,128.4,126.72,99.0,147.44,10,1.5
gas_glp,2023,municipal,botijao_13kg,122.5,125.27,93.5,186.0,208,2.0
gas_glp,2024,estadual,botijao_13kg,122.32,130.69,109.5,160.24,3,1.5
gas_glp,2024,federal,botijao_13kg,102.0,100.54,86.0,115.42,9,1.3
gas_glp,2024,municipal,botijao_13kg,97.39,106.65,97.39,141.0,225,1.4
gas_glp,2025,estadual,botijao_13kg,115.63,110.72,95.0,123.67,6,1.3
gas_glp,2025,federal,botijao_13kg,110.05,119.23,97.0,184.0,18,1.9
gas_glp,2025,municipal,botijao_13kg,99.76,113.25,99.76,146.0,227,1.5
gas_glp,2026,federal,botijao_13kg,110.0,110.0,105.0,115.0,5,1.1
gas_glp,2026,municipal,botijao_13kg,120.0,126.48,115.0,146.0,32,1.3
gasolina,2019,federal,litro,4.39,4.42,4.29,4.82,9,1.1
gasolina,2020,federal,litro,4.55,4.52,4.15,4.69,8,1.1
gasolina,2021,federal,litro,5.48,5.54,5.24,5.94,5,1.1
gasolina,2021,municipal,litro,5.99,5.7,4.12,6.67,15,1.6
gasolina,2022,federal,litro,6.73,6.81,5.91,7.8,3,1.3
gasolina,2022,municipal,litro,4.96,5.28,3.87,7.29,10,1.9
gasolina,2023,municipal,litro,6.04,6.12,5.0,8.49,19,1.7
gasolina,2024,federal,litro,6.2,6.18,6.1,6.23,3,1.0
gasolina,2024,municipal,litro,6.19,5.67,3.5,7.64,30,2.2
gasolina,2025,federal,litro,6.49,6.57,6.48,6.74,3,1.0
gasolina,2025,municipal,litro,5.06,5.54,4.53,7.16,7,1.6
gasolina,2026,municipal,litro,6.39,7.04,6.39,8.67,7,1.4
gaze,2019,estadual,unidade,0.52,0.91,0.39,5.27,17,13.5
gaze,2020,estadual,unidade,0.64,0.99,0.29,9.54,27,32.4
gaze,2020,municipal,unidade,0.42,0.57,0.39,1.13,5,2.9
gaze,2021,estadual,unidade,0.74,0.78,0.44,1.56,16,3.5
gaze,2021,municipal,unidade,0.7,1.01,0.61,1.92,5,3.2
gaze,2022,estadual,unidade,0.7,0.68,0.44,0.8,10,1.8
gaze,2022,municipal,unidade,0.53,1.46,0.06,4.36,12,74.9
gaze,2023,estadual,unidade,0.73,0.71,0.52,0.85,14,1.6
gaze,2023,municipal,unidade,0.5,0.86,0.33,3.85,60,11.7
gaze,2024,estadual,unidade,0.3,0.35,0.3,0.43,6,1.4
gaze,2024,municipal,unidade,0.53,1.03,0.37,3.85,48,10.4
gaze,2025,municipal,unidade,0.54,0.89,0.42,2.43,42,5.8
gaze,2026,municipal,unidade,0.54,0.59,0.48,0.75,47,1.6
gelatina,2023,municipal,kg,70.0,53.0,19.0,70.0,3,3.7
gelatina,2024,municipal,kg,17.82,17.82,17.82,17.82,2,1.0
giz_cera,2020,municipal,caixa,4.2,4.2,4.09,4.31,2,1.1
giz_cera,2022,estadual,caixa,3.44,3.44,2.67,4.2,2,1.6
giz_cera,2022,municipal,caixa,4.68,4.68,3.77,5.6,4,1.5
giz_cera,2023,estadual,caixa,15.06,12.21,3.11,15.6,4,5.0
giz_cera,2023,municipal,caixa,3.77,5.9,2.71,14.99,29,5.5
giz_cera,2024,estadual,caixa,11.68,11.68,8.14,15.21,2,1.9
giz_cera,2024,municipal,caixa,3.03,3.47,2.59,4.65,19,1.8
giz_cera,2025,municipal,caixa,3.0,4.66,2.8,16.75,19,6.0
giz_cera,2026,municipal,caixa,3.51,4.82,1.99,8.5,13,4.3
glibenclamida,2019,estadual,unidade,0.14,0.14,0.02,0.26,3,12.2
glibenclamida,2019,federal,unidade,0.05,0.05,0.05,0.05,2,1.0
glibenclamida,2020,estadual,unidade,0.07,0.09,0.06,0.14,3,2.4
glibenclamida,2020,municipal,unidade,0.02,0.02,0.02,0.03,4,1.3
glibenclamida,2021,estadual,unidade,0.09,0.09,0.04,0.14,3,3.7
glibenclamida,2021,municipal,unidade,0.02,0.03,0.02,0.04,6,1.7
glibenclamida,2022,estadual,unidade,0.1,0.13,0.05,0.25,4,5.2
glibenclamida,2022,municipal,unidade,0.03,0.03,0.02,0.03,4,1.2
glibenclamida,2023,estadual,unidade,0.04,0.04,0.03,0.05,6,1.8
glibenclamida,2023,municipal,unidade,0.03,0.03,0.02,0.03,24,1.2
glibenclamida,2024,estadual,unidade,0.04,0.04,0.04,0.04,4,1.0
glibenclamida,2024,municipal,unidade,0.03,0.03,0.03,0.04,26,1.4
glibenclamida,2025,estadual,unidade,0.06,0.06,0.04,0.08,2,2.0
glibenclamida,2025,municipal,unidade,0.04,0.03,0.03,0.04,19,1.4
glibenclamida,2026,municipal,unidade,0.03,0.03,0.03,0.04,7,1.1
goiaba,2019,municipal,kg,4.99,4.99,4.99,4.99,2,1.0
goiaba,2020,municipal,kg,3.86,3.86,3.86,3.86,2,1.0
goiaba,2022,municipal,kg,4.48,4.83,3.53,6.81,4,1.9
goiaba,2023,municipal,kg,7.32,7.62,5.6,9.11,38,1.6
goiaba,2024,federal,kg,6.5,6.52,5.9,7.0,6,1.2
goiaba,2024,municipal,kg,6.56,6.82,3.0,9.51,27,3.2
goiaba,2025,federal,kg,7.15,6.66,4.5,7.93,5,1.8
goiaba,2025,municipal,kg,7.15,7.09,4.99,8.71,7,1.7
goiaba,2026,municipal,kg,8.08,7.68,6.87,8.08,3,1.2
grampeador,2019,estadual,unidade,17.9,25.06,5.51,72.9,51,13.2
grampeador,2019,federal,unidade,12.08,18.19,6.25,49.9,22,8.0
grampeador,2019,municipal,unidade,23.76,23.48,13.26,33.15,4,2.5
grampeador,2020,estadual,unidade,13.26,16.08,5.91,35.13,20,5.9
grampeador,2020,federal,unidade,14.38,21.17,7.66,59.0,17,7.7
grampeador,2020,municipal,unidade,28.14,32.23,12.82,69.04,20,5.4
grampeador,2021,estadual,unidade,19.2,24.81,5.65,78.78,34,13.9
grampeador,2021,federal,unidade,13.1,18.41,8.06,39.72,9,4.9
grampeador,2021,municipal,unidade,21.13,32.56,5.39,72.78,29,13.5
grampeador,2022,estadual,unidade,22.75,25.97,6.71,65.9,40,9.8
grampeador,2022,federal,unidade,17.05,15.79,8.89,19.9,8,2.2
grampeador,2022,municipal,unidade,21.99,26.88,7.51,71.7,119,9.5
grampeador,2023,estadual,unidade,17.51,21.25,6.07,66.89,19,11.0
grampeador,2023,municipal,unidade,13.5,19.87,6.8,50.96,202,7.5
grampeador,2024,estadual,unidade,23.58,26.14,5.89,69.5,20,11.8
grampeador,2024,federal,unidade,32.0,30.76,13.4,50.0,7,3.7
grampeador,2024,municipal,unidade,12.12,15.73,6.21,40.99,248,6.6
grampeador,2025,estadual,unidade,17.19,16.07,6.0,31.48,13,5.2
grampeador,2025,federal,unidade,19.15,21.28,7.99,44.99,20,5.6
grampeador,2025,municipal,unidade,17.87,20.67,6.91,43.66,200,6.3
grampeador,2026,municipal,unidade,16.0,18.87,6.4,40.0,29,6.2
haloperidol,2019,estadual,unidade,0.2,0.84,0.12,3.09,21,26.1
haloperidol,2019,federal,unidade,1.05,1.32,0.15,2.73,7,18.2
haloperidol,2020,estadual,unidade,0.27,1.16,0.14,3.35,25,23.9
haloperidol,2020,federal,unidade,1.83,1.72,0.22,3.0,4,13.6
haloperidol,2020,municipal,unidade,1.29,1.63,0.13,6.2,20,46.3
haloperidol,2021,estadual,unidade,1.7,2.15,0.16,5.43,23,33.9
haloperidol,2021,federal,unidade,1.09,1.72,0.26,3.8,3,14.6
haloperidol,2021,municipal,unidade,1.42,2.08,0.13,5.56,23,43.9
haloperidol,2022,estadual,unidade,1.34,1.66,0.24,4.69,14,20.0
haloperidol,2022,federal,unidade,1.62,1.82,0.26,3.59,3,13.8
haloperidol,2022,municipal,unidade,0.23,1.7,0.14,6.0,41,43.5
haloperidol,2023,estadual,unidade,1.92,1.9,0.17,4.77,15,28.8
haloperidol,2023,municipal,unidade,1.8,1.95,0.1,6.49,119,65.6
haloperidol,2024,estadual,unidade,0.25,1.61,0.15,4.57,22,31.4
haloperidol,2024,federal,unidade,1.9,2.23,0.24,4.55,3,19.0
haloperidol,2024,municipal,unidade,0.17,1.5,0.1,4.25,119,44.7
haloperidol,2025,estadual,unidade,0.12,1.5,0.09,4.28,3,47.6
haloperidol,2025,municipal,unidade,1.62,1.73,0.08,4.12,120,54.9
haloperidol,2026,municipal,unidade,1.7,1.92,0.09,4.52,49,50.2
hidroclorotiazida,2019,estadual,unidade,1.37,1.3,0.13,2.29,41,18.0
hidroclorotiazida,2019,federal,unidade,0.02,0.02,0.02,0.02,2,1.0
hidroclorotiazida,2020,estadual,unidade,1.31,1.31,0.04,2.51,27,62.7
hidroclorotiazida,2020,municipal,unidade,0.01,0.02,0.01,0.03,4,2.4
hidroclorotiazida,2021,estadual,unidade,1.31,1.45,0.08,2.88,30,36.0
hidroclorotiazida,2021,municipal,unidade,0.02,0.02,0.02,0.02,6,1.0
hidroclorotiazida,2022,estadual,unidade,1.39,1.26,0.3,2.6,18,8.7
hidroclorotiazida,2022,municipal,unidade,0.03,0.03,0.02,0.03,8,1.5
hidroclorotiazida,2023,estadual,unidade,2.03,1.82,0.03,3.04,26,94.6
hidroclorotiazida,2023,municipal,unidade,0.03,0.11,0.02,0.77,34,42.8
hidroclorotiazida,2024,estadual,unidade,1.96,2.06,0.86,2.99,19,3.5
hidroclorotiazida,2024,municipal,unidade,0.03,0.18,0.02,1.59,36,88.3
hidroclorotiazida,2025,estadual,unidade,3.52,3.53,3.51,3.56,3,1.0
hidroclorotiazida,2025,federal,unidade,0.08,0.08,0.03,0.13,2,4.3
hidroclorotiazida,2025,municipal,unidade,0.02,0.06,0.02,0.67,32,39.2
hidroclorotiazida,2026,municipal,unidade,0.02,0.02,0.02,0.02,5,1.1
ibuprofeno,2019,estadual,unidade,0.25,0.55,0.15,1.43,12,9.6
ibuprofeno,2019,federal,unidade,1.4,2.86,1.4,5.77,3,4.1
ibuprofeno,2019,municipal,unidade,1.06,1.06,1.05,1.08,2,1.0
ibuprofeno,2020,estadual,unidade,0.32,0.91,0.18,2.53,12,14.3
ibuprofeno,2020,federal,unidade,0.42,0.41,0.38,0.42,3,1.1
ibuprofeno,2020,municipal,unidade,1.0,0.75,0.17,1.34,5,7.9
ibuprofeno,2021,estadual,unidade,1.05,0.99,0.21,1.76,6,8.5
ibuprofeno,2021,municipal,unidade,0.17,0.4,0.17,1.98,8,11.9
ibuprofeno,2022,estadual,unidade,0.23,0.48,0.18,1.52,8,8.6
ibuprofeno,2022,federal,unidade,0.22,0.23,0.22,0.26,3,1.2
ibuprofeno,2022,municipal,unidade,0.18,0.73,0.16,1.9,20,11.9
ibuprofeno,2023,estadual,unidade,0.23,0.73,0.19,2.25,4,11.8
ibuprofeno,2023,municipal,unidade,0.18,0.9,0.12,2.53,72,20.2
ibuprofeno,2024,estadual,unidade,0.17,1.13,0.14,2.6,5,18.1
ibuprofeno,2024,federal,unidade,0.23,0.23,0.18,0.28,2,1.6
ibuprofeno,2024,municipal,unidade,0.17,1.0,0.11,2.46,77,22.9
ibuprofeno,2025,estadual,unidade,1.28,3.05,0.1,9.52,4,91.1
ibuprofeno,2025,municipal,unidade,0.12,0.88,0.08,2.24,62,26.4
ibuprofeno,2026,municipal,unidade,0.13,1.01,0.08,2.25,32,28.1
impressora,2019,estadual,unidade,2000.0,2596.44,1982.2,5000.0,5,2.5
impressora,2019,federal,unidade,2099.99,2237.24,849.99,3899.0,4,4.6
impressora,2020,estadual,unidade,3342.4,3468.43,2133.4,6380.0,10,3.0
impressora,2020,federal,unidade,1575.0,1653.61,980.0,2350.0,6,2.4
impressora,2020,municipal,unidade,900.0,1100.0,900.0,1500.0,6,1.7
impressora,2021,estadual,unidade,1500.0,1611.67,300.0,4576.5,16,15.3
impressora,2021,federal,unidade,2700.0,2719.3,2298.0,3159.9,3,1.4
impressora,2022,estadual,unidade,1890.0,1955.42,376.66,4680.0,15,12.4
impressora,2022,federal,unidade,2500.0,2761.11,2121.0,4235.56,5,2.0
impressora,2022,municipal,unidade,2700.0,2184.43,824.0,3200.0,7,3.9
impressora,2023,estadual,unidade,831.66,1507.55,499.0,2880.0,7,5.8
impressora,2023,municipal,unidade,1702.35,1690.83,950.0,2319.0,24,2.4
impressora,2024,estadual,unidade,296.25,388.21,290.33,670.0,4,2.3
impressora,2024,federal,unidade,4738.0,5000.8,2588.5,7544.5,5,2.9
impressora,2024,municipal,unidade,2376.0,2409.76,1320.0,4999.0,50,3.8
impressora,2025,federal,unidade,1131.47,1620.0,280.0,3937.07,4,14.1
impressora,2025,municipal,unidade,490.0,1424.32,428.0,3600.0,17,8.4
impressora,2026,estadual,unidade,733.75,733.75,502.5,965.0,2,1.9
impressora,2026,federal,unidade,985.63,985.63,985.63,985.63,2,1.0
impressora,2026,municipal,unidade,622.5,1015.91,428.0,2830.0,18,6.6
inhame,2019,municipal,kg,3.49,3.49,3.49,3.49,2,1.0
inhame,2020,municipal,kg,4.6,4.46,3.54,5.14,13,1.5
inhame,2021,municipal,kg,4.44,5.25,4.12,7.34,10,1.8
inhame,2022,municipal,kg,4.9,5.02,3.3,7.7,31,2.3
inhame,2023,municipal,kg,6.96,6.78,3.96,9.15,103,2.3
inhame,2024,federal,kg,7.22,7.07,4.99,8.6,8,1.7
inhame,2024,municipal,kg,5.86,6.2,3.5,10.25,95,2.9
inhame,2025,federal,kg,7.18,6.42,2.74,8.03,12,2.9
inhame,2025,municipal,kg,6.05,5.79,2.58,9.23,70,3.6
inhame,2026,municipal,kg,5.9,5.36,2.58,9.12,20,3.5
insulina,2019,estadual,unidade,27.44,28.39,17.1,35.0,5,2.0
insulina,2020,estadual,unidade,24.95,25.17,19.54,32.18,7,1.6
insulina,2021,estadual,unidade,34.08,33.34,21.62,47.0,8,2.2
insulina,2022,estadual,unidade,23.96,24.17,20.03,28.74,4,1.4
insulina,2022,municipal,unidade,19.7,20.15,18.0,22.75,6,1.3
insulina,2023,estadual,unidade,18.48,18.78,14.93,25.33,9,1.7
insulina,2023,municipal,unidade,22.78,22.02,20.76,23.0,5,1.1
insulina,2024,estadual,unidade,47.57,47.8,22.79,76.99,16,3.4
insulina,2024,municipal,unidade,26.14,25.93,23.41,29.0,7,1.2
insulina,2026,municipal,unidade,53.74,51.22,35.15,62.25,4,1.8
iogurte,2019,federal,litro,6.85,5.86,3.29,6.93,5,2.1
iogurte,2020,federal,litro,5.82,5.71,4.5,6.69,4,1.5
iogurte,2020,municipal,litro,6.79,6.49,5.9,6.79,3,1.2
iogurte,2021,federal,litro,3.42,3.99,3.3,5.8,4,1.8
iogurte,2021,municipal,litro,10.5,9.14,3.36,13.57,6,4.0
iogurte,2022,estadual,litro,8.04,8.04,7.78,8.31,2,1.1
iogurte,2022,federal,litro,6.74,6.86,3.99,9.99,4,2.5
iogurte,2022,municipal,litro,5.98,6.51,5.98,8.35,6,1.4
iogurte,2023,municipal,litro,11.11,11.63,4.5,18.4,37,4.1
iogurte,2024,estadual,litro,8.05,8.05,8.05,8.05,2,1.0
iogurte,2024,federal,litro,6.18,5.1,3.19,6.51,11,2.0
iogurte,2024,municipal,litro,9.3,9.97,5.0,18.24,25,3.6
iogurte,2025,federal,litro,5.55,5.97,3.49,8.63,7,2.5
iogurte,2025,municipal,litro,12.9,13.36,5.98,20.59,21,3.4
iogurte,2026,municipal,litro,5.7,9.71,5.65,18.06,21,3.2
lampada_led,2019,estadual,unidade,30.83,35.15,17.53,66.67,18,3.8
lampada_led,2019,federal,unidade,13.23,15.69,6.29,45.0,34,7.2
lampada_led,2019,municipal,unidade,85.75,85.75,67.5,104.0,2,1.5
lampada_led,2020,estadual,unidade,23.84,31.79,13.8,58.87,10,4.3
lampada_led,2020,federal,unidade,11.8,17.41,7.99,42.91,19,5.4
lampada_led,2021,estadual,unidade,17.66,20.68,9.43,40.0,18,4.2
lampada_led,2021,federal,unidade,15.52,19.79,8.7,48.37,18,5.6
lampada_led,2021,municipal,unidade,10.44,10.54,9.9,11.39,4,1.2
lampada_led,2022,estadual,unidade,28.96,31.17,3.9,57.72,21,14.8
lampada_led,2022,federal,unidade,15.36,18.66,7.95,45.0,24,5.7
lampada_led,2022,municipal,unidade,12.88,19.47,5.85,60.0,51,10.3
lampada_led,2023,estadual,unidade,16.85,20.67,4.9,51.3,31,10.5
lampada_led,2023,municipal,unidade,10.0,19.89,3.5,100.19,218,28.6
lampada_led,2024,estadual,unidade,11.48,12.88,9.57,18.87,10,2.0
lampada_led,2024,federal,unidade,6.7,11.37,3.26,45.0,31,13.8
lampada_led,2024,municipal,unidade,13.34,23.69,2.43,102.69,70,42.3
lampada_led,2025,estadual,unidade,12.48,13.14,7.27,28.81,19,4.0
lampada_led,2025,federal,unidade,11.11,12.98,3.88,34.67,46,8.9
lampada_led,2025,municipal,unidade,9.1,21.35,3.41,93.96,160,27.6
lampada_led,2026,municipal,unidade,26.78,41.19,5.0,111.89,35,22.4
lapis,2019,estadual,unidade,0.85,0.99,0.74,1.36,6,1.8
lapis,2019,federal,unidade,0.19,0.55,0.16,1.31,3,8.2
lapis,2020,estadual,unidade,0.36,0.48,0.29,0.89,5,3.1
lapis,2020,federal,unidade,0.25,0.26,0.21,0.33,4,1.6
lapis,2020,municipal,unidade,0.66,0.66,0.39,0.93,2,2.4
lapis,2021,estadual,unidade,1.0,0.99,0.39,1.47,5,3.8
lapis,2021,federal,unidade,0.24,0.36,0.17,0.66,6,3.9
lapis,2021,municipal,unidade,1.04,1.31,0.34,2.56,3,7.5
lapis,2022,estadual,unidade,0.59,0.69,0.34,1.5,9,4.4
lapis,2022,federal,unidade,0.29,0.3,0.29,0.31,3,1.1
lapis,2022,municipal,unidade,0.35,0.44,0.24,0.98,18,4.1
lapis,2023,estadual,unidade,0.93,0.82,0.28,1.24,6,4.4
lapis,2023,municipal,unidade,0.32,0.41,0.3,1.14,63,3.8
lapis,2024,estadual,unidade,1.8,1.65,0.76,2.3,10,3.0
lapis,2024,federal,unidade,2.51,2.25,1.43,2.82,3,2.0
lapis,2024,municipal,unidade,0.18,0.56,0.18,1.13,113,6.3
lapis,2025,estadual,unidade,1.06,1.05,0.55,1.53,4,2.8
lapis,2025,federal,unidade,0.56,0.89,0.4,2.04,4,5.1
lapis,2025,municipal,unidade,0.36,0.6,0.21,1.8,28,8.6
lapis,2026,federal,unidade,0.65,0.65,0.55,0.75,2,1.4
lapis,2026,municipal,unidade,1.3,1.28,0.9,1.8,14,2.0
laranja,2019,municipal,kg,2.39,2.39,2.39,2.39,2,1.0
laranja,2021,municipal,kg,3.88,3.88,3.88,3.88,2,1.0
laranja,2022,municipal,kg,3.64,3.76,3.25,4.51,4,1.4
laranja,2023,municipal,kg,3.84,3.73,1.99,5.0,25,2.5
laranja,2024,federal,kg,4.92,4.64,3.2,5.35,12,1.7
laranja,2024,municipal,kg,4.0,3.78,1.25,5.5,34,4.4
laranja,2025,federal,kg,5.97,6.05,2.9,8.66,17,3.0
laranja,2025,municipal,kg,6.3,5.95,5.35,6.47,15,1.2
laranja,2026,municipal,kg,7.05,7.05,7.05,7.05,5,1.0
leite_condensado,2020,municipal,kg,14.18,14.18,14.18,14.18,2,1.0
leite_condensado,2021,municipal,kg,24.8,24.8,21.9,27.7,4,1.3
leite_condensado,2022,federal,kg,8.99,10.93,8.75,16.99,4,1.9
leite_condensado,2022,municipal,kg,36.17,31.62,15.16,39.0,4,2.6
leite_condensado,2023,municipal,kg,12.66,14.84,12.15,25.82,31,2.1
leite_condensado,2024,federal,kg,9.62,9.62,8.35,10.9,2,1.3
leite_condensado,2024,municipal,kg,19.0,21.88,10.03,39.9,13,4.0
leite_condensado,2025,federal,kg,15.26,15.26,8.99,21.53,2,2.4
leite_condensado,2025,municipal,kg,13.01,17.38,12.66,29.17,8,2.3
leite_condensado,2026,municipal,kg,11.9,11.91,11.9,11.92,3,1.0
leite_integral,2019,federal,litro,2.99,3.03,2.65,3.6,16,1.4
leite_integral,2020,federal,litro,3.14,3.23,2.99,3.62,4,1.2
leite_integral,2020,municipal,litro,3.92,3.92,3.92,3.92,2,1.0
leite_integral,2021,estadual,litro,4.07,4.29,3.9,4.89,3,1.3
leite_integral,2021,federal,litro,3.89,3.86,3.4,4.5,14,1.3
leite_integral,2021,municipal,litro,4.23,4.23,3.97,4.5,2,1.1
leite_integral,2022,estadual,litro,5.52,5.52,4.18,6.87,2,1.6
leite_integral,2022,federal,litro,5.3,5.5,4.59,7.58,17,1.7
leite_integral,2022,municipal,litro,4.18,4.62,4.18,5.44,10,1.3
leite_integral,2023,municipal,litro,6.21,8.25,4.34,15.0,40,3.5
leite_integral,2024,estadual,litro,5.13,5.13,5.13,5.13,2,1.0
leite_integral,2024,federal,litro,5.2,5.2,4.39,6.49,13,1.5
leite_integral,2024,municipal,litro,9.07,8.19,4.36,11.08,42,2.5
leite_integral,2025,federal,litro,5.24,5.2,4.5,5.79,8,1.3
leite_integral,2025,municipal,litro,7.98,8.49,4.6,13.85,19,3.0
leite_integral,2026,federal,litro,4.68,5.26,4.59,6.5,3,1.4
leite_integral,2026,municipal,litro,12.82,11.71,9.5,12.82,3,1.3
leite_po,2019,estadual,kg,61.5,62.38,37.5,89.0,4,2.4
leite_po,2019,federal,kg,28.48,32.41,21.5,54.48,12,2.5
leite_po,2020,federal,kg,24.99,25.49,24.5,27.5,4,1.1
leite_po,2020,municipal,kg,29.05,28.52,20.7,32.55,11,1.6
leite_po,2021,estadual,kg,41.08,42.75,29.75,53.38,9,1.8
leite_po,2021,federal,kg,38.29,37.12,31.9,40.0,4,1.3
leite_po,2021,municipal,kg,34.27,45.16,27.7,88.49,11,3.2
leite_po,2022,federal,kg,49.5,48.77,42.45,55.0,7,1.3
leite_po,2022,municipal,kg,31.7,34.55,25.0,54.3,33,2.2
leite_po,2023,municipal,kg,35.02,40.74,22.35,84.72,91,3.8
leite_po,2024,federal,kg,44.75,45.0,36.5,53.75,6,1.5
leite_po,2024,municipal,kg,32.9,36.32,25.0,59.98,80,2.4
leite_po,2025,federal,kg,41.25,39.78,30.5,44.98,9,1.5
leite_po,2025,municipal,kg,35.0,42.37,27.3,67.83,69,2.5
leite_po,2026,municipal,kg,56.75,51.26,29.0,63.49,33,2.2
levotiroxina,2019,estadual,unidade,0.3,0.32,0.08,0.55,22,6.8
levotiroxina,2019,federal,unidade,0.11,0.12,0.1,0.15,4,1.5
levotiroxina,2019,municipal,unidade,0.24,0.26,0.06,0.48,3,7.5
levotiroxina,2020,estadual,unidade,0.28,0.29,0.08,0.6,19,7.9
levotiroxina,2020,federal,unidade,0.14,0.15,0.14,0.16,3,1.1
levotiroxina,2020,municipal,unidade,0.08,0.09,0.07,0.29,22,4.0
levotiroxina,2021,estadual,unidade,0.21,0.24,0.13,0.56,23,4.4
levotiroxina,2021,federal,unidade,0.11,0.14,0.1,0.21,3,2.1
levotiroxina,2021,municipal,unidade,0.06,0.11,0.05,0.29,9,5.4
levotiroxina,2022,estadual,unidade,0.28,0.3,0.09,0.46,24,4.9
levotiroxina,2022,federal,unidade,0.09,0.12,0.08,0.18,3,2.3
levotiroxina,2022,municipal,unidade,0.2,0.2,0.16,0.24,17,1.5
levotiroxina,2023,estadual,unidade,0.42,0.39,0.19,0.57,14,3.0
levotiroxina,2023,municipal,unidade,0.17,0.17,0.13,0.24,83,1.8
levotiroxina,2024,estadual,unidade,0.32,0.46,0.11,1.09,8,9.7
levotiroxina,2024,municipal,unidade,0.18,0.17,0.09,0.3,87,3.3
levotiroxina,2025,estadual,unidade,0.4,0.43,0.36,0.49,5,1.4
levotiroxina,2025,municipal,unidade,0.12,0.16,0.08,0.45,92,5.6
levotiroxina,2026,municipal,unidade,0.09,0.09,0.07,0.14,22,2.0
limao,2019,municipal,kg,2.81,2.81,2.81,2.81,2,1.0
limao,2020,municipal,kg,5.0,5.39,5.0,6.16,6,1.2
limao,2021,municipal,kg,7.45,7.45,7.45,7.45,2,1.0
limao,2022,municipal,kg,4.0,4.05,3.8,4.53,8,1.2
limao,2023,municipal,kg,5.0,5.52,3.53,7.4,50,2.1
limao,2024,federal,kg,6.35,6.81,5.49,8.9,5,1.6
limao,2024,municipal,kg,7.05,6.03,3.15,8.0,54,2.5
limao,2025,federal,kg,4.99,5.13,3.5,6.85,7,2.0
limao,2025,municipal,kg,5.96,5.79,2.97,8.0,20,2.7
limao,2026,municipal,kg,7.61,6.07,3.0,7.61,3,2.5
linguica,2020,municipal,kg,23.16,25.17,16.0,35.33,5,2.2
linguica,2021,municipal,kg,19.84,19.84,17.96,21.71,4,1.2
linguica,2022,municipal,kg,21.45,22.48,13.6,39.9,16,2.9
linguica,2023,federal,kg,20.12,20.12,19.75,20.48,2,1.0
linguica,2023,municipal,kg,19.9,20.89,13.0,25.0,49,1.9
linguica,2024,federal,kg,26.7,25.49,18.9,29.68,4,1.6
linguica,2024,municipal,kg,18.0,17.24,13.0,19.5,27,1.5
linguica,2025,federal,kg,18.95,19.66,14.37,26.86,20,1.9
linguica,2025,municipal,kg,17.5,17.48,16.0,19.15,27,1.2
linguica,2026,municipal,kg,16.89,17.23,16.0,18.8,7,1.2
loratadina,2019,estadual,unidade,0.6,0.95,0.07,3.45,19,47.7
loratadina,2019,federal,unidade,1.68,1.68,0.14,3.21,2,22.9
loratadina,2020,estadual,unidade,0.25,0.63,0.1,2.89,7,30.2
loratadina,2020,federal,unidade,0.19,0.17,0.12,0.19,3,1.6
loratadina,2020,municipal,unidade,0.09,0.09,0.09,0.09,3,1.1
loratadina,2021,estadual,unidade,0.16,1.03,0.15,2.64,5,17.5
loratadina,2021,federal,unidade,0.19,1.03,0.12,2.78,3,23.2
loratadina,2021,municipal,unidade,2.18,1.38,0.09,2.53,9,28.1
loratadina,2022,estadual,unidade,0.24,1.12,0.13,3.05,9,24.0
loratadina,2022,federal,unidade,0.13,0.99,0.1,2.75,3,27.5
loratadina,2022,municipal,unidade,0.08,1.09,0.06,3.2,17,51.2
loratadina,2023,estadual,unidade,0.13,0.14,0.08,0.24,6,2.9
loratadina,2023,municipal,unidade,0.07,1.29,0.06,3.34,57,55.7
loratadina,2024,estadual,unidade,0.09,1.53,0.08,3.57,7,44.4
loratadina,2024,federal,unidade,1.84,1.84,0.08,3.6,2,45.0
loratadina,2024,municipal,unidade,2.2,1.47,0.05,3.05,61,61.0
loratadina,2025,estadual,unidade,3.91,3.56,2.53,3.91,4,1.5
loratadina,2025,municipal,unidade,0.07,1.08,0.04,2.64,65,66.1
loratadina,2026,municipal,unidade,0.06,1.13,0.04,2.72,13,68.0
losartana,2019,estadual,unidade,0.07,0.29,0.06,1.12,8,19.7
losartana,2020,estadual,unidade,0.22,0.47,0.07,2.29,13,30.7
losartana,2020,federal,unidade,0.13,0.13,0.08,0.17,2,2.0
losartana,2020,municipal,unidade,0.07,0.07,0.06,0.08,2,1.5
losartana,2021,estadual,unidade,1.36,1.39,0.1,2.43,5,24.3
losartana,2021,municipal,unidade,0.08,0.08,0.08,0.09,4,1.1
losartana,2022,estadual,unidade,0.47,0.51,0.15,0.99,8,6.7
losartana,2022,federal,unidade,0.09,0.09,0.08,0.1,2,1.2
losartana,2022,municipal,unidade,0.05,0.05,0.05,0.06,7,1.2
losartana,2023,estadual,unidade,0.46,1.15,0.07,3.0,10,42.4
losartana,2023,municipal,unidade,0.05,0.05,0.04,0.06,42,1.3
losartana,2024,estadual,unidade,0.73,0.94,0.05,2.06,17,43.5
losartana,2024,federal,unidade,0.27,0.2,0.06,0.27,3,4.5
losartana,2024,municipal,unidade,0.04,0.04,0.03,0.05,25,1.5
losartana,2025,estadual,unidade,0.33,0.84,0.04,2.66,4,66.5
losartana,2025,municipal,unidade,0.03,0.03,0.03,0.04,28,1.4
losartana,2026,municipal,unidade,0.03,0.03,0.03,0.04,7,1.2
luva_procedimento,2019,estadual,caixa_100,21.64,20.35,10.8,25.0,41,2.3
luva_procedimento,2019,federal,caixa_100,29.38,34.81,8.0,65.0,16,8.1
luva_procedimento,2019,municipal,caixa_100,19.21,19.67,16.9,22.9,9,1.4
luva_procedimento,2020,estadual,caixa_100,55.2,55.06,10.64,104.0,204,9.8
luva_procedimento,2020,federal,caixa_100,74.75,74.43,74.0,74.75,7,1.0
luva_procedimento,2020,municipal,caixa_100,30.52,32.58,16.24,54.85,32,3.4
luva_procedimento,2021,estadual,caixa_100,80.3,75.74,35.09,106.0,70,3.0
luva_procedimento,2021,federal,caixa_100,90.0,82.76,14.27,100.0,10,7.0
luva_procedimento,2021,municipal,caixa_100,86.08,76.96,7.43,102.85,30,13.8
luva_procedimento,2022,estadual,caixa_100,25.23,25.57,15.23,45.6,56,3.0
luva_procedimento,2022,federal,caixa_100,35.62,35.06,30.0,39.0,4,1.3
luva_procedimento,2022,municipal,caixa_100,15.51,14.84,9.98,19.8,130,2.0
luva_procedimento,2023,estadual,caixa_100,15.9,16.28,6.0,25.93,37,4.3
luva_procedimento,2023,municipal,caixa_100,11.9,12.38,11.4,15.29,240,1.3
luva_procedimento,2024,estadual,caixa_100,22.9,23.26,15.25,36.9,56,2.4
luva_procedimento,2024,federal,caixa_100,33.99,33.99,29.99,37.99,2,1.3
luva_procedimento,2024,municipal,caixa_100,13.6,15.31,7.77,23.98,247,3.1
luva_procedimento,2025,federal,caixa_100,61.25,66.75,61.25,75.0,5,1.2
luva_procedimento,2025,municipal,caixa_100,20.0,19.55,14.5,26.59,180,1.8
luva_procedimento,2026,municipal,caixa_100,16.9,17.42,15.86,19.82,155,1.2
maca_fruta,2019,municipal,kg,4.65,4.65,4.65,4.65,2,1.0
maca_fruta,2020,municipal,kg,5.76,5.5,4.99,5.76,3,1.2
maca_fruta,2021,municipal,kg,7.73,7.47,6.08,8.73,5,1.4
maca_fruta,2022,municipal,kg,5.25,6.18,5.05,9.24,16,1.8
maca_fruta,2023,municipal,kg,8.12,8.29,5.25,11.0,70,2.1
maca_fruta,2024,federal,kg,9.32,9.75,7.99,12.2,10,1.5
maca_fruta,2024,municipal,kg,8.45,8.71,6.3,11.82,72,1.9
maca_fruta,2025,federal,kg,9.73,9.63,7.04,14.0,16,2.0
maca_fruta,2025,municipal,kg,7.5,7.95,5.82,11.82,47,2.0
maca_fruta,2026,municipal,kg,5.9,6.52,5.82,9.12,21,1.6
macarrao,2019,federal,kg,9.16,9.14,3.6,17.8,36,4.9
macarrao,2019,municipal,kg,7.43,8.06,6.22,11.18,4,1.8
macarrao,2020,federal,kg,9.58,11.32,4.9,28.56,24,5.8
macarrao,2020,municipal,kg,5.94,6.95,4.54,11.36,17,2.5
macarrao,2021,federal,kg,8.8,9.16,5.76,17.96,13,3.1
macarrao,2021,municipal,kg,11.03,11.1,5.89,17.12,18,2.9
macarrao,2022,federal,kg,13.0,13.58,8.2,30.98,31,3.8
macarrao,2022,municipal,kg,6.38,7.29,3.52,12.48,43,3.5
macarrao,2023,municipal,kg,10.2,11.81,5.92,27.6,188,4.7
macarrao,2024,federal,kg,9.88,9.75,9.45,10.0,10,1.1
macarrao,2024,municipal,kg,7.7,10.61,5.44,28.68,233,5.3
macarrao,2025,federal,kg,7.13,9.02,5.48,14.25,6,2.6
macarrao,2025,municipal,kg,6.08,7.52,5.0,19.8,140,4.0
macarrao,2026,municipal,kg,6.79,7.04,4.98,13.88,44,2.8
mamao,2019,municipal,kg,3.47,3.47,3.47,3.47,2,1.0
mamao,2020,municipal,kg,3.0,3.4,3.0,4.19,6,1.4
mamao,2021,municipal,kg,4.61,4.61,4.42,4.8,4,1.1
mamao,2022,municipal,kg,5.0,4.22,2.2,6.9,19,3.1
mamao,2023,municipal,kg,7.94,8.28,5.0,11.4,62,2.3
mamao,2024,federal,kg,5.89,5.96,5.5,6.99,9,1.3
mamao,2024,municipal,kg,4.05,4.63,2.99,9.0,38,3.0
mamao,2025,federal,kg,5.0,5.06,3.4,6.87,7,2.0
mamao,2025,municipal,kg,4.45,4.57,3.49,7.94,33,2.3
mamao,2026,municipal,kg,3.57,3.78,3.49,4.94,14,1.4
manga_fruta,2023,municipal,kg,6.14,5.97,4.3,6.14,11,1.4
manga_fruta,2024,municipal,kg,8.11,8.01,4.85,9.7,13,2.0
manga_fruta,2025,federal,kg,4.74,4.74,4.01,5.47,2,1.4
manga_fruta,2025,municipal,kg,6.0,5.82,4.75,6.8,5,1.4
manteiga,2022,municipal,kg,56.65,49.43,35.0,56.65,3,1.6
manteiga,2023,municipal,kg,59.95,62.47,56.65,69.54,5,1.2
manteiga,2024,municipal,kg,58.75,61.45,58.75,69.54,4,1.2
manteiga,2025,municipal,kg,39.5,40.77,39.5,43.3,3,1.1
manteiga,2026,municipal,kg,42.5,43.33,42.25,45.25,3,1.1
margarina,2019,federal,kg,12.14,13.67,7.76,23.8,14,3.1
margarina,2019,municipal,kg,12.02,11.45,10.32,12.02,3,1.2
margarina,2020,municipal,kg,11.12,11.12,10.26,11.98,4,1.2
margarina,2021,estadual,kg,29.0,29.11,12.44,45.0,6,3.6
margarina,2021,municipal,kg,14.1,14.9,14.02,17.39,4,1.2
margarina,2022,estadual,kg,41.0,35.27,16.52,48.3,3,2.9
margarina,2022,municipal,kg,14.8,15.78,11.74,22.6,33,1.9
margarina,2023,estadual,kg,35.0,30.11,16.34,39.0,3,2.4
margarina,2023,municipal,kg,20.0,23.37,13.4,30.9,101,2.3
margarina,2024,estadual,kg,35.0,28.16,13.48,36.0,6,2.7
margarina,2024,federal,kg,11.96,12.54,10.19,17.18,5,1.7
margarina,2024,municipal,kg,18.36,20.62,10.4,36.78,55,3.5
margarina,2025,federal,kg,18.8,18.72,15.78,21.38,6,1.4
margarina,2025,municipal,kg,14.38,14.67,11.78,25.8,26,2.2
margarina,2026,municipal,kg,13.36,13.94,13.36,15.58,22,1.2
mascara_descartavel,2019,federal,unidade,0.8,0.62,0.2,1.0,5,5.1
mascara_descartavel,2020,estadual,unidade,0.38,0.51,0.2,1.08,4,5.4
mascara_descartavel,2020,federal,unidade,1.9,1.94,0.4,3.0,15,7.5
mascara_descartavel,2021,federal,unidade,0.42,0.41,0.28,0.64,5,2.3
mascara_descartavel,2022,estadual,unidade,0.32,0.28,0.12,0.34,5,2.8
mascara_descartavel,2022,federal,unidade,0.17,0.17,0.16,0.2,7,1.2
mascara_descartavel,2022,municipal,unidade,0.13,0.19,0.1,0.7,49,7.0
mascara_descartavel,2023,estadual,unidade,0.29,0.29,0.25,0.32,2,1.3
mascara_descartavel,2023,municipal,unidade,0.69,1.29,0.09,3.98,30,44.2
mascara_descartavel,2024,federal,unidade,0.09,0.1,0.07,0.13,4,1.9
mascara_descartavel,2024,municipal,unidade,0.08,0.39,0.07,3.2,37,45.7
mascara_descartavel,2025,municipal,unidade,2.5,2.11,0.46,3.2,37,7.0
mascara_descartavel,2026,municipal,unidade,0.46,0.98,0.4,3.78,7,9.4
melancia,2019,municipal,kg,1.69,1.69,1.69,1.69,2,1.0
melancia,2020,municipal,kg,2.57,2.38,1.99,2.57,3,1.3
melancia,2021,municipal,kg,1.85,1.85,1.85,1.85,2,1.0
melancia,2022,municipal,kg,2.75,3.04,2.15,4.4,30,2.0
melancia,2023,municipal,kg,4.6,3.92,2.2,4.85,70,2.2
melancia,2024,federal,kg,4.35,4.34,3.52,4.68,14,1.3
melancia,2024,municipal,kg,3.5,3.61,2.7,4.9,72,1.8
melancia,2025,federal,kg,2.74,3.16,2.35,4.75,8,2.0
melancia,2025,municipal,kg,3.52,3.55,1.7,6.13,62,3.6
melancia,2026,municipal,kg,1.71,2.05,1.7,3.0,17,1.8
metformina,2019,estadual,unidade,1.74,1.6,0.09,3.64,41,42.1
metformina,2019,municipal,unidade,0.06,0.06,0.05,0.06,2,1.1
metformina,2020,estadual,unidade,0.53,1.12,0.09,3.3,54,34.8
metformina,2020,municipal,unidade,0.08,0.08,0.07,0.09,5,1.4
metformina,2021,estadual,unidade,2.07,2.07,0.19,3.94,44,20.6
metformina,2021,municipal,unidade,0.07,0.08,0.07,0.08,7,1.1
metformina,2022,estadual,unidade,2.16,1.73,0.19,2.95,52,15.5
metformina,2022,federal,unidade,0.19,0.19,0.14,0.23,2,1.6
metformina,2022,municipal,unidade,0.1,0.1,0.08,0.12,13,1.4
metformina,2023,estadual,unidade,2.52,2.34,0.15,4.62,58,31.2
metformina,2023,municipal,unidade,0.1,0.18,0.1,2.31,51,23.6
metformina,2024,estadual,unidade,2.35,2.09,0.15,3.73,43,25.5
metformina,2024,federal,unidade,0.2,0.2,0.18,0.21,2,1.2
metformina,2024,municipal,unidade,0.13,1.03,0.09,4.38,70,48.7
metformina,2025,estadual,unidade,2.05,1.92,0.14,3.92,6,28.0
metformina,2025,municipal,unidade,0.1,0.1,0.09,0.15,54,1.6
metformina,2026,estadual,unidade,0.4,0.4,0.4,0.4,2,1.0
metformina,2026,municipal,unidade,0.1,0.1,0.09,0.11,17,1.3
metronidazol,2019,estadual,unidade,1.2,2.56,0.14,7.78,8,55.5
metronidazol,2019,federal,unidade,5.28,5.41,1.66,9.28,3,5.6
metronidazol,2019,municipal,unidade,1.28,1.28,0.11,2.45,2,23.0
metronidazol,2020,estadual,unidade,3.9,4.43,0.15,10.04,13,67.0
metronidazol,2020,federal,unidade,0.61,3.4,0.15,9.45,3,63.0
metronidazol,2020,municipal,unidade,4.27,3.5,0.11,7.18,13,64.7
metronidazol,2021,estadual,unidade,0.77,2.08,0.13,7.12,13,53.9
metronidazol,2021,federal,unidade,2.37,3.51,0.15,8.0,3,53.3
metronidazol,2021,municipal,unidade,2.43,2.22,0.11,4.33,9,37.7
metronidazol,2022,estadual,unidade,3.9,3.68,0.29,6.84,8,23.3
metronidazol,2022,federal,unidade,3.13,2.4,0.68,3.4,3,5.0
metronidazol,2022,municipal,unidade,4.64,3.15,0.17,8.8,21,51.8
metronidazol,2023,estadual,unidade,3.55,3.34,0.19,8.5,8,45.1
metronidazol,2023,municipal,unidade,5.15,3.66,0.17,6.39,64,37.4
metronidazol,2024,estadual,unidade,4.2,4.11,0.18,7.4,19,41.1
metronidazol,2024,federal,unidade,3.57,3.57,0.39,6.75,2,17.3
metronidazol,2024,municipal,unidade,3.8,3.07,0.17,6.54,85,38.5
metronidazol,2025,estadual,unidade,3.97,3.86,0.18,7.42,3,41.2
metronidazol,2025,federal,unidade,3.57,3.91,0.17,8.0,3,46.4
metronidazol,2025,municipal,unidade,3.85,2.88,0.15,6.07,61,40.5
metronidazol,2026,municipal,unidade,4.69,2.99,0.15,5.65,26,37.7
milho_lata,2019,federal,kg,12.86,12.85,11.99,13.7,4,1.1
milho_lata,2024,municipal,kg,13.25,13.25,13.25,13.25,2,1.0
milho_lata,2025,municipal,kg,16.25,16.25,16.25,16.25,2,1.0
milho_verde,2019,federal,kg,5.96,5.96,4.98,6.95,2,1.4
milho_verde,2020,municipal,kg,13.25,13.25,13.25,13.25,2,1.0
milho_verde,2021,municipal,kg,6.58,6.58,6.58,6.58,2,1.0
milho_verde,2022,municipal,kg,9.2,8.81,3.68,13.65,35,3.7
milho_verde,2023,municipal,kg,8.5,8.37,2.0,14.0,111,7.0
milho_verde,2024,federal,kg,9.18,9.18,3.39,14.98,2,4.4
milho_verde,2024,municipal,kg,5.68,6.95,1.75,14.0,53,8.0
milho_verde,2025,federal,kg,2.94,3.07,2.93,3.45,4,1.2
milho_verde,2025,municipal,kg,7.53,8.22,2.9,14.94,43,5.2
milho_verde,2026,municipal,kg,6.23,8.11,2.25,14.94,10,6.6
mistura_bolo,2022,municipal,kg,10.25,10.25,10.25,10.25,6,1.0
mistura_bolo,2023,municipal,kg,10.0,9.49,4.6,13.25,53,2.9
mistura_bolo,2024,municipal,kg,12.12,11.57,3.5,20.38,35,5.8
mistura_bolo,2025,municipal,kg,12.5,12.89,4.1,20.38,29,5.0
mistura_bolo,2026,municipal,kg,12.5,13.96,10.88,19.25,7,1.8
molho_tomate,2022,municipal,kg,5.4,5.4,4.5,6.3,2,1.4
molho_tomate,2023,municipal,kg,5.69,5.82,3.84,7.94,6,2.1
molho_tomate,2024,municipal,kg,11.29,12.09,3.21,17.24,16,5.4
molho_tomate,2025,municipal,kg,10.62,10.77,3.0,17.24,13,5.7
molho_tomate,2026,municipal,kg,8.82,8.82,8.82,8.82,2,1.0
monitor,2019,estadual,unidade,1035.33,885.3,538.56,1082.0,3,2.0
monitor,2020,estadual,unidade,1482.02,1588.18,472.33,2916.33,4,6.2
monitor,2020,municipal,unidade,2801.2,2452.5,1465.0,3003.8,8,2.1
monitor,2021,estadual,unidade,3102.41,2665.4,1354.37,3102.41,4,2.3
monitor,2021,municipal,unidade,807.03,1025.87,726.58,1544.0,6,2.1
monitor,2022,estadual,unidade,1502.38,1502.38,1221.4,1783.35,2,1.5
monitor,2022,municipal,unidade,1356.0,1505.0,481.0,1923.25,11,4.0
monitor,2023,municipal,unidade,1840.0,1525.63,679.12,2038.0,15,3.0
monitor,2024,estadual,unidade,1044.39,1065.59,746.72,1405.67,3,1.9
monitor,2024,municipal,unidade,1754.25,1559.77,571.4,2038.0,14,3.6
monitor,2025,federal,unidade,2590.0,2588.33,1697.0,3478.0,3,2.0
monitor,2025,municipal,unidade,578.99,630.06,578.99,1668.5,56,2.9
monitor,2026,municipal,unidade,633.0,619.0,578.99,645.0,3,1.1
mortadela,2023,municipal,kg,24.2,24.2,24.2,24.2,39,1.0
mortadela,2024,municipal,kg,24.2,24.2,24.2,24.2,7,1.0
mortadela,2025,federal,kg,24.5,24.94,23.98,26.35,3,1.1
mouse,2019,estadual,unidade,24.02,22.96,12.9,35.9,7,2.8
mouse,2020,estadual,unidade,13.9,15.64,8.26,28.5,7,3.5
mouse,2021,estadual,unidade,14.23,18.63,9.93,46.08,9,4.6
mouse,2021,municipal,unidade,15.76,21.24,15.06,32.9,3,2.2
mouse,2022,estadual,unidade,24.0,28.53,13.0,59.0,16,4.5
mouse,2022,municipal,unidade,11.45,15.28,10.77,34.0,8,3.2
mouse,2023,estadual,unidade,49.9,48.22,16.98,97.74,5,5.8
mouse,2023,municipal,unidade,14.15,25.98,9.19,50.0,30,5.4
mouse,2024,estadual,unidade,23.48,24.44,12.81,37.76,8,2.9
mouse,2024,municipal,unidade,16.98,26.73,13.2,50.0,6,3.8
mouse,2025,municipal,unidade,12.25,12.14,10.35,13.99,6,1.4
nimesulida,2019,estadual,unidade,0.09,0.1,0.08,0.13,4,1.5
nimesulida,2020,estadual,unidade,0.97,0.97,0.07,1.88,2,28.3
nimesulida,2020,federal,unidade,0.14,0.12,0.09,0.14,3,1.6
nimesulida,2021,estadual,unidade,1.04,1.04,0.07,2.0,2,27.2
nimesulida,2022,estadual,unidade,0.1,0.1,0.09,0.11,2,1.2
nimesulida,2022,federal,unidade,0.2,0.17,0.12,0.2,3,1.7
nimesulida,2022,municipal,unidade,0.11,0.11,0.09,0.11,5,1.2
nimesulida,2023,estadual,unidade,0.13,0.13,0.13,0.13,2,1.0
nimesulida,2023,municipal,unidade,0.09,0.09,0.08,0.11,19,1.4
nimesulida,2024,estadual,unidade,0.09,0.09,0.09,0.09,2,1.0
nimesulida,2024,municipal,unidade,0.08,0.08,0.06,0.09,19,1.5
nimesulida,2025,municipal,unidade,0.05,0.05,0.05,0.06,15,1.2
nimesulida,2026,municipal,unidade,0.06,0.06,0.06,0.06,4,1.0
notebook,2019,estadual,unidade,3560.0,4058.07,1621.3,7699.0,15,4.7
notebook,2019,federal,unidade,3400.0,3400.0,2350.0,4450.0,2,1.9
notebook,2019,municipal,unidade,5898.13,5343.62,3145.18,6655.9,7,2.1
notebook,2020,estadual,unidade,6480.0,6288.2,2599.0,9415.81,20,3.6
notebook,2020,federal,unidade,5478.5,5971.11,2164.0,10791.88,16,5.0
notebook,2020,municipal,unidade,4191.88,4121.45,1978.0,6403.71,10,3.2
notebook,2021,estadual,unidade,8067.75,7900.08,4688.07,10007.61,17,2.1
notebook,2021,federal,unidade,3954.5,4022.06,3829.0,4350.25,4,1.1
notebook,2021,municipal,unidade,4466.67,5115.6,2750.0,8215.33,17,3.0
notebook,2022,estadual,unidade,7400.0,6534.18,4250.0,8886.78,5,2.1
notebook,2022,federal,unidade,6490.0,6067.0,4312.0,7399.0,3,1.7
notebook,2022,municipal,unidade,4623.0,5306.9,2839.0,8190.0,28,2.9
notebook,2023,estadual,unidade,7223.24,7225.49,2199.0,10712.0,7,4.9
notebook,2023,municipal,unidade,3890.0,4595.15,1815.0,7883.0,75,4.3
notebook,2024,estadual,unidade,5084.69,6022.01,4839.0,8142.35,3,1.7
notebook,2024,federal,unidade,3725.22,4026.61,3656.0,5000.0,4,1.4
notebook,2024,municipal,unidade,3499.0,3997.16,1500.0,7883.0,51,5.3
notebook,2025,estadual,unidade,5161.72,5161.72,4051.83,6271.6,2,1.5
notebook,2025,federal,unidade,5110.0,4784.47,2960.0,7342.33,5,2.5
notebook,2025,municipal,unidade,3513.66,3979.02,3044.7,8650.0,72,2.8
notebook,2026,federal,unidade,2859.33,2859.33,2859.33,2859.33,4,1.0
notebook,2026,municipal,unidade,3387.51,3448.43,2900.0,4993.33,13,1.7
oleo_soja,2020,municipal,litro,7.49,7.18,5.26,9.94,13,1.9
oleo_soja,2021,municipal,litro,9.46,9.59,8.72,10.77,11,1.2
oleo_soja,2022,municipal,litro,10.08,10.39,8.4,12.11,56,1.4
oleo_soja,2023,municipal,litro,10.0,9.63,7.1,12.1,120,1.7
oleo_soja,2024,municipal,litro,7.66,8.23,5.78,12.0,130,2.1
oleo_soja,2025,federal,litro,11.93,11.93,8.68,15.19,2,1.8
oleo_soja,2025,municipal,litro,8.13,7.99,5.66,9.24,83,1.6
oleo_soja,2026,municipal,litro,8.19,7.97,7.33,8.89,36,1.2
omeprazol,2019,estadual,unidade,5.04,4.32,0.06,7.33,14,118.3
omeprazol,2019,federal,unidade,0.1,2.21,0.09,5.38,5,59.8
omeprazol,2020,estadual,unidade,4.17,3.57,0.07,8.9,23,119.1
omeprazol,2020,federal,unidade,0.1,0.1,0.09,0.12,2,1.3
omeprazol,2020,municipal,unidade,0.35,2.72,0.07,6.14,7,83.0
omeprazol,2021,estadual,unidade,0.16,3.01,0.08,10.63,15,139.0
omeprazol,2021,municipal,unidade,0.07,0.11,0.07,0.23,4,3.0
omeprazol,2022,estadual,unidade,9.16,7.19,0.13,11.69,12,87.0
omeprazol,2022,federal,unidade,0.14,3.1,0.11,12.0,4,109.1
omeprazol,2022,municipal,unidade,0.11,3.23,0.09,11.09,13,122.3
omeprazol,2023,estadual,unidade,0.68,3.01,0.08,7.66,11,91.9
omeprazol,2023,municipal,unidade,0.07,2.54,0.05,8.78,43,159.9
omeprazol,2024,estadual,unidade,7.54,5.38,0.2,9.98,11,49.9
omeprazol,2024,federal,unidade,8.45,6.03,0.08,9.57,3,119.6
omeprazol,2024,municipal,unidade,0.05,2.04,0.04,6.47,50,161.8
omeprazol,2025,estadual,unidade,0.1,0.09,0.06,0.1,3,1.6
omeprazol,2025,federal,unidade,3.09,3.09,0.06,6.13,2,106.6
omeprazol,2025,municipal,unidade,0.08,3.41,0.05,9.35,49,187.0
omeprazol,2026,municipal,unidade,0.07,2.77,0.06,7.7,19,128.3
ovos,2019,federal,duzia,8.14,8.14,7.5,8.77,4,1.2
ovos,2022,municipal,duzia,13.84,13.04,7.19,18.0,8,2.5
ovos,2023,municipal,duzia,15.0,15.13,5.19,22.4,53,4.3
ovos,2024,municipal,duzia,8.97,10.04,6.99,16.19,44,2.3
ovos,2025,municipal,duzia,10.7,10.81,6.8,15.27,48,2.2
ovos,2026,municipal,duzia,12.96,12.84,11.45,12.96,13,1.1
pano_chao,2019,estadual,unidade,3.65,3.78,3.0,4.89,9,1.6
pano_chao,2019,municipal,unidade,3.03,3.03,3.03,3.03,12,1.0
pano_chao,2020,estadual,unidade,4.08,4.05,3.2,5.0,10,1.6
pano_chao,2021,estadual,unidade,4.87,5.18,3.44,6.49,11,1.9
pano_chao,2021,municipal,unidade,4.35,4.41,4.35,4.8,14,1.1
pano_chao,2022,estadual,unidade,6.1,5.79,4.35,6.78,6,1.6
pano_chao,2022,municipal,unidade,3.26,3.52,2.5,5.89,51,2.4
pano_chao,2023,estadual,unidade,5.78,5.85,4.72,7.81,7,1.7
pano_chao,2023,municipal,unidade,4.94,4.66,2.66,5.3,191,2.0
pano_chao,2024,estadual,unidade,6.04,6.19,5.52,7.39,6,1.3
pano_chao,2024,municipal,unidade,3.69,3.7,2.3,5.3,98,2.3
pano_chao,2025,municipal,unidade,4.07,5.15,3.69,9.6,39,2.6
pano_chao,2026,municipal,unidade,4.04,4.82,3.12,9.99,19,3.2
pao,2022,municipal,kg,19.5,19.92,13.98,25.0,11,1.8
pao,2023,municipal,kg,17.7,16.29,6.55,22.99,26,3.5
pao,2024,municipal,kg,17.0,17.02,7.0,21.99,23,3.1
pao,2025,municipal,kg,16.8,16.87,9.11,23.2,29,2.5
pao,2026,municipal,kg,19.4,18.9,16.0,21.88,14,1.4
papel_a4,2019,estadual,resma,21.14,21.53,19.5,25.6,6,1.3
papel_a4,2019,federal,resma,14.8,15.26,14.0,17.79,11,1.3
papel_a4,2019,municipal,resma,16.93,16.93,16.93,16.93,2,1.0
papel_a4,2020,estadual,resma,16.99,17.73,11.0,27.03,9,2.5
papel_a4,2020,municipal,resma,17.42,27.93,15.74,50.63,6,3.2
papel_a4,2021,estadual,resma,15.5,15.66,14.9,17.1,6,1.1
papel_a4,2021,municipal,resma,16.05,22.57,13.13,48.0,16,3.7
papel_a4,2022,estadual,resma,24.49,25.9,15.68,36.1,6,2.3
papel_a4,2022,municipal,resma,25.45,28.69,19.93,57.5,40,2.9
papel_a4,2023,estadual,resma,10.9,18.58,10.9,44.95,13,4.1
papel_a4,2023,municipal,resma,20.38,21.02,19.49,27.59,233,1.4
papel_a4,2024,estadual,resma,23.25,23.03,17.0,28.94,17,1.7
papel_a4,2024,federal,resma,20.0,20.0,20.0,20.0,2,1.0
papel_a4,2024,municipal,resma,19.97,21.36,15.98,35.0,234,2.2
papel_a4,2025,estadual,resma,24.58,26.13,22.2,35.0,8,1.6
papel_a4,2025,federal,resma,20.0,23.4,11.74,38.45,3,3.3
papel_a4,2025,municipal,resma,19.9,20.27,12.2,29.67,94,2.4
papel_a4,2026,municipal,resma,19.59,21.7,15.6,39.98,55,2.6
papel_higienico,2019,estadual,rolo,5.09,5.33,2.7,11.98,24,4.4
papel_higienico,2019,federal,rolo,4.09,4.24,1.98,6.5,14,3.3
papel_higienico,2020,estadual,rolo,5.32,5.93,3.32,12.0,22,3.6
papel_higienico,2020,federal,rolo,3.22,3.22,2.25,4.2,4,1.9
papel_higienico,2021,estadual,rolo,5.0,6.66,2.52,19.0,18,7.5
papel_higienico,2021,federal,rolo,2.25,2.03,0.5,3.9,7,7.8
papel_higienico,2021,municipal,rolo,4.2,4.2,3.64,4.77,4,1.3
papel_higienico,2022,estadual,rolo,7.91,7.74,4.5,11.87,22,2.6
papel_higienico,2022,federal,rolo,5.23,5.5,2.54,11.4,11,4.5
papel_higienico,2022,municipal,rolo,3.69,3.95,1.15,11.79,107,10.3
papel_higienico,2023,estadual,rolo,8.13,8.63,4.3,12.94,13,3.0
papel_higienico,2023,municipal,rolo,4.22,4.6,4.12,8.1,225,2.0
papel_higienico,2024,estadual,rolo,6.58,6.06,3.82,7.37,10,1.9
papel_higienico,2024,federal,rolo,5.28,5.36,3.99,6.89,4,1.7
papel_higienico,2024,municipal,rolo,4.72,5.11,1.37,13.95,141,10.2
papel_higienico,2025,estadual,rolo,5.38,6.06,1.66,9.58,8,5.8
papel_higienico,2025,federal,rolo,5.57,6.99,0.64,14.4,12,22.5
papel_higienico,2025,municipal,rolo,3.32,4.1,3.1,9.1,196,2.9
papel_higienico,2026,federal,rolo,5.34,5.49,3.85,7.45,4,1.9
papel_higienico,2026,municipal,rolo,6.16,7.09,0.95,13.14,30,13.8
papel_toalha,2019,estadual,rolo,12.85,12.88,4.03,27.45,32,6.8
papel_toalha,2019,federal,rolo,21.7,23.44,20.65,29.7,4,1.4
papel_toalha,2019,municipal,rolo,19.99,19.99,19.99,19.99,11,1.0
papel_toalha,2020,estadual,rolo,11.5,12.43,5.32,26.43,29,5.0
papel_toalha,2020,federal,rolo,23.3,23.3,23.3,23.3,2,1.0
papel_toalha,2021,estadual,rolo,11.73,12.43,8.22,21.46,28,2.6
papel_toalha,2021,federal,rolo,22.95,22.6,21.4,23.0,6,1.1
papel_toalha,2021,municipal,rolo,16.5,16.5,16.5,16.5,12,1.0
papel_toalha,2022,estadual,rolo,15.08,15.6,6.11,27.0,46,4.4
papel_toalha,2022,federal,rolo,23.0,21.93,19.8,23.0,3,1.2
papel_toalha,2022,municipal,rolo,6.98,8.49,3.69,23.0,139,6.2
papel_toalha,2023,estadual,rolo,16.23,18.09,12.19,28.48,21,2.3
papel_toalha,2023,municipal,rolo,8.85,9.62,3.4,23.4,324,6.9
papel_toalha,2024,estadual,rolo,15.4,14.11,3.92,21.83,19,5.6
papel_toalha,2024,federal,rolo,7.89,11.86,7.74,25.0,5,3.2
papel_toalha,2024,municipal,rolo,9.67,10.43,2.65,23.0,144,8.7
papel_toalha,2025,federal,rolo,9.98,11.77,3.2,27.74,17,8.7
papel_toalha,2025,municipal,rolo,7.32,9.78,3.63,29.0,289,8.0
papel_toalha,2026,federal,rolo,22.0,19.16,13.48,22.0,3,1.6
papel_toalha,2026,municipal,rolo,9.4,12.11,3.63,28.5,43,7.9
paracetamol,2019,estadual,unidade,0.55,0.63,0.05,1.54,18,28.4
paracetamol,2019,federal,unidade,0.28,0.27,0.09,0.43,4,4.8
paracetamol,2019,municipal,unidade,0.62,0.62,0.62,0.62,2,1.0
paracetamol,2020,estadual,unidade,0.34,0.53,0.08,2.47,27,31.3
paracetamol,2020,federal,unidade,0.21,0.37,0.17,0.89,4,5.2
paracetamol,2020,municipal,unidade,0.35,0.37,0.04,0.77,12,18.3
paracetamol,2021,estadual,unidade,0.6,0.68,0.12,1.9,17,15.4
paracetamol,2021,federal,unidade,0.17,0.41,0.1,0.95,3,9.1
paracetamol,2021,municipal,unidade,0.1,0.44,0.06,1.1,17,17.9
paracetamol,2022,estadual,unidade,0.79,1.08,0.12,3.39,28,28.3
paracetamol,2022,federal,unidade,0.45,0.55,0.2,1.1,5,5.5
paracetamol,2022,municipal,unidade,0.12,0.54,0.08,1.42,20,17.1
paracetamol,2023,estadual,unidade,0.77,0.74,0.1,2.48,19,24.5
paracetamol,2023,municipal,unidade,0.78,0.7,0.08,1.4,56,18.0
paracetamol,2024,estadual,unidade,0.76,0.81,0.1,1.65,10,16.8
paracetamol,2024,federal,unidade,0.29,0.34,0.23,0.57,4,2.5
paracetamol,2024,municipal,unidade,0.1,0.64,0.07,1.4,71,20.6
paracetamol,2025,estadual,unidade,0.97,0.97,0.86,1.07,3,1.2
paracetamol,2025,municipal,unidade,0.09,0.6,0.05,1.18,57,23.6
paracetamol,2026,federal,unidade,0.44,0.51,0.4,0.69,3,1.7
paracetamol,2026,municipal,unidade,0.59,0.61,0.05,1.25,20,25.1
pasta_arquivo,2019,estadual,unidade,17.01,14.73,6.72,20.0,10,3.0
pasta_arquivo,2020,estadual,unidade,8.99,7.94,2.46,12.6,11,5.1
pasta_arquivo,2020,municipal,unidade,3.18,3.18,2.7,3.66,6,1.4
pasta_arquivo,2021,estadual,unidade,15.35,16.17,3.92,25.25,11,6.4
pasta_arquivo,2021,federal,unidade,4.99,4.5,2.65,5.87,6,2.2
pasta_arquivo,2021,municipal,unidade,2.7,2.77,2.24,3.5,10,1.6
pasta_arquivo,2022,estadual,unidade,18.0,16.27,6.95,23.85,6,3.4
pasta_arquivo,2022,municipal,unidade,2.46,3.72,1.92,11.11,45,5.8
pasta_arquivo,2023,estadual,unidade,3.95,9.75,2.21,24.66,11,11.2
pasta_arquivo,2023,municipal,unidade,2.5,5.52,1.87,20.21,80,10.8
pasta_arquivo,2024,estadual,unidade,15.42,17.91,9.98,26.5,6,2.7
pasta_arquivo,2024,municipal,unidade,2.77,4.98,1.78,10.0,117,5.6
pasta_arquivo,2025,municipal,unidade,8.18,5.8,1.47,13.31,65,9.1
pasta_arquivo,2026,municipal,unidade,9.19,7.02,1.98,13.5,14,6.8
peixe,2020,municipal,kg,32.46,32.46,29.92,35.0,2,1.2
peixe,2022,municipal,kg,43.85,44.7,40.0,46.94,10,1.2
peixe,2023,municipal,kg,43.65,45.42,37.0,52.19,16,1.4
peixe,2024,municipal,kg,48.4,44.44,31.98,52.15,34,1.6
peixe,2025,municipal,kg,37.66,38.61,31.98,52.15,19,1.6
peixe,2026,municipal,kg,37.66,38.72,35.5,42.64,8,1.2
pendrive,2019,estadual,unidade,38.58,51.78,19.9,150.0,19,7.5
pendrive,2020,estadual,unidade,35.58,40.58,17.55,75.46,14,4.3
pendrive,2020,municipal,unidade,39.54,40.52,33.75,48.25,3,1.4
pendrive,2021,estadual,unidade,30.72,35.07,18.42,52.73,13,2.9
pendrive,2021,municipal,unidade,53.53,67.53,37.06,126.0,4,3.4
pendrive,2022,estadual,unidade,36.83,39.03,33.77,52.99,6,1.6
pendrive,2022,municipal,unidade,27.4,28.01,20.4,44.37,25,2.2
pendrive,2023,estadual,unidade,46.84,56.24,22.93,107.18,16,4.7
pendrive,2023,municipal,unidade,24.0,28.44,20.06,57.15,39,2.8
pendrive,2024,estadual,unidade,39.87,39.38,25.94,48.43,6,1.9
pendrive,2024,federal,unidade,26.11,33.93,21.52,60.0,10,2.8
pendrive,2024,municipal,unidade,32.0,29.46,18.0,59.07,38,3.3
pendrive,2025,federal,unidade,32.56,32.53,19.27,52.12,11,2.7
pendrive,2025,municipal,unidade,28.6,40.16,20.25,130.0,18,6.4
pendrive,2026,municipal,unidade,36.12,31.61,23.0,37.4,7,1.6
pepino,2019,municipal,kg,2.39,2.39,2.39,2.39,2,1.0
pepino,2020,municipal,kg,3.0,2.69,2.08,3.0,3,1.4
pepino,2021,municipal,kg,3.49,3.49,3.46,3.52,4,1.0
pepino,2022,municipal,kg,4.7,4.02,3.0,4.93,13,1.6
pepino,2023,municipal,kg,3.74,4.28,3.0,5.86,57,2.0
pepino,2024,federal,kg,4.9,4.48,3.2,5.15,10,1.6
pepino,2024,municipal,kg,3.95,4.01,2.2,6.21,50,2.8
pepino,2025,federal,kg,4.28,4.14,1.99,6.53,12,3.3
pepino,2025,municipal,kg,3.9,3.97,2.2,6.21,43,2.8
pepino,2026,municipal,kg,2.45,3.46,1.9,5.66,15,3.0
pilha,2019,estadual,unidade,3.18,3.68,2.58,9.01,10,3.5
pilha,2020,estadual,unidade,7.15,6.41,2.5,12.59,17,5.0
pilha,2020,municipal,unidade,1.57,2.69,1.31,5.18,3,4.0
pilha,2021,estadual,unidade,4.47,5.61,3.02,14.59,9,4.8
pilha,2021,municipal,unidade,2.28,3.84,2.0,7.25,3,3.6
pilha,2022,estadual,unidade,5.7,5.35,3.49,6.9,13,2.0
pilha,2022,municipal,unidade,3.5,4.32,2.05,14.0,84,6.8
pilha,2023,estadual,unidade,11.02,10.17,5.55,13.3,9,2.4
pilha,2023,municipal,unidade,3.19,3.48,1.25,12.44,130,10.0
pilha,2024,estadual,unidade,9.68,10.48,5.0,16.52,6,3.3
pilha,2024,municipal,unidade,2.93,7.15,1.23,14.89,151,12.1
pilha,2025,municipal,unidade,2.43,2.84,1.32,8.99,60,6.8
pilha,2026,federal,unidade,0.86,0.86,0.82,0.9,2,1.1
pilha,2026,municipal,unidade,2.13,3.01,1.52,9.88,30,6.5
pimentao,2019,municipal,kg,3.89,3.89,3.89,3.89,2,1.0
pimentao,2020,municipal,kg,4.8,4.53,3.99,4.8,3,1.2
pimentao,2021,municipal,kg,5.18,5.18,5.02,5.34,4,1.1
pimentao,2022,municipal,kg,5.84,6.27,3.0,9.4,28,3.1
pimentao,2023,municipal,kg,6.33,7.94,2.85,12.77,36,4.5
pimentao,2024,federal,kg,6.9,7.29,5.9,9.9,13,1.7
pimentao,2024,municipal,kg,5.0,5.44,3.8,8.6,39,2.3
pimentao,2025,federal,kg,8.56,10.13,4.5,16.73,20,3.7
pimentao,2025,municipal,kg,5.0,5.22,3.5,8.0,21,2.3
pimentao,2026,municipal,kg,2.68,3.91,2.68,8.1,19,3.0
pincel_quadro,2019,estadual,unidade,3.5,4.24,1.9,7.18,34,3.8
pincel_quadro,2019,federal,unidade,11.39,9.0,1.81,11.39,4,6.3
pincel_quadro,2020,estadual,unidade,3.9,4.2,1.5,7.85,27,5.2
pincel_quadro,2020,federal,unidade,1.32,1.48,1.2,2.1,4,1.8
pincel_quadro,2020,municipal,unidade,3.23,3.01,1.64,4.03,13,2.5
pincel_quadro,2021,estadual,unidade,3.75,4.73,2.65,12.0,33,4.5
pincel_quadro,2021,federal,unidade,3.76,3.47,1.76,4.5,9,2.6
pincel_quadro,2021,municipal,unidade,3.45,3.27,1.95,4.43,16,2.3
pincel_quadro,2022,estadual,unidade,5.99,5.81,1.81,8.85,55,4.9
pincel_quadro,2022,federal,unidade,1.54,1.64,1.54,1.85,3,1.2
pincel_quadro,2022,municipal,unidade,1.96,2.53,1.42,5.21,94,3.7
pincel_quadro,2023,estadual,unidade,4.25,5.23,1.81,9.56,29,5.3
pincel_quadro,2023,municipal,unidade,1.69,1.89,1.04,4.6,257,4.4
pincel_quadro,2024,estadual,unidade,2.93,4.05,1.75,10.56,24,6.0
pincel_quadro,2024,municipal,unidade,1.49,4.88,1.28,14.93,195,11.7
pincel_quadro,2025,estadual,unidade,4.7,4.42,1.18,6.77,13,5.7
pincel_quadro,2025,federal,unidade,4.99,4.92,1.34,7.1,11,5.3
pincel_quadro,2025,municipal,unidade,1.54,4.0,1.28,15.44,132,12.1
pincel_quadro,2026,federal,unidade,2.66,3.0,1.34,5.0,3,3.7
pincel_quadro,2026,municipal,unidade,2.27,2.85,1.16,8.08,48,7.0
pneu,2019,estadual,unidade,318.15,317.57,143.9,539.0,18,3.7
pneu,2019,federal,unidade,360.0,478.12,229.0,983.71,15,4.3
pneu,2020,estadual,unidade,499.0,554.17,155.0,1249.78,49,8.1
pneu,2020,federal,unidade,286.06,371.96,109.88,769.0,8,7.0
pneu,2020,municipal,unidade,134.45,555.09,134.45,1448.0,7,10.8
pneu,2021,estadual,unidade,831.11,850.74,332.73,1757.57,59,5.3
pneu,2021,federal,unidade,635.0,793.31,121.0,2046.0,20,16.9
pneu,2021,municipal,unidade,1082.33,1171.54,174.53,2257.75,6,12.9
pneu,2022,estadual,unidade,829.7,772.53,250.0,1813.33,16,7.3
pneu,2022,federal,unidade,525.0,528.75,106.0,959.0,4,9.0
pneu,2022,municipal,unidade,489.0,713.57,104.0,2063.0,77,19.8
pneu,2023,estadual,unidade,962.54,1049.26,258.15,2500.0,40,9.7
pneu,2023,municipal,unidade,429.0,642.69,146.0,2000.0,485,13.7
pneu,2024,estadual,unidade,1076.3,1024.62,412.68,1550.0,20,3.8
pneu,2024,federal,unidade,416.0,359.85,202.23,461.33,3,2.3
pneu,2024,municipal,unidade,402.97,556.08,115.43,2000.0,383,17.3
pneu,2025,estadual,unidade,1190.0,1189.73,640.0,1838.67,5,2.9
pneu,2025,federal,unidade,370.0,418.38,161.69,814.14,17,5.0
pneu,2025,municipal,unidade,400.0,555.73,109.0,1790.0,91,16.4
pneu,2026,federal,unidade,479.99,455.68,410.0,498.41,5,1.2
pneu,2026,municipal,unidade,235.0,307.13,107.9,1274.0,92,11.8
polpa_fruta,2019,federal,kg,8.37,8.56,8.23,9.08,3,1.1
polpa_fruta,2019,municipal,kg,10.0,10.65,7.03,18.0,32,2.6
polpa_fruta,2020,federal,kg,10.84,10.84,10.0,11.68,2,1.2
polpa_fruta,2020,municipal,kg,6.49,7.83,5.52,10.78,15,2.0
polpa_fruta,2021,federal,kg,8.46,8.96,8.0,11.09,6,1.4
polpa_fruta,2021,municipal,kg,9.6,10.54,7.13,14.88,43,2.1
polpa_fruta,2022,federal,kg,13.0,14.28,8.5,22.63,4,2.7
polpa_fruta,2022,municipal,kg,11.39,11.56,6.89,19.44,114,2.8
polpa_fruta,2023,municipal,kg,11.11,12.23,6.96,21.88,251,3.1
polpa_fruta,2024,federal,kg,17.95,14.86,9.2,19.95,5,2.2
polpa_fruta,2024,municipal,kg,10.5,12.14,6.36,22.58,224,3.6
polpa_fruta,2025,federal,kg,24.5,19.16,9.9,27.0,5,2.7
polpa_fruta,2025,municipal,kg,10.0,11.89,6.5,22.58,119,3.5
polpa_fruta,2026,municipal,kg,8.0,10.82,6.99,21.59,73,3.1
prednisolona,2019,estadual,unidade,5.04,7.75,4.07,14.15,3,3.5
prednisolona,2019,federal,unidade,4.89,4.89,4.89,4.89,2,1.0
prednisolona,2020,estadual,unidade,4.44,6.27,3.18,16.74,8,5.3
prednisolona,2020,federal,unidade,0.7,2.23,0.7,5.3,3,7.6
prednisolona,2020,municipal,unidade,3.07,3.68,3.07,4.91,3,1.6
prednisolona,2021,estadual,unidade,5.51,9.19,3.73,22.0,4,5.9
prednisolona,2021,municipal,unidade,3.28,4.29,3.11,6.3,7,2.0
prednisolona,2022,estadual,unidade,6.74,10.15,3.78,23.34,4,6.2
prednisolona,2022,municipal,unidade,4.62,4.73,3.94,6.3,7,1.6
prednisolona,2023,estadual,unidade,4.46,4.46,4.31,4.62,2,1.1
prednisolona,2023,municipal,unidade,3.66,3.95,3.66,4.5,30,1.2
prednisolona,2024,estadual,unidade,4.66,4.55,4.22,4.66,4,1.1
prednisolona,2024,municipal,unidade,4.25,4.3,4.0,4.49,27,1.1
prednisolona,2025,estadual,unidade,3.98,3.98,3.76,4.2,2,1.1
prednisolona,2025,federal,unidade,3.4,3.25,0.65,5.55,4,8.5
prednisolona,2025,municipal,unidade,3.98,3.94,2.54,5.09,30,2.0
prednisolona,2026,municipal,unidade,3.45,2.84,0.29,5.25,13,18.1
prednisona,2019,estadual,unidade,0.3,0.61,0.12,1.81,7,14.5
prednisona,2019,federal,unidade,0.16,0.16,0.1,0.21,4,2.1
prednisona,2019,municipal,unidade,0.09,0.12,0.08,0.2,3,2.4
prednisona,2020,estadual,unidade,0.21,0.3,0.08,1.21,20,15.9
prednisona,2020,federal,unidade,0.18,0.18,0.14,0.22,3,1.6
prednisona,2020,municipal,unidade,0.12,0.12,0.07,0.19,9,2.6
prednisona,2021,estadual,unidade,0.24,0.36,0.08,1.05,6,12.5
prednisona,2021,federal,unidade,0.16,0.16,0.14,0.18,2,1.3
prednisona,2021,municipal,unidade,0.15,0.14,0.07,0.25,16,3.6
prednisona,2022,estadual,unidade,0.26,0.36,0.13,0.82,13,6.5
prednisona,2022,federal,unidade,0.16,0.14,0.06,0.21,3,3.2
prednisona,2022,municipal,unidade,0.14,0.11,0.06,0.16,13,2.8
prednisona,2023,estadual,unidade,0.09,0.11,0.08,0.17,5,2.3
prednisona,2023,municipal,unidade,0.07,0.1,0.06,0.17,54,2.9
prednisona,2024,estadual,unidade,0.11,0.11,0.06,0.15,8,2.4
prednisona,2024,municipal,unidade,0.14,0.11,0.06,0.17,63,3.0
prednisona,2025,estadual,unidade,0.17,0.19,0.06,0.36,4,5.8
prednisona,2025,federal,unidade,0.13,0.13,0.11,0.15,2,1.3
prednisona,2025,municipal,unidade,0.12,0.1,0.05,0.17,45,3.1
prednisona,2026,municipal,unidade,0.12,0.11,0.06,0.16,17,2.9
propranolol,2019,estadual,unidade,0.08,0.07,0.04,0.1,4,2.7
propranolol,2019,federal,unidade,0.06,0.05,0.04,0.06,3,1.5
propranolol,2020,estadual,unidade,0.12,0.12,0.05,0.16,6,3.0
propranolol,2021,estadual,unidade,0.06,0.07,0.06,0.09,3,1.6
propranolol,2021,municipal,unidade,0.04,0.04,0.04,0.05,2,1.3
propranolol,2022,estadual,unidade,0.13,0.13,0.05,0.22,2,4.5
propranolol,2022,federal,unidade,0.1,0.1,0.07,0.13,2,1.9
propranolol,2022,municipal,unidade,0.03,0.03,0.03,0.04,11,1.4
propranolol,2023,estadual,unidade,0.04,0.06,0.04,0.13,4,3.5
propranolol,2023,municipal,unidade,0.03,0.03,0.03,0.04,18,1.4
propranolol,2024,estadual,unidade,0.14,0.15,0.04,0.2,9,5.1
propranolol,2024,municipal,unidade,0.03,0.03,0.03,0.03,15,1.3
propranolol,2025,municipal,unidade,0.03,0.03,0.03,0.03,17,1.1
propranolol,2026,municipal,unidade,0.04,0.04,0.03,0.04,6,1.1
queijo,2022,municipal,kg,35.19,36.63,35.19,42.4,15,1.2
queijo,2023,municipal,kg,44.8,43.81,32.88,59.9,21,1.8
queijo,2024,municipal,kg,39.8,36.0,29.26,40.0,14,1.4
queijo,2025,municipal,kg,43.58,49.51,39.8,63.36,12,1.6
queijo,2026,municipal,kg,40.89,40.9,40.39,41.4,4,1.0
ranitidina,2019,estadual,unidade,0.47,1.52,0.1,4.65,9,47.2
ranitidina,2019,federal,unidade,1.62,2.2,0.48,4.5,6,9.4
ranitidina,2019,municipal,unidade,0.1,0.1,0.1,0.1,2,1.0
ranitidina,2020,estadual,unidade,1.34,2.03,0.15,5.26,16,34.4
ranitidina,2020,municipal,unidade,0.49,1.45,0.23,3.63,3,15.6
ranitidina,2021,estadual,unidade,1.87,1.81,1.31,2.27,3,1.7
repolho,2019,municipal,kg,2.13,2.13,1.88,2.39,4,1.3
repolho,2020,municipal,kg,2.53,2.55,1.8,3.14,6,1.7
repolho,2021,municipal,kg,2.83,3.02,2.38,4.26,12,1.8
repolho,2022,municipal,kg,2.89,3.31,2.5,5.3,33,2.1
repolho,2023,municipal,kg,3.49,3.27,1.0,4.68,126,4.7
repolho,2024,federal,kg,4.08,4.16,3.49,4.8,19,1.4
repolho,2024,municipal,kg,3.37,3.28,2.02,4.95,109,2.5
repolho,2025,federal,kg,4.8,4.72,2.14,6.53,20,3.1
repolho,2025,municipal,kg,3.44,3.3,1.69,4.5,78,2.7
repolho,2026,municipal,kg,4.2,3.56,1.69,5.35,31,3.2
requeijao,2020,federal,kg,28.85,33.19,16.0,54.72,3,3.4
requeijao,2020,municipal,kg,21.5,21.5,18.9,24.1,2,1.3
requeijao,2021,municipal,kg,28.07,27.71,21.97,33.1,3,1.5
requeijao,2022,municipal,kg,34.85,32.07,23.7,38.6,16,1.6
requeijao,2023,municipal,kg,32.67,32.8,17.78,39.8,90,2.2
requeijao,2024,federal,kg,12.35,12.35,10.7,14.0,2,1.3
requeijao,2024,municipal,kg,32.67,31.3,24.75,36.25,27,1.5
requeijao,2025,federal,kg,25.0,25.86,11.35,42.09,4,3.7
requeijao,2025,municipal,kg,31.29,29.8,22.22,38.0,11,1.7
requeijao,2026,municipal,kg,33.17,31.48,22.22,39.05,6,1.8
risperidona,2019,estadual,unidade,0.39,1.42,0.1,7.76,13,74.8
risperidona,2020,estadual,unidade,0.38,0.74,0.14,2.62,18,18.7
risperidona,2020,municipal,unidade,0.36,0.4,0.1,0.99,6,9.5
risperidona,2021,estadual,unidade,0.16,0.29,0.1,1.19,17,11.4
risperidona,2021,municipal,unidade,0.14,0.2,0.12,0.44,5,3.5
risperidona,2022,estadual,unidade,0.14,0.78,0.09,5.86,21,64.4
risperidona,2022,municipal,unidade,0.09,0.1,0.08,0.13,11,1.6
risperidona,2023,estadual,unidade,0.11,0.13,0.09,0.23,5,2.5
risperidona,2023,municipal,unidade,0.09,0.45,0.07,5.6,45,78.7
risperidona,2024,estadual,unidade,0.1,0.12,0.09,0.22,10,2.5
risperidona,2024,municipal,unidade,0.09,1.51,0.08,7.43,48,94.1
risperidona,2025,estadual,unidade,0.1,0.1,0.09,0.11,3,1.2
risperidona,2025,municipal,unidade,0.08,0.66,0.08,5.0,51,64.1
risperidona,2026,municipal,unidade,0.08,0.74,0.08,5.0,15,64.9
rodo,2022,municipal,unidade,23.37,21.68,6.21,26.31,29,4.2
rodo,2023,municipal,unidade,19.0,17.0,5.99,33.62,41,5.6
rodo,2024,municipal,unidade,23.6,18.72,3.94,28.0,103,7.1
rodo,2025,municipal,unidade,20.7,18.51,7.14,29.19,53,4.1
rodo,2026,municipal,unidade,7.21,7.66,6.5,9.9,8,1.5
rosquinha,2020,municipal,kg,11.02,11.02,6.84,15.2,4,2.2
rosquinha,2023,municipal,kg,24.5,24.5,16.0,33.0,6,2.1
rosquinha,2025,municipal,kg,39.9,39.1,37.5,39.9,3,1.1
sabao_barra,2019,estadual,kg,5.0,14.51,4.79,33.75,3,7.0
sabao_barra,2019,municipal,kg,5.2,5.2,5.2,5.2,8,1.0
sabao_barra,2020,estadual,kg,27.6,27.2,26.15,27.85,3,1.1
sabao_barra,2021,municipal,kg,9.95,9.44,7.4,9.95,10,1.3
sabao_barra,2022,municipal,kg,12.82,16.46,8.0,30.0,22,3.8
sabao_barra,2023,municipal,kg,8.4,14.33,7.7,34.75,41,4.5
sabao_barra,2024,municipal,kg,9.86,15.66,7.05,29.9,54,4.2
sabao_barra,2025,municipal,kg,9.86,15.13,5.82,29.9,33,5.1
sabao_barra,2026,municipal,kg,11.5,18.78,6.65,35.0,23,5.3
sabao_po,2019,estadual,kg,7.48,7.23,6.0,8.22,3,1.4
sabao_po,2019,municipal,kg,3.7,3.7,3.7,3.7,10,1.0
sabao_po,2020,estadual,kg,4.87,5.51,4.33,7.98,4,1.8
sabao_po,2021,municipal,kg,7.18,6.99,5.91,7.18,14,1.2
sabao_po,2022,estadual,kg,10.37,9.57,6.4,10.98,5,1.7
sabao_po,2022,municipal,kg,4.72,4.59,3.1,6.81,34,2.2
sabao_po,2023,estadual,kg,14.88,18.9,13.83,32.0,4,2.3
sabao_po,2023,municipal,kg,3.14,4.24,3.1,9.0,155,2.9
sabao_po,2024,estadual,kg,14.88,14.88,9.94,19.82,2,2.0
sabao_po,2024,municipal,kg,6.0,6.23,3.1,15.22,93,4.9
sabao_po,2025,federal,kg,6.0,5.98,5.9,6.05,3,1.0
sabao_po,2025,municipal,kg,3.8,5.31,3.29,15.0,64,4.6
sabao_po,2026,municipal,kg,4.2,4.66,3.29,6.56,24,2.0
sabonete,2019,estadual,unidade,7.5,7.01,0.78,13.05,27,16.7
sabonete,2019,federal,unidade,5.0,5.74,0.98,12.29,11,12.5
sabonete,2020,estadual,unidade,11.13,10.94,5.72,14.98,23,2.6
sabonete,2020,federal,unidade,7.56,7.56,1.13,14.0,2,12.4
sabonete,2020,municipal,unidade,0.98,2.67,0.98,6.04,3,6.2
sabonete,2021,estadual,unidade,8.0,7.94,1.5,13.0,23,8.7
sabonete,2021,federal,unidade,6.5,6.5,0.87,14.0,13,16.1
sabonete,2021,municipal,unidade,12.03,9.84,1.19,13.47,9,11.3
sabonete,2022,estadual,unidade,12.0,10.71,2.34,14.9,25,6.4
sabonete,2022,federal,unidade,4.85,5.37,1.2,13.17,17,11.0
sabonete,2022,municipal,unidade,9.62,8.34,1.26,13.8,100,11.0
sabonete,2023,estadual,unidade,6.3,6.9,0.54,12.9,11,23.9
sabonete,2023,municipal,unidade,5.0,5.65,1.4,10.96,247,7.8
sabonete,2024,estadual,unidade,13.89,13.41,11.74,14.52,7,1.2
sabonete,2024,federal,unidade,10.82,9.82,3.62,14.01,4,3.9
sabonete,2024,municipal,unidade,7.7,7.48,1.11,15.0,121,13.5
sabonete,2025,estadual,unidade,9.53,7.72,1.52,10.31,4,6.8
sabonete,2025,federal,unidade,4.36,5.01,1.2,10.74,8,9.0
sabonete,2025,municipal,unidade,6.4,6.43,1.46,13.5,209,9.2
sabonete,2026,federal,unidade,6.7,6.7,6.7,6.7,2,1.0
sabonete,2026,municipal,unidade,5.61,5.76,1.43,14.6,33,10.2
saco_lixo,2019,estadual,unidade,0.45,0.5,0.45,0.59,3,1.3
saco_lixo,2020,municipal,unidade,0.93,0.93,0.93,0.93,2,1.0
saco_lixo,2022,municipal,unidade,0.19,0.23,0.1,0.5,185,5.0
saco_lixo,2023,municipal,unidade,2.97,2.17,0.14,3.56,63,25.4
saco_lixo,2024,municipal,unidade,0.5,0.48,0.22,1.5,608,6.8
saco_lixo,2025,municipal,unidade,1.5,1.0,0.15,1.75,29,11.7
saco_lixo,2026,municipal,unidade,0.25,0.26,0.11,0.94,392,8.5
sal,2020,municipal,kg,1.21,1.2,1.0,1.37,8,1.4
sal,2021,municipal,kg,1.15,1.28,1.15,1.45,7,1.3
sal,2022,municipal,kg,0.93,1.15,0.83,1.78,28,2.1
sal,2023,municipal,kg,1.28,1.41,1.07,2.0,89,1.9
sal,2024,municipal,kg,1.24,1.62,1.08,3.23,80,3.0
sal,2025,municipal,kg,1.17,1.48,1.0,3.23,60,3.2
sal,2026,municipal,kg,1.05,1.16,1.0,1.44,19,1.4
salbutamol,2019,estadual,unidade,7.82,11.78,1.61,28.0,13,17.4
salbutamol,2019,municipal,unidade,1.62,1.68,1.48,2.01,4,1.4
salbutamol,2020,estadual,unidade,3.17,6.58,1.61,19.92,27,12.4
salbutamol,2020,federal,unidade,4.58,4.58,2.0,7.15,2,3.6
salbutamol,2020,municipal,unidade,3.98,4.51,1.72,8.66,14,5.0
salbutamol,2021,estadual,unidade,2.48,6.16,1.58,18.85,34,11.9
salbutamol,2021,federal,unidade,4.46,4.46,1.33,7.6,2,5.7
salbutamol,2021,municipal,unidade,2.1,4.04,1.61,9.99,15,6.2
salbutamol,2022,estadual,unidade,11.05,12.86,2.08,21.4,10,10.3
salbutamol,2022,municipal,unidade,8.23,6.34,1.48,8.99,12,6.1
salbutamol,2023,estadual,unidade,4.8,6.17,1.27,14.62,19,11.5
salbutamol,2023,municipal,unidade,8.49,8.73,2.9,12.8,40,4.4
salbutamol,2024,estadual,unidade,12.68,13.32,9.76,20.39,10,2.1
salbutamol,2024,federal,unidade,14.45,14.45,11.4,17.5,2,1.5
salbutamol,2024,municipal,unidade,11.99,12.65,9.72,16.78,35,1.7
salbutamol,2025,estadual,unidade,11.11,11.11,10.93,11.28,2,1.0
salbutamol,2025,municipal,unidade,10.68,11.2,9.32,13.2,49,1.4
salbutamol,2026,municipal,unidade,9.4,9.58,9.27,10.68,6,1.2
salsicha,2022,municipal,kg,10.8,12.75,10.28,19.7,10,1.9
salsicha,2023,municipal,kg,12.8,13.42,9.4,19.7,10,2.1
salsicha,2024,federal,kg,9.99,10.21,9.98,10.66,3,1.1
salsicha,2024,municipal,kg,11.35,15.61,8.49,27.0,14,3.2
salsicha,2025,federal,kg,11.35,11.82,9.5,14.15,7,1.5
salsicha,2025,municipal,kg,12.5,14.48,10.9,19.0,5,1.7
salsicha,2026,municipal,kg,9.45,9.45,9.45,9.45,2,1.0
sardinha,2020,municipal,lata,4.41,4.41,4.41,4.41,2,1.0
sardinha,2021,municipal,lata,7.12,7.12,4.76,9.48,2,2.0
sardinha,2022,municipal,lata,8.1,7.62,6.09,8.1,9,1.3
sardinha,2023,municipal,lata,6.72,6.76,4.41,9.85,34,2.2
sardinha,2024,municipal,lata,4.72,5.76,3.86,9.6,20,2.5
sardinha,2025,municipal,lata,4.89,5.25,3.36,9.25,20,2.8
sardinha,2026,municipal,lata,4.55,4.82,4.5,5.25,5,1.2
seringa,2019,estadual,unidade,0.45,0.95,0.2,2.81,43,14.4
seringa,2019,federal,unidade,0.45,1.12,0.14,3.49,27,24.9
seringa,2019,municipal,unidade,0.32,0.59,0.26,2.75,13,10.6
seringa,2020,estadual,unidade,0.45,0.74,0.18,3.5,88,19.4
seringa,2020,federal,unidade,0.74,1.28,0.17,3.85,18,22.6
seringa,2020,municipal,unidade,0.39,1.0,0.2,3.33,45,16.6
seringa,2021,estadual,unidade,0.55,0.87,0.27,2.89,109,10.7
seringa,2021,federal,unidade,0.34,0.64,0.19,2.4,15,12.6
seringa,2021,municipal,unidade,0.51,1.45,0.2,4.33,55,21.9
seringa,2022,estadual,unidade,0.5,0.84,0.19,3.25,84,17.1
seringa,2022,federal,unidade,0.7,1.24,0.17,4.25,29,25.0
seringa,2022,municipal,unidade,0.37,0.68,0.16,3.24,104,20.2
seringa,2023,estadual,unidade,0.75,1.13,0.21,3.97,53,19.1
seringa,2023,municipal,unidade,0.22,0.33,0.12,2.17,419,18.1
seringa,2024,estadual,unidade,0.34,0.77,0.14,2.59,64,17.9
seringa,2024,federal,unidade,0.3,0.6,0.12,1.67,15,13.9
seringa,2024,municipal,unidade,0.22,0.36,0.12,2.19,245,18.2
seringa,2025,estadual,unidade,0.28,0.33,0.12,1.49,21,12.2
seringa,2025,federal,unidade,0.44,0.65,0.19,2.81,19,14.8
seringa,2025,municipal,unidade,0.21,0.27,0.11,1.98,484,18.0
seringa,2026,municipal,unidade,0.25,0.28,0.13,1.37,128,10.5
sertralina,2019,estadual,unidade,0.34,0.48,0.15,0.95,10,6.4
sertralina,2020,estadual,unidade,0.45,0.53,0.13,0.98,15,7.3
sertralina,2020,municipal,unidade,0.21,0.23,0.12,0.37,3,3.0
sertralina,2021,estadual,unidade,0.55,0.5,0.13,0.83,9,6.4
sertralina,2021,municipal,unidade,0.12,0.14,0.12,0.18,6,1.5
sertralina,2022,estadual,unidade,0.81,0.89,0.18,1.99,12,11.2
sertralina,2022,municipal,unidade,0.14,0.19,0.1,0.47,9,4.7
sertralina,2023,estadual,unidade,1.1,1.17,0.16,1.99,7,12.8
sertralina,2023,municipal,unidade,0.12,0.18,0.11,0.52,29,4.8
sertralina,2024,estadual,unidade,0.22,0.24,0.12,0.53,5,4.4
sertralina,2024,municipal,unidade,0.12,0.14,0.09,0.42,33,4.7
sertralina,2025,estadual,unidade,1.51,1.36,0.09,2.47,3,27.3
sertralina,2025,municipal,unidade,0.09,0.1,0.08,0.26,29,3.1
sertralina,2026,municipal,unidade,0.1,0.18,0.08,0.73,15,8.6
shampoo,2019,estadual,litro,39.53,33.04,16.03,48.68,5,3.0
shampoo,2020,estadual,litro,23.47,23.14,5.2,40.43,4,7.8
shampoo,2020,municipal,litro,31.38,31.38,21.77,41.0,4,1.9
shampoo,2021,estadual,litro,12.89,15.08,5.16,41.33,8,8.0
shampoo,2021,municipal,litro,47.7,45.31,38.15,47.7,4,1.3
shampoo,2022,estadual,litro,9.54,8.98,5.27,10.84,6,2.1
shampoo,2022,municipal,litro,25.0,22.5,10.0,36.24,27,3.6
shampoo,2023,estadual,litro,25.95,26.25,6.7,46.4,4,6.9
shampoo,2023,municipal,litro,33.27,31.21,6.6,59.15,52,9.0
shampoo,2024,estadual,litro,11.97,12.56,7.6,18.1,3,2.4
shampoo,2024,municipal,litro,23.31,27.45,5.16,58.7,36,11.4
shampoo,2025,municipal,litro,29.57,27.42,4.7,47.75,43,10.2
shampoo,2026,municipal,litro,21.16,26.39,15.38,45.25,20,2.9
sinvastatina,2019,estadual,unidade,0.12,0.76,0.09,2.84,7,30.9
sinvastatina,2020,estadual,unidade,0.11,0.12,0.06,0.24,11,3.9
sinvastatina,2020,municipal,unidade,0.07,0.08,0.05,0.15,8,2.8
sinvastatina,2021,estadual,unidade,0.14,0.83,0.08,2.98,12,37.5
sinvastatina,2021,municipal,unidade,0.05,0.08,0.05,0.13,9,2.4
sinvastatina,2022,estadual,unidade,1.51,1.51,0.21,2.8,4,13.7
sinvastatina,2022,municipal,unidade,0.1,0.11,0.07,0.14,20,2.0
sinvastatina,2023,estadual,unidade,0.47,1.13,0.12,3.08,8,25.2
sinvastatina,2023,municipal,unidade,0.08,0.1,0.07,0.15,49,2.2
sinvastatina,2024,estadual,unidade,0.14,1.07,0.07,3.4,10,47.3
sinvastatina,2024,municipal,unidade,0.08,0.1,0.06,0.15,54,2.5
sinvastatina,2025,estadual,unidade,0.15,0.15,0.1,0.19,4,1.8
sinvastatina,2025,municipal,unidade,0.06,0.07,0.05,0.11,49,2.3
sinvastatina,2026,municipal,unidade,0.05,0.06,0.05,0.1,17,2.2
soro_fisiologico,2019,estadual,litro,22.2,24.41,16.2,34.0,7,2.1
soro_fisiologico,2020,estadual,litro,25.0,22.16,7.96,39.0,14,4.9
soro_fisiologico,2021,estadual,litro,12.0,15.54,4.35,30.0,13,6.9
soro_fisiologico,2022,estadual,litro,33.04,28.78,4.81,35.67,6,7.4
soro_fisiologico,2022,municipal,litro,26.0,24.34,10.26,33.0,8,3.2
soro_fisiologico,2023,estadual,litro,14.48,22.3,12.95,39.46,3,3.0
soro_fisiologico,2023,municipal,litro,14.94,15.24,4.6,36.0,67,7.8
soro_fisiologico,2024,estadual,litro,26.02,23.88,9.92,35.71,6,3.6
soro_fisiologico,2024,municipal,litro,16.44,18.86,4.6,34.67,61,7.5
soro_fisiologico,2025,municipal,litro,13.9,16.72,4.1,34.0,39,8.3
soro_fisiologico,2026,municipal,litro,12.44,14.7,6.4,28.1,15,4.4
suco,2019,estadual,litro,9.25,13.42,5.3,29.0,7,5.5
suco,2019,federal,litro,4.99,6.33,2.88,13.0,29,4.5
suco,2019,municipal,litro,8.63,7.86,4.48,8.88,8,2.0
suco,2020,estadual,litro,4.5,5.78,4.5,8.75,18,1.9
suco,2020,federal,litro,5.27,5.17,3.0,9.0,23,3.0
suco,2020,municipal,litro,4.24,6.66,2.65,24.0,22,9.1
suco,2021,estadual,litro,11.0,15.74,7.99,37.5,9,4.7
suco,2021,federal,litro,6.3,6.8,4.15,11.99,18,2.9
suco,2021,municipal,litro,36.84,26.82,2.81,42.5,22,15.1
suco,2022,estadual,litro,12.5,11.52,5.5,18.67,18,3.4
suco,2022,federal,litro,11.82,11.05,5.5,17.06,19,3.1
suco,2022,municipal,litro,10.98,11.84,6.38,23.88,73,3.7
suco,2023,estadual,litro,12.1,12.24,10.5,14.25,4,1.4
suco,2023,municipal,litro,10.2,11.07,5.99,21.5,228,3.6
suco,2024,estadual,litro,7.95,13.37,7.19,31.61,8,4.4
suco,2024,federal,litro,14.88,15.88,5.43,30.0,28,5.5
suco,2024,municipal,litro,10.83,13.22,4.01,31.9,210,8.0
suco,2025,estadual,litro,22.23,23.39,9.95,44.3,9,4.5
suco,2025,federal,litro,6.5,8.96,2.5,23.9,22,9.6
suco,2025,municipal,litro,30.5,22.42,4.8,30.56,460,6.4
suco,2026,federal,litro,6.65,6.65,5.29,8.01,2,1.5
suco,2026,municipal,litro,10.0,13.03,5.17,27.0,31,5.2
tangerina,2020,municipal,kg,3.2,3.15,2.99,3.2,4,1.1
tangerina,2021,municipal,kg,4.46,4.46,4.46,4.46,2,1.0
tangerina,2022,municipal,kg,6.43,6.29,3.93,10.41,11,2.6
tangerina,2023,municipal,kg,4.09,4.33,2.4,7.86,35,3.3
tangerina,2024,federal,kg,4.2,4.05,2.99,4.8,10,1.6
tangerina,2024,municipal,kg,5.15,5.23,3.13,8.09,13,2.6
tangerina,2025,federal,kg,5.29,5.85,4.29,8.98,7,2.1
tangerina,2025,municipal,kg,4.83,5.12,3.7,6.13,40,1.7
tangerina,2026,municipal,kg,5.94,6.23,5.94,6.8,6,1.1
teclado,2019,estadual,unidade,24.5,23.39,13.0,31.57,4,2.4
teclado,2020,estadual,unidade,38.38,36.96,26.9,41.54,6,1.5
teclado,2021,estadual,unidade,41.56,43.04,35.99,60.0,7,1.7
teclado,2022,estadual,unidade,47.92,52.6,46.34,62.42,8,1.3
teclado,2022,municipal,unidade,23.4,23.6,23.4,24.0,3,1.0
teclado,2023,estadual,unidade,68.56,61.12,27.6,79.0,6,2.9
teclado,2023,municipal,unidade,24.49,23.21,20.72,25.05,5,1.2
teclado,2024,estadual,unidade,26.18,34.56,25.77,68.9,5,2.7
teclado,2024,municipal,unidade,21.0,21.37,21.0,22.3,7,1.1
teclado,2025,municipal,unidade,20.49,24.39,20.49,30.72,5,1.5
tempero_alho_sal,2023,municipal,kg,9.0,8.89,8.5,9.0,9,1.1
tempero_alho_sal,2024,municipal,kg,8.5,10.4,8.5,16.1,4,1.9
tempero_alho_sal,2025,municipal,kg,5.0,7.36,5.0,10.9,5,2.2
tempero_alho_sal,2026,municipal,kg,5.0,5.0,5.0,5.0,2,1.0
tesoura,2019,estadual,unidade,11.51,12.56,7.98,23.15,10,2.9
tesoura,2020,estadual,unidade,8.51,9.21,3.95,13.75,9,3.5
tesoura,2020,municipal,unidade,7.26,7.26,2.24,12.28,2,5.5
tesoura,2021,estadual,unidade,8.7,8.7,5.47,13.0,7,2.4
tesoura,2021,municipal,unidade,7.62,7.62,7.62,7.62,2,1.0
tesoura,2022,estadual,unidade,11.64,12.68,4.88,19.95,14,4.1
tesoura,2022,municipal,unidade,4.5,3.29,1.56,5.05,37,3.2
tesoura,2023,estadual,unidade,14.69,13.8,7.22,18.99,8,2.6
tesoura,2023,municipal,unidade,2.27,3.28,1.56,5.05,52,3.2
tesoura,2024,estadual,unidade,9.84,12.04,5.15,23.93,8,4.6
tesoura,2024,municipal,unidade,3.5,6.34,1.52,29.9,74,19.7
tesoura,2025,municipal,unidade,3.5,3.35,1.48,8.57,42,5.8
tesoura,2026,municipal,unidade,2.29,4.83,1.35,10.0,17,7.4
tijolo,2019,estadual,unidade,0.94,2.07,0.78,3.92,5,5.0
tijolo,2019,federal,unidade,1.79,2.2,1.45,4.0,9,2.8
tijolo,2019,municipal,unidade,1.66,1.47,0.59,2.16,6,3.7
tijolo,2020,estadual,unidade,0.74,0.74,0.6,0.89,2,1.5
tijolo,2020,federal,unidade,1.85,1.8,1.35,2.15,6,1.6
tijolo,2021,estadual,unidade,1.22,1.23,0.75,1.73,6,2.3
tijolo,2021,federal,unidade,2.15,2.19,1.5,3.1,6,2.1
tijolo,2021,municipal,unidade,2.55,2.68,1.14,4.22,10,3.7
tijolo,2022,estadual,unidade,1.16,1.2,0.99,1.5,4,1.5
tijolo,2022,federal,unidade,2.7,2.6,1.75,3.25,4,1.9
tijolo,2022,municipal,unidade,3.53,3.27,1.14,5.46,24,4.8
tijolo,2023,estadual,unidade,1.1,1.67,1.1,2.8,3,2.5
tijolo,2023,municipal,unidade,3.26,3.28,1.22,5.95,82,4.9
tijolo,2024,federal,unidade,3.46,3.82,3.19,5.24,5,1.6
tijolo,2024,municipal,unidade,3.0,2.78,0.95,4.49,54,4.7
tijolo,2025,federal,unidade,3.69,3.75,2.9,4.96,7,1.7
tijolo,2025,municipal,unidade,3.44,3.57,1.26,4.53,42,3.6
tijolo,2026,municipal,unidade,4.2,4.33,3.69,5.55,30,1.5
tinta_latex,2019,estadual,litro,44.88,42.13,7.04,87.0,20,12.4
tinta_latex,2019,federal,litro,85.0,82.29,59.0,88.99,11,1.5
tinta_latex,2019,municipal,litro,8.64,8.64,8.64,8.64,5,1.0
tinta_latex,2020,estadual,litro,15.55,29.65,6.94,75.0,7,10.8
tinta_latex,2020,federal,litro,48.72,58.5,29.86,90.0,19,3.0
tinta_latex,2020,municipal,litro,76.12,76.12,65.1,87.15,2,1.3
tinta_latex,2021,estadual,litro,28.82,31.3,17.66,49.48,18,2.8
tinta_latex,2021,federal,litro,51.48,48.46,38.45,55.44,3,1.4
tinta_latex,2021,municipal,litro,15.42,14.8,13.16,16.28,18,1.2
tinta_latex,2022,estadual,litro,22.99,22.94,17.22,30.13,12,1.8
tinta_latex,2022,municipal,litro,20.02,19.64,8.62,27.83,212,3.2
tinta_latex,2023,estadual,litro,26.8,30.75,17.47,74.14,17,4.2
tinta_latex,2023,municipal,litro,24.25,23.25,7.76,35.63,441,4.6
tinta_latex,2024,estadual,litro,23.25,24.19,15.06,35.17,4,2.3
tinta_latex,2024,federal,litro,45.53,45.35,45.0,45.53,3,1.0
tinta_latex,2024,municipal,litro,24.49,23.26,8.0,35.14,476,4.4
tinta_latex,2025,federal,litro,28.79,28.11,26.66,28.79,9,1.1
tinta_latex,2025,municipal,litro,22.8,21.87,7.33,37.55,228,5.1
tinta_latex,2026,municipal,litro,27.26,26.35,7.56,46.0,112,6.1
tomate,2022,municipal,kg,7.3,7.53,5.3,10.0,3,1.9
tomate,2023,municipal,kg,6.35,6.36,5.3,7.44,6,1.4
tomate,2024,federal,kg,8.1,8.06,4.75,9.9,12,2.1
tomate,2024,municipal,kg,4.86,5.3,4.64,7.95,6,1.7
tomate,2025,federal,kg,6.85,7.21,4.35,11.0,14,2.5
tomate,2025,municipal,kg,5.3,5.78,4.86,7.64,4,1.6
toner,2019,estadual,unidade,331.18,380.0,43.97,899.0,82,20.4
toner,2019,federal,unidade,80.0,136.5,44.79,364.0,39,8.1
toner,2020,estadual,unidade,72.4,142.45,41.0,479.0,24,11.7
toner,2020,federal,unidade,118.0,217.96,40.0,840.0,55,21.0
toner,2020,municipal,unidade,719.02,719.02,55.92,1382.11,2,24.7
toner,2021,estadual,unidade,147.28,216.92,52.59,650.0,71,12.4
toner,2021,federal,unidade,138.0,163.4,40.0,335.0,20,8.4
toner,2022,estadual,unidade,214.0,291.09,50.59,776.49,38,15.3
toner,2022,federal,unidade,104.5,95.8,58.7,110.0,8,1.9
toner,2022,municipal,unidade,55.25,176.35,32.0,1100.0,30,34.4
toner,2023,estadual,unidade,232.33,257.59,55.37,573.73,23,10.4
toner,2023,municipal,unidade,40.0,233.95,40.0,705.82,14,17.6
toner,2024,estadual,unidade,580.0,475.5,99.0,842.67,20,8.5
toner,2024,federal,unidade,367.7,415.53,188.93,950.0,6,5.0
toner,2024,municipal,unidade,42.5,44.98,37.0,60.0,20,1.6
toner,2025,estadual,unidade,445.55,423.95,94.5,542.9,18,5.7
toner,2025,federal,unidade,629.3,657.6,68.03,929.0,15,13.7
toner,2025,municipal,unidade,103.0,144.19,39.34,300.0,71,7.6
toner,2026,estadual,unidade,1292.5,1044.68,114.73,1479.0,4,12.9
toner,2026,federal,unidade,570.0,570.0,570.0,570.0,4,1.0
toner,2026,municipal,unidade,67.5,67.5,45.0,90.0,2,2.0
torneira,2019,estadual,unidade,48.66,67.11,10.0,179.9,36,18.0
torneira,2019,federal,unidade,33.32,44.85,16.0,98.0,26,6.1
torneira,2019,municipal,unidade,50.0,46.76,11.89,79.0,18,6.6
torneira,2020,estadual,unidade,66.29,71.06,8.95,168.1,51,18.8
torneira,2020,federal,unidade,35.0,54.73,6.6,215.0,28,32.6
torneira,2020,municipal,unidade,105.22,117.52,49.8,267.86,26,5.4
torneira,2021,estadual,unidade,59.99,71.87,5.5,185.55,40,33.7
torneira,2021,federal,unidade,50.5,61.25,8.0,230.0,18,28.8
torneira,2021,municipal,unidade,44.0,55.12,13.8,106.97,17,7.8
torneira,2022,estadual,unidade,92.27,99.9,13.55,244.9,83,18.1
torneira,2022,federal,unidade,46.78,52.92,5.12,112.83,10,22.0
torneira,2022,municipal,unidade,128.39,149.32,27.9,340.28,205,12.2
torneira,2023,estadual,unidade,80.0,91.16,16.0,235.09,59,14.7
torneira,2023,municipal,unidade,99.31,113.98,5.29,278.02,660,52.6
torneira,2024,estadual,unidade,79.9,97.89,18.0,184.62,35,10.3
torneira,2024,federal,unidade,48.58,58.09,22.5,134.0,38,6.0
torneira,2024,municipal,unidade,152.64,155.85,18.0,313.66,418,17.4
torneira,2025,estadual,unidade,96.53,96.64,49.11,128.01,6,2.6
torneira,2025,federal,unidade,59.6,68.24,30.0,177.03,27,5.9
torneira,2025,municipal,unidade,106.73,125.99,18.29,284.15,262,15.5
torneira,2026,municipal,unidade,154.0,171.12,39.8,316.0,112,7.9
torrada,2023,municipal,kg,12.72,18.18,9.02,30.0,8,3.3
torrada,2024,federal,kg,9.93,10.07,9.49,10.95,4,1.2
torrada,2024,municipal,kg,25.68,25.35,10.4,30.0,7,2.9
torrada,2025,federal,kg,10.82,11.93,9.07,17.0,4,1.9
torrada,2025,municipal,kg,21.0,18.42,10.0,25.68,9,2.6
torrada,2026,municipal,kg,21.0,18.09,10.0,24.72,5,2.5
tubo_pvc,2019,estadual,metro,13.52,16.4,5.5,40.75,6,7.4
tubo_pvc,2019,federal,metro,26.18,37.87,9.2,154.0,36,16.7
tubo_pvc,2019,municipal,metro,7.84,7.84,7.17,8.5,4,1.2
tubo_pvc,2020,estadual,metro,18.78,21.23,8.9,46.9,10,5.3
tubo_pvc,2020,federal,metro,21.49,28.96,5.3,98.7,37,18.6
tubo_pvc,2021,estadual,metro,7.46,9.94,3.93,20.9,4,5.3
tubo_pvc,2021,federal,metro,37.98,51.18,19.33,148.08,18,7.7
tubo_pvc,2021,municipal,metro,9.18,9.18,9.0,9.36,4,1.0
tubo_pvc,2022,estadual,metro,19.36,41.41,9.41,108.3,24,11.5
tubo_pvc,2022,federal,metro,28.5,41.18,18.0,88.5,11,4.9
tubo_pvc,2022,municipal,metro,53.63,54.68,7.99,142.65,178,17.9
tubo_pvc,2023,estadual,metro,40.08,39.9,3.9,84.86,17,21.8
tubo_pvc,2023,municipal,metro,51.86,58.88,6.23,169.68,393,27.2
tubo_pvc,2024,estadual,metro,63.0,56.8,17.74,111.54,10,6.3
tubo_pvc,2024,federal,metro,27.92,36.03,15.89,70.54,18,4.4
tubo_pvc,2024,municipal,metro,46.11,58.13,7.1,159.86,374,22.5
tubo_pvc,2025,federal,metro,36.8,40.67,20.33,73.04,19,3.6
tubo_pvc,2025,municipal,metro,41.0,49.58,4.19,148.35,234,35.4
tubo_pvc,2026,federal,metro,24.23,37.97,22.18,67.49,3,3.0
tubo_pvc,2026,municipal,metro,47.25,58.53,12.77,128.0,97,10.0
vassoura,2019,estadual,unidade,11.11,11.82,6.5,19.62,24,3.0
vassoura,2019,federal,unidade,11.09,11.18,7.95,17.04,24,2.1
vassoura,2019,municipal,unidade,16.1,16.41,7.15,27.6,50,3.9
vassoura,2020,estadual,unidade,10.4,10.29,6.96,13.77,7,2.0
vassoura,2020,federal,unidade,15.21,15.52,9.4,23.88,12,2.5
vassoura,2020,municipal,unidade,10.3,9.33,4.16,12.57,4,3.0
vassoura,2021,estadual,unidade,14.72,14.48,5.32,29.0,16,5.5
vassoura,2021,federal,unidade,9.5,9.44,3.8,16.28,13,4.3
vassoura,2021,municipal,unidade,14.55,15.79,9.99,25.0,49,2.5
vassoura,2022,estadual,unidade,17.97,18.35,9.9,24.93,21,2.5
vassoura,2022,federal,unidade,10.84,11.68,6.98,19.12,18,2.7
vassoura,2022,municipal,unidade,9.14,10.38,4.3,24.45,184,5.7
vassoura,2023,estadual,unidade,23.65,29.3,19.2,44.65,6,2.3
vassoura,2023,municipal,unidade,9.08,10.69,5.06,24.0,449,4.7
vassoura,2024,estadual,unidade,21.79,22.08,8.97,39.5,19,4.4
vassoura,2024,federal,unidade,19.8,22.06,10.59,35.0,10,3.3
vassoura,2024,municipal,unidade,13.56,14.09,6.03,24.9,264,4.1
vassoura,2025,estadual,unidade,25.21,24.27,21.67,25.93,3,1.2
vassoura,2025,federal,unidade,17.17,18.46,12.7,26.4,18,2.1
vassoura,2025,municipal,unidade,12.3,12.03,4.92,23.23,365,4.7
vassoura,2026,federal,unidade,16.08,15.86,10.4,23.0,10,2.2
vassoura,2026,municipal,unidade,20.03,20.57,10.31,30.95,81,3.0
ventilador,2019,estadual,unidade,179.4,197.76,151.0,290.0,14,1.9
ventilador,2020,estadual,unidade,198.8,206.7,131.41,289.9,3,2.2
ventilador,2020,municipal,unidade,153.11,153.11,129.0,177.22,2,1.4
ventilador,2021,estadual,unidade,242.42,246.39,200.0,279.0,6,1.4
ventilador,2021,municipal,unidade,287.26,326.9,215.07,449.5,22,2.1
ventilador,2022,estadual,unidade,307.36,321.7,266.58,405.5,4,1.5
ventilador,2022,municipal,unidade,180.0,219.75,154.26,425.27,55,2.8
ventilador,2023,estadual,unidade,323.13,313.54,228.22,340.04,8,1.5
ventilador,2023,municipal,unidade,295.78,272.45,140.5,375.0,73,2.7
ventilador,2024,estadual,unidade,345.32,327.76,279.0,358.97,3,1.3
ventilador,2024,municipal,unidade,208.0,217.46,148.5,344.6,178,2.3
ventilador,2025,municipal,unidade,260.0,246.2,176.77,310.37,23,1.8
ventilador,2026,municipal,unidade,293.44,294.18,212.5,371.81,13,1.7
vinagre,2019,federal,litro,4.57,4.4,2.52,6.56,13,2.6
vinagre,2019,municipal,litro,5.33,5.33,2.81,7.85,2,2.8
vinagre,2020,federal,litro,6.37,5.94,5.05,6.4,3,1.3
vinagre,2020,municipal,litro,2.71,2.73,2.49,3.24,5,1.3
vinagre,2021,federal,litro,4.17,4.37,3.0,6.13,4,2.0
vinagre,2021,municipal,litro,4.31,4.97,4.31,5.96,5,1.4
vinagre,2022,federal,litro,7.95,7.72,5.32,9.85,12,1.9
vinagre,2022,municipal,litro,3.15,4.12,2.07,9.09,26,4.4
vinagre,2023,municipal,litro,4.49,4.64,2.07,9.4,68,4.5
vinagre,2024,federal,litro,7.82,7.62,4.39,8.92,8,2.0
vinagre,2024,municipal,litro,5.13,5.21,2.39,7.99,58,3.3
vinagre,2025,federal,litro,8.37,7.19,4.52,9.75,9,2.2
vinagre,2025,municipal,litro,5.21,4.85,2.27,8.49,42,3.7
vinagre,2026,municipal,litro,3.0,4.43,2.4,8.4,8,3.5
