fonte,produto,ano,cidade,preco_padrao,unidade_padrao,fonte_conversao,descricao
municipal,dexametasona,2019,Vila Velha,5.9515,unidade,unitario,DEXAMETASONA 1 MG/ML (0 1%) SUSPENSÃO OFTÁLMICA ESTÉRIL  FRASCO CONTA-GOTAS 5 ML 
municipal,ar_condicionado,2019,Vila Velha,4800.0,unidade,unitario,CAMARIM TIPO CONTAINER: medindo 6 metros de comprimento  com 2 40 metros de largura e 2.50 metros de altura; com revesti
municipal,ar_condicionado,2019,Vila Velha,2500.0,unidade,unitario,ESTANDE REFRIGERADO  Composto de placas de TS de 3mm com cobertura em MDF branco e perfil de alumínio  incluindo ar con
municipal,ar_condicionado,2019,Vila Velha,800.0,unidade,unitario,CONDICIONADOR DE AR. Ar condicionado de 30.000 BTUs  com Selo de Eficiência Energética Classe A. Para tenda galpão.
municipal,ranitidina,2019,Vila Velha,0.1025,unidade,unitario,Ranitidina cloridrato 150 mg  comprimido.
municipal,dexametasona,2019,Vila Velha,1.0523,unidade,unitario,Dexametasona  1 mg/ml (0 1 %)  creme dermatológico 10 g ou 15g.  
municipal,ibuprofeno,2019,Vila Velha,1.075,unidade,unitario,ibuprofeno 50mg/mL  solução oral  frasco/gotas com 30mL. 
municipal,ranitidina,2019,Vila Velha,0.1025,unidade,unitario, Ranitidina cloridrato 150 mg  comprimido  
municipal,shampoo,2019,Vila Velha,24.7,litro,heuristica,Shampoo contra ectoparasitas que infestam cães e gatos  descrição conforme termo de referência.
municipal,detergente,2019,Vila Velha,2.52,litro,heuristica,Detergente  composição alcalinizante  descrição completa conforme termo de referência. 
municipal,desinfetante,2019,Vila Velha,16.01,litro,heuristica,Desinfetante concentrado  descrição conforme termo de referência. 
municipal,papel_toalha,2019,Vila Velha,20.2,rolo,unitario,DISPENSER PARA USO DE PAPEL TOALHA (Rolão)DE ALTA QUALIDADE COM ALAVANCA PARA TOLHA BOBINA PRODUZIDO NA COR BRANCA OU SI
municipal,vassoura,2019,Vila Velha,7.56,unidade,unitario,VASSOURA PIAÇAVA CONFORME TERMO DE REFERÊNCIA 
municipal,vassoura,2019,Vila Velha,9.08,unidade,unitario,Vassoura modelo tradicional com cerdas em piaçava  conforme termo de referência.
municipal,sabonete,2019,Vila Velha,10.89,unidade,unitario,Sabonete líquido  descrição conforme termo de referência 
municipal,vassoura,2019,Vila Velha,6.26,unidade,unitario,VASSOURA/ESCOVA PARA LIMPEZA VASO SANITÁRIO  COM CABO DE PLÁSTICO E CERDAS DE NYLON. 
municipal,vassoura,2019,Vila Velha,5.22,unidade,unitario,VASSOURA  FIOS NYLON  SEMI-RIGIDOS  ALTURA DOS FIOS 110MM  BASE PLÁSTICA  COMPRIMENTO DA BASE 210 MM  LARGURA DA BASE 35
municipal,sabao_barra,2019,Vila Velha,4.49,kg,heuristica,Sabão em barra glicerinado  descrição conforme termo de referência. 
municipal,sabao_po,2019,Vila Velha,3.71,kg,descricao,Sabão em pó  aplicação lavar roupas  e limpeza geral. Aditivos alvejante e amaciante  odor campestre de multe ação bacte
municipal,prednisona,2019,Vila Velha,0.195,unidade,unitario,Prednisona 20 mg  comprimido.  
municipal,prednisona,2019,Vila Velha,0.0895,unidade,unitario,PREDNISONA 5 MG  COMRPIMIDO.  
municipal,seringa,2019,Vila Velha,0.26,unidade,unitario,Seringa  POLIPROPILENO 10ML  sem agulha  SLIP LUER  em plástico transparente  atóxico  capaz de garantir conexões segura
municipal,abacaxi,2019,Vila Velha,2.29,unidade,unitario,Abacaxi comum extra  in natura  com grau de maturação adequado para o consumo  sem apresentar avarias de casca  proceden
municipal,banana,2019,Vila Velha,2.81,kg,unidade_declarada,Banana da terra extra  in natura  procedentes de espécies genuínas e sãs  ter atingido o grau de evolução e maturação  p
municipal,banana,2019,Vila Velha,2.45,kg,unidade_declarada,Banana prata extra in natura  com grau de maturação adequado para o consumo  procedentes de espécies genuínas e sãs  pol
municipal,goiaba,2019,Vila Velha,4.99,kg,unidade_declarada,Goiaba in natura própria para o consumo deverá ser procedente de espécimes vegetais genuínas e sãs  e satisfazer as se
municipal,laranja,2019,Vila Velha,2.39,kg,unidade_declarada,Laranja Pêra  própria para o consumo  procedente de espécimes vegetais genuínas e sãs  e satisfazer as seguintes condiçõ
municipal,limao,2019,Vila Velha,2.81,kg,unidade_declarada,Limão in natura extra  procedente de espécie genuína e sã  fresca  sem apresentar avarias de casca. Isento de lesões de 
municipal,maca_fruta,2019,Vila Velha,4.65,kg,unidade_declarada,Maçã nacional in natura extra  sem apresentar avarias de casca  procedente de espécie genuína e sã  fresca  com grau de 
municipal,mamao,2019,Vila Velha,3.47,kg,unidade_declarada,Mamão Formosa in natura extra  apresentando maturação média (de vez)  polpa firme ao toque  sem apresentar avarias de ca
municipal,melancia,2019,Vila Velha,1.69,kg,unidade_declarada,Melancia in natura extra  com grau de maturação adequado para o consumo  casca firme sem avarias  polpa firme de coloraç
municipal,goiaba,2019,Vila Velha,4.99,kg,unidade_declarada,Goiaba in natura própria para o consumo deverá ser procedente de espécimes vegetais genuínas e sãs  e satisfazer as se
municipal,laranja,2019,Vila Velha,2.39,kg,unidade_declarada,Laranja Pêra  própria para o consumo  procedente de espécimes vegetais genuínas e sãs  e satisfazer as seguintes condiçõ
municipal,limao,2019,Vila Velha,2.81,kg,unidade_declarada,Limão in natura extra  procedente de espécie genuína e sã  fresca  sem apresentar avarias de casca. Isento de lesões de 
municipal,maca_fruta,2019,Vila Velha,4.65,kg,unidade_declarada,Maçã nacional in natura extra  sem apresentar avarias de casca  procedente de espécie genuína e sã  fresca  com grau de 
municipal,mamao,2019,Vila Velha,3.47,kg,unidade_declarada,Mamão Formosa in natura extra  apresentando maturação média (de vez)  polpa firme ao toque  sem apresentar avarias de ca
municipal,melancia,2019,Vila Velha,1.69,kg,unidade_declarada,Melancia in natura extra  com grau de maturação adequado para o consumo  casca firme sem avarias  polpa firme de coloraç
municipal,banana,2019,Vila Velha,2.81,kg,unidade_declarada,Banana da terra extra  in natura  procedentes de espécies genuínas e sãs  ter atingido o grau de evolução e maturação  p
municipal,banana,2019,Vila Velha,2.45,kg,unidade_declarada,Banana prata extra in natura  com grau de maturação adequado para o consumo  procedentes de espécies genuínas e sãs  pol
municipal,abacaxi,2019,Vila Velha,2.29,unidade,unitario,Abacaxi comum extra  in natura  com grau de maturação adequado para o consumo  sem apresentar avarias de casca  proceden
municipal,polpa_fruta,2019,Vila Velha,9.9,kg,descricao,Polpa de Fruta Integral de Abacaxi  pasteurizada  congelada  sem adição de corantes artificiais e aditivos químicos  sab
municipal,polpa_fruta,2019,Vila Velha,10.0,kg,descricao,Polpa de Fruta Integral de Abacaxi  pasteurizada  congelada  sem adição de corantes artificiais e aditivos químicos  sab
municipal,polpa_fruta,2019,Vila Velha,11.5,kg,descricao,Polpa de Fruta Integral de Acerola pasteurizada  congelada  sem adição de corantes artificiais e aditivos químicos  sabo
municipal,polpa_fruta,2019,Vila Velha,10.0,kg,descricao,Polpa de Fruta Integral de Acerola pasteurizada  congelada  sem adição de corantes artificiais e aditivos químicos  sabo
municipal,polpa_fruta,2019,Vila Velha,11.5,kg,descricao,Polpa de Fruta Integral de Caju  pasteurizada  congelada  sem adição de corantes artificiais e aditivos químicos  sabor 
municipal,polpa_fruta,2019,Vila Velha,10.0,kg,descricao,Polpa de Fruta Integral de Caju  pasteurizada  congelada  sem adição de corantes artificiais e aditivos químicos  sabor 
municipal,polpa_fruta,2019,Vila Velha,8.9,kg,descricao,Polpa de Fruta Integral de Goiaba pasteurizada  congelada  sem adição de corantes artificiais e aditivos químicos  sabor
municipal,polpa_fruta,2019,Vila Velha,10.0,kg,descricao,Polpa de Fruta Integral de Goiaba pasteurizada  congelada  sem adição de corantes artificiais e aditivos químicos  sabor
municipal,polpa_fruta,2019,Vila Velha,8.9,kg,descricao,Polpa de Fruta Integral de Manga  pasteurizada  congelada  sem adição de corantes artificiais e aditivos químicos  sabor
municipal,polpa_fruta,2019,Vila Velha,10.0,kg,descricao,Polpa de Fruta Integral de Manga  pasteurizada  congelada  sem adição de corantes artificiais e aditivos químicos  sabor
municipal,polpa_fruta,2019,Vila Velha,16.5,kg,descricao,Polpa de Fruta integral de Maracujá  pasteurizada  congelada  sem adição de corantes artificiais e aditivos químicos  sa
municipal,polpa_fruta,2019,Vila Velha,12.22,kg,descricao,Polpa de Fruta integral de Maracujá  pasteurizada  congelada  sem adição de corantes artificiais e aditivos químicos  sa
municipal,polpa_fruta,2019,Vila Velha,19.5,kg,descricao,Polpa de Fruta integral de Uva  pasteurizada  congelada  sem adição de corantes artificiais e aditivos químicos  sabor c
municipal,polpa_fruta,2019,Vila Velha,18.0,kg,descricao,Polpa de Fruta integral de Uva  pasteurizada  congelada  sem adição de corantes artificiais e aditivos químicos  sabor c
municipal,polpa_fruta,2019,Vila Velha,9.9,kg,descricao,Polpa de Fruta Integral de Abacaxi  pasteurizada  congelada  sem adição de corantes artificiais e aditivos químicos  sab
municipal,polpa_fruta,2019,Vila Velha,10.0,kg,descricao,Polpa de Fruta Integral de Abacaxi  pasteurizada  congelada  sem adição de corantes artificiais e aditivos químicos  sab
municipal,polpa_fruta,2019,Vila Velha,11.5,kg,descricao,Polpa de Fruta Integral de Acerola pasteurizada  congelada  sem adição de corantes artificiais e aditivos químicos  sabo
municipal,polpa_fruta,2019,Vila Velha,10.0,kg,descricao,Polpa de Fruta Integral de Acerola pasteurizada  congelada  sem adição de corantes artificiais e aditivos químicos  sabo
municipal,polpa_fruta,2019,Vila Velha,12.0,kg,descricao,Polpa de Fruta Integral de Caju  pasteurizada  congelada  sem adição de corantes artificiais e aditivos químicos  sabor 
municipal,polpa_fruta,2019,Vila Velha,10.0,kg,descricao,Polpa de Fruta Integral de Caju  pasteurizada  congelada  sem adição de corantes artificiais e aditivos químicos  sabor 
municipal,polpa_fruta,2019,Vila Velha,8.9,kg,descricao,Polpa de Fruta Integral de Goiaba pasteurizada  congelada  sem adição de corantes artificiais e aditivos químicos  sabor
municipal,polpa_fruta,2019,Vila Velha,10.0,kg,descricao,Polpa de Fruta Integral de Goiaba pasteurizada  congelada  sem adição de corantes artificiais e aditivos químicos  sabor
municipal,polpa_fruta,2019,Vila Velha,8.9,kg,descricao,Polpa de Fruta Integral de Manga  pasteurizada  congelada  sem adição de corantes artificiais e aditivos químicos  sabor
municipal,polpa_fruta,2019,Vila Velha,10.0,kg,descricao,Polpa de Fruta Integral de Manga  pasteurizada  congelada  sem adição de corantes artificiais e aditivos químicos  sabor
municipal,polpa_fruta,2019,Vila Velha,16.5,kg,descricao,Polpa de Fruta integral de Maracujá  pasteurizada  congelada  sem adição de corantes artificiais e aditivos químicos  sa
municipal,polpa_fruta,2019,Vila Velha,12.22,kg,descricao,Polpa de Fruta integral de Maracujá  pasteurizada  congelada  sem adição de corantes artificiais e aditivos químicos  sa
municipal,polpa_fruta,2019,Vila Velha,19.5,kg,descricao,Polpa de Fruta integral de Uva  pasteurizada  congelada  sem adição de corantes artificiais e aditivos químicos  sabor c
municipal,polpa_fruta,2019,Vila Velha,18.0,kg,descricao,Polpa de Fruta integral de Uva  pasteurizada  congelada  sem adição de corantes artificiais e aditivos químicos  sabor c
municipal,pimentao,2019,Vila Velha,3.89,kg,unidade_declarada,Pimentão verde in natura extra AA  in natura  textura firme  procedente de espécies genuínas e sãs. Isento de lesões de 
municipal,pepino,2019,Vila Velha,2.39,kg,unidade_declarada,Pepino extra AA  in natura  tenro  coloração verde escura  firme  procedente de espécies genuínas e sãs. Isento de lesõe
municipal,repolho,2019,Vila Velha,1.88,kg,unidade_declarada,Repolho branco in natura extra  fresco  firme  odor característico. Isento de lesões de origem física  mecânica ou bioló
municipal,repolho,2019,Vila Velha,2.39,kg,unidade_declarada,Repolho roxo in natura extra  fresco  firme  odor característico. Isento de lesões de origem física  mecânica ou biológi
municipal,inhame,2019,Vila Velha,3.49,kg,unidade_declarada,Inhame extra AA  in natura  tenro (macio)  graúdo  proceder de espécies genuínas e sãs  frescas  ter atingido o grau de 
municipal,cebola,2019,Vila Velha,3.28,kg,unidade_declarada,Cebola branca  fresca  extra  com as extremidades firmes  cor brilhante  haste bem seca. Isento de broto  enfermidades  
municipal,cenoura,2019,Vila Velha,2.99,kg,unidade_declarada,Cenoura extra AA  in natura  cor laranja-vivo  procedente de espécies genuínas e sãs  frescas  firme  lisa  sem rugas  d
municipal,abobora,2019,Vila Velha,2.48,kg,unidade_declarada,Abóbora jacaré madura extra AA  in natura  procedente de espécies genuínas e sãs  casca limpa e sem manchas  polpa ínteg
municipal,aipim,2019,Vila Velha,2.75,kg,unidade_declarada,Aipim ou mandioca extra AA  in natura  tenro (macio)  graúdo  procedente de espécies genuínas e sãs  frescas  ter atingi
municipal,alface,2019,Vila Velha,3.36,unidade,unitario,Alface lisa de primeira  extra  coloração verde  frescos  folhas firmes  limpas e brilhantes e separados em maços padron
municipal,alho,2019,Vila Velha,14.98,kg,unidade_declarada,Alho nacional extra  os dentes devem estar bem definidos  limpos  firmes  sem manchas e livre de broto. Isento de lesões
municipal,batata,2019,Vila Velha,2.88,kg,unidade_declarada,Batata doce especial  in natura  extra AA  com a polpa intacta e limpa  firme  lisa  de tamanho uniforme  procedente de 
municipal,batata,2019,Vila Velha,2.98,kg,unidade_declarada,Batata inglesa especial  in natura  extra AA  com a polpa intacta e limpa  firme  lisa  de tamanho uniforme  procedente 
municipal,beterraba,2019,Vila Velha,2.23,kg,unidade_declarada,Beterraba extra AA  in natura  procedente de espécies genuínas e sãs  fresca  casca lisa e firme. Isento de broto  lesõe
municipal,chuchu,2019,Vila Velha,1.59,kg,unidade_declarada,Chuchu extra AA  in natura  pouca rugosidade tamanho médio  procedente de espécies genuínas  sãs e frescas  polpa íntegr
municipal,couve,2019,Vila Velha,3.89,unidade,unitario,Couve manteiga extra  fresca  limpa  com coloração verde escuro  separados em maços padronizados  proceder de espécies g
municipal,abobora,2019,Vila Velha,2.48,kg,unidade_declarada,Abóbora jacaré madura extra AA  in natura  procedente de espécies genuínas e sãs  casca limpa e sem manchas  polpa ínteg
municipal,aipim,2019,Vila Velha,2.75,kg,unidade_declarada,Aipim ou mandioca extra AA  in natura  tenro (macio)  graúdo  procedente de espécies genuínas e sãs  frescas  ter atingi
municipal,alface,2019,Vila Velha,3.36,unidade,unitario,Alface lisa de primeira  extra  coloração verde  frescos  folhas firmes  limpas e brilhantes e separados em maços padron
municipal,alho,2019,Vila Velha,14.98,kg,unidade_declarada,Alho nacional extra  os dentes devem estar bem definidos  limpos  firmes  sem manchas e livre de broto. Isento de lesões
municipal,batata,2019,Vila Velha,2.88,kg,unidade_declarada,Batata doce especial  in natura  extra AA  com a polpa intacta e limpa  firme  lisa  de tamanho uniforme  procedente de 
municipal,batata,2019,Vila Velha,2.98,kg,unidade_declarada,Batata inglesa especial  in natura  extra AA  com a polpa intacta e limpa  firme  lisa  de tamanho uniforme  procedente 
municipal,beterraba,2019,Vila Velha,2.23,kg,unidade_declarada,Beterraba extra AA  in natura  procedente de espécies genuínas e sãs  fresca  casca lisa e firme. Isento de broto  lesõe
municipal,cebola,2019,Vila Velha,3.28,kg,unidade_declarada,Cebola branca  fresca  extra  com as extremidades firmes  cor brilhante  haste bem seca. Isento de broto  enfermidades  
municipal,cenoura,2019,Vila Velha,2.99,kg,unidade_declarada,Cenoura extra AA  in natura  cor laranja-vivo  procedente de espécies genuínas e sãs  frescas  firme  lisa  sem rugas  d
municipal,chuchu,2019,Vila Velha,1.59,kg,unidade_declarada,Chuchu extra AA  in natura  pouca rugosidade tamanho médio  procedente de espécies genuínas  sãs e frescas  polpa íntegr
municipal,couve,2019,Vila Velha,3.89,unidade,unitario,Couve manteiga extra  fresca  limpa  com coloração verde escuro  separados em maços padronizados  proceder de espécies g
municipal,inhame,2019,Vila Velha,3.49,kg,unidade_declarada,Inhame extra AA  in natura  tenro (macio)  graúdo  proceder de espécies genuínas e sãs  frescas  ter atingido o grau de 
municipal,pepino,2019,Vila Velha,2.39,kg,unidade_declarada,Pepino extra AA  in natura  tenro  coloração verde escura  firme  procedente de espécies genuínas e sãs. Isento de lesõe
municipal,pimentao,2019,Vila Velha,3.89,kg,unidade_declarada,Pimentão verde in natura extra AA  in natura  textura firme  procedente de espécies genuínas e sãs. Isento de lesões de 
municipal,repolho,2019,Vila Velha,1.88,kg,unidade_declarada,Repolho branco in natura extra  fresco  firme  odor característico. Isento de lesões de origem física  mecânica ou bioló
municipal,repolho,2019,Vila Velha,2.39,kg,unidade_declarada,Repolho roxo in natura extra  fresco  firme  odor característico. Isento de lesões de origem física  mecânica ou biológi
municipal,envelope,2019,Vila Velha,0.87,unidade,unitario,LUVA CIRÚRGICA ESTÉRIL  TAMANHO 6 5 CONFORME O PADRÃO NACIONAL. CONFECCIONADA EM LÁTEX NATURAL  COM FORMATO ANATÔMICO  C
municipal,envelope,2019,Vila Velha,0.868,unidade,unitario,LUVA CIRÚRGICA ESTÉRIL  TAMANHO 7 0;  CONFORME O PADRÃO NACIONAL. CONFECCIONADA EM LÁTEX NATURAL  COM FORMATO ANATÔMICO 
municipal,envelope,2019,Vila Velha,0.895,unidade,unitario,LUVA CIRURGICA ESTÉRIL  TAMANHO 7 5 CONFORME O PADRÃO NACIONAL. CONFECCIONADA EM LÁTEX NATURAL  COM FORMATO ANATÔMICO  C
municipal,envelope,2019,Vila Velha,0.8995,unidade,unitario,LUVA CIRÚRGICA ESTÉRIL  TAMANHO 8 0;  CONFORME O PADRÃO NACIONAL. CONFECCIONADA EM LÁTEX NATURAL  COM FORMATO ANATÔMICO 
municipal,envelope,2019,Vila Velha,0.89,unidade,unitario,LUVA CIRÚRGICA ESTÉRIL  TAMANHO 8 5;  CONFORME O PADRÃO NACIONAL. CONFECCIONADA EM LÁTEX NATURAL  COM FORMATO ANATÔMICO 
municipal,haloperidol,2019,Vila Velha,2.77,unidade,unitario,Haloperidol 2 mg/mL  solução oral gotas  frasco 20 mL.  
municipal,fluoxetina,2019,Vila Velha,0.0623,unidade,unitario,FLUOXETINA 20MG  CÁPSULA. 
municipal,fluoxetina,2019,Vila Velha,0.0623,unidade,unitario,FLUOXETINA 20MG  CÁPSULA.
municipal,escova_dental,2019,Vila Velha,1.04,unidade,unitario,Escova dental adulto  cerdas macias  de nylon  com 4 fileiras de tufos condensados contendo no mínimo 34 tufos de cerdas
municipal,escova_dental,2019,Vila Velha,1.04,unidade,unitario,Escova dental adulto  cerdas macias  de nylon  com 4 fileiras de tufos condensados contendo no mínimo 34 tufos de cerdas
municipal,escova_dental,2019,Vila Velha,0.95,unidade,unitario,Escova dental infantil  cerdas macias  de nylon  com 3 a 4 fileiras de tufos condensados contendo no mínimo 28 tufos de 
municipal,escova_dental,2019,Vila Velha,0.95,unidade,unitario,Escova dental infantil  cerdas macias  de nylon  com 3 a 4 fileiras de tufos condensados contendo no mínimo 28 tufos de 
municipal,creme_dental,2019,Vila Velha,3.02,unidade,unitario,CREME DENTAL 90 GR 
municipal,creme_dental,2019,Vila Velha,3.02,unidade,unitario,CREME DENTAL 90 GR 
municipal,biscoito,2020,Vila Velha,10.2,kg,heuristica,Biscoito doce  tipo Maria ou Maisena  de sabor  cor e odor característicos  textura crocante  acondicionado em embalagem
municipal,biscoito,2020,Vila Velha,10.2,kg,heuristica,Biscoito salgado  tipo cream cracker  de textura crocante  de sabor  cor e odor característicos  acondicionado em embala
municipal,biscoito,2020,Vila Velha,10.2,kg,heuristica,Biscoito salgado  tipo cream cracker  de textura crocante  de sabor  cor e odor característicos  acondicionado em embala
municipal,biscoito,2020,Vila Velha,20.525,kg,heuristica,Biscoito rosquinha doce  sabor leite ou coco  cor e odor característicos  textura crocante  acondicionado em embalagem r
municipal,biscoito,2020,Vila Velha,20.525,kg,heuristica,Biscoito rosquinha doce  sabor leite ou coco  cor e odor característicos  textura crocante  acondicionado em embalagem r
municipal,biscoito,2020,Vila Velha,10.65,kg,heuristica,Biscoito de polvilho isento de glúten e lactose produzido a partir de matéria- primas sãs e limpo. Massa bem assada  sem
municipal,biscoito,2020,Vila Velha,10.525,kg,heuristica,Biscoito isento de lactose  tipo maria ou maisena  de textura crocante  de sabor  cor e odor característicos  acondicion
municipal,biscoito,2020,Vila Velha,11.375,kg,heuristica,Biscoito integral salgado  à base de farinha integral  de textura crocante  de sabor  cor e odor característicos  acondi
municipal,biscoito,2020,Vila Velha,12.025,kg,heuristica,Biscoito isento de lactose  tipo cream cracker  de textura crocante  de sabor  cor e odor característicos  acondicionado
municipal,cadeira,2020,Vila Velha,743.6143,unidade,unitario,MOBILIÁRIO  CADEIRA GIRATÓRIA ESPALDAR MÉDIO COM BRAÇO ENCOSTO: INTERNO EM POLIPROPILENO INJETADO ESTRUTURAL DE GRANDE 
municipal,carne_suina,2020,Vila Velha,12.71,kg,descricao,Carne Suína em cubos de tamanhos padronizados e uniforme  de primeira qualidade  magra e sem gordura aparente  sem osso 
municipal,carne_suina,2020,Vila Velha,12.71,kg,descricao,Carne Suína em cubos de tamanhos padronizados e uniforme  de primeira qualidade  magra e sem gordura aparente  sem osso 
municipal,frango,2020,Vila Velha,12.34,kg,descricao,Peito de Frango sem osso  limpo  magro  não temperado  congelado  proveniente de aves sadias  abatidas sob inspeção vete
municipal,frango,2020,Vila Velha,12.34,kg,descricao,Peito de Frango sem osso  limpo  magro  não temperado  congelado  proveniente de aves sadias  abatidas sob inspeção vete
municipal,cabo_eletrico,2019,Vila Velha,1.0,metro,unitario,CABO FLEXIVEL  750V 1 5MM AZUL
municipal,cabo_eletrico,2019,Vila Velha,1.0,metro,unitario,CABO FLEXIVEL  750V 1 5MM PRETO
municipal,cabo_eletrico,2019,Vila Velha,1.2,metro,unitario,CABO FLEXIVEL  750V 2 5MM AZUL
municipal,cabo_eletrico,2019,Vila Velha,1.2,metro,unitario,CABO FLEXIVEL  750V 2 5MM PRETO
municipal,cabo_eletrico,2019,Vila Velha,1.9,metro,unitario,CABO FLEXIVEL  750V 4MM AZUL
municipal,cabo_eletrico,2019,Vila Velha,1.9,metro,unitario,CABO FLEXIVEL  750V 4MM PRETO
municipal,disjuntor,2019,Vila Velha,29.9,unidade,unitario,DISJUNTOR  DIN BIPOLAR 16A  CUVA C
municipal,disjuntor,2019,Vila Velha,29.9,unidade,unitario,DISJUNTOR  DIN BIPOLAR 20A  CUVA C
municipal,disjuntor,2019,Vila Velha,32.0,unidade,unitario,DISJUNTOR  DIN BIPOLAR 25A  CUVA C
municipal,disjuntor,2019,Vila Velha,33.0,unidade,unitario,DISJUNTOR  DIN BIPOLAR 32A  CUVA C
municipal,disjuntor,2019,Vila Velha,8.9,unidade,unitario,DISJUNTOR  DIN MONOPOLAR 16A  CUVA C
municipal,disjuntor,2019,Vila Velha,8.9,unidade,unitario,DISJUNTOR  DIN MONOPOLAR 20A  CUVA C
municipal,disjuntor,2019,Vila Velha,8.9,unidade,unitario,DISJUNTOR  DIN MONOPOLAR 25A  CUVA C
municipal,disjuntor,2019,Vila Velha,122.0,unidade,unitario,DISJUNTOR  DIN TRIPOLAR 100A  CUVA C
municipal,disjuntor,2019,Vila Velha,230.0,unidade,unitario,DISJUNTOR  DIN TRIPOLAR 125A  CUVA C
municipal,disjuntor,2019,Vila Velha,47.0,unidade,unitario,DISJUNTOR  DIN TRIPOLAR 32A  CUVA C
municipal,disjuntor,2019,Vila Velha,52.0,unidade,unitario,DISJUNTOR  DIN TRIPOLAR 50A  CUVA C
municipal,disjuntor,2019,Vila Velha,57.0,unidade,unitario,DISJUNTOR  DIN TRIPOLAR 63A  CUVA C
municipal,luva_procedimento,2019,Vila Velha,52.0,caixa_100,unitario,LUVA NITRÍLICA CANO LONGO PARA PROTEÇÃO QUIMICA  TAM G
municipal,torneira,2019,Vila Velha,98.0,unidade,unitario,"TORNEIRA DE BOIA ALTA VAZÃO BALÃO PLÁSTICO - 1 1/4"""
municipal,torneira,2019,Vila Velha,69.0,unidade,unitario,"TORNEIRA DE BOIA ALTA VAZÃO BALÃO PLÁSTICO - 1"""
municipal,torneira,2019,Vila Velha,60.0,unidade,unitario,"TORNEIRA DE BOIA ALTA VAZÃO BALÃO PLÁSTICO - 3/4"""
municipal,torneira,2019,Vila Velha,13.9,unidade,unitario,"TORNEIRA DE PAREDE METÁLICA ESFERA COM ALAVANCA DE 1/2"""
municipal,torneira,2019,Vila Velha,79.0,unidade,unitario,"TORNEIRA PARA COZINHA DE MESA  METAL CROMADO  FLEXIVEL  COM AREJADOR DUPLO DE 1/2"" COM 1/4 DE VOLTA"
municipal,torneira,2019,Vila Velha,53.0,unidade,unitario,"TORNEIRA PARA LAVATÓRIO DE MESA  BICA BAIXA  METAL CROMADO DE 1/2"""
municipal,carne_bovina,2020,Vila Velha,24.06,kg,unidade_declarada,Carne Bovina em cubos magra congelada  proveniente de machos de espécie bovina sadio  congelado  abatido sob inspeção ve
municipal,carne_bovina,2020,Vila Velha,24.06,kg,unidade_declarada,Carne Bovina em cubos magra congelada  proveniente de machos de espécie bovina sadio  congelado  abatido sob inspeção ve
municipal,carne_bovina,2020,Vila Velha,18.02,kg,unidade_declarada,Carne Bovina Moída (músculo) magra congelada  proveniente de machos de espécie bovina  sadios  abatido sob inspeção vete
municipal,carne_bovina,2020,Vila Velha,18.02,kg,unidade_declarada,Carne Bovina Moída (músculo) magra congelada  proveniente de machos de espécie bovina  sadios  abatido sob inspeção vete
municipal,papel_a4,2019,Vila Velha,16.93,resma,unitario,PAPEL SULFITE; FORMATO: A4. PAPEL SULFITE; MATERIAL: ALCALINO; COR: BRANCO; GRAMATURA: 75 G/M²; FORMATO: A4; LARGURA: 21
municipal,papel_a4,2019,Vila Velha,16.93,resma,unitario,PAPEL SULFITE; FORMATO: A4. PAPEL SULFITE; MATERIAL: ALCALINO; COR: BRANCO; GRAMATURA: 75 G/M²; FORMATO: A4; LARGURA: 21
municipal,ar_condicionado,2019,Vila Velha,2000.0,unidade,unitario,Locação de Container de 20 (2 30 x 6 00 x 2 50 m)  com banheiro  ar condicionado  revestimento térmico acústico e purif
municipal,notebook,2019,Vila Velha,3145.18,unidade,unitario,Notebook - Windows 10 Professional/Office 2016 Professional  conforme termo de referência.
municipal,diesel,2020,Vila Velha,3.684,litro,unidade_declarada,DIESEL COMUM (S-500) 
municipal,gaze,2020,Vila Velha,1.13,unidade,unitario,Compressa de gaze algodonada - tamanho 15 x 30cm.  
municipal,gaze,2020,Vila Velha,2.92,unidade,unitario,COMPRESSA DE GAZE NÃO ADERENTE (RAYON): malha composta de Rayon impregnada com PHMB OU Rayon com acrílico OU Rayon com m
municipal,seringa,2020,Vila Velha,0.25,unidade,unitario,Seringa estéril descartável 1ml (TUBERCULINA) com agulha 13 x 0 38 com cilindro tratado internamente com silicone de gra
municipal,seringa,2020,Vila Velha,0.3,unidade,unitario,Seringa hipodérmica estéril descartável  com capacidade para 0 5 ml (UI)  confeccionada em material atóxico  com bico co
municipal,seringa,2020,Vila Velha,0.31,unidade,unitario,SERINGA DESCARTAVEL  SEM DISPOSITIVO DE SEGURANÇA; COM AGULHA FIXA  PARA INSULINA  CAPACIDADE 1ML/100UI  GRADUAÇÃO/ESCAL
municipal,ventilador,2020,Vila Velha,177.22,unidade,unitario,VENTILADOR DE PAREDE  VENTILADOR  TIPO PAREDE  POTENCIA MOTOR MINIMA 100W  TENSÃO ALIMENTAÇÃO 110V  CARACTERÍSTICAS ADIC
municipal,vassoura,2020,Vila Velha,12.57,unidade,unitario,VASSOURA: VASSOURA DE PIAÇAVA  Nº 3  CABO DE MADEIRA REVESTIDO EM PLÁSTICO ROSQUEÁVEL. UNIDADE. 
municipal,vassoura,2020,Vila Velha,12.57,unidade,unitario,VASSOURA: VASSOURA DE PIAÇAVA  Nº 3  CABO DE MADEIRA REVESTIDO EM PLÁSTICO ROSQUEÁVEL. UNIDADE. 
municipal,detergente,2020,Vila Velha,14.128,litro,descricao,KIT MATERIAL DE LIMPEZA ACONDICIONADOS EM CAIXA DE PAPELÃO RESISTENTE  COM A DESCRIÇÃO DOS MATERIAIS COLADOS NO EXTERIOR
municipal,areia,2020,Vila Velha,66.6,m3,unitario,Areia lavada média 
municipal,brita,2020,Vila Velha,64.62,m3,unitario,Brita 1 
municipal,brita,2020,Vila Velha,82.8,m3,unitario,Brita 0  
municipal,disjuntor,2020,Vila Velha,153.0,unidade,unitario,TENDA CÔNICA 3X3: ESTRUTURADA POR COLUNAS METÁLICAS DE TUBO GALVANIZADO DE 1 5 POLEGADA COM ESPESSURA DE 2MM  COBERTURA:
municipal,disjuntor,2020,Vila Velha,153.0,unidade,unitario,TENDA CÔNICA 3X3: ESTRUTURADA POR COLUNAS METÁLICAS DE TUBO GALVANIZADO DE 1 5 POLEGADA COM ESPESSURA DE 2MM  COBERTURA:
municipal,disjuntor,2020,Vila Velha,153.0,unidade,unitario,TENDA CÔNICA 3X3: ESTRUTURADA POR COLUNAS METÁLICAS DE TUBO GALVANIZADO DE 1 5 POLEGADA COM ESPESSURA DE 2MM  COBERTURA:
municipal,disjuntor,2020,Vila Velha,153.0,unidade,unitario,TENDA CÔNICA 3X3: ESTRUTURADA POR COLUNAS METÁLICAS DE TUBO GALVANIZADO DE 1 5 POLEGADA COM ESPESSURA DE 2MM  COBERTURA:
municipal,disjuntor,2020,Vila Velha,153.0,unidade,unitario,TENDA CÔNICA 3X3: ESTRUTURADA POR COLUNAS METÁLICAS DE TUBO GALVANIZADO DE 1 5 POLEGADA COM ESPESSURA DE 2MM  COBERTURA:
municipal,disjuntor,2020,Vila Velha,153.0,unidade,unitario,TENDA CÔNICA 3X3: ESTRUTURADA POR COLUNAS METÁLICAS DE TUBO GALVANIZADO DE 1 5 POLEGADA COM ESPESSURA DE 2MM  COBERTURA:
municipal,disjuntor,2020,Vila Velha,153.0,unidade,unitario,TENDA CÔNICA 3X3: ESTRUTURADA POR COLUNAS METÁLICAS DE TUBO GALVANIZADO DE 1 5 POLEGADA COM ESPESSURA DE 2MM  COBERTURA:
municipal,ar_condicionado,2020,Vila Velha,1445.0,unidade,unitario,CAMARIM OCTANORM 04M X 04M: COMPOSTO DE PISO COM CARPETE  COM ESTRUTURA EM PERFIS DE ALUMÍNIO PADRÃO OCTANORM E PAINEL T
municipal,ar_condicionado,2020,Vila Velha,1445.0,unidade,unitario,CAMARIM OCTANORM 04M X 04M: COMPOSTO DE PISO COM CARPETE  COM ESTRUTURA EM PERFIS DE ALUMÍNIO PADRÃO OCTANORM E PAINEL T
municipal,ar_condicionado,2020,Vila Velha,1445.0,unidade,unitario,CAMARIM OCTANORM 04M X 04M: COMPOSTO DE PISO COM CARPETE  COM ESTRUTURA EM PERFIS DE ALUMÍNIO PADRÃO OCTANORM E PAINEL T
municipal,ar_condicionado,2020,Vila Velha,1445.0,unidade,unitario,CAMARIM OCTANORM 04M X 04M: COMPOSTO DE PISO COM CARPETE  COM ESTRUTURA EM PERFIS DE ALUMÍNIO PADRÃO OCTANORM E PAINEL T
municipal,ar_condicionado,2020,Vila Velha,1445.0,unidade,unitario,CAMARIM OCTANORM 04M X 04M: COMPOSTO DE PISO COM CARPETE  COM ESTRUTURA EM PERFIS DE ALUMÍNIO PADRÃO OCTANORM E PAINEL T
municipal,ar_condicionado,2020,Vila Velha,1445.0,unidade,unitario,CAMARIM OCTANORM 04M X 04M: COMPOSTO DE PISO COM CARPETE  COM ESTRUTURA EM PERFIS DE ALUMÍNIO PADRÃO OCTANORM E PAINEL T
municipal,ar_condicionado,2020,Vila Velha,4799.71,unidade,unitario,LOCAÇÃO DE PALCO 12X10: LOCAÇÃO DE PALCO MONTADO EM ESTRUTURA DE ALUMÍNIO Q-30 ASSIM CONSTITUÍDO: PALCO EM ALUMÍNIO TREL
municipal,ar_condicionado,2020,Vila Velha,4799.71,unidade,unitario,LOCAÇÃO DE PALCO 12X10: LOCAÇÃO DE PALCO MONTADO EM ESTRUTURA DE ALUMÍNIO Q-30 ASSIM CONSTITUÍDO: PALCO EM ALUMÍNIO TREL
municipal,ar_condicionado,2020,Vila Velha,4799.71,unidade,unitario,LOCAÇÃO DE PALCO 12X10: LOCAÇÃO DE PALCO MONTADO EM ESTRUTURA DE ALUMÍNIO Q-30 ASSIM CONSTITUÍDO: PALCO EM ALUMÍNIO TREL
municipal,ar_condicionado,2020,Vila Velha,4799.71,unidade,unitario,LOCAÇÃO DE PALCO 12X10: LOCAÇÃO DE PALCO MONTADO EM ESTRUTURA DE ALUMÍNIO Q-30 ASSIM CONSTITUÍDO: PALCO EM ALUMÍNIO TREL
municipal,ar_condicionado,2020,Vila Velha,4799.71,unidade,unitario,LOCAÇÃO DE PALCO 12X10: LOCAÇÃO DE PALCO MONTADO EM ESTRUTURA DE ALUMÍNIO Q-30 ASSIM CONSTITUÍDO: PALCO EM ALUMÍNIO TREL
municipal,ar_condicionado,2020,Vila Velha,1000.0,unidade,unitario,Aluguel de ônibus rodoviário tipo CONVENCIONAL  com capacidade mínima de 40 lugares  com motorista  poltronas reclinávei
municipal,ar_condicionado,2020,Vila Velha,1000.0,unidade,unitario,Aluguel de ônibus rodoviário tipo CONVENCIONAL  com capacidade mínima de 40 lugares  com motorista  poltronas reclinávei
municipal,ar_condicionado,2020,Vila Velha,1000.0,unidade,unitario,Aluguel de ônibus rodoviário tipo CONVENCIONAL  com capacidade mínima de 40 lugares  com motorista  poltronas reclinávei
municipal,ar_condicionado,2020,Vila Velha,1000.0,unidade,unitario,Aluguel de ônibus rodoviário tipo CONVENCIONAL  com capacidade mínima de 40 lugares  com motorista  poltronas reclinávei
municipal,ar_condicionado,2020,Vila Velha,1000.0,unidade,unitario,Aluguel de ônibus rodoviário tipo CONVENCIONAL  com capacidade mínima de 40 lugares  com motorista  poltronas reclinávei
municipal,ar_condicionado,2020,Vila Velha,1000.0,unidade,unitario,Aluguel de ônibus rodoviário tipo CONVENCIONAL  com capacidade mínima de 40 lugares  com motorista  poltronas reclinávei
municipal,ar_condicionado,2020,Vila Velha,1000.0,unidade,unitario,Aluguel de ônibus rodoviário tipo CONVENCIONAL  com capacidade mínima de 40 lugares  com motorista  poltronas reclinávei
municipal,ar_condicionado,2020,Vila Velha,1000.0,unidade,unitario,Aluguel de ônibus rodoviário tipo CONVENCIONAL  com capacidade mínima de 40 lugares  com motorista  poltronas reclinávei
municipal,torneira,2020,Vila Velha,153.72,unidade,unitario,CABINE SANITÁRIA PORTÁTIL HIDRÁULICA PNE  TIPO IV - COM 04 MANUTENÇÕES DIÁRIAS: INDIVIDUAL COMPLEMENTO PORTADOR DE NECE
municipal,torneira,2020,Vila Velha,153.72,unidade,unitario,CABINE SANITÁRIA PORTÁTIL HIDRÁULICA PNE  TIPO IV - COM 04 MANUTENÇÕES DIÁRIAS: INDIVIDUAL COMPLEMENTO PORTADOR DE NECE
municipal,torneira,2020,Vila Velha,153.72,unidade,unitario,CABINE SANITÁRIA PORTÁTIL HIDRÁULICA PNE  TIPO IV - COM 04 MANUTENÇÕES DIÁRIAS: INDIVIDUAL COMPLEMENTO PORTADOR DE NECE
municipal,torneira,2020,Vila Velha,153.72,unidade,unitario,CABINE SANITÁRIA PORTÁTIL HIDRÁULICA PNE  TIPO IV - COM 04 MANUTENÇÕES DIÁRIAS: INDIVIDUAL COMPLEMENTO PORTADOR DE NECE
municipal,torneira,2020,Vila Velha,153.72,unidade,unitario,CABINE SANITÁRIA PORTÁTIL HIDRÁULICA PNE  TIPO IV - COM 04 MANUTENÇÕES DIÁRIAS: INDIVIDUAL COMPLEMENTO PORTADOR DE NECE
municipal,torneira,2020,Vila Velha,153.72,unidade,unitario,CABINE SANITÁRIA PORTÁTIL HIDRÁULICA PNE  TIPO IV - COM 04 MANUTENÇÕES DIÁRIAS: INDIVIDUAL COMPLEMENTO PORTADOR DE NECE
municipal,torneira,2020,Vila Velha,153.72,unidade,unitario,CABINE SANITÁRIA PORTÁTIL HIDRÁULICA PNE  TIPO IV - COM 04 MANUTENÇÕES DIÁRIAS: INDIVIDUAL COMPLEMENTO PORTADOR DE NECE
municipal,torneira,2020,Vila Velha,153.72,unidade,unitario,CABINE SANITÁRIA PORTÁTIL HIDRÁULICA PNE  TIPO IV - COM 04 MANUTENÇÕES DIÁRIAS: INDIVIDUAL COMPLEMENTO PORTADOR DE NECE
municipal,ar_condicionado,2020,Vila Velha,1438.0,unidade,unitario,LOCAÇÃO DE VEÍCULO TIPO VAN - COM MOTORISTA  COM CAPACIDADE PARA ATÉ 16 PASSAGEIROS (COM MOTORISTA)  PARA ATENDIMENTO CO
municipal,ar_condicionado,2020,Vila Velha,1438.0,unidade,unitario,LOCAÇÃO DE VEÍCULO TIPO VAN - COM MOTORISTA  COM CAPACIDADE PARA ATÉ 16 PASSAGEIROS (COM MOTORISTA)  PARA ATENDIMENTO CO
municipal,ar_condicionado,2020,Vila Velha,1438.0,unidade,unitario,LOCAÇÃO DE VEÍCULO TIPO VAN - COM MOTORISTA  COM CAPACIDADE PARA ATÉ 16 PASSAGEIROS (COM MOTORISTA)  PARA ATENDIMENTO CO
municipal,ar_condicionado,2020,Vila Velha,1438.0,unidade,unitario,LOCAÇÃO DE VEÍCULO TIPO VAN - COM MOTORISTA  COM CAPACIDADE PARA ATÉ 16 PASSAGEIROS (COM MOTORISTA)  PARA ATENDIMENTO CO
municipal,ar_condicionado,2020,Vila Velha,1438.0,unidade,unitario,LOCAÇÃO DE VEÍCULO TIPO VAN - COM MOTORISTA  COM CAPACIDADE PARA ATÉ 16 PASSAGEIROS (COM MOTORISTA)  PARA ATENDIMENTO CO
municipal,ar_condicionado,2020,Vila Velha,1438.0,unidade,unitario,LOCAÇÃO DE VEÍCULO TIPO VAN - COM MOTORISTA  COM CAPACIDADE PARA ATÉ 16 PASSAGEIROS (COM MOTORISTA)  PARA ATENDIMENTO CO
municipal,ar_condicionado,2020,Vila Velha,1438.0,unidade,unitario,LOCAÇÃO DE VEÍCULO TIPO VAN - COM MOTORISTA  COM CAPACIDADE PARA ATÉ 16 PASSAGEIROS (COM MOTORISTA)  PARA ATENDIMENTO CO
municipal,ar_condicionado,2020,Vila Velha,1438.0,unidade,unitario,LOCAÇÃO DE VEÍCULO TIPO VAN - COM MOTORISTA  COM CAPACIDADE PARA ATÉ 16 PASSAGEIROS (COM MOTORISTA)  PARA ATENDIMENTO CO
municipal,ar_condicionado,2020,Vila Velha,1438.0,unidade,unitario,LOCAÇÃO DE VEÍCULO TIPO VAN - COM MOTORISTA  COM CAPACIDADE PARA ATÉ 16 PASSAGEIROS (COM MOTORISTA)  PARA ATENDIMENTO CO
municipal,bebedouro,2020,Vila Velha,255.0,unidade,unitario,LOCAÇÃO DE BEBEDOURO INDUSTRIAL - COM CAPACIDADE DE 50 LITROS COM FILTRO  02 TORNEIRAS GELADAS  110 OU 220 VOLTS. 
municipal,bebedouro,2020,Vila Velha,255.0,unidade,unitario,LOCAÇÃO DE BEBEDOURO INDUSTRIAL - COM CAPACIDADE DE 50 LITROS COM FILTRO  02 TORNEIRAS GELADAS  110 OU 220 VOLTS. 
municipal,bebedouro,2020,Vila Velha,255.0,unidade,unitario,LOCAÇÃO DE BEBEDOURO INDUSTRIAL - COM CAPACIDADE DE 50 LITROS COM FILTRO  02 TORNEIRAS GELADAS  110 OU 220 VOLTS. 
municipal,bebedouro,2020,Vila Velha,255.0,unidade,unitario,LOCAÇÃO DE BEBEDOURO INDUSTRIAL - COM CAPACIDADE DE 50 LITROS COM FILTRO  02 TORNEIRAS GELADAS  110 OU 220 VOLTS. 
municipal,bebedouro,2020,Vila Velha,255.0,unidade,unitario,LOCAÇÃO DE BEBEDOURO INDUSTRIAL - COM CAPACIDADE DE 50 LITROS COM FILTRO  02 TORNEIRAS GELADAS  110 OU 220 VOLTS. 
municipal,bebedouro,2020,Vila Velha,255.0,unidade,unitario,LOCAÇÃO DE BEBEDOURO INDUSTRIAL - COM CAPACIDADE DE 50 LITROS COM FILTRO  02 TORNEIRAS GELADAS  110 OU 220 VOLTS. 
municipal,bebedouro,2020,Vila Velha,255.0,unidade,unitario,LOCAÇÃO DE BEBEDOURO INDUSTRIAL - COM CAPACIDADE DE 50 LITROS COM FILTRO  02 TORNEIRAS GELADAS  110 OU 220 VOLTS. 
municipal,bebedouro,2020,Vila Velha,255.0,unidade,unitario,LOCAÇÃO DE BEBEDOURO INDUSTRIAL - COM CAPACIDADE DE 50 LITROS COM FILTRO  02 TORNEIRAS GELADAS  110 OU 220 VOLTS. 
municipal,bebedouro,2020,Vila Velha,255.0,unidade,unitario,LOCAÇÃO DE BEBEDOURO INDUSTRIAL - COM CAPACIDADE DE 50 LITROS COM FILTRO  02 TORNEIRAS GELADAS  110 OU 220 VOLTS. 
municipal,disjuntor,2020,Vila Velha,183.68,unidade,unitario,TENDA CÔNICA 3X3 COM FECHAMENTO NAS LATERAIS: ESTRUTURADA POR COLUNAS METÁLICAS DE TUBO GALVANIZADO DE 1 5 POLEGADA COM 
municipal,disjuntor,2020,Vila Velha,183.68,unidade,unitario,TENDA CÔNICA 3X3 COM FECHAMENTO NAS LATERAIS: ESTRUTURADA POR COLUNAS METÁLICAS DE TUBO GALVANIZADO DE 1 5 POLEGADA COM 
municipal,disjuntor,2020,Vila Velha,183.68,unidade,unitario,TENDA CÔNICA 3X3 COM FECHAMENTO NAS LATERAIS: ESTRUTURADA POR COLUNAS METÁLICAS DE TUBO GALVANIZADO DE 1 5 POLEGADA COM 
municipal,disjuntor,2020,Vila Velha,183.68,unidade,unitario,TENDA CÔNICA 3X3 COM FECHAMENTO NAS LATERAIS: ESTRUTURADA POR COLUNAS METÁLICAS DE TUBO GALVANIZADO DE 1 5 POLEGADA COM 
municipal,disjuntor,2020,Vila Velha,183.68,unidade,unitario,TENDA CÔNICA 3X3 COM FECHAMENTO NAS LATERAIS: ESTRUTURADA POR COLUNAS METÁLICAS DE TUBO GALVANIZADO DE 1 5 POLEGADA COM 
municipal,disjuntor,2020,Vila Velha,183.68,unidade,unitario,TENDA CÔNICA 3X3 COM FECHAMENTO NAS LATERAIS: ESTRUTURADA POR COLUNAS METÁLICAS DE TUBO GALVANIZADO DE 1 5 POLEGADA COM 
municipal,disjuntor,2020,Vila Velha,183.68,unidade,unitario,TENDA CÔNICA 3X3 COM FECHAMENTO NAS LATERAIS: ESTRUTURADA POR COLUNAS METÁLICAS DE TUBO GALVANIZADO DE 1 5 POLEGADA COM 
municipal,disjuntor,2020,Vila Velha,206.81,unidade,unitario,TENDA CÔNICA 4X4: ESTRUTURADA POR COLUNAS METÁLICAS DE TUBO GALVANIZADO DE 1 5 POLEGADA COM ESPESSURA DE 2MM  COBERTURA:
municipal,disjuntor,2020,Vila Velha,206.81,unidade,unitario,TENDA CÔNICA 4X4: ESTRUTURADA POR COLUNAS METÁLICAS DE TUBO GALVANIZADO DE 1 5 POLEGADA COM ESPESSURA DE 2MM  COBERTURA:
municipal,disjuntor,2020,Vila Velha,206.81,unidade,unitario,TENDA CÔNICA 4X4: ESTRUTURADA POR COLUNAS METÁLICAS DE TUBO GALVANIZADO DE 1 5 POLEGADA COM ESPESSURA DE 2MM  COBERTURA:
municipal,disjuntor,2020,Vila Velha,206.81,unidade,unitario,TENDA CÔNICA 4X4: ESTRUTURADA POR COLUNAS METÁLICAS DE TUBO GALVANIZADO DE 1 5 POLEGADA COM ESPESSURA DE 2MM  COBERTURA:
municipal,disjuntor,2020,Vila Velha,206.81,unidade,unitario,TENDA CÔNICA 4X4: ESTRUTURADA POR COLUNAS METÁLICAS DE TUBO GALVANIZADO DE 1 5 POLEGADA COM ESPESSURA DE 2MM  COBERTURA:
municipal,disjuntor,2020,Vila Velha,206.81,unidade,unitario,TENDA CÔNICA 4X4: ESTRUTURADA POR COLUNAS METÁLICAS DE TUBO GALVANIZADO DE 1 5 POLEGADA COM ESPESSURA DE 2MM  COBERTURA:
municipal,disjuntor,2020,Vila Velha,206.81,unidade,unitario,TENDA CÔNICA 4X4: ESTRUTURADA POR COLUNAS METÁLICAS DE TUBO GALVANIZADO DE 1 5 POLEGADA COM ESPESSURA DE 2MM  COBERTURA:
municipal,disjuntor,2020,Vila Velha,206.81,unidade,unitario,TENDA CÔNICA 4X4: ESTRUTURADA POR COLUNAS METÁLICAS DE TUBO GALVANIZADO DE 1 5 POLEGADA COM ESPESSURA DE 2MM  COBERTURA:
municipal,ar_condicionado,2020,Vila Velha,11900.0,unidade,unitario,LOCAÇÃO DE PALCO 16X14: PALCO EM ALUMÍNIO TRELISSADO Q-30 TUBULAR COM COBERTURA EM LONAS BRANCAS BO ANTI-CHAMAS PISO EM 
municipal,ar_condicionado,2020,Vila Velha,11900.0,unidade,unitario,LOCAÇÃO DE PALCO 16X14: PALCO EM ALUMÍNIO TRELISSADO Q-30 TUBULAR COM COBERTURA EM LONAS BRANCAS BO ANTI-CHAMAS PISO EM 
municipal,ar_condicionado,2020,Vila Velha,11900.0,unidade,unitario,LOCAÇÃO DE PALCO 16X14: PALCO EM ALUMÍNIO TRELISSADO Q-30 TUBULAR COM COBERTURA EM LONAS BRANCAS BO ANTI-CHAMAS PISO EM 
municipal,ar_condicionado,2020,Vila Velha,11900.0,unidade,unitario,LOCAÇÃO DE PALCO 16X14: PALCO EM ALUMÍNIO TRELISSADO Q-30 TUBULAR COM COBERTURA EM LONAS BRANCAS BO ANTI-CHAMAS PISO EM 
municipal,extintor,2020,Vila Velha,85.0,unidade,unitario,LOCAÇÃO DE EXTINTORES DE INCÊNDIO PARA EVENTO: EXTINTOR DE INCÊNDIO TIPO AGUA PRESSURIZADA  CO2 OU PQS (CONFORME ESPECIF
municipal,extintor,2020,Vila Velha,85.0,unidade,unitario,LOCAÇÃO DE EXTINTORES DE INCÊNDIO PARA EVENTO: EXTINTOR DE INCÊNDIO TIPO AGUA PRESSURIZADA  CO2 OU PQS (CONFORME ESPECIF
municipal,extintor,2020,Vila Velha,85.0,unidade,unitario,LOCAÇÃO DE EXTINTORES DE INCÊNDIO PARA EVENTO: EXTINTOR DE INCÊNDIO TIPO AGUA PRESSURIZADA  CO2 OU PQS (CONFORME ESPECIF
municipal,extintor,2020,Vila Velha,85.0,unidade,unitario,LOCAÇÃO DE EXTINTORES DE INCÊNDIO PARA EVENTO: EXTINTOR DE INCÊNDIO TIPO AGUA PRESSURIZADA  CO2 OU PQS (CONFORME ESPECIF
municipal,extintor,2020,Vila Velha,85.0,unidade,unitario,LOCAÇÃO DE EXTINTORES DE INCÊNDIO PARA EVENTO: EXTINTOR DE INCÊNDIO TIPO AGUA PRESSURIZADA  CO2 OU PQS (CONFORME ESPECIF
municipal,extintor,2020,Vila Velha,85.0,unidade,unitario,LOCAÇÃO DE EXTINTORES DE INCÊNDIO PARA EVENTO: EXTINTOR DE INCÊNDIO TIPO AGUA PRESSURIZADA  CO2 OU PQS (CONFORME ESPECIF
municipal,extintor,2020,Vila Velha,85.0,unidade,unitario,LOCAÇÃO DE EXTINTORES DE INCÊNDIO PARA EVENTO: EXTINTOR DE INCÊNDIO TIPO AGUA PRESSURIZADA  CO2 OU PQS (CONFORME ESPECIF
municipal,extintor,2020,Vila Velha,85.0,unidade,unitario,LOCAÇÃO DE EXTINTORES DE INCÊNDIO PARA EVENTO: EXTINTOR DE INCÊNDIO TIPO AGUA PRESSURIZADA  CO2 OU PQS (CONFORME ESPECIF
municipal,fenobarbital,2020,Vila Velha,1.64,unidade,unitario,FENOBARBITAL SÓDICO 100 MG/ML SOLUÇÃO INJETÁVEL  AMPOLA 2ML. 
municipal,diazepam,2020,Vila Velha,0.92,unidade,unitario,DIAZEPAM 5 MG/ML - SOLUÇÃO INJETÁVEL - INTRAVENOSA - AMPOLA 2ML.                    
municipal,fluoxetina,2020,Vila Velha,1.02,unidade,unitario,FLUOXETINA 20 MG CÁPSULA OU COMPRIMIDO REVESTIDO 
municipal,seringa,2020,Vila Velha,0.31,unidade,unitario,Seringa descartável estéril 10ml  sem agulha  bico Slip  com cilindro  tratamento internamente com silicone de grau cirú
municipal,risperidona,2020,Vila Velha,0.3715,unidade,unitario,RISPERIDONA 1 MG - COMPRIMIDO REVESTIDO.                                       
municipal,risperidona,2020,Vila Velha,0.3716,unidade,unitario,RISPERIDONA 2 MG COMPRIMIDO REVESTIDO 
municipal,sertralina,2020,Vila Velha,0.3684,unidade,unitario,SERTRALINA (CLORIDRATO) 50 MG  
municipal,farinha_trigo,2019,Vila Velha,2.86,kg,heuristica,BISCOITO; APRESENTAÇÃO: SALGADO  TEXTURA CROCANTE  VARIEDADE CREAM CRACKER; INGREDIENTES: FARINHA DE TRIGO ENRIQUECIDA C
municipal,farinha_trigo,2019,Vila Velha,2.86,kg,heuristica,BISCOITO; APRESENTAÇÃO: SALGADO  TEXTURA CROCANTE  VARIEDADE CREAM CRACKER; INGREDIENTES: FARINHA DE TRIGO ENRIQUECIDA C
municipal,farinha_trigo,2019,Vila Velha,6.59,kg,heuristica,BISCOITO; SABOR: COCO; APRESENTAÇÃO: DOCE  TEXTURA CROCANTE  VARIEDADE ROSQUINHA; INGREDIENTES: FARINHA DE TRIGO ENRIQUE
municipal,acucar,2019,Vila Velha,3.58,kg,heuristica,LEITE; TIPO: CONDENSADO  TRADICIONAL; INGREDIENTES: LEITE NATURAL  AÇÚCAR E LACTOSE; PROPRIEDADES ORGANOLÉPTICAS: COR  C
municipal,carne_bovina,2019,Vila Velha,24.03,kg,descricao,CARNE BOVINA (CHÃ DE FORA  INTEIRO); CARNE; ORIGEM: BOVINA; TIPO: COXÃO DE DENTRO; CORTE: PEÇA INTEIRA; APRESENTAÇÃO: S
municipal,carne_bovina,2019,Vila Velha,25.33,kg,descricao,CARNE BOVINA (COXÃO DURO  INTEIRO); CARNE; ORIGEM: BOVINA; TIPO: COXÃO DURO; CORTE: PEÇA INTEIRA; APRESENTAÇÃO: SEM OSS
municipal,carne_bovina,2019,Vila Velha,28.97,kg,descricao,CARNE BOVINA (COXÃO MOLE  INTEIRO); CARNE; ORIGEM: BOVINA; TIPO: COXÃO MOLE; CORTE: PEÇA INTEIRA; APRESENTAÇÃO: SEM OSS
municipal,carne_bovina,2019,Vila Velha,22.94,kg,descricao,CARNE BOVINA (LAGARTO PLANO  INTEIRO); CARNE; ORIGEM: BOVINA; TIPO: LAGARTO PLANO; CORTE: PEÇA INTEIRA; APRESENTAÇÃO: S
municipal,carne_bovina,2019,Vila Velha,22.94,kg,descricao,CARNE BOVINA (LAGARTO PLANO  MOÍDO); CARNE; ORIGEM: BOVINA; TIPO: LAGARTO PLANO; CORTE: MOÍDA; APRESENTAÇÃO: SEM OSSO; 
municipal,carne_bovina,2019,Vila Velha,28.95,kg,descricao,CARNE BOVINA (PATINHO  MOÍDO); CARNE; ORIGEM: BOVINA; TIPO: PATINHO; CORTE: MOÍDA; APRESENTAÇÃO: SEM OSSO; CONSERVAÇÃO:
municipal,carne_suina,2019,Vila Velha,12.34,kg,descricao,CARNE SUÍNA (CARRÉ  BIFE INTEIRO); CARNE; ORIGEM: SUÍNA; TIPO: CARRÉ; CORTE: PEÇA INTEIRA; APRESENTAÇÃO: SEM OSSO; CONS
municipal,suco,2019,Vila Velha,4.24,litro,unidade_declarada,SUCO DE CAJU 1L; SUCO DE FRUTA; SABOR: CAJU; APRESENTAÇÃO: LÍQUIDO  PRONTO PARA O CONSUMO; PROPRIEDADES ORGANOLÉPTICAS: 
municipal,suco,2019,Vila Velha,6.34,litro,unidade_declarada,SUCO DE UVA 1L; SUCO DE FRUTA; SABOR: UVA; APRESENTAÇÃO: LÍQUIDO  PRONTO PARA O CONSUMO; PROPRIEDADES ORGANOLÉPTICAS: CO
municipal,farinha_trigo,2019,Vila Velha,3.25,kg,heuristica,BISCOITO TIPO MARIA OU MAISENA 200G; BISCOITO; APRESENTAÇÃO: DOCE  TEXTURA CROCANTE  VARIEDADE MARIA OU MAISENA; INGREDI
municipal,farinha_trigo,2019,Vila Velha,3.25,kg,heuristica,BISCOITO TIPO MARIA OU MAISENA 200G; BISCOITO; APRESENTAÇÃO: DOCE  TEXTURA CROCANTE  VARIEDADE MARIA OU MAISENA; INGREDI
municipal,farinha_trigo,2019,Vila Velha,6.55,kg,heuristica,BISCOITO TIPO ROSQUINHA CHOCOLATE 400G; BISCOITO; SABOR: CHOCOLATE; APRESENTAÇÃO: DOCE  TEXTURA CROCANTE  VARIEDADE ROSQ
municipal,acucar,2019,Vila Velha,1.618,kg,descricao,AÇÚCAR; TIPO: CRISTAL; APRESENTAÇÃO: BRANCO; PROPRIEDADES ORGANOLÉPTICAS: COR  CHEIRO E SABOR CARACTERÍSTICO; HIGIÊNICO 
municipal,acucar,2019,Vila Velha,1.618,kg,descricao,AÇÚCAR; TIPO: CRISTAL; APRESENTAÇÃO: BRANCO; PROPRIEDADES ORGANOLÉPTICAS: COR  CHEIRO E SABOR CARACTERÍSTICO; HIGIÊNICO 
municipal,amido_milho,2019,Vila Velha,6.16,kg,heuristica,AMIDO DE MILHO; APRESENTAÇÃO: PÓ HOMOGÊNEO  DE 1ª QUALIDADE; PROPRIEDADES ORGANOLÉPTICAS: COR  CHEIRO E SABOR CARACTERÍS
municipal,macarrao,2019,Vila Velha,8.18,kg,heuristica,MACARRÃO PENNE SÊMOLA 500G; TIPO: PENNE; COMPOSIÇÃO: SÊMOLA; PROPRIEDADES ORGANOLÉPTICAS: COR  CHEIRO E SABOR CARACTERÍS
municipal,macarrao,2019,Vila Velha,11.18,kg,heuristica,MACARRÃO LASANHA MASSA COM OVOS 500G; TIPO: LASANHA; COMPOSIÇÃO: MASSA COM OVOS; PROPRIEDADES ORGANOLÉPTICAS: COR  CHEIR
municipal,sardinha,2019,Vila Velha,3.25,lata,unitario,SARDINHA COM MOLHO DE TOMATE 125G; APRESENTAÇÃO: EM CONSERVA  IMERSO EM MOLHO DE TOMATE  DEVERÁ SER COZIDA  INTEGRA DESC
municipal,fuba,2019,Vila Velha,2.28,kg,heuristica,COLORÍFICO (COLORAU) 70G; APRESENTAÇÃO: TEMPERO EM PÓ MOÍDO  COLORAÇÃO VERMELHO ALARANJADO  HOMOGÊNEO  1ª QUALIDADE; ING
municipal,carne_bovina,2019,Vila Velha,28.92,kg,descricao,CARNE BOVINA (CHÃ DE DENTRO  INTEIRO); CARNE; ORIGEM: BOVINA; TIPO: CHÃ DE DENTRO; CORTE: PEÇA INTEIRA; APRESENTAÇÃO: S
municipal,linguica,2019,Vila Velha,17.74,kg,descricao,LINGUIÇA; ORIGEM: SUÍNA; TIPO: CALABRESA  FINA; CORTE: PEÇA INTEIRA; APRESENTAÇÃO: SEM OSSO; CONSERVAÇÃO: CONGELADA; PRO
municipal,salsicha,2019,Vila Velha,8.47,kg,unidade_declarada,SALSICHA; ORIGEM: BOVINA; TIPO: HOT DOG; TEMPERO/RECHEIO: TRADICIONAL; APRESENTAÇÃO: A PORCENTAGEM DE ÁGUA OU GELO NÃO D
municipal,acucar,2019,Vila Velha,6.3,kg,descricao,BEBIDA LÁCTEA LÍQUIDA POLPA DE FRUTA; SABOR: MORANGO; INGREDIENTES: LEITE RECONSTITUÍDO  SORO DE LEITE  ÁGUA  AÇÚCAR  MI
municipal,margarina,2019,Vila Velha,10.32,kg,heuristica,MARGARINA; TIPO: COM SAL; PROPRIEDADES ORGANOLÉPTICAS: COR  CHEIRO E SABOR CARACTERÍSTICO; HIGIÊNICO SANITÁRIA: ISENTOS 
municipal,suco,2019,Vila Velha,4.48,litro,heuristica,SUCO DE FRUTA; SABOR: MANGA; APRESENTAÇÃO: LÍQUIDO  PRONTO PARA O CONSUMO; PROPRIEDADES ORGANOLÉPTICAS: COR  CHEIRO E SA
municipal,achocolatado,2019,Vila Velha,13.375,kg,heuristica,ACHOCOLATADO; APRESENTAÇÃO: EM PÓ  SOLÚVEL  INSTANTÂNEO  ENRIQUECIDO COM VITAMINAS  CÁLCIO E FERRO; INGREDIENTES: CACAU 
municipal,farinha_trigo,2019,Vila Velha,2.54,kg,heuristica,BISCOITO; APRESENTAÇÃO: INTEGRAL  SALGADO  TEXTURA CROCANTE  VARIEDADE CREAM CRACKER; INGREDIENTES: FARINHA DE TRIGO INT
municipal,feijao,2019,Vila Velha,5.03,kg,descricao,FEIJÃO; TIPO: CARIOCA; APRESENTAÇÃO: GRÃOS INTEIROS E SÃOS  TIPO 01  NOVO  SEM PRESENÇA DE GRÃOS MOFADOS E/OU CARUNCHADO
municipal,feijao,2019,Vila Velha,4.65,kg,descricao,FEIJÃO; TIPO: PRETO; APRESENTAÇÃO: GRÃOS INTEIROS E SÃOS  TIPO 01  NOVO  SEM PRESENÇA DE GRÃOS MOFADOS E/OU CARUNCHADOS;
municipal,fuba,2019,Vila Velha,2.1,kg,heuristica,FUBÁ; TIPO: DE MILHO; APRESENTAÇÃO: COLORAÇÃO AMARELADA  AUSÊNCIA DE UMIDADE  FERMENTAÇÃO E RANÇO; PROPRIEDADES ORGANOLÉ
municipal,macarrao,2019,Vila Velha,6.22,kg,heuristica,MACARRÃO; TIPO: ESPAGUETE; COMPOSIÇÃO: SÊMOLA; PROPRIEDADES ORGANOLÉPTICAS: COR  CHEIRO E SABOR CARACTERÍSTICO; HIGIÊNIC
municipal,macarrao,2019,Vila Velha,6.68,kg,heuristica,MACARRÃO; TIPO: PARAFUSO; COMPOSIÇÃO: SÊMOLA; PROPRIEDADES ORGANOLÉPTICAS: COR  CHEIRO E SABOR CARACTERÍSTICO; HIGIÊNICO
municipal,canjica,2019,Vila Velha,2.45,kg,heuristica,MILHO; TIPO: PARA CANJICA; APRESENTAÇÃO: GRÃO  CLASSE BRANCO  TIPO 01; PROPRIEDADES ORGANOLÉPTICAS: COR  CHEIRO E SABOR 
municipal,acucar,2019,Vila Velha,4.37,kg,heuristica,MAIONESE; APRESENTAÇÃO: PASTOSO; INGREDIENTES: ÁGUA  ÓLEO VEGETAL  OVOS PASTEURIZADOS  AMIDO MODIFICADO  VINAGRE  AÇÚCAR
municipal,vinagre,2019,Vila Velha,2.8133,litro,descricao,VINAGRE; TIPO: ÁLCOOL; APRESENTAÇÃO: PRODUTO DEVE CONTER ENTRE 4% E 6% DE ÁCIDO ACÉTICO  E 1% V/V O TEOR ALCOÓLICO MÁXIM
municipal,vinagre,2019,Vila Velha,7.8533,litro,descricao,VINAGRE; TIPO: MAÇÃ; APRESENTAÇÃO: PRODUTO DEVE CONTER ENTRE 4% E 6% DE ÁCIDO ACÉTICO  E 1% V/V O TEOR ALCOÓLICO MÁXIMO 
municipal,saco_lixo,2020,Vila Velha,0.93,unidade,unitario,LIXOCAR - SACO DE LIXO PARA CARRO; MATERIAL TNT; PREFERENCIALMENTE NAS CORES BRANCO  AMARELO  AZUL E PRETO; DIMENSÕES AP
municipal,saco_lixo,2020,Vila Velha,0.93,unidade,unitario,LIXOCAR - SACO DE LIXO PARA CARRO; MATERIAL TNT; PREFERENCIALMENTE NAS CORES BRANCO  AMARELO  AZUL E PRETO; DIMENSÕES AP
municipal,caneta_esferografica,2020,Vila Velha,0.74,unidade,unitario,Pulseira de identificação adulto na cor branca  descartável  confeccionada em plástico apropriado ou outro material maci
municipal,sabonete,2020,Vila Velha,0.98,unidade,unitario,SABONETE; TIPO: EM BARRA; ASPECTO: PERFUMADO  COM AÇÃO HIDRATANTE  ALCANILIDADE LIVRE (MÁXIMA DE 0 06°/°)  INSOLÚVEL EM 
municipal,sabonete,2020,Vila Velha,0.98,unidade,unitario,SABONETE; TIPO: EM BARRA; ASPECTO: PERFUMADO  COM AÇÃO HIDRATANTE  ALCANILIDADE LIVRE (MÁXIMA DE 0 06°/°)  INSOLÚVEL EM 
municipal,shampoo,2020,Vila Velha,21.7667,litro,descricao,SHAMPOO; TIPO PARA CABELOS NORMAIS  COM ENXÁGUE; ASPECTO: CREMOSO  TESTADO DERMATOLOGICAMENTE  NÃO PROPENSOS A CAUSAR IR
municipal,shampoo,2020,Vila Velha,21.7667,litro,descricao,SHAMPOO; TIPO PARA CABELOS NORMAIS  COM ENXÁGUE; ASPECTO: CREMOSO  TESTADO DERMATOLOGICAMENTE  NÃO PROPENSOS A CAUSAR IR
municipal,envelope,2020,Vila Velha,1.92,unidade,unitario,PLANTAGO OVATA 3 5G PÓ PARA SUSPENSÃO ORAL OU PÓ EFERVESCENTE  ENVELOPE 5G 
municipal,levotiroxina,2020,Vila Velha,0.1248,unidade,unitario,Levotiroxina sódica 100 mcg  comprimido. 
municipal,ar_condicionado,2019,Vila Velha,15000.0,unidade,unitario,LOCAÇÃO DE TRIO ELÉTRICO DE GRANDE PORTE: CAMINHÃO TIPO TRIO ELÉTRICO TRUCK  COMPOSTO POR UM PALCO NA PARTE SUPERIOR COM
municipal,ar_condicionado,2019,Vila Velha,15000.0,unidade,unitario,LOCAÇÃO DE TRIO ELÉTRICO DE GRANDE PORTE: CAMINHÃO TIPO TRIO ELÉTRICO TRUCK  COMPOSTO POR UM PALCO NA PARTE SUPERIOR COM
municipal,torneira,2019,Vila Velha,55.35,unidade,unitario,"Torneira de metal cromada para tanque 1/2""  "
municipal,torneira,2019,Vila Velha,55.35,unidade,unitario,"Torneira de metal cromada para tanque 1/2""  "
municipal,areia,2019,Vila Velha,68.75,m3,unitario,Areia lavada média 
municipal,areia,2019,Vila Velha,68.75,m3,unitario,Areia lavada média 
municipal,argamassa,2019,Vila Velha,1.41,kg,descricao,Argamassa AC-3  para assentamento de piso podotátil em áreas externas  sujeitas a ação do tempo  sol  vento e chuva; sac
municipal,argamassa,2019,Vila Velha,1.41,kg,descricao,Argamassa AC-3  para assentamento de piso podotátil em áreas externas  sujeitas a ação do tempo  sol  vento e chuva; sac
municipal,tijolo,2019,Vila Velha,1.66,unidade,unitario,Bloco de concreto com resistência a compressão final  de acordo com as normas da ABNT  dimensões 9x19x39 
municipal,tijolo,2019,Vila Velha,1.66,unidade,unitario,Bloco de concreto com resistência a compressão final  de acordo com as normas da ABNT  dimensões 9x19x39 
municipal,tijolo,2019,Vila Velha,2.16,unidade,unitario,Bloco de concreto com resistência a compressão final  de acordo com as normas da ABNT  dimensões: 14x19x39 
municipal,tijolo,2019,Vila Velha,2.16,unidade,unitario,Bloco de concreto com resistência a compressão final  de acordo com as normas da ABNT  dimensões: 14x19x39 
municipal,brita,2019,Vila Velha,78.46,m3,unitario,Brita 0  
municipal,torneira,2019,Vila Velha,11.89,unidade,unitario,"Torneira de metal amarelo com bico para jardim 1/2"" padrão popular                                 "
municipal,torneira,2019,Vila Velha,11.89,unidade,unitario,"Torneira de metal amarelo com bico para jardim 1/2"" padrão popular                                 "
municipal,torneira,2019,Vila Velha,37.93,unidade,unitario,"Torneira cromada de mesa para lavatório  padrão popular 1/2""         "
municipal,torneira,2019,Vila Velha,37.93,unidade,unitario,"Torneira cromada de mesa para lavatório  padrão popular 1/2""         "
municipal,torneira,2019,Vila Velha,70.61,unidade,unitario,"Torneira de metal cromada para pia 1/2"" "
municipal,torneira,2019,Vila Velha,70.61,unidade,unitario,"Torneira de metal cromada para pia 1/2"" "
municipal,tubo_pvc,2019,Vila Velha,8.5,metro,unitario,Fita veda rosca para tubo PVC na dimensão 18mm x 50 m 
municipal,tubo_pvc,2019,Vila Velha,8.5,metro,unitario,Fita veda rosca para tubo PVC na dimensão 18mm x 50 m 
municipal,tubo_pvc,2019,Vila Velha,7.17,metro,unitario,Cola para tubo PVC  frasco 175 g 
municipal,tubo_pvc,2019,Vila Velha,7.17,metro,unitario,Cola para tubo PVC  frasco 175 g 
municipal,brita,2019,Vila Velha,78.46,m3,unitario,Brita 0  
municipal,brita,2019,Vila Velha,79.67,m3,unitario,Brita 1 
municipal,brita,2019,Vila Velha,79.67,m3,unitario,Brita 1 
municipal,tijolo,2019,Vila Velha,0.59,unidade,unitario,BLOCO CERÂMICO 10 furos 09x19x19 cm COMPRIMENTO   
municipal,tijolo,2019,Vila Velha,0.59,unidade,unitario,BLOCO CERÂMICO 10 furos 09x19x19 cm COMPRIMENTO   
municipal,areia,2019,Vila Velha,75.8,m3,unitario,Areia fina 
municipal,areia,2019,Vila Velha,75.8,m3,unitario,Areia fina 
municipal,gaze,2019,Vila Velha,3.4,unidade,unitario,COMPRESSA DE GAZE NÃO ADERENTE (RAYON): malha composta de Rayon impregnada com PHMB OU Rayon com acrílico OU Rayon com m
municipal,dipirona,2020,Vila Velha,1.48,unidade,unitario,Escopolamina (butilbrometo) 4mg/ml + dipirona sódica 500mg/ml solução injetável intramuscular e intravenosa  ampola 5ml.
municipal,furosemida,2020,Vila Velha,0.47,unidade,unitario,FUROSEMIDA 10MG/ML SOLUÇÃO INJETAVEL INTRAVENOSA E INTRAMUSCULAR  AMPOLA 2ML. 
municipal,ar_condicionado,2020,Vila Velha,1795.0,unidade,unitario,Aparelho de ar condicionado tipo SPLIT  Tensão de alimentação 220V/60HZ  Capacidade de refrigeração igual a 9.000 BTU/H 
municipal,ar_condicionado,2020,Vila Velha,1795.0,unidade,unitario,Aparelho de ar condicionado tipo SPLIT  Tensão de alimentação 220V/60HZ  Capacidade de refrigeração igual a 9.000 BTU/H 
municipal,ar_condicionado,2020,Vila Velha,2109.0,unidade,unitario,Aparelho de ar condicionado tipo SPLIT  Tensão de alimentação 220V/60HZ  Capacidade de refrigeração igual a 12.000 BTU/H
municipal,ar_condicionado,2020,Vila Velha,2109.0,unidade,unitario,Aparelho de ar condicionado tipo SPLIT  Tensão de alimentação 220V/60HZ  Capacidade de refrigeração igual a 12.000 BTU/H
municipal,ar_condicionado,2020,Vila Velha,2499.5,unidade,unitario,Aparelho de ar condicionado tipo SPLIT  Tensão de alimentação 220V/60HZ  Capacidade de refrigeração igual a 18.000 BTU/H
municipal,ar_condicionado,2020,Vila Velha,2499.5,unidade,unitario,Aparelho de ar condicionado tipo SPLIT  Tensão de alimentação 220V/60HZ  Capacidade de refrigeração igual a 18.000 BTU/H
municipal,ar_condicionado,2020,Vila Velha,3154.6,unidade,unitario,Aparelho de ar condicionado tipo SPLIT  Tensão de alimentação 220V/60HZ  Capacidade de refrigeração igual a 24.000 BTU/H
municipal,ar_condicionado,2020,Vila Velha,3154.6,unidade,unitario,Aparelho de ar condicionado tipo SPLIT  Tensão de alimentação 220V/60HZ  Capacidade de refrigeração igual a 24.000 BTU/H
municipal,ar_condicionado,2020,Vila Velha,6271.0,unidade,unitario,Aparelho de ar condicionado tipo SPLIT  Tensão de alimentação 220V/60HZ  Capacidade de refrigeração igual a 60.000 BTU/H
municipal,ar_condicionado,2020,Vila Velha,6271.0,unidade,unitario,Aparelho de ar condicionado tipo SPLIT  Tensão de alimentação 220V/60HZ  Capacidade de refrigeração igual a 60.000 BTU/H
municipal,ar_condicionado,2020,Vila Velha,5270.0,unidade,unitario,Aparelho de ar condicionado tipo SPLIT  Tensão de alimentação 220V/60HZ  Capacidade de refrigeração igual a 36.000 BTU/H
municipal,ar_condicionado,2020,Vila Velha,5270.0,unidade,unitario,Aparelho de ar condicionado tipo SPLIT  Tensão de alimentação 220V/60HZ  Capacidade de refrigeração igual a 36.000 BTU/H
municipal,bebedouro,2020,Vila Velha,1780.0,unidade,unitario,Bebedouro industrial com 03 torneiras. Caixa de Água com Tampa. Construído com Chapa de Aço Escovado. Gabinete em aço In
municipal,bebedouro,2020,Vila Velha,1780.0,unidade,unitario,Bebedouro industrial com 03 torneiras. Caixa de Água com Tampa. Construído com Chapa de Aço Escovado. Gabinete em aço In
municipal,bebedouro,2020,Vila Velha,804.0,unidade,unitario,Purificador/bebedouro de água refrigerado  com selos INMETRO  armazenamento de água gelada mínimo de 2 5 litros  sistema
municipal,bebedouro,2020,Vila Velha,804.0,unidade,unitario,Purificador/bebedouro de água refrigerado  com selos INMETRO  armazenamento de água gelada mínimo de 2 5 litros  sistema
municipal,vassoura,2019,Vila Velha,27.6,unidade,unitario,VASSOURA LIMPA TETO COM CABO DE 1 8M. 
municipal,vassoura,2019,Vila Velha,27.6,unidade,unitario,VASSOURA LIMPA TETO COM CABO DE 1 8M. 
municipal,vassoura,2019,Vila Velha,27.6,unidade,unitario,VASSOURA LIMPA TETO COM CABO DE 1 8M. 
municipal,vassoura,2019,Vila Velha,27.6,unidade,unitario,VASSOURA LIMPA TETO COM CABO DE 1 8M. 
municipal,vassoura,2019,Vila Velha,27.6,unidade,unitario,VASSOURA LIMPA TETO COM CABO DE 1 8M. 
municipal,vassoura,2019,Vila Velha,27.6,unidade,unitario,VASSOURA LIMPA TETO COM CABO DE 1 8M. 
municipal,vassoura,2019,Vila Velha,27.6,unidade,unitario,VASSOURA LIMPA TETO COM CABO DE 1 8M. 
municipal,vassoura,2019,Vila Velha,27.6,unidade,unitario,VASSOURA LIMPA TETO COM CABO DE 1 8M. 
municipal,vassoura,2019,Vila Velha,16.1,unidade,unitario,VASSOURA  MATERIAL CERDAS PIAÇAVA  MATERIAL CABO MADEIRA  MATERIAL CEPA MADEIRA  COMPRIMENTO CEPA 40 CM  COMPRIMENTO CER
municipal,vassoura,2019,Vila Velha,16.1,unidade,unitario,VASSOURA  MATERIAL CERDAS PIAÇAVA  MATERIAL CABO MADEIRA  MATERIAL CEPA MADEIRA  COMPRIMENTO CEPA 40 CM  COMPRIMENTO CER
municipal,vassoura,2019,Vila Velha,16.1,unidade,unitario,VASSOURA  MATERIAL CERDAS PIAÇAVA  MATERIAL CABO MADEIRA  MATERIAL CEPA MADEIRA  COMPRIMENTO CEPA 40 CM  COMPRIMENTO CER
municipal,vassoura,2019,Vila Velha,16.1,unidade,unitario,VASSOURA  MATERIAL CERDAS PIAÇAVA  MATERIAL CABO MADEIRA  MATERIAL CEPA MADEIRA  COMPRIMENTO CEPA 40 CM  COMPRIMENTO CER
municipal,vassoura,2019,Vila Velha,16.1,unidade,unitario,VASSOURA  MATERIAL CERDAS PIAÇAVA  MATERIAL CABO MADEIRA  MATERIAL CEPA MADEIRA  COMPRIMENTO CEPA 40 CM  COMPRIMENTO CER
municipal,vassoura,2019,Vila Velha,16.1,unidade,unitario,VASSOURA  MATERIAL CERDAS PIAÇAVA  MATERIAL CABO MADEIRA  MATERIAL CEPA MADEIRA  COMPRIMENTO CEPA 40 CM  COMPRIMENTO CER
municipal,vassoura,2019,Vila Velha,16.1,unidade,unitario,VASSOURA  MATERIAL CERDAS PIAÇAVA  MATERIAL CABO MADEIRA  MATERIAL CEPA MADEIRA  COMPRIMENTO CEPA 40 CM  COMPRIMENTO CER
municipal,vassoura,2019,Vila Velha,16.1,unidade,unitario,VASSOURA  MATERIAL CERDAS PIAÇAVA  MATERIAL CABO MADEIRA  MATERIAL CEPA MADEIRA  COMPRIMENTO CEPA 40 CM  COMPRIMENTO CER
municipal,vassoura,2019,Vila Velha,16.1,unidade,unitario,VASSOURA  MATERIAL CERDAS PIAÇAVA  MATERIAL CABO MADEIRA  MATERIAL CEPA MADEIRA  COMPRIMENTO CEPA 40 CM  COMPRIMENTO CER
municipal,vassoura,2019,Vila Velha,16.1,unidade,unitario,VASSOURA  MATERIAL CERDAS PIAÇAVA  MATERIAL CABO MADEIRA  MATERIAL CEPA MADEIRA  COMPRIMENTO CEPA 40 CM  COMPRIMENTO CER
municipal,vassoura,2019,Vila Velha,16.1,unidade,unitario,VASSOURA  MATERIAL CERDAS PIAÇAVA  MATERIAL CABO MADEIRA  MATERIAL CEPA MADEIRA  COMPRIMENTO CEPA 40 CM  COMPRIMENTO CER
municipal,vassoura,2019,Vila Velha,15.1,unidade,unitario,VASSOURA. MATERIAL CERDA: PIAÇAVA;   NÚMERO CARREIRA: 5 CARREIRAS; COM CABO; MATERIAL CABO: MADEIRA; REVESTIMENTO: SEM R
municipal,vassoura,2019,Vila Velha,15.1,unidade,unitario,VASSOURA. MATERIAL CERDA: PIAÇAVA;   NÚMERO CARREIRA: 5 CARREIRAS; COM CABO; MATERIAL CABO: MADEIRA; REVESTIMENTO: SEM R
municipal,vassoura,2019,Vila Velha,15.1,unidade,unitario,VASSOURA. MATERIAL CERDA: PIAÇAVA;   NÚMERO CARREIRA: 5 CARREIRAS; COM CABO; MATERIAL CABO: MADEIRA; REVESTIMENTO: SEM R
municipal,vassoura,2019,Vila Velha,15.1,unidade,unitario,VASSOURA. MATERIAL CERDA: PIAÇAVA;   NÚMERO CARREIRA: 5 CARREIRAS; COM CABO; MATERIAL CABO: MADEIRA; REVESTIMENTO: SEM R
municipal,vassoura,2019,Vila Velha,15.1,unidade,unitario,VASSOURA. MATERIAL CERDA: PIAÇAVA;   NÚMERO CARREIRA: 5 CARREIRAS; COM CABO; MATERIAL CABO: MADEIRA; REVESTIMENTO: SEM R
municipal,vassoura,2019,Vila Velha,15.1,unidade,unitario,VASSOURA. MATERIAL CERDA: PIAÇAVA;   NÚMERO CARREIRA: 5 CARREIRAS; COM CABO; MATERIAL CABO: MADEIRA; REVESTIMENTO: SEM R
municipal,vassoura,2019,Vila Velha,7.15,unidade,unitario,VASSOURA;  LIMPEZA DE VASO SANITÁRIO; DIMENSÕES: 30 00CM X 3 00CM X 3 00CM (AXLXP); UNIDADE DE FORNECIMENTO: 1 UNIDADE; 
municipal,vassoura,2019,Vila Velha,7.15,unidade,unitario,VASSOURA;  LIMPEZA DE VASO SANITÁRIO; DIMENSÕES: 30 00CM X 3 00CM X 3 00CM (AXLXP); UNIDADE DE FORNECIMENTO: 1 UNIDADE; 
municipal,vassoura,2019,Vila Velha,7.15,unidade,unitario,VASSOURA;  LIMPEZA DE VASO SANITÁRIO; DIMENSÕES: 30 00CM X 3 00CM X 3 00CM (AXLXP); UNIDADE DE FORNECIMENTO: 1 UNIDADE; 
municipal,vassoura,2019,Vila Velha,7.15,unidade,unitario,VASSOURA;  LIMPEZA DE VASO SANITÁRIO; DIMENSÕES: 30 00CM X 3 00CM X 3 00CM (AXLXP); UNIDADE DE FORNECIMENTO: 1 UNIDADE; 
municipal,vassoura,2019,Vila Velha,7.15,unidade,unitario,VASSOURA;  LIMPEZA DE VASO SANITÁRIO; DIMENSÕES: 30 00CM X 3 00CM X 3 00CM (AXLXP); UNIDADE DE FORNECIMENTO: 1 UNIDADE; 
municipal,vassoura,2019,Vila Velha,7.15,unidade,unitario,VASSOURA;  LIMPEZA DE VASO SANITÁRIO; DIMENSÕES: 30 00CM X 3 00CM X 3 00CM (AXLXP); UNIDADE DE FORNECIMENTO: 1 UNIDADE; 
municipal,vassoura,2019,Vila Velha,7.15,unidade,unitario,VASSOURA;  LIMPEZA DE VASO SANITÁRIO; DIMENSÕES: 30 00CM X 3 00CM X 3 00CM (AXLXP); UNIDADE DE FORNECIMENTO: 1 UNIDADE; 
municipal,vassoura,2019,Vila Velha,7.15,unidade,unitario,VASSOURA;  LIMPEZA DE VASO SANITÁRIO; DIMENSÕES: 30 00CM X 3 00CM X 3 00CM (AXLXP); UNIDADE DE FORNECIMENTO: 1 UNIDADE; 
municipal,vassoura,2019,Vila Velha,7.15,unidade,unitario,VASSOURA;  LIMPEZA DE VASO SANITÁRIO; DIMENSÕES: 30 00CM X 3 00CM X 3 00CM (AXLXP); UNIDADE DE FORNECIMENTO: 1 UNIDADE; 
municipal,vassoura,2019,Vila Velha,7.15,unidade,unitario,VASSOURA;  LIMPEZA DE VASO SANITÁRIO; DIMENSÕES: 30 00CM X 3 00CM X 3 00CM (AXLXP); UNIDADE DE FORNECIMENTO: 1 UNIDADE; 
municipal,vassoura,2019,Vila Velha,7.15,unidade,unitario,VASSOURA;  LIMPEZA DE VASO SANITÁRIO; DIMENSÕES: 30 00CM X 3 00CM X 3 00CM (AXLXP); UNIDADE DE FORNECIMENTO: 1 UNIDADE; 
municipal,vassoura,2019,Vila Velha,7.15,unidade,unitario,VASSOURA;  LIMPEZA DE VASO SANITÁRIO; DIMENSÕES: 30 00CM X 3 00CM X 3 00CM (AXLXP); UNIDADE DE FORNECIMENTO: 1 UNIDADE; 
municipal,sabao_po,2019,Vila Velha,3.7,kg,descricao,SABÃO EM PÓ. FRAGRÂNCIA: NEUTRO; COR: AZUL; PESO: 5 KG; ACONDICIONAMENTO: SACO EM FILME PLÁSTICO; ROTULAGEM: CONTENDO ID
municipal,sabao_po,2019,Vila Velha,3.7,kg,descricao,SABÃO EM PÓ. FRAGRÂNCIA: NEUTRO; COR: AZUL; PESO: 5 KG; ACONDICIONAMENTO: SACO EM FILME PLÁSTICO; ROTULAGEM: CONTENDO ID
municipal,sabao_po,2019,Vila Velha,3.7,kg,descricao,SABÃO EM PÓ. FRAGRÂNCIA: NEUTRO; COR: AZUL; PESO: 5 KG; ACONDICIONAMENTO: SACO EM FILME PLÁSTICO; ROTULAGEM: CONTENDO ID
municipal,sabao_po,2019,Vila Velha,3.7,kg,descricao,SABÃO EM PÓ. FRAGRÂNCIA: NEUTRO; COR: AZUL; PESO: 5 KG; ACONDICIONAMENTO: SACO EM FILME PLÁSTICO; ROTULAGEM: CONTENDO ID
municipal,sabao_po,2019,Vila Velha,3.7,kg,descricao,SABÃO EM PÓ. FRAGRÂNCIA: NEUTRO; COR: AZUL; PESO: 5 KG; ACONDICIONAMENTO: SACO EM FILME PLÁSTICO; ROTULAGEM: CONTENDO ID
municipal,sabao_po,2019,Vila Velha,3.7,kg,descricao,SABÃO EM PÓ. FRAGRÂNCIA: NEUTRO; COR: AZUL; PESO: 5 KG; ACONDICIONAMENTO: SACO EM FILME PLÁSTICO; ROTULAGEM: CONTENDO ID
municipal,sabao_po,2019,Vila Velha,3.7,kg,descricao,SABÃO EM PÓ. FRAGRÂNCIA: NEUTRO; COR: AZUL; PESO: 5 KG; ACONDICIONAMENTO: SACO EM FILME PLÁSTICO; ROTULAGEM: CONTENDO ID
municipal,sabao_po,2019,Vila Velha,3.7,kg,descricao,SABÃO EM PÓ. FRAGRÂNCIA: NEUTRO; COR: AZUL; PESO: 5 KG; ACONDICIONAMENTO: SACO EM FILME PLÁSTICO; ROTULAGEM: CONTENDO ID
municipal,sabao_po,2019,Vila Velha,3.7,kg,descricao,SABÃO EM PÓ. FRAGRÂNCIA: NEUTRO; COR: AZUL; PESO: 5 KG; ACONDICIONAMENTO: SACO EM FILME PLÁSTICO; ROTULAGEM: CONTENDO ID
municipal,sabao_po,2019,Vila Velha,3.7,kg,descricao,SABÃO EM PÓ. FRAGRÂNCIA: NEUTRO; COR: AZUL; PESO: 5 KG; ACONDICIONAMENTO: SACO EM FILME PLÁSTICO; ROTULAGEM: CONTENDO ID
municipal,sabao_barra,2019,Vila Velha,5.2,kg,descricao,SABÃO EM BARRA. FRAGRÂNCIA: COCO; COR: BRANCO; UNIDADE DE FORNECIMENTO PACOTE 5 UNIDADES  GLICERINADO; ACONDICIONAMENTO:
municipal,sabao_barra,2019,Vila Velha,5.2,kg,descricao,SABÃO EM BARRA. FRAGRÂNCIA: COCO; COR: BRANCO; UNIDADE DE FORNECIMENTO PACOTE 5 UNIDADES  GLICERINADO; ACONDICIONAMENTO:
municipal,sabao_barra,2019,Vila Velha,5.2,kg,descricao,SABÃO EM BARRA. FRAGRÂNCIA: COCO; COR: BRANCO; UNIDADE DE FORNECIMENTO PACOTE 5 UNIDADES  GLICERINADO; ACONDICIONAMENTO:
municipal,sabao_barra,2019,Vila Velha,5.2,kg,descricao,SABÃO EM BARRA. FRAGRÂNCIA: COCO; COR: BRANCO; UNIDADE DE FORNECIMENTO PACOTE 5 UNIDADES  GLICERINADO; ACONDICIONAMENTO:
municipal,sabao_barra,2019,Vila Velha,5.2,kg,descricao,SABÃO EM BARRA. FRAGRÂNCIA: COCO; COR: BRANCO; UNIDADE DE FORNECIMENTO PACOTE 5 UNIDADES  GLICERINADO; ACONDICIONAMENTO:
municipal,sabao_barra,2019,Vila Velha,5.2,kg,descricao,SABÃO EM BARRA. FRAGRÂNCIA: COCO; COR: BRANCO; UNIDADE DE FORNECIMENTO PACOTE 5 UNIDADES  GLICERINADO; ACONDICIONAMENTO:
municipal,sabao_barra,2019,Vila Velha,5.2,kg,descricao,SABÃO EM BARRA. FRAGRÂNCIA: COCO; COR: BRANCO; UNIDADE DE FORNECIMENTO PACOTE 5 UNIDADES  GLICERINADO; ACONDICIONAMENTO:
municipal,sabao_barra,2019,Vila Velha,5.2,kg,descricao,SABÃO EM BARRA. FRAGRÂNCIA: COCO; COR: BRANCO; UNIDADE DE FORNECIMENTO PACOTE 5 UNIDADES  GLICERINADO; ACONDICIONAMENTO:
municipal,papel_toalha,2019,Vila Velha,19.99,rolo,unitario,PAPEL TOALHA.  BRANCO INTERFOLHADO COM 02 (DUAS) DOBRAS  GOFRADO.  FOLHAS DUPLAS  FABRICADO COM 100% FIBRAS VIRGENS DE C
municipal,papel_toalha,2019,Vila Velha,19.99,rolo,unitario,PAPEL TOALHA.  BRANCO INTERFOLHADO COM 02 (DUAS) DOBRAS  GOFRADO.  FOLHAS DUPLAS  FABRICADO COM 100% FIBRAS VIRGENS DE C
municipal,papel_toalha,2019,Vila Velha,19.99,rolo,unitario,PAPEL TOALHA.  BRANCO INTERFOLHADO COM 02 (DUAS) DOBRAS  GOFRADO.  FOLHAS DUPLAS  FABRICADO COM 100% FIBRAS VIRGENS DE C
municipal,papel_toalha,2019,Vila Velha,19.99,rolo,unitario,PAPEL TOALHA.  BRANCO INTERFOLHADO COM 02 (DUAS) DOBRAS  GOFRADO.  FOLHAS DUPLAS  FABRICADO COM 100% FIBRAS VIRGENS DE C
municipal,papel_toalha,2019,Vila Velha,19.99,rolo,unitario,PAPEL TOALHA.  BRANCO INTERFOLHADO COM 02 (DUAS) DOBRAS  GOFRADO.  FOLHAS DUPLAS  FABRICADO COM 100% FIBRAS VIRGENS DE C
municipal,papel_toalha,2019,Vila Velha,19.99,rolo,unitario,PAPEL TOALHA.  BRANCO INTERFOLHADO COM 02 (DUAS) DOBRAS  GOFRADO.  FOLHAS DUPLAS  FABRICADO COM 100% FIBRAS VIRGENS DE C
municipal,papel_toalha,2019,Vila Velha,19.99,rolo,unitario,PAPEL TOALHA.  BRANCO INTERFOLHADO COM 02 (DUAS) DOBRAS  GOFRADO.  FOLHAS DUPLAS  FABRICADO COM 100% FIBRAS VIRGENS DE C
municipal,papel_toalha,2019,Vila Velha,19.99,rolo,unitario,PAPEL TOALHA.  BRANCO INTERFOLHADO COM 02 (DUAS) DOBRAS  GOFRADO.  FOLHAS DUPLAS  FABRICADO COM 100% FIBRAS VIRGENS DE C
municipal,papel_toalha,2019,Vila Velha,19.99,rolo,unitario,PAPEL TOALHA.  BRANCO INTERFOLHADO COM 02 (DUAS) DOBRAS  GOFRADO.  FOLHAS DUPLAS  FABRICADO COM 100% FIBRAS VIRGENS DE C
municipal,papel_toalha,2019,Vila Velha,19.99,rolo,unitario,PAPEL TOALHA.  BRANCO INTERFOLHADO COM 02 (DUAS) DOBRAS  GOFRADO.  FOLHAS DUPLAS  FABRICADO COM 100% FIBRAS VIRGENS DE C
municipal,papel_toalha,2019,Vila Velha,19.99,rolo,unitario,PAPEL TOALHA.  BRANCO INTERFOLHADO COM 02 (DUAS) DOBRAS  GOFRADO.  FOLHAS DUPLAS  FABRICADO COM 100% FIBRAS VIRGENS DE C
municipal,vassoura,2019,Vila Velha,21.0,unidade,unitario,PÁ   PARA   LIXO  EM   PLÁSTICO   RESISTENTE  COM   CABO   DOBRÁVEL   PARA   FACILITAR   O ARMAZENAMENTO  LONGO  COM APO
municipal,vassoura,2019,Vila Velha,21.0,unidade,unitario,PÁ   PARA   LIXO  EM   PLÁSTICO   RESISTENTE  COM   CABO   DOBRÁVEL   PARA   FACILITAR   O ARMAZENAMENTO  LONGO  COM APO
municipal,vassoura,2019,Vila Velha,21.0,unidade,unitario,PÁ   PARA   LIXO  EM   PLÁSTICO   RESISTENTE  COM   CABO   DOBRÁVEL   PARA   FACILITAR   O ARMAZENAMENTO  LONGO  COM APO
municipal,vassoura,2019,Vila Velha,21.0,unidade,unitario,PÁ   PARA   LIXO  EM   PLÁSTICO   RESISTENTE  COM   CABO   DOBRÁVEL   PARA   FACILITAR   O ARMAZENAMENTO  LONGO  COM APO
municipal,vassoura,2019,Vila Velha,21.0,unidade,unitario,PÁ   PARA   LIXO  EM   PLÁSTICO   RESISTENTE  COM   CABO   DOBRÁVEL   PARA   FACILITAR   O ARMAZENAMENTO  LONGO  COM APO
municipal,vassoura,2019,Vila Velha,21.0,unidade,unitario,PÁ   PARA   LIXO  EM   PLÁSTICO   RESISTENTE  COM   CABO   DOBRÁVEL   PARA   FACILITAR   O ARMAZENAMENTO  LONGO  COM APO
municipal,vassoura,2019,Vila Velha,21.0,unidade,unitario,PÁ   PARA   LIXO  EM   PLÁSTICO   RESISTENTE  COM   CABO   DOBRÁVEL   PARA   FACILITAR   O ARMAZENAMENTO  LONGO  COM APO
municipal,vassoura,2019,Vila Velha,21.0,unidade,unitario,PÁ   PARA   LIXO  EM   PLÁSTICO   RESISTENTE  COM   CABO   DOBRÁVEL   PARA   FACILITAR   O ARMAZENAMENTO  LONGO  COM APO
municipal,vassoura,2019,Vila Velha,21.0,unidade,unitario,PÁ   PARA   LIXO  EM   PLÁSTICO   RESISTENTE  COM   CABO   DOBRÁVEL   PARA   FACILITAR   O ARMAZENAMENTO  LONGO  COM APO
municipal,pano_chao,2019,Vila Velha,3.03,unidade,unitario,PANO DE CHÃO  MATERIAL: 100% ALGODÃO  COR: BRANCA  TIPO: ALVEJADO  APLICAÇÃO: LIMPEZA  ACABAMENTO: ARREMATE NAS BORDAS E
municipal,pano_chao,2019,Vila Velha,3.03,unidade,unitario,PANO DE CHÃO  MATERIAL: 100% ALGODÃO  COR: BRANCA  TIPO: ALVEJADO  APLICAÇÃO: LIMPEZA  ACABAMENTO: ARREMATE NAS BORDAS E
municipal,pano_chao,2019,Vila Velha,3.03,unidade,unitario,PANO DE CHÃO  MATERIAL: 100% ALGODÃO  COR: BRANCA  TIPO: ALVEJADO  APLICAÇÃO: LIMPEZA  ACABAMENTO: ARREMATE NAS BORDAS E
municipal,pano_chao,2019,Vila Velha,3.03,unidade,unitario,PANO DE CHÃO  MATERIAL: 100% ALGODÃO  COR: BRANCA  TIPO: ALVEJADO  APLICAÇÃO: LIMPEZA  ACABAMENTO: ARREMATE NAS BORDAS E
municipal,pano_chao,2019,Vila Velha,3.03,unidade,unitario,PANO DE CHÃO  MATERIAL: 100% ALGODÃO  COR: BRANCA  TIPO: ALVEJADO  APLICAÇÃO: LIMPEZA  ACABAMENTO: ARREMATE NAS BORDAS E
municipal,pano_chao,2019,Vila Velha,3.03,unidade,unitario,PANO DE CHÃO  MATERIAL: 100% ALGODÃO  COR: BRANCA  TIPO: ALVEJADO  APLICAÇÃO: LIMPEZA  ACABAMENTO: ARREMATE NAS BORDAS E
municipal,pano_chao,2019,Vila Velha,3.03,unidade,unitario,PANO DE CHÃO  MATERIAL: 100% ALGODÃO  COR: BRANCA  TIPO: ALVEJADO  APLICAÇÃO: LIMPEZA  ACABAMENTO: ARREMATE NAS BORDAS E
municipal,pano_chao,2019,Vila Velha,3.03,unidade,unitario,PANO DE CHÃO  MATERIAL: 100% ALGODÃO  COR: BRANCA  TIPO: ALVEJADO  APLICAÇÃO: LIMPEZA  ACABAMENTO: ARREMATE NAS BORDAS E
municipal,pano_chao,2019,Vila Velha,3.03,unidade,unitario,PANO DE CHÃO  MATERIAL: 100% ALGODÃO  COR: BRANCA  TIPO: ALVEJADO  APLICAÇÃO: LIMPEZA  ACABAMENTO: ARREMATE NAS BORDAS E
municipal,pano_chao,2019,Vila Velha,3.03,unidade,unitario,PANO DE CHÃO  MATERIAL: 100% ALGODÃO  COR: BRANCA  TIPO: ALVEJADO  APLICAÇÃO: LIMPEZA  ACABAMENTO: ARREMATE NAS BORDAS E
municipal,pano_chao,2019,Vila Velha,3.03,unidade,unitario,PANO DE CHÃO  MATERIAL: 100% ALGODÃO  COR: BRANCA  TIPO: ALVEJADO  APLICAÇÃO: LIMPEZA  ACABAMENTO: ARREMATE NAS BORDAS E
municipal,pano_chao,2019,Vila Velha,3.03,unidade,unitario,PANO DE CHÃO  MATERIAL: 100% ALGODÃO  COR: BRANCA  TIPO: ALVEJADO  APLICAÇÃO: LIMPEZA  ACABAMENTO: ARREMATE NAS BORDAS E
municipal,alcool,2019,Vila Velha,4.4,litro,descricao,LIMPA VIDRO. ASPECTO: LIQUIDO; COR: AZUL; ACONDICIONAMENTO: FRASCO PLÁSTICO 500 ML. COMPOSIÇÃO: TENSOATIVO  ÁLCOOL ETÍLI
municipal,alcool,2019,Vila Velha,4.4,litro,descricao,LIMPA VIDRO. ASPECTO: LIQUIDO; COR: AZUL; ACONDICIONAMENTO: FRASCO PLÁSTICO 500 ML. COMPOSIÇÃO: TENSOATIVO  ÁLCOOL ETÍLI
municipal,alcool,2019,Vila Velha,4.4,litro,descricao,LIMPA VIDRO. ASPECTO: LIQUIDO; COR: AZUL; ACONDICIONAMENTO: FRASCO PLÁSTICO 500 ML. COMPOSIÇÃO: TENSOATIVO  ÁLCOOL ETÍLI
municipal,alcool,2019,Vila Velha,4.4,litro,descricao,LIMPA VIDRO. ASPECTO: LIQUIDO; COR: AZUL; ACONDICIONAMENTO: FRASCO PLÁSTICO 500 ML. COMPOSIÇÃO: TENSOATIVO  ÁLCOOL ETÍLI
municipal,alcool,2019,Vila Velha,4.4,litro,descricao,LIMPA VIDRO. ASPECTO: LIQUIDO; COR: AZUL; ACONDICIONAMENTO: FRASCO PLÁSTICO 500 ML. COMPOSIÇÃO: TENSOATIVO  ÁLCOOL ETÍLI
municipal,alcool,2019,Vila Velha,4.4,litro,descricao,LIMPA VIDRO. ASPECTO: LIQUIDO; COR: AZUL; ACONDICIONAMENTO: FRASCO PLÁSTICO 500 ML. COMPOSIÇÃO: TENSOATIVO  ÁLCOOL ETÍLI
municipal,alcool,2019,Vila Velha,4.4,litro,descricao,LIMPA VIDRO. ASPECTO: LIQUIDO; COR: AZUL; ACONDICIONAMENTO: FRASCO PLÁSTICO 500 ML. COMPOSIÇÃO: TENSOATIVO  ÁLCOOL ETÍLI
municipal,alcool,2019,Vila Velha,4.4,litro,descricao,LIMPA VIDRO. ASPECTO: LIQUIDO; COR: AZUL; ACONDICIONAMENTO: FRASCO PLÁSTICO 500 ML. COMPOSIÇÃO: TENSOATIVO  ÁLCOOL ETÍLI
municipal,desinfetante,2019,Vila Velha,2.216,litro,descricao,DESINFETANTE -  tripla ação  desinfeta  limpa e perfuma; limpador para limpeza geral  superconcentrado. Aspecto: liquido
municipal,desinfetante,2019,Vila Velha,2.216,litro,descricao,DESINFETANTE -  tripla ação  desinfeta  limpa e perfuma; limpador para limpeza geral  superconcentrado. Aspecto: liquido
municipal,desinfetante,2019,Vila Velha,2.216,litro,descricao,DESINFETANTE -  tripla ação  desinfeta  limpa e perfuma; limpador para limpeza geral  superconcentrado. Aspecto: liquido
municipal,desinfetante,2019,Vila Velha,2.216,litro,descricao,DESINFETANTE -  tripla ação  desinfeta  limpa e perfuma; limpador para limpeza geral  superconcentrado. Aspecto: liquido
municipal,desinfetante,2019,Vila Velha,2.216,litro,descricao,DESINFETANTE -  tripla ação  desinfeta  limpa e perfuma; limpador para limpeza geral  superconcentrado. Aspecto: liquido
municipal,desinfetante,2019,Vila Velha,2.216,litro,descricao,DESINFETANTE -  tripla ação  desinfeta  limpa e perfuma; limpador para limpeza geral  superconcentrado. Aspecto: liquido
municipal,desinfetante,2019,Vila Velha,2.216,litro,descricao,DESINFETANTE -  tripla ação  desinfeta  limpa e perfuma; limpador para limpeza geral  superconcentrado. Aspecto: liquido
municipal,desinfetante,2019,Vila Velha,2.216,litro,descricao,DESINFETANTE -  tripla ação  desinfeta  limpa e perfuma; limpador para limpeza geral  superconcentrado. Aspecto: liquido
municipal,desinfetante,2019,Vila Velha,2.216,litro,descricao,DESINFETANTE -  tripla ação  desinfeta  limpa e perfuma; limpador para limpeza geral  superconcentrado. Aspecto: liquido
municipal,desinfetante,2019,Vila Velha,2.216,litro,descricao,DESINFETANTE -  tripla ação  desinfeta  limpa e perfuma; limpador para limpeza geral  superconcentrado. Aspecto: liquido
municipal,desinfetante,2019,Vila Velha,2.216,litro,descricao,DESINFETANTE -  tripla ação  desinfeta  limpa e perfuma; limpador para limpeza geral  superconcentrado. Aspecto: liquido
municipal,detergente,2019,Vila Velha,3.6,litro,descricao,DETERGENTE  500ml  COMPOSIÇÃO: GLICERINADO  BIODEGRADÁVEL  NEUTRO. COMPOSIÇÃO: TENSOATIVOS ANIÔNICOS  COADJUVANTES  GLIC
municipal,detergente,2019,Vila Velha,3.6,litro,descricao,DETERGENTE  500ml  COMPOSIÇÃO: GLICERINADO  BIODEGRADÁVEL  NEUTRO. COMPOSIÇÃO: TENSOATIVOS ANIÔNICOS  COADJUVANTES  GLIC
municipal,detergente,2019,Vila Velha,3.6,litro,descricao,DETERGENTE  500ml  COMPOSIÇÃO: GLICERINADO  BIODEGRADÁVEL  NEUTRO. COMPOSIÇÃO: TENSOATIVOS ANIÔNICOS  COADJUVANTES  GLIC
municipal,detergente,2019,Vila Velha,3.6,litro,descricao,DETERGENTE  500ml  COMPOSIÇÃO: GLICERINADO  BIODEGRADÁVEL  NEUTRO. COMPOSIÇÃO: TENSOATIVOS ANIÔNICOS  COADJUVANTES  GLIC
municipal,detergente,2019,Vila Velha,3.6,litro,descricao,DETERGENTE  500ml  COMPOSIÇÃO: GLICERINADO  BIODEGRADÁVEL  NEUTRO. COMPOSIÇÃO: TENSOATIVOS ANIÔNICOS  COADJUVANTES  GLIC
municipal,detergente,2019,Vila Velha,3.6,litro,descricao,DETERGENTE  500ml  COMPOSIÇÃO: GLICERINADO  BIODEGRADÁVEL  NEUTRO. COMPOSIÇÃO: TENSOATIVOS ANIÔNICOS  COADJUVANTES  GLIC
municipal,detergente,2019,Vila Velha,3.6,litro,descricao,DETERGENTE  500ml  COMPOSIÇÃO: GLICERINADO  BIODEGRADÁVEL  NEUTRO. COMPOSIÇÃO: TENSOATIVOS ANIÔNICOS  COADJUVANTES  GLIC
municipal,detergente,2019,Vila Velha,3.6,litro,descricao,DETERGENTE  500ml  COMPOSIÇÃO: GLICERINADO  BIODEGRADÁVEL  NEUTRO. COMPOSIÇÃO: TENSOATIVOS ANIÔNICOS  COADJUVANTES  GLIC
municipal,detergente,2019,Vila Velha,3.6,litro,descricao,DETERGENTE  500ml  COMPOSIÇÃO: GLICERINADO  BIODEGRADÁVEL  NEUTRO. COMPOSIÇÃO: TENSOATIVOS ANIÔNICOS  COADJUVANTES  GLIC
municipal,detergente,2019,Vila Velha,3.66,litro,descricao,DETERGENTE  ASPECTO: LIQUIDO CONCENTRADO  DILUIÇÃO 1:100  FUNÇÃO ADICIONAL: DESENGORDURANTE  TENSOATIVO ÓLEOS VEGETAIS  
municipal,detergente,2019,Vila Velha,3.66,litro,descricao,DETERGENTE  ASPECTO: LIQUIDO CONCENTRADO  DILUIÇÃO 1:100  FUNÇÃO ADICIONAL: DESENGORDURANTE  TENSOATIVO ÓLEOS VEGETAIS  
municipal,detergente,2019,Vila Velha,3.66,litro,descricao,DETERGENTE  ASPECTO: LIQUIDO CONCENTRADO  DILUIÇÃO 1:100  FUNÇÃO ADICIONAL: DESENGORDURANTE  TENSOATIVO ÓLEOS VEGETAIS  
municipal,detergente,2019,Vila Velha,3.66,litro,descricao,DETERGENTE  ASPECTO: LIQUIDO CONCENTRADO  DILUIÇÃO 1:100  FUNÇÃO ADICIONAL: DESENGORDURANTE  TENSOATIVO ÓLEOS VEGETAIS  
municipal,detergente,2019,Vila Velha,3.66,litro,descricao,DETERGENTE  ASPECTO: LIQUIDO CONCENTRADO  DILUIÇÃO 1:100  FUNÇÃO ADICIONAL: DESENGORDURANTE  TENSOATIVO ÓLEOS VEGETAIS  
municipal,detergente,2019,Vila Velha,3.66,litro,descricao,DETERGENTE  ASPECTO: LIQUIDO CONCENTRADO  DILUIÇÃO 1:100  FUNÇÃO ADICIONAL: DESENGORDURANTE  TENSOATIVO ÓLEOS VEGETAIS  
municipal,detergente,2019,Vila Velha,3.66,litro,descricao,DETERGENTE  ASPECTO: LIQUIDO CONCENTRADO  DILUIÇÃO 1:100  FUNÇÃO ADICIONAL: DESENGORDURANTE  TENSOATIVO ÓLEOS VEGETAIS  
municipal,detergente,2019,Vila Velha,3.66,litro,descricao,DETERGENTE  ASPECTO: LIQUIDO CONCENTRADO  DILUIÇÃO 1:100  FUNÇÃO ADICIONAL: DESENGORDURANTE  TENSOATIVO ÓLEOS VEGETAIS  
municipal,detergente,2019,Vila Velha,3.66,litro,descricao,DETERGENTE  ASPECTO: LIQUIDO CONCENTRADO  DILUIÇÃO 1:100  FUNÇÃO ADICIONAL: DESENGORDURANTE  TENSOATIVO ÓLEOS VEGETAIS  
municipal,luva_procedimento,2020,Vila Velha,18.9,caixa_100,unitario,AVENTAL CIRÚRGICO IMPERMEÁVEL E RESPIRÁVEL   ESTÉRIL DE USO ÚNICO  CONFECCIONADO EM NÃO-TECIDO TECNOLOGIA S-M-S-F-S. A P
municipal,cadeira,2019,Vila Velha,78.0,unidade,unitario,Substituição de Revestimento em cadeira giratória com braço. Tecido similicouro cor preta ou verde  com todo material ou
municipal,cadeira,2019,Vila Velha,89.0,unidade,unitario,Substituição de Base Giratória em cadeira giratoria com cinco rodízios  com todo material ou peças necessários para a ex
municipal,aas,2019,Vila Velha,0.5257,unidade,unitario,ÁCIDO ACETILSALICÍLICO TAMPONADO 200MG COMPRIMIDO 
municipal,levotiroxina,2019,Vila Velha,0.6734,unidade,unitario,LEVOTIROXINA 150MCG COMPRIMIDO (SYNTHROID® 150MCG  AQUISIÇÃO POR MARCA) 
municipal,salbutamol,2019,Vila Velha,2.013,unidade,unitario,SALBUTAMOL (SULFATO) 0 5 MG/ML SOLUÇÃO INJETÁVEL INTRAVENOSA  INTRAMUSCULAR OU SUBCUTÂNEA  AMPOLA 1 ML. 
municipal,dipirona,2019,Vila Velha,0.4624,unidade,unitario,DIPIRONA SÓDICA 500MG/ML SOLUÇÃO INJETÁVEL INTRAVENOSA E INTRAMUSCULAR  AMPOLA 2ML 
municipal,seringa,2019,Vila Velha,0.26,unidade,unitario,SERINGA DESCARTAVEL  SEM DISPOSITIVO DE SEGURANÇA; COM AGULHA FIXA  PARA INSULINA  CAPACIDADE 1ML/100UI  GRADUAÇÃO/ESCAL
municipal,seringa,2019,Vila Velha,0.21,unidade,unitario,Seringa estéril descartável 1ml (TUBERCULINA) com agulha 13 x 0 38 com cilindro tratado internamente com silicone de gra
municipal,seringa,2019,Vila Velha,0.32,unidade,unitario,Seringa hipodérmica estéril descartável  com capacidade para 0 5 ml (UI)  confeccionada em material atóxico  com bico co
municipal,seringa,2019,Vila Velha,0.32,unidade,unitario,Seringa hipodérmica estéril descartável  com capacidade para 0 5 ml (UI)  confeccionada em material atóxico  com bico co
municipal,seringa,2019,Vila Velha,0.26,unidade,unitario,Seringa hipodérmica estéril descartável  com capacidade para 1 ml (100UI)  confeccionada em material atóxico  com bico c
municipal,salbutamol,2019,Vila Velha,1.715,unidade,unitario,SALBUTAMOL 0 5MG/ML SOLUÇÃO INJETÁVEL 
municipal,dipirona,2019,Vila Velha,0.4,unidade,unitario,DIPIRONA 500MG/ML SOLUÇÃO INJETÁVEL.. 
municipal,seringa,2019,Vila Velha,2.75,unidade,unitario,Sonda Foley  calibre 14  com balão de 10 a 30cc  (aproximadamente) que deverá ser resistente a alta pressa e fácil insuf
municipal,seringa,2019,Vila Velha,3.01,unidade,unitario,Sonda Foley  calibre 24  com balão de 10 a 30cc  (aproximadamente) que deverá ser resistente a alta pressa e fácil insuf
municipal,levotiroxina,2019,Vila Velha,0.2369,unidade,unitario,Levotiroxina sódica 38mcg comprimido 
municipal,carbamazepina,2019,Vila Velha,0.7909,unidade,unitario,Carbamazepina 400mg comprimido (TEGRETOL ® 400mg aquisição por marca conforme decisão judicial)  
municipal,aas,2019,Vila Velha,0.349,unidade,unitario,ÁCIDO ACETILSALICILICO 81MG
municipal,notebook,2019,Vila Velha,6655.9,unidade,unitario,NOTEBOOK - WINDOWS 10 PROFESSIONAL/OFFICE 2016 PROFESSIONAL  CONFORME TERMO DE REFERENCIA 
municipal,notebook,2019,Vila Velha,6655.9,unidade,unitario,NOTEBOOK - WINDOWS 10 PROFESSIONAL/OFFICE 2016 PROFESSIONAL  CONFORME TERMO DE REFERENCIA 
municipal,ar_condicionado,2019,Vila Velha,4966.15,unidade,unitario,Serviço técnico especializado de manutenção preventiva e corretiva em aparelhos de ar condicionado  com fornecimento e s
municipal,ar_condicionado,2019,Vila Velha,1633.8,unidade,unitario,Serviço técnico especializado de manutenção preventiva e corretiva em aparelhos de ar condicionado  com fornecimento e s
municipal,ar_condicionado,2019,Vila Velha,2905.94,unidade,unitario,Serviço técnico especializado de manutenção preventiva e corretiva em aparelhos de ar condicionado  com fornecimento e s
municipal,ar_condicionado,2019,Vila Velha,3080.91,unidade,unitario,Serviço técnico especializado de manutenção preventiva e corretiva em aparelhos de ar condicionado  com fornecimento e s
municipal,ar_condicionado,2019,Vila Velha,868.16,unidade,unitario,Serviço técnico especializado de manutenção preventiva e corretiva em aparelhos de ar condicionado  com fornecimento e s
municipal,ar_condicionado,2019,Vila Velha,1410.5,unidade,unitario,Serviço técnico especializado de manutenção preventiva e corretiva em aparelhos de ar condicionado  com fornecimento e s
municipal,ar_condicionado,2019,Vila Velha,868.16,unidade,unitario,Serviço técnico especializado de manutenção preventiva e corretiva em aparelhos de ar condicionado  com fornecimento e s
municipal,ar_condicionado,2019,Vila Velha,1410.5,unidade,unitario,Serviço técnico especializado de manutenção preventiva e corretiva em aparelhos de ar condicionado  com fornecimento e s
municipal,ar_condicionado,2019,Vila Velha,1365.0,unidade,unitario,Serviço técnico especializado de manutenção preventiva e corretiva em aparelhos de ar condicionado  com fornecimento e s
municipal,ar_condicionado,2019,Vila Velha,13104.0,unidade,unitario,Serviço técnico especializado de manutenção preventiva e corretiva em aparelhos de ar condicionado  com fornecimento e s
municipal,ar_condicionado,2019,Vila Velha,872.66,unidade,unitario,Serviço técnico especializado de manutenção preventiva e corretiva em aparelhos de ar condicionado  com fornecimento e s
municipal,ar_condicionado,2019,Vila Velha,1410.5,unidade,unitario,Serviço técnico especializado de manutenção preventiva e corretiva em aparelhos de ar condicionado  com fornecimento e s
municipal,ar_condicionado,2019,Vila Velha,868.16,unidade,unitario,Serviço técnico especializado de manutenção preventiva e corretiva em aparelhos de ar condicionado  com fornecimento e s
municipal,torneira,2019,Vila Velha,40.0,unidade,unitario,Kit de torneira automática para mictório
municipal,torneira,2019,Vila Velha,30.0,unidade,unitario,Torneira de bancada para lavabo 3/4 cromado com 1/4 de volta
municipal,torneira,2019,Vila Velha,50.0,unidade,unitario,Torneira para jardim 3/4 cromado
municipal,torneira,2019,Vila Velha,50.0,unidade,unitario,Torneira para lavatório automática ¾ cromado
municipal,bebedouro,2019,Vila Velha,2350.0,unidade,unitario,BEBEDOURO DE COLUNA
municipal,bebedouro,2019,Vila Velha,2350.0,unidade,unitario,BEBEDOURO DE COLUNA
municipal,bebedouro,2019,Vila Velha,1100.0,unidade,unitario,BEBEDOURO DE COLUNA CONJUNGADO -  ADULTO/INFANTIL
municipal,bebedouro,2019,Vila Velha,1100.0,unidade,unitario,BEBEDOURO DE COLUNA CONJUNGADO -  ADULTO/INFANTIL
municipal,ar_condicionado,2019,Vila Velha,4499.0,unidade,unitario,APARELHO CONDICIONADOR DE AR SPLIT - 24.000 BTU'S 
municipal,ar_condicionado,2019,Vila Velha,4499.0,unidade,unitario,APARELHO CONDICIONADOR DE AR SPLIT - 24.000 BTU'S 
municipal,ar_condicionado,2019,Vila Velha,5300.0,unidade,unitario,APARELHO CONDICIONADOR DE AR SPLIT - 30.000 BTU'S 
municipal,ar_condicionado,2019,Vila Velha,5300.0,unidade,unitario,APARELHO CONDICIONADOR DE AR SPLIT - 30.000 BTU'S 
municipal,ar_condicionado,2019,Vila Velha,3799.0,unidade,unitario,APARELHO CONDICIONADOR DE AR SPLIT INVERTER - 18.000 BTU'S 
municipal,ar_condicionado,2019,Vila Velha,3799.0,unidade,unitario,APARELHO CONDICIONADOR DE AR SPLIT INVERTER - 18.000 BTU'S 
municipal,ar_condicionado,2019,Vila Velha,2500.0,unidade,unitario,APARELHO CONDICIONADOR DE AR SPLIT INVERTER - 9.000 BTU'S 
municipal,ar_condicionado,2019,Vila Velha,2500.0,unidade,unitario,APARELHO CONDICIONADOR DE AR SPLIT INVERTER - 9.000 BTU'S 
municipal,ar_condicionado,2019,Vila Velha,6700.0,unidade,unitario,APARELHO CONDICIONADOR DE AR SPLIT PISO/TETO - 36.000 BTU'S 
municipal,ar_condicionado,2019,Vila Velha,6700.0,unidade,unitario,APARELHO CONDICIONADOR DE AR SPLIT PISO/TETO - 36.000 BTU'S 
municipal,atenolol,2019,Vila Velha,0.191,unidade,unitario,ATENOLOL 25MG COMPRIMIDO 
municipal,levotiroxina,2019,Vila Velha,0.4781,unidade,unitario,LEVOTIROXINA SÓDICA 125MCG (AQUISIÇÃO POR MARCA SYNTHROID®) 
municipal,fralda,2019,Vila Velha,1.37,unidade,unitario,FRALDA DESCARTÁVEL ADULTO TAMANHO G em formato anatômico  material não tóxico  gel superabsorvente toque seco  revestime
municipal,fralda,2019,Vila Velha,1.22,unidade,unitario,FRALDA DESCARTÁVEL ADULTO TAMANHO M em formato anatômico  material não tóxico  gel superabsorvente toque seco  revestime
municipal,fralda,2019,Vila Velha,1.22,unidade,unitario,FRALDA DESCARTÁVEL ADULTO TAMANHO P em formato anatômico  material não tóxico  gel superabsorvente toque seco  revestime
municipal,fralda,2019,Vila Velha,1.21,unidade,unitario,FRALDA DESCARTÁVEL ADULTO TAMANHO XG/EG em formato anatômico  material não tóxico  gel superabsorvente toque seco  reves
municipal,fralda,2019,Vila Velha,0.89,unidade,unitario,FRALDA DESCARTÁVEL INFANTIL  TAMANHO GRANDE  descartável  formato anatômico  não tóxico  gel absorvente  cobertura exter
municipal,fralda,2019,Vila Velha,0.84,unidade,unitario,FRALDA DESCARTÁVEL TAMANHO INFANTIL XG descartável  formato anatômico  material não tóxico  gel superabsorvente toque se
municipal,fralda,2019,Vila Velha,0.53,unidade,unitario,FRALDA DESCARTÁVEL INFANTIL  TAMANHO PEQUENO  descartável  formato anatômico  não tóxico  gel absorvente  cobertura exte
municipal,fralda,2019,Vila Velha,0.44,unidade,unitario,FRALDA DESCARTÁVEL INFANTIL  TAMANHO MÉDIO 
municipal,ar_condicionado,2019,Vila Velha,2500.0,unidade,unitario,PRESTAÇÃO DE SERVIÇO DE MANUTENÇÃO DE AR CONDICIONADO COM FORNECIMENTO DE MATERIAL  BASEANDO-SE NOS PREÇOS INITÁRIOS CON
municipal,ar_condicionado,2019,Vila Velha,1033.0,unidade,unitario,PRESTAÇÃO DE SERVIÇO DE MANUTENÇÃO DE AR CONDICIONADO COM FORNECIMENTO DE MATERIAL  BASEANDO-SE NOS PREÇOS INITÁRIOS CON
municipal,caneta_esferografica,2020,Vila Velha,0.72,unidade,unitario,PULSEIRA DE IDENTIFICAÇÃO MÃE-FILHO NUMERADA NA COR BRANCA  DESCARTÁVEL  CONFECCIONADA EM PLÁSTICO APROPRIADO OU OUTRO M
municipal,caneta_esferografica,2020,Vila Velha,0.72,unidade,unitario,PULSEIRA DE IDENTIFICAÇÃO MÃE-FILHO NUMERADA NA COR BRANCA  DESCARTÁVEL  CONFECCIONADA EM PLÁSTICO APROPRIADO OU OUTRO M
municipal,caneta_esferografica,2020,Vila Velha,0.72,unidade,unitario,PULSEIRA DE IDENTIFICAÇÃO MÃE-FILHO NUMERADA NA COR BRANCA  DESCARTÁVEL  CONFECCIONADA EM PLÁSTICO APROPRIADO OU OUTRO M
municipal,caneta_esferografica,2020,Vila Velha,0.72,unidade,unitario,PULSEIRA DE IDENTIFICAÇÃO MÃE-FILHO NUMERADA NA COR BRANCA  DESCARTÁVEL  CONFECCIONADA EM PLÁSTICO APROPRIADO OU OUTRO M
municipal,caneta_esferografica,2020,Vila Velha,0.72,unidade,unitario,PULSEIRA DE IDENTIFICAÇÃO MÃE-FILHO NUMERADA NA COR BRANCA  DESCARTÁVEL  CONFECCIONADA EM PLÁSTICO APROPRIADO OU OUTRO M
municipal,levotiroxina,2020,Vila Velha,0.29,unidade,unitario,LEVOTIROXINA SÓDICA 38MCG COMPRIMIDO 
municipal,carbamazepina,2020,Vila Velha,0.52,unidade,unitario,CARBAMAZEPINA 400MG COMPRIMIDO (TEGRETOL ® OU GENÉRICO)  
municipal,aas,2020,Vila Velha,0.39,unidade,unitario,ÁCIDO ACETILSALICÍLICO 81MG COMPRIMIDO 
municipal,beterraba,2020,Vila Velha,3.14,kg,unidade_declarada,Beterraba extra AA  in natura  procedente de espécies genuínas e sãs  fresca  casca lisa e firme. Isento de broto  lesõe
municipal,beterraba,2020,Vila Velha,3.14,kg,unidade_declarada,Beterraba extra AA  in natura  procedente de espécies genuínas e sãs  fresca  casca lisa e firme. Isento de broto  lesõe
municipal,cebola,2020,Vila Velha,5.09,kg,unidade_declarada,Cebola branca  fresca  extra  com as extremidades firmes  cor brilhante  haste bem seca. Isento de broto  enfermidades  
municipal,cebola,2020,Vila Velha,5.09,kg,unidade_declarada,Cebola branca  fresca  extra  com as extremidades firmes  cor brilhante  haste bem seca. Isento de broto  enfermidades  
municipal,cenoura,2020,Vila Velha,3.43,kg,unidade_declarada,Cenoura extra AA  in natura  cor laranja-vivo  procedente de espécies genuínas e sãs  frescas  firme  lisa  sem rugas  d
municipal,cenoura,2020,Vila Velha,3.43,kg,unidade_declarada,Cenoura extra AA  in natura  cor laranja-vivo  procedente de espécies genuínas e sãs  frescas  firme  lisa  sem rugas  d
municipal,chuchu,2020,Vila Velha,2.37,kg,unidade_declarada,Chuchu extra AA  in natura  pouca rugosidade tamanho médio  procedente de espécies genuínas  sãs e frescas  polpa íntegr
municipal,chuchu,2020,Vila Velha,2.37,kg,unidade_declarada,Chuchu extra AA  in natura  pouca rugosidade tamanho médio  procedente de espécies genuínas  sãs e frescas  polpa íntegr
municipal,inhame,2020,Vila Velha,4.24,kg,unidade_declarada,Inhame extra AA  in natura  tenro (macio)  graúdo  proceder de espécies genuínas e sãs  frescas  ter atingido o grau de 
municipal,inhame,2020,Vila Velha,4.24,kg,unidade_declarada,Inhame extra AA  in natura  tenro (macio)  graúdo  proceder de espécies genuínas e sãs  frescas  ter atingido o grau de 
municipal,pepino,2020,Vila Velha,3.0,kg,unidade_declarada,Pepino extra AA  in natura  tenro  coloração verde escura  firme  procedente de espécies genuínas e sãs. Isento de lesõe
municipal,pepino,2020,Vila Velha,3.0,kg,unidade_declarada,Pepino extra AA  in natura  tenro  coloração verde escura  firme  procedente de espécies genuínas e sãs. Isento de lesõe
municipal,pimentao,2020,Vila Velha,4.8,kg,unidade_declarada,Pimentão verde in natura extra AA  in natura  textura firme  procedente de espécies genuínas e sãs. Isento de lesões de 
municipal,pimentao,2020,Vila Velha,4.8,kg,unidade_declarada,Pimentão verde in natura extra AA  in natura  textura firme  procedente de espécies genuínas e sãs. Isento de lesões de 
municipal,repolho,2020,Vila Velha,2.53,kg,unidade_declarada,Repolho branco in natura extra  fresco  firme  odor característico. Isento de lesões de origem física  química ou biológ
municipal,repolho,2020,Vila Velha,2.53,kg,unidade_declarada,Repolho branco in natura extra  fresco  firme  odor característico. Isento de lesões de origem física  química ou biológ
municipal,repolho,2020,Vila Velha,3.14,kg,unidade_declarada,Repolho roxo in natura extra  fresco  firme  odor característico. Isento de lesões de origem física  química ou biológic
municipal,repolho,2020,Vila Velha,3.14,kg,unidade_declarada,Repolho roxo in natura extra  fresco  firme  odor característico. Isento de lesões de origem física  química ou biológic
municipal,alface,2020,Vila Velha,6.86,unidade,unitario,Alface lisa de primeira  extra  coloração verde  frescos  folhas firmes  limpas e brilhantes e separados em maços padron
municipal,alface,2020,Vila Velha,6.86,unidade,unitario,Alface lisa de primeira  extra  coloração verde  frescos  folhas firmes  limpas e brilhantes e separados em maços padron
municipal,couve,2020,Vila Velha,7.47,unidade,unitario,Couve manteiga extra  fresca  limpa  com coloração verde escuro  separados em maços padronizados  proceder de espécies g
municipal,couve,2020,Vila Velha,7.47,unidade,unitario,Couve manteiga extra  fresca  limpa  com coloração verde escuro  separados em maços padronizados  proceder de espécies g
municipal,alho,2020,Vila Velha,30.56,kg,unidade_declarada,Alho nacional extra  os dentes devem estar bem definidos  limpos  firmes  sem manchas e livre de broto. Isento de lesões
municipal,alho,2020,Vila Velha,30.56,kg,unidade_declarada,Alho nacional extra  os dentes devem estar bem definidos  limpos  firmes  sem manchas e livre de broto. Isento de lesões
municipal,abobora,2020,Vila Velha,2.71,kg,unidade_declarada,Abóbora jacaré madura extra AA  in natura  procedente de espécies genuínas e sãs  casca limpa e sem manchas  polpa ínteg
municipal,abobora,2020,Vila Velha,2.71,kg,unidade_declarada,Abóbora jacaré madura extra AA  in natura  procedente de espécies genuínas e sãs  casca limpa e sem manchas  polpa ínteg
municipal,aipim,2020,Vila Velha,3.12,kg,unidade_declarada,Aipim ou mandioca extra AA  in natura  tenro (macio)  graúdo  procedente de espécies genuínas e sãs  frescas  ter atingi
municipal,aipim,2020,Vila Velha,3.12,kg,unidade_declarada,Aipim ou mandioca extra AA  in natura  tenro (macio)  graúdo  procedente de espécies genuínas e sãs  frescas  ter atingi
municipal,batata,2020,Vila Velha,3.12,kg,unidade_declarada,Batata doce especial  in natura  extra AA  com a polpa intacta e limpa  firme  lisa  de tamanho uniforme  procedente de 
municipal,batata,2020,Vila Velha,3.12,kg,unidade_declarada,Batata doce especial  in natura  extra AA  com a polpa intacta e limpa  firme  lisa  de tamanho uniforme  procedente de 
municipal,batata,2020,Vila Velha,4.12,kg,unidade_declarada,Batata inglesa especial  in natura  extra AA  com a polpa intacta e limpa  firme  lisa  de tamanho uniforme  procedente 
municipal,batata,2020,Vila Velha,4.12,kg,unidade_declarada,Batata inglesa especial  in natura  extra AA  com a polpa intacta e limpa  firme  lisa  de tamanho uniforme  procedente 
municipal,levotiroxina,2020,Vila Velha,0.5335,unidade,unitario,LEVOTIROXINA SÓDICA 125MCG (AQUISIÇÃO POR MARCA SYNTHROID®) 
municipal,agua_mineral,2020,Vila Velha,0.565,litro,descricao,Água mineral; tipo: sem gás; Quantidade: 20 litros; Unidade de fornecimento: garrafão retornável; Prazo de validade no m
municipal,agua_mineral,2020,Vila Velha,0.565,litro,descricao,Água mineral; tipo: sem gás; Quantidade: 20 litros; Unidade de fornecimento: garrafão retornável; Prazo de validade no m
municipal,agua_mineral,2020,Vila Velha,0.565,litro,descricao,Água mineral; tipo: sem gás; Quantidade: 20 litros; Unidade de fornecimento: garrafão retornável; Prazo de validade no m
municipal,oleo_soja,2020,Vila Velha,4.2111,litro,descricao,Óleo de Soja Vegetal  envasado em garrafa plástica resistente transparente  contendo 900 ml  com identificação na embala
municipal,arroz,2020,Vila Velha,3.245,kg,descricao,Arroz Branco tipo 1  polido  acondicionado em embalagem resistente de polietileno atóxico  contendo 2Kg  com identificaç
municipal,acucar,2020,Vila Velha,2.075,kg,descricao,Açúcar Cristal  acondicionado em embalagem resistente de polietileno atóxico transparente  contendo 2kg  com identificaç
municipal,macarrao,2020,Vila Velha,4.88,kg,descricao,Macarrão  do Tipo Espaguete  com ovos  acondicionado em embalagem resistente de polietileno atóxico transparente  com id
municipal,fuba,2020,Vila Velha,2.48,kg,descricao,Fubá de Milho  produto obtido da moagem do grão de milho sãos  limpos  isentos de matéria terrosa e parasita. Não podend
municipal,suco,2020,Vila Velha,23.92,litro,descricao,Sardinha em Conserva em óleo contendo água de constituição (ao próprio suco)  óleo vegetal de soja e sal. Embalagem em l
municipal,feijao,2020,Vila Velha,5.65,kg,descricao,Feijão tipo 1  Preto acondicionado em embalagem resistente de polietileno atóxico transparente  contendo 1 kg  com ident
municipal,acucar,2020,Vila Velha,22.25,kg,descricao,Leite em pó integral  sem adição de açúcar  pó uniforme sem grumos  cor  aroma e odor característicos  não rançoso  acon
municipal,ar_condicionado,2020,Vila Velha,6650.0,unidade,unitario,LOCAÇÃO DE PALCO 12X10: LOCAÇÃO DE PALCO MONTADO EM ESTRUTURA DE ALUMÍNIO Q-30 ASSIM CONSTITUÍDO: PALCO EM ALUMÍNIO TREL
municipal,ar_condicionado,2020,Vila Velha,5225.0,unidade,unitario,LOCAÇÃO DE PALCO 10X08 MONTADO EM ESTRUTURA DE ALUMÍNIO Q-30 ASSIM CONSTITUÍDO: PALCO EM ALUMÍNIO TRELISSADO Q-30 TUBULA
municipal,gas_glp,2020,Vila Velha,79.3333,botijao_13kg,unitario,GAS 13KG GÁS LIQUEFEITO DE PETRÓLEO (GLP)  COMPOSIÇÃO BÁSICA PROPANO E BUTANO  ACONDICIONADO EM BOTIJAS DE 13 (TREZE) KG
municipal,gas_glp,2020,Vila Velha,79.3333,botijao_13kg,unitario,GAS 13KG GÁS LIQUEFEITO DE PETRÓLEO (GLP)  COMPOSIÇÃO BÁSICA PROPANO E BUTANO  ACONDICIONADO EM BOTIJAS DE 13 (TREZE) KG
municipal,cadeira,2020,Vila Velha,502.61,unidade,unitario,CADEIRA GIRATÓRIA   ESPALDAR MÉDIO  EM POLIPROPILENO  COM APÓIA-BRAÇO  COM RODÍZIOS E REGULAGEM DE ALTURA  EM COR A SER 
municipal,cadeira,2020,Vila Velha,272.4,unidade,unitario,CADEIRA FIXA DE DESCANSO   DIMENSÕES APROXIMADAS: ALTURA TOTAL: 0 75 A 0 90M; PROFUNDIDADE TOTAL: 0 40 A 0 65M; LARGURA 
municipal,abacaxi,2020,Vila Velha,7.42,unidade,unitario,Flúor tópico em forma de gel acidulado  tixotrópico  atóxico  para aplicação odontológica tópica em 1 minuto. Concentraç
municipal,torneira,2020,Vila Velha,49.8,unidade,unitario,TORNEIRA DE BANCADA PARA LAVABO  3/4  CROMADO  1/4 DE VOLTA 
municipal,torneira,2020,Vila Velha,29.03,unidade,unitario,"TORNEIRA METÁLICA PARA JARDIM  CROMADA  3/4""  CANO LONGO COM BICO. "
municipal,papel_toalha,2020,Vila Velha,27.99,rolo,unitario,PORTA PAPEL TOALHA (DISPENSER) MANUAL PARA BANHEIRO  MATERIAL POLIPROPILENO  BRANCA  CAPACIDADE MÍNIMA DE 250 FOLHAS COM
municipal,torneira,2020,Vila Velha,127.0,unidade,unitario,KIT DE TORNEIRA AUTOMÁTICA PARA MICTÓRIO ACIONAMENTO HIDROMECÂNICO 
municipal,torneira,2020,Vila Velha,115.64,unidade,unitario,TORNEIRA PARA LAVATÓRIO AUTOMÁTICA 3/4 CROMADO 
municipal,vassoura,2020,Vila Velha,8.03,unidade,unitario,VASSOURA PIAÇAVA CONFORME TERMO DE REFERÊNCIA 
municipal,vassoura,2020,Vila Velha,3.76,unidade,unitario,VASSOURA/ESCOVA PARA LIMPEZA VASO SANITÁRIO  COM CABO DE PLÁSTICO E CERDAS DE NYLON. 
municipal,vassoura,2020,Vila Velha,4.16,unidade,unitario,VASSOURA  FIOS NYLON  SEMI-RIGIDOS  ALTURA DOS FIOS 110MM  BASE PLÁSTICA  COMPRIMENTO DA BASE 210 MM  LARGURA DA BASE 35
municipal,pincel_quadro,2020,Vila Velha,3.23,unidade,unitario,PINCEL ATÔMICO; APRESENTAÇÃO EM CANETA; TINTA AZUL; TINTA PERMANENTE; MATERIAL: PLÁSTICO; FORMATO CILÍNDRICO; MATERIAL D
municipal,pincel_quadro,2020,Vila Velha,2.8,unidade,unitario,PINCEL ATÔMICO; APRESENTAÇÃO EM CANETA; TINTA PRETA; TINTA PERMANENTE; MATERIAL: PLÁSTICO; FORMATO CILÍNDRICO; MATERIAL 
municipal,grampeador,2020,Vila Velha,58.98,unidade,unitario,GRAMPEADOR  MATERIAL METAL E PLÁSTICO  TRATAMENTO SUPERFICIAL PINTADO  TIPO MESA  APLICAÇÃO PAPEL  CAPACIDADE 100 FOLHAS
municipal,grampeador,2020,Vila Velha,15.03,unidade,unitario,GRAMPEADOR  MATERIAL METAL E PLÁSTICO  TRATAMENTO SUPERFICIAL PINTADO  TIPO MESA  APLICAÇÃO PAPEL  CAPACIDADE 25 FOLHAS 
municipal,grampeador,2020,Vila Velha,32.56,unidade,unitario,GRAMPO P/GRAMPEADOR  EM MATERIAL DE AÇO CARBONO  ACABAMENTO GALVANIZADO  TAMANHO: 23/17. CAIXA COM 5000 UNIDADES. 
municipal,grampeador,2020,Vila Velha,41.38,unidade,unitario,GRAMPO P/GRAMPEADOR  EM MATERIAL DE AÇO CARBONO  ACABAMENTO GALVANIZADO  TAMANHO: 23/20. CAIXA COM 5000 UNIDADES. 
municipal,pincel_quadro,2020,Vila Velha,3.02,unidade,unitario,PINCEL ATÔMICO; APRESENTAÇÃO EM CANETA; TINTA VERMELHO; TINTA PERMANENTE; MATERIAL: PLÁSTICO; FORMATO CILÍNDRICO; MATERI
municipal,levotiroxina,2020,Vila Velha,0.5335,unidade,unitario,LEVOTIROXINA SÓDICA 125MCG (AQUISIÇÃO POR MARCA SYNTHROID®) 
municipal,ar_condicionado,2020,Vila Velha,2394.0,unidade,unitario,127V CAPACIDADE DE REFRIGERACAO: 10.000 BTUS  VAZAO DE AR: 330 M3/H  CORRENTE ELETRICA REFRIGERACAO: 5.5A (127V)  POTENC
municipal,ar_condicionado,2020,Vila Velha,2015.5,unidade,unitario,AR CONDICIONADO SPLIT 9.000BTU'S  APARELHO CONDICIONADOR DE AR; MODELO: SPLIT; OPERAÇÃO: CICLO FRIO; CAPACIDADE: 9.000BT
municipal,ar_condicionado,2020,Vila Velha,2015.5,unidade,unitario,AR CONDICIONADO SPLIT 9.000BTU'S  APARELHO CONDICIONADOR DE AR; MODELO: SPLIT; OPERAÇÃO: CICLO FRIO; CAPACIDADE: 9.000BT
municipal,ar_condicionado,2020,Vila Velha,2280.0,unidade,unitario,AR CONDICIONADO SPLIT 12.000BTU'S  APARELHO CONDICIONADOR DE AR; MODELO: SPLIT; OPERAÇÃO: CICLO FRIO; CAPACIDADE: 12.000
municipal,ar_condicionado,2020,Vila Velha,2390.0,unidade,unitario,AR CONDICIONADO 9.000 BTUS  INVERTER  HIGH-WALL SÓ FRIO  220V  COM CONDENSADORA DE DESCARGA HORIZONTAL  CLASSIFICAÇÃO A 
municipal,ar_condicionado,2020,Vila Velha,2715.0,unidade,unitario,AR CONDICIONADO 12.000 BTUS  INVERTER  HIGH-WALL SÓ FRIO  220V  COM CONDENSADORA DE DESCARGA HORIZONTAL  CLASSIFICAÇÃO A
municipal,ar_condicionado,2020,Vila Velha,8225.0,unidade,unitario,AR CONDICIONADO 36.000 BTUS  PISO-TETO  INVERTER OU NÃO  220V  COM CONDENSADORA DE DESCARGA VERTICAL  CLASSIFICAÇÃO A DE
municipal,ar_condicionado,2020,Vila Velha,2095.5,unidade,unitario,CONDICIONADOR DE AR  JANELA  ELETRÔNICO; 7.500 BTU'S  TENSÃO: 127V/220V; COR: BRANCO: CONTROLE REMOTO SEM FIO; MANUAL DE
municipal,ar_condicionado,2020,Vila Velha,2095.5,unidade,unitario,CONDICIONADOR DE AR  JANELA  ELETRÔNICO; 7.500 BTU'S  TENSÃO: 127V/220V; COR: BRANCO: CONTROLE REMOTO SEM FIO; MANUAL DE
municipal,feijao,2020,Vila Velha,9.11,kg,heuristica,Marmita: Cardápio contendo arroz  feijão  carne (bovina  frango ou peixe)  salada de alface com tomate 
municipal,papel_a4,2020,Vila Velha,17.42,resma,unitario,PAPEL SULFITE A4  PAPEL BRANCO DE BOA QUALIDADE PARA IMPRESSORA  75 G/M2  MEDINDO 210MM X 297MM  TIPO CHAMEX OU SIMILAR;
municipal,papel_a4,2020,Vila Velha,17.42,resma,unitario,PAPEL SULFITE A4  PAPEL BRANCO DE BOA QUALIDADE PARA IMPRESSORA  75 G/M2  MEDINDO 210MM X 297MM  TIPO CHAMEX OU SIMILAR;
municipal,lampada_led,2020,Vila Velha,7.84,unidade,unitario,LÂMPADA DE LED - 9W  BIVOLT  BRANCA/FRIA  SOQUETE E27  BIVOLT  127V E 220V  
municipal,caderno,2020,Vila Velha,5.83,unidade,unitario,CADERNO UNIVERSITÁRIO CAPA DURA  96 FOLHAS PAUTADAS  TAMANHO 20CM X 27 5CM E ACABAMENTO COM ARAME EM FORMATO ESPIRAL. 
municipal,envelope,2020,Vila Velha,0.4,unidade,unitario,ENVELOPE DE PAPEL; MATERIAL PAPEL KRAFT; GRAMATURA: 75~80 G/M²; COR: NATURAL; SEM JANELA; FECHAMENTO: ABA; LARGURA: 310 
municipal,pasta_arquivo,2020,Vila Velha,4.74,unidade,unitario,PASTA SUSPENSA EM MATERIAL PLÁSTICO EM POLIPROPILENO - CRISTAL; HASTE DE PLÁSTICO; LARGURA: 240 MM ; COMPRIMENTO: 360 MM
municipal,salbutamol,2020,Vila Velha,1.8021,unidade,unitario,SALBUTAMOL (SULFATO) 0 5 MG/ML SOLUÇÃO INJETÁVEL INTRAVENOSA  INTRAMUSCULAR OU SUBCUTÂNEA  AMPOLA 1 ML. 
municipal,fenobarbital,2020,Vila Velha,1.7305,unidade,unitario,FENOBARBITAL SÓDICO 100 MG/ML SOLUÇÃO INJETÁVEL  AMPOLA 2ML. 
municipal,seringa,2020,Vila Velha,0.43,unidade,unitario,Seringa descartál estéril  20 ml  sem agulha  bico slip  com cilindro tratado internamente com silicone de grau cirúrgic
municipal,seringa,2020,Vila Velha,0.41,unidade,unitario,Seringa descartável estéril 10ml  sem agulha  bico Slip  com cilindro  tratamento internamente com silicone de grau cirú
municipal,seringa,2020,Vila Velha,0.37,unidade,unitario,SERINGA POLIPROPILENO  10 ML  SEM AGULHA  LUER LOCK  EM PLASTICO TRANSPARENTE  ATOXICO  CAPAZ DE GARANTIR CONEXOES SEGUR
municipal,seringa,2020,Vila Velha,0.2,unidade,unitario,SERINGA POLIPROPILENO  3 ML  SEM AGULHA  LUER LOCK  EM PLASTICO TRANSPARENTE  ATOXICO  CAPAZ DE GARANTIR CONEXOES SEGURA
municipal,seringa,2020,Vila Velha,0.21,unidade,unitario,SERINGA  POLIPROPILENO  5ML  SEM AGULHA  LUER LOCK  em plástico transparente  atóxico  capaz de garantir conexões segura
municipal,luva_procedimento,2020,Vila Velha,9.68,caixa_100,unitario,LUVA NITRÍLICA - LUVA DE SEGURANÇA PARA PROTEÇÃO DAS MÃOS CONFECCIONADA EM BORRACHA NITRÍLICA  SEM PÓ  LIVRE DE LÁTEX  A
municipal,envelope,2020,Vila Velha,0.15,unidade,unitario,	Envelope papel (médio); 176 x 250 material: papel kraft ; cor: branca; largura: 176 mm  altura: 250 mm ; unidade de for
municipal,envelope,2020,Vila Velha,0.15,unidade,unitario,	Envelope papel (médio); 176 x 250 material: papel kraft ; cor: branca; largura: 176 mm  altura: 250 mm ; unidade de for
municipal,envelope,2020,Vila Velha,0.15,unidade,unitario,	Envelope papel (médio); 176 x 250 material: papel kraft ; cor: branca; largura: 176 mm  altura: 250 mm ; unidade de for
municipal,apontador,2020,Vila Velha,1.43,unidade,unitario,APONTADOR LAPIS MANUAL; MATERIAL: METAL; MODELO: 1 FURO; FORMATO: RETANGULAR; DEPOSITO: SEM DEPOSITO;  
municipal,apontador,2020,Vila Velha,1.43,unidade,unitario,APONTADOR LAPIS MANUAL; MATERIAL: METAL; MODELO: 1 FURO; FORMATO: RETANGULAR; DEPOSITO: SEM DEPOSITO;  
municipal,apontador,2020,Vila Velha,1.43,unidade,unitario,APONTADOR LAPIS MANUAL; MATERIAL: METAL; MODELO: 1 FURO; FORMATO: RETANGULAR; DEPOSITO: SEM DEPOSITO;  
municipal,envelope,2020,Vila Velha,0.29,unidade,unitario,	Envelope plástico; material: polietileno; espessura aproximada: 0 15 mm; cor: cristal (transparente); tamanho: oficio; 
municipal,envelope,2020,Vila Velha,0.29,unidade,unitario,	Envelope plástico; material: polietileno; espessura aproximada: 0 15 mm; cor: cristal (transparente); tamanho: oficio; 
municipal,envelope,2020,Vila Velha,0.29,unidade,unitario,	Envelope plástico; material: polietileno; espessura aproximada: 0 15 mm; cor: cristal (transparente); tamanho: oficio; 
municipal,envelope,2020,Vila Velha,0.19,unidade,unitario,	Envelope papel (A4); 240 x340 material: papel kraft ; cor: natural; largura: 229 mm  240 x 340 
municipal,envelope,2020,Vila Velha,0.19,unidade,unitario,	Envelope papel (A4); 240 x340 material: papel kraft ; cor: natural; largura: 229 mm  240 x 340 
municipal,envelope,2020,Vila Velha,0.19,unidade,unitario,	Envelope papel (A4); 240 x340 material: papel kraft ; cor: natural; largura: 229 mm  240 x 340 
municipal,envelope,2020,Vila Velha,0.25,unidade,unitario,	Envelope papel (A4); material: papel; gramatura: 90 g/m² ; cor: branca; janela: sem janela; largura: 229 mm  altura: 33
municipal,envelope,2020,Vila Velha,0.25,unidade,unitario,	Envelope papel (A4); material: papel; gramatura: 90 g/m² ; cor: branca; janela: sem janela; largura: 229 mm  altura: 33
municipal,envelope,2020,Vila Velha,0.32,unidade,unitario,Envelope papel (grande);310 x 410 material: papel kraft ; cor: natural; largura: 310 mm  altura: 410 mm ; unidade de for
municipal,envelope,2020,Vila Velha,0.32,unidade,unitario,Envelope papel (grande);310 x 410 material: papel kraft ; cor: natural; largura: 310 mm  altura: 410 mm ; unidade de for
municipal,envelope,2020,Vila Velha,0.32,unidade,unitario,Envelope papel (grande);310 x 410 material: papel kraft ; cor: natural; largura: 310 mm  altura: 410 mm ; unidade de for
municipal,envelope,2020,Vila Velha,0.21,unidade,unitario,Envelope papel (médio); 176 x 250 material: papel kraft ; cor: natural; largura: 176 mm  altura: 250 mm ; unidade de for
municipal,envelope,2020,Vila Velha,0.21,unidade,unitario,Envelope papel (médio); 176 x 250 material: papel kraft ; cor: natural; largura: 176 mm  altura: 250 mm ; unidade de for
municipal,envelope,2020,Vila Velha,0.37,unidade,unitario,	Envelope plástico; material: polietileno; espessura: extra grosso ; cor: cristal; tamanho: A4; furos: 4 furos; unidade 
municipal,envelope,2020,Vila Velha,0.37,unidade,unitario,	Envelope plástico; material: polietileno; espessura: extra grosso ; cor: cristal; tamanho: A4; furos: 4 furos; unidade 
municipal,envelope,2020,Vila Velha,0.37,unidade,unitario,	Envelope plástico; material: polietileno; espessura: extra grosso ; cor: cristal; tamanho: A4; furos: 4 furos; unidade 
municipal,envelope,2020,Vila Velha,3.49,unidade,unitario,"	Etiqueta auto adesiva ; texto impresso: ""URGENTE""; modelo: padrão; medidas:13mmx45mm unidade de fornecimento: envelope "
municipal,envelope,2020,Vila Velha,3.49,unidade,unitario,"	Etiqueta auto adesiva ; texto impresso: ""URGENTE""; modelo: padrão; medidas:13mmx45mm unidade de fornecimento: envelope "
municipal,envelope,2020,Vila Velha,3.49,unidade,unitario,"	Etiqueta auto adesiva ; texto impresso: ""URGENTE""; modelo: padrão; medidas:13mmx45mm unidade de fornecimento: envelope "
municipal,grampeador,2020,Vila Velha,69.04,unidade,unitario,GRAMPEADOR ; MODELO: MESA ; MATERIAL DO CORPO: AÇO CARBONO ; ACABAMENTO: PINTADO ; COR: PRETO ; MECANISMO GRAMPEADOR: AÇ
municipal,grampeador,2020,Vila Velha,69.04,unidade,unitario,GRAMPEADOR ; MODELO: MESA ; MATERIAL DO CORPO: AÇO CARBONO ; ACABAMENTO: PINTADO ; COR: PRETO ; MECANISMO GRAMPEADOR: AÇ
municipal,grampeador,2020,Vila Velha,69.04,unidade,unitario,GRAMPEADOR ; MODELO: MESA ; MATERIAL DO CORPO: AÇO CARBONO ; ACABAMENTO: PINTADO ; COR: PRETO ; MECANISMO GRAMPEADOR: AÇ
municipal,grampeador,2020,Vila Velha,36.6,unidade,unitario,GRAMPEADOR ; MODELO: MESA ; MATERIAL DO CORPO: AÇO CARBONO ; ACABAMENTO: PINTADO ; COR: PRETO ; MECANISMO GRAMPEADOR: AÇ
municipal,grampeador,2020,Vila Velha,36.6,unidade,unitario,GRAMPEADOR ; MODELO: MESA ; MATERIAL DO CORPO: AÇO CARBONO ; ACABAMENTO: PINTADO ; COR: PRETO ; MECANISMO GRAMPEADOR: AÇ
municipal,grampeador,2020,Vila Velha,36.6,unidade,unitario,GRAMPEADOR ; MODELO: MESA ; MATERIAL DO CORPO: AÇO CARBONO ; ACABAMENTO: PINTADO ; COR: PRETO ; MECANISMO GRAMPEADOR: AÇ
municipal,grampeador,2020,Vila Velha,28.14,unidade,unitario,	Grampo p/grampeador; material: aço carbono; acabamento: galvanizado; tamanho: 23/13; unidade de fornecimento: caixa 500
municipal,grampeador,2020,Vila Velha,28.14,unidade,unitario,	Grampo p/grampeador; material: aço carbono; acabamento: galvanizado; tamanho: 23/13; unidade de fornecimento: caixa 500
municipal,grampeador,2020,Vila Velha,28.14,unidade,unitario,	Grampo p/grampeador; material: aço carbono; acabamento: galvanizado; tamanho: 23/13; unidade de fornecimento: caixa 500
municipal,pasta_arquivo,2020,Vila Velha,2.7,unidade,unitario,	Pasta suspensa; acabamento:  marmorizada; cor: castanho;  haste: metalico ou plástico;  largura: 240 mm; comprimento:  
municipal,pasta_arquivo,2020,Vila Velha,2.7,unidade,unitario,	Pasta suspensa; acabamento:  marmorizada; cor: castanho;  haste: metalico ou plástico;  largura: 240 mm; comprimento:  
municipal,pasta_arquivo,2020,Vila Velha,2.7,unidade,unitario,	Pasta suspensa; acabamento:  marmorizada; cor: castanho;  haste: metalico ou plástico;  largura: 240 mm; comprimento:  
municipal,pasta_arquivo,2020,Vila Velha,3.66,unidade,unitario,	Pasta suspensa;  plástico em polipropileno - cristal; haste: plástico; largura: 240 mm; comprimento: 360 mm; acessorios
municipal,pasta_arquivo,2020,Vila Velha,3.66,unidade,unitario,	Pasta suspensa;  plástico em polipropileno - cristal; haste: plástico; largura: 240 mm; comprimento: 360 mm; acessorios
municipal,pasta_arquivo,2020,Vila Velha,3.66,unidade,unitario,	Pasta suspensa;  plástico em polipropileno - cristal; haste: plástico; largura: 240 mm; comprimento: 360 mm; acessorios
municipal,pincel_quadro,2020,Vila Velha,4.03,unidade,unitario,Marcador para quadro branco; apresentacao: caneta ; cor da tinta: azul ou preta; tinta: nao permanente ; material: plast
municipal,pincel_quadro,2020,Vila Velha,4.03,unidade,unitario,Marcador para quadro branco; apresentacao: caneta ; cor da tinta: azul ou preta; tinta: nao permanente ; material: plast
municipal,pincel_quadro,2020,Vila Velha,4.03,unidade,unitario,Marcador para quadro branco; apresentacao: caneta ; cor da tinta: azul ou preta; tinta: nao permanente ; material: plast
municipal,pincel_quadro,2020,Vila Velha,3.68,unidade,unitario,	Marcador/pincel atômico;  apresentação: caneta; cor da  tinta: azul ou preta; tinta:  permanente; material:  plástico; 
municipal,pincel_quadro,2020,Vila Velha,3.68,unidade,unitario,	Marcador/pincel atômico;  apresentação: caneta; cor da  tinta: azul ou preta; tinta:  permanente; material:  plástico; 
municipal,pincel_quadro,2020,Vila Velha,3.68,unidade,unitario,	Marcador/pincel atômico;  apresentação: caneta; cor da  tinta: azul ou preta; tinta:  permanente; material:  plástico; 
municipal,caneta_esferografica,2020,Vila Velha,1.56,unidade,unitario,Corretivo líquido ; composição: atóxico  base água  hidrocarbonetos com secagem rápida; indicação de uso: escrita caneta
municipal,caneta_esferografica,2020,Vila Velha,1.56,unidade,unitario,Corretivo líquido ; composição: atóxico  base água  hidrocarbonetos com secagem rápida; indicação de uso: escrita caneta
municipal,caneta_esferografica,2020,Vila Velha,1.56,unidade,unitario,Corretivo líquido ; composição: atóxico  base água  hidrocarbonetos com secagem rápida; indicação de uso: escrita caneta
municipal,caneta_esferografica,2020,Vila Velha,0.56,unidade,unitario,Caneta esferográfica Azul; material: plastico ; cor: cristal; material da ponta: tungstenio ; tamanho da ponta: 1 0 (med
municipal,caneta_esferografica,2020,Vila Velha,0.56,unidade,unitario,Caneta esferográfica Azul; material: plastico ; cor: cristal; material da ponta: tungstenio ; tamanho da ponta: 1 0 (med
municipal,caneta_esferografica,2020,Vila Velha,0.56,unidade,unitario,Caneta esferográfica Azul; material: plastico ; cor: cristal; material da ponta: tungstenio ; tamanho da ponta: 1 0 (med
municipal,caneta_esferografica,2020,Vila Velha,0.56,unidade,unitario,Caneta esferográfica Preta ; material: plastico ; cor: cristal; material da ponta: tungstenio ; tamanho da ponta: 1 0 (m
municipal,caneta_esferografica,2020,Vila Velha,0.56,unidade,unitario,Caneta esferográfica Preta ; material: plastico ; cor: cristal; material da ponta: tungstenio ; tamanho da ponta: 1 0 (m
municipal,caneta_esferografica,2020,Vila Velha,0.56,unidade,unitario,Caneta esferográfica Preta ; material: plastico ; cor: cristal; material da ponta: tungstenio ; tamanho da ponta: 1 0 (m
municipal,caneta_esferografica,2020,Vila Velha,0.56,unidade,unitario,Caneta esferográfica Vermelha ; material: plastico ; cor: cristal; material da ponta: tungstenio ; tamanho da ponta: 1 0
municipal,caneta_esferografica,2020,Vila Velha,0.56,unidade,unitario,Caneta esferográfica Vermelha ; material: plastico ; cor: cristal; material da ponta: tungstenio ; tamanho da ponta: 1 0
municipal,caneta_esferografica,2020,Vila Velha,0.56,unidade,unitario,Caneta esferográfica Vermelha ; material: plastico ; cor: cristal; material da ponta: tungstenio ; tamanho da ponta: 1 0
municipal,fralda,2020,Vila Velha,0.97,unidade,unitario,FRALDA DESCARTÁVEL ADULTO TAMANHO G em formato anatômico  material não tóxico  gel superabsorvente toque seco  revestime
municipal,fralda,2020,Vila Velha,0.96,unidade,unitario,FRALDA DESCARTÁVEL ADULTO TAMANHO M em formato anatômico  material não tóxico  gel superabsorvente toque seco  revestime
municipal,fralda,2020,Vila Velha,0.94,unidade,unitario,FRALDA DESCARTÁVEL ADULTO TAMANHO P em formato anatômico  material não tóxico  gel superabsorvente toque seco  revestime
municipal,fralda,2020,Vila Velha,1.08,unidade,unitario,FRALDA DESCARTÁVEL ADULTO TAMANHO XG/EG em formato anatômico  material não tóxico  gel superabsorvente toque seco  reves
municipal,fralda,2020,Vila Velha,0.39,unidade,unitario,FRALDA DESCARTÁVEL INFANTIL  TAMANHO PEQUENO  descartável  formato anatômico  não tóxico  gel absorvente  cobertura exte
municipal,fralda,2020,Vila Velha,0.44,unidade,unitario,FRALDA DESCARTÁVEL INFANTIL  TAMANHO MÉDIO 
municipal,fralda,2020,Vila Velha,0.56,unidade,unitario,FRALDA DESCARTÁVEL INFANTIL  TAMANHO GRANDE  descartável  formato anatômico  não tóxico  gel absorvente  cobertura exter
municipal,fralda,2020,Vila Velha,0.89,unidade,unitario,FRALDA DESCARTÁVEL TAMANHO INFANTIL XG descartável  formato anatômico  material não tóxico  gel superabsorvente toque se
municipal,pneu,2020,Vila Velha,134.45,unidade,unitario,Carrinho de mão cofeccionado em aço SAE 1008  cor azul  desengraxado  pintado por processo de imersão contínuo com tinta
municipal,pneu,2020,Vila Velha,134.45,unidade,unitario,Carrinho de mão cofeccionado em aço SAE 1008  cor azul  desengraxado  pintado por processo de imersão contínuo com tinta
municipal,azitromicina,2020,Vila Velha,1.63,unidade,unitario,AZITROMICINA 500 MG COMPRIMIDO                               
municipal,losartana,2020,Vila Velha,0.0825,unidade,unitario,LOSARTANA POTASSICA 50MG COMPRIMIDO REVESTIDO 
municipal,atenolol,2020,Vila Velha,0.04,unidade,unitario,ATENOLOL 25MG COMPRIMIDO 
municipal,atenolol,2020,Vila Velha,0.0398,unidade,unitario,ATENOLOL 50MG 
municipal,sinvastatina,2020,Vila Velha,0.0537,unidade,unitario,SINVASTATINA 20MG.                                            
municipal,cefalexina,2020,Vila Velha,0.22,unidade,unitario,CEFALEXINA 500 MG COMPRIMIDO 
municipal,salbutamol,2020,Vila Velha,7.119,unidade,unitario,SALBUTAMOL  SULFATO 100MCG  AEROSOL ORAL  FRASCO AEROSOL 200 DOSES + APLICADOR.  
municipal,dipirona,2020,Vila Velha,0.0788,unidade,unitario,DIPIRONA SODICA 500MG COMPRIMIDO                             
municipal,sertralina,2020,Vila Velha,0.1229,unidade,unitario,SERTRALINA 50MG COMPRIMIDO                                    
municipal,ar_condicionado,2020,Vila Velha,1400.0,unidade,unitario,ESTANDE REFRIGERADO  COMPOSTO DE PLACAS DE TS DE 3MM COM COBERTURA EM MDF BRANCO E PERFIL DE ALUMÍNIO  INCLUINDO AR CON
municipal,ar_condicionado,2020,Vila Velha,3440.0,unidade,unitario,CAMARIM TIPO CONTAINER: MEDINDO 6 METROS DE COMPRIMENTO  COM 2 40 METROS DE LARGURA E 2.50 METROS DE ALTURA; COM REVESTI
municipal,hidroclorotiazida,2020,Vila Velha,0.0139,unidade,unitario,HIDROCLOROTIAZIDA 25 MG  
municipal,haloperidol,2020,Vila Velha,1.14,unidade,unitario,HALOPERIDOL 5 MG/ML SOLUÇÃO INJETÁVEL AMPOLA 1 ML - INTRAMUSCULAR / INTRAVENOSA. 
municipal,loratadina,2020,Vila Velha,0.0854,unidade,unitario,LORATADINA 10 MG  
municipal,anlodipino,2020,Vila Velha,0.0251,unidade,unitario,ANLODIPINO 5MG 
municipal,amitriptilina,2020,Vila Velha,0.0397,unidade,unitario,AMITRIPTILINA 25MG  
municipal,levotiroxina,2020,Vila Velha,0.08,unidade,unitario,LEVOTIROXINA SÓDICA 50 MCG 
municipal,levotiroxina,2020,Vila Velha,0.0747,unidade,unitario,LEVOTIROXINA SÓDICA 100 MCG 
municipal,levotiroxina,2020,Vila Velha,0.0729,unidade,unitario,LEVOTIROXINA SODICA 25MCG COMPRIMIDO 
municipal,envelope,2020,Vila Velha,1.2,unidade,unitario,LUVA CIRÚRGICA ESTÉRIL  TAMANHO 8 5;  CONFORME O PADRÃO NACIONAL. CONFECCIONADA EM LÁTEX NATURAL  COM FORMATO ANATÔMICO 
municipal,luva_procedimento,2020,Vila Velha,16.24,caixa_100,unitario,LUVA DE PROCEDIMENTO TAMANHO M  SEM TALCO E SEM LÁTEX. Caixa com 100 unidades. 
municipal,envelope,2020,Vila Velha,1.18,unidade,unitario,LUVA CIRÚRGICA ESTÉRIL  TAMANHO 6 5 CONFORME O PADRÃO NACIONAL. CONFECCIONADA EM LÁTEX NATURAL  COM FORMATO ANATÔMICO  C
municipal,envelope,2020,Vila Velha,1.14,unidade,unitario,LUVA CIRÚRGICA ESTÉRIL  TAMANHO 7 0;  CONFORME O PADRÃO NACIONAL. CONFECCIONADA EM LÁTEX NATURAL  COM FORMATO ANATÔMICO 
municipal,envelope,2020,Vila Velha,1.17,unidade,unitario,LUVA CIRURGICA ESTÉRIL  TAMANHO 7 5 CONFORME O PADRÃO NACIONAL. CONFECCIONADA EM LÁTEX NATURAL  COM FORMATO ANATÔMICO  C
municipal,envelope,2020,Vila Velha,1.14,unidade,unitario,LUVA CIRÚRGICA ESTÉRIL  TAMANHO 8 0;  CONFORME O PADRÃO NACIONAL. CONFECCIONADA EM LÁTEX NATURAL  COM FORMATO ANATÔMICO 
municipal,amoxicilina,2020,Vila Velha,0.7329,unidade,unitario,Amoxicilina 500 mg + potássio  clavulanato 125 mg comprimido revestido. 
municipal,prednisona,2020,Vila Velha,0.1494,unidade,unitario,PREDNISONA 20MG COMPRIMIDO                                   
municipal,paracetamol,2020,Vila Velha,0.0421,unidade,unitario,PARACETAMOL 500MG COMPRIMIDO 
municipal,agulha_descartavel,2020,Vila Velha,0.28,unidade,unitario,Agulha hipodérmica nº 13 x 4 5 mm estéril de uso único  com bisel trifacetado e ângulos tênues  siliconizado em superfíc
municipal,agulha_descartavel,2020,Vila Velha,0.29,unidade,unitario,Agulha hipodérmica nº 25 x 7 mm estéril de uso único  com bisel trifacetado e ângulos tênues  siliconizado em superfície
municipal,agulha_descartavel,2020,Vila Velha,0.31,unidade,unitario,Agulha hipodérmica nº 25 x 8 mm estéril de uso único  com bisel trifacetado e ângulos tênues  siliconizado em superfície
municipal,agulha_descartavel,2020,Vila Velha,0.29,unidade,unitario,Agulha hipodérmica nº 40 x 12 mm estéril de uso único  com bisel trifacetado e ângulos tênues  siliconizado em superfíci
municipal,enalapril,2020,Vila Velha,0.0434,unidade,unitario,ENALAPRIL  MALEATO 20 MG COMPRIMIDO    
municipal,seringa,2020,Vila Velha,4.41,unidade,unitario,HIDROCORTISONA  SUCCINATO SÓDICO 500 MG - PÓ LIOFILIZADO PARA SOLUÇÃO INJETÁVEL - INTRAVENOSA - AMPOLA - F/A - SERINGA P
municipal,alcool,2020,Vila Velha,8.55,litro,descricao,Álcool Etílico 70% Gel  frasco 800mL  uso dermatológico.  
municipal,haloperidol,2020,Vila Velha,2.36,unidade,unitario,HALOPERIDOL 2MG/ML SOLUÇÃO ORAL - FRASCO CONTA GOTAS 20ML.  
municipal,haloperidol,2020,Vila Velha,4.29,unidade,unitario,HALOPERIDOL DECANOATO 50MG/ML - SOLUÇÃO INJETÁVEL - INTRAMUSCULAR - AMPOLA 1ML   
municipal,metronidazol,2020,Vila Velha,0.111,unidade,unitario,METRONIDAZOL 250MG COMPRIMIDO               
municipal,metronidazol,2020,Vila Velha,7.18,unidade,unitario,METRONIDAZOL 40MG/ML SUSPENSÃO ORAL FRASCO 100ML 
municipal,clonazepam,2020,Vila Velha,0.0599,unidade,unitario,CLONAZEPAM 2MG  COMPRIMIDO   
municipal,shampoo,2020,Vila Velha,40.999,litro,descricao,CETOCONAZOL 20MG/ML   (2%)  XAMPU FRASCO COM 100ML - USO DERMATOLOGICO. . 
municipal,dexametasona,2020,Vila Velha,0.55,unidade,unitario,DEXAMETASONA  FOSFATO DISSÓDICO 1MG/ML SOLUÇÃO OFTALMOLÓGICA  FRASCO CONTA-GOTAS 5ML. 
municipal,dipirona,2020,Vila Velha,0.42,unidade,unitario,DIPIRONA SÓDICA 500MG/ML SOLUÇÃO INJETÁVEL INTRAVENOSA E INTRAMUSCULAR  AMPOLA 2ML. 
municipal,dipirona,2020,Vila Velha,0.42,unidade,unitario,DIPIRONA SÓDICA 500MG/ML SOLUÇÃO INJETÁVEL INTRAVENOSA E INTRAMUSCULAR  AMPOLA 2ML 
municipal,dexametasona,2020,Vila Velha,0.55,unidade,unitario,DEXAMETASONA  FOSFATO DISSÓDICO 4MG/ML  SOLUÇÃO INJETÁVEL  AMPOLA/SERINGA PREENCHIDA/FRASCO-AMPOLA 2 5ML  INTRAMUSCULAR/
municipal,captopril,2020,Vila Velha,0.0234,unidade,unitario,CAPTOPRIL 25MG COMPRIMIDO 
municipal,amoxicilina,2020,Vila Velha,0.1342,unidade,unitario,AMOXICILINA 500MG 
municipal,fenobarbital,2020,Vila Velha,0.1,unidade,unitario,FENOBARBITAL 100MG COMPRIMIDO  
municipal,cefalexina,2020,Vila Velha,7.49,unidade,unitario,CEFALEXINA 50MG/ML PÓ PARA SUSPENSÃO ORAL - FRASCO 100ML 
municipal,diazepam,2020,Vila Velha,0.0826,unidade,unitario,DIAZEPAM 10MG COMPRIMIDO  
municipal,dexametasona,2020,Vila Velha,6.07,unidade,unitario,DEXAMETASONA  FOSFATO DISSÓDICO 1MG/ML SOLUÇÃO OFTALMOLÓGICA  FRASCO CONTA-GOTAS 5ML. 
municipal,dexametasona,2020,Vila Velha,6.07,unidade,unitario,DEXAMETASONA  FOSFATO DISSÓDICO 4MG/ML  SOLUÇÃO INJETÁVEL  AMPOLA/SERINGA PREENCHIDA/FRASCO-AMPOLA 2 5ML  INTRAMUSCULAR/
municipal,enalapril,2020,Vila Velha,0.0612,unidade,unitario,ENALAPRIL  MALEATO 5MG COMPRIMIDO  
municipal,caneta_esferografica,2021,Vila Velha,1.15,unidade,unitario,PULSEIRA DE IDENTIFICAÇÃO MÃEFILHO NUMERADA na cor clara  descartável  confeccionada em plástico apropriado ou outro mat
municipal,fenobarbital,2020,Vila Velha,1.8033,unidade,unitario,FENOBARBITAL SÓDICO 100 MG/ML SOLUÇÃO INJETÁVEL  AMPOLA 2ML. 
municipal,algodao,2021,Vila Velha,16.9725,kg,heuristica,ALGODÃO HIDRÓFILO 500G. O PRODUTO DEVE TER ASPECTO UNIFORME  SER MACIO  BRANCO  TER BOA ABSORÇÃO  SEM GRUMOS  SUBSTÂNCIA
municipal,gaze,2021,Vila Velha,0.6067,unidade,unitario,COMPRESSA DE GAZE 7 5 X 7 5CM  ESTÉRIL PACOTE COM 10 UNIDADES - HIDRÓFILA  MEDINDO 7 5 X 7 5CM  30X15CM ABERTA  CONFECCI
municipal,atenolol,2020,Vila Velha,0.04,unidade,unitario,ATENOLOL 25MG COMPRIMIDO 
municipal,ventilador,2021,Vila Velha,145.2025,unidade,unitario,VENTILADOR DE TETO  VENTILADOR; TIPO: DE TETO; APRESENTAÇÃO: 03 (TRÊS) VELOCIDADES  VELOCIDADES REVERSÍVEL;  OSCILANTE  
municipal,ventilador,2021,Vila Velha,215.0733,unidade,unitario,VENTILADOR DE PAREDE 60CM TUFÃO VENTILADOR; TIPO: DE PAREDE; APRESENTAÇÃO: 600MM DE DIÂMETRO (TUFÃO)  03 (TRÊS) VELOCI
municipal,ventilador,2021,Vila Velha,215.0733,unidade,unitario,VENTILADOR DE PAREDE 60CM TUFÃO VENTILADOR; TIPO: DE PAREDE; APRESENTAÇÃO: 600MM DE DIÂMETRO (TUFÃO)  03 (TRÊS) VELOCI
municipal,desinfetante,2020,Vila Velha,7.98,litro,descricao,Líquido para tapete barreira sanitária (pedilúvio) solução antisséptica  ação desinfetante/biocida  composto de álcool  
municipal,desinfetante,2020,Vila Velha,7.98,litro,descricao,Líquido para tapete barreira sanitária (pedilúvio) solução antisséptica  ação desinfetante/biocida  composto de álcool  
municipal,ar_condicionado,2020,Vila Velha,6803.195,unidade,unitario,APARELHO CONDICIONADOR DE AR SPLIT INVERTER - 30.000 BTU´S 
municipal,ar_condicionado,2020,Vila Velha,6803.195,unidade,unitario,APARELHO CONDICIONADOR DE AR SPLIT INVERTER - 30.000 BTU´S 
municipal,ar_condicionado,2020,Vila Velha,7830.0,unidade,unitario,APARELHO CONDICIONADOR DE AR SPLIT PISO/TETO - 36.000 BTU´S 
municipal,ar_condicionado,2020,Vila Velha,7830.0,unidade,unitario,APARELHO CONDICIONADOR DE AR SPLIT PISO/TETO - 36.000 BTU´S 
municipal,ar_condicionado,2020,Vila Velha,8715.2,unidade,unitario,APARELHO CONDICIONADOR DE AR SPLIT PISO/TETO - 48.000 BTU'S 
municipal,ar_condicionado,2020,Vila Velha,8715.2,unidade,unitario,APARELHO CONDICIONADOR DE AR SPLIT PISO/TETO - 48.000 BTU'S 
municipal,ar_condicionado,2020,Vila Velha,9200.0,unidade,unitario,APARELHO CONDICIONADOR DE AR SPLIT PISO/TETO - 60.000 BTU'S 
municipal,ar_condicionado,2020,Vila Velha,9200.0,unidade,unitario,APARELHO CONDICIONADOR DE AR SPLIT PISO/TETO - 60.000 BTU'S 
municipal,ar_condicionado,2020,Vila Velha,2658.822,unidade,unitario,APARELHO CONDICIONADOR DE AR SPLIT INVERTER - 9.000 BTU´S 
municipal,ar_condicionado,2020,Vila Velha,2658.822,unidade,unitario,APARELHO CONDICIONADOR DE AR SPLIT INVERTER - 9.000 BTU´S 
municipal,ar_condicionado,2020,Vila Velha,2996.0,unidade,unitario,APARELHO CONDICIONADOR DE AR SPLIT INVERTER - 12.000 BTU´S 
municipal,ar_condicionado,2020,Vila Velha,2996.0,unidade,unitario,APARELHO CONDICIONADOR DE AR SPLIT INVERTER - 12.000 BTU´S 
municipal,ar_condicionado,2020,Vila Velha,3760.0,unidade,unitario,APARELHO CONDICIONADOR DE AR SPLIT INVERTER - 18.000 BTU´S 
municipal,ar_condicionado,2020,Vila Velha,3760.0,unidade,unitario,APARELHO CONDICIONADOR DE AR SPLIT INVERTER - 18.000 BTU´S 
municipal,ar_condicionado,2020,Vila Velha,5054.0,unidade,unitario,APARELHO CONDICIONADOR DE AR SPLIT INVERTER - 24.000 BTU´S 
municipal,ar_condicionado,2020,Vila Velha,5054.0,unidade,unitario,APARELHO CONDICIONADOR DE AR SPLIT INVERTER - 24.000 BTU´S 
municipal,aas,2020,Vila Velha,0.61,unidade,unitario,ÁCIDO ACETILSALICÍLICO TAMPONADO 200MG COMPRIMIDO 
municipal,levotiroxina,2021,Vila Velha,1.2333,unidade,unitario,LEVOTIROXINA SÓDICA 125MCG (AQUISIÇÃO POR MARCA SYNTHROID®) 
municipal,luva_procedimento,2020,Vila Velha,37.375,caixa_100,unitario,LUVA DE PROCEDIMENTO TAMANHO M  SEM TALCO E SEM LÁTEX. Caixa com 100 unidades. 
municipal,salbutamol,2021,Vila Velha,1.8567,unidade,unitario,SALBUTAMOL (SULFATO) 0 5 MG/ML SOLUÇÃO INJETÁVEL INTRAVENOSA  INTRAMUSCULAR OU SUBCUTÂNEA  AMPOLA 1 ML 
municipal,aas,2021,Vila Velha,0.3325,unidade,unitario,ÁCIDO ACETILSALICÍLICO 81MG COMPRIMIDO 
municipal,carbamazepina,2021,Vila Velha,0.52,unidade,unitario,CARBAMAZEPINA 400MG COMPRIMIDO (TEGRETOL ® OU GENÉRICO)  
municipal,levotiroxina,2021,Vila Velha,0.29,unidade,unitario,LEVOTIROXINA SÓDICA 38MCG COMPRIMIDO 
municipal,cadeira,2020,Vila Velha,85.0,unidade,unitario,CADEIRA FIXA EM POLIPROPILENO  ESPALDAR BAIXO  SEM BRAÇO: DIMENSÕES APROXIMADAS: ALTURA TOTAL: 0 80 A 0 90M; PROFUNDIDAD
municipal,cadeira,2020,Vila Velha,303.72,unidade,unitario,CADEIRA GIRATÓRIA  EM POLIPROPILENO  COM APÓIA-BRAÇO  ESPALDAR MÉDIO  COM RODÍZIOS E REGULAGEM DE ALTURA: DIMENSÕES APRO
municipal,cadeira,2020,Vila Velha,637.59,unidade,unitario,CADEIRA GIRATÓRIA  EM POLIPROPILENO  SEM APÓIA-BRAÇO  ESPALDAR MÉDIO  COM RODÍZIOS E REGULAGEM DE ALTURA: DIMENSÕES APRO
municipal,notebook,2020,Vila Velha,1978.0,unidade,unitario,Chromebook  PROCESSADOR  - 01 (UM) PROCESSADOR  PADRA~O DE ARQUITETURA DO PROCESSADOR X86 DE 32 BITS COM SUPORTE A` EXTE
municipal,notebook,2020,Vila Velha,1978.0,unidade,unitario,Chromebook - Distribuição Gratuita  PROCESSADOR  - 01 (UM) PROCESSADOR  PADRA~O DE ARQUITETURA DO PROCESSADOR X86 DE 32 
municipal,diesel,2021,Vila Velha,3.249,litro,unidade_declarada,Gerenciamento de abastecimento de combustíveis - DIESEL COMUM 
municipal,diesel,2021,Vila Velha,3.288,litro,unidade_declarada,Gerenciamento de abastecimento de combustíveis - DIESEL S10 
municipal,etanol,2021,Vila Velha,3.232,litro,unidade_declarada,Gerenciamento de abastecimento de combustíveis - ETANOL 
municipal,gasolina,2021,Vila Velha,4.115,litro,unidade_declarada,Gerenciamento de abastecimento de combustíveis - GASOLINA COMUM 
municipal,gasolina,2021,Vila Velha,4.115,litro,unidade_declarada,Gerenciamento de abastecimento de combustíveis - GASOLINA COMUM 
municipal,envelope,2020,Vila Velha,0.78,unidade,unitario,ENVELOPE BRANCO A4 TIMBRADO - FORMATO 240X340 MM (FECHADO) E 510X428 MM (ABERTO)  IMPRESSÃO 4X0 CORES EM PAPEL APERGAMIN
municipal,seringa,2021,Vila Velha,0.52,unidade,unitario,Seringa estéril descartável 1ml (TUBERCULINA) com agulha 13 x 0 38 com cilindro tratado internamente com silicone de gra
municipal,risperidona,2020,Vila Velha,0.34,unidade,unitario,RISPERIDONA 1 MG - COMPRIMIDO REVESTIDO.                                       
municipal,risperidona,2020,Vila Velha,0.99,unidade,unitario,RISPERIDONA 2 MG COMPRIMIDO REVESTIDO 
municipal,metronidazol,2020,Vila Velha,4.42,unidade,unitario,METRONIDAZOL 5MG/ML SOLUÇÃO INJETÁVEL FRASCO 100ML. 
municipal,arroz,2020,Vila Velha,16.84,kg,descricao,CESTA BASICA Descrição dos Materiais componentes da cesta Arroz tipo 1  5kg  UN-01 Açúcar Cristal 5kg UN -01 Feijão Pre
municipal,arroz,2020,Vila Velha,16.84,kg,descricao,CESTA BASICA Descrição dos Materiais componentes da cesta Arroz tipo 1  5kg  UN-01 Açúcar Cristal 5kg UN -01 Feijão Pre
municipal,acucar,2020,Vila Velha,24.95,kg,descricao,Leite em pó integral  sem adição de açúcar  pó uniforme sem grumos  cor  aroma e odor característicos  não rançoso  acon
municipal,suco,2020,Vila Velha,24.0,litro,descricao,Sardinha em Conserva em óleo contendo água de constituição (ao próprio suco)  óleo vegetal de soja e sal. Embalagem em l
municipal,oleo_soja,2020,Vila Velha,8.3222,litro,descricao,Óleo de Soja Vegetal  envasado em garrafa plástica resistente transparente  contendo 900 ml  com identificação na embala
municipal,arroz,2020,Vila Velha,5.075,kg,descricao,Arroz Branco tipo 1  polido  acondicionado em embalagem resistente de polietileno atóxico  contendo 2Kg  com identificaç
municipal,fuba,2020,Vila Velha,1.98,kg,descricao,Fubá de Milho  produto obtido da moagem do grão de milho sãos  limpos  isentos de matéria terrosa e parasita. Não podend
municipal,feijao,2020,Vila Velha,6.26,kg,descricao,Feijão tipo 1  Preto acondicionado em embalagem resistente de polietileno atóxico transparente  contendo 1 kg  com ident
municipal,acucar,2020,Vila Velha,2.32,kg,descricao,Açúcar Cristal  acondicionado em embalagem resistente de polietileno atóxico transparente  contendo 2kg  com identificaç
municipal,macarrao,2020,Vila Velha,4.1,kg,descricao,Macarrão  do Tipo Espaguete  com ovos  acondicionado em embalagem resistente de polietileno atóxico transparente  com id
municipal,goiaba,2020,Vila Velha,3.86,kg,unidade_declarada,Goiaba in natura  própria para o consumo deverá ser procedente de espécies genuínas e sãs  e satisfazer as seguintes con
municipal,goiaba,2020,Vila Velha,3.86,kg,unidade_declarada,Goiaba in natura  própria para o consumo deverá ser procedente de espécies genuínas e sãs  e satisfazer as seguintes con
municipal,limao,2020,Vila Velha,6.16,kg,unidade_declarada,Limão in natura extra  procedente de espécie genuína e sã  fresca  sem apresentar avarias de casca. Isento de lesões de 
municipal,limao,2020,Vila Velha,6.16,kg,unidade_declarada,Limão in natura extra  procedente de espécie genuína e sã  fresca  sem apresentar avarias de casca. Isento de lesões de 
municipal,maca_fruta,2020,Vila Velha,5.76,kg,unidade_declarada,Maçã nacional in natura extra  sem apresentar avarias de casca  procedente de espécie genuína e sã  fresca  com grau de 
municipal,maca_fruta,2020,Vila Velha,5.76,kg,unidade_declarada,Maçã nacional in natura extra  sem apresentar avarias de casca  procedente de espécie genuína e sã  fresca  com grau de 
municipal,mamao,2020,Vila Velha,4.19,kg,unidade_declarada,Mamão Formosa in natura extra  apresentando maturação média (de vez)  polpa firme ao toque  procedente de espécie genuín
municipal,mamao,2020,Vila Velha,4.19,kg,unidade_declarada,Mamão Formosa in natura extra  apresentando maturação média (de vez)  polpa firme ao toque  procedente de espécie genuín
municipal,melancia,2020,Vila Velha,2.57,kg,unidade_declarada,Melancia in natura extra  com grau de maturação adequado para o consumo  casca firme sem avarias  polpa firme de coloraç
municipal,melancia,2020,Vila Velha,2.57,kg,unidade_declarada,Melancia in natura extra  com grau de maturação adequado para o consumo  casca firme sem avarias  polpa firme de coloraç
municipal,abacaxi,2020,Vila Velha,6.39,unidade,unitario,Abacaxi comum extra  in natura  com grau de maturação adequado para o consumo  sem apresentar avarias de casca  proceden
municipal,abacaxi,2020,Vila Velha,6.39,unidade,unitario,Abacaxi comum extra  in natura  com grau de maturação adequado para o consumo  sem apresentar avarias de casca  proceden
municipal,banana,2020,Vila Velha,5.54,kg,unidade_declarada,Banana da terra extra  in natura  procedente de espécies genuínas e sãs  com grau de maturação adequado para o consumo  
municipal,banana,2020,Vila Velha,5.54,kg,unidade_declarada,Banana da terra extra  in natura  procedente de espécies genuínas e sãs  com grau de maturação adequado para o consumo  
municipal,banana,2020,Vila Velha,4.13,kg,unidade_declarada,Banana prata extra in natura  com grau de maturação adequado para o consumo  procedentes de espécies genuínas e sãs  pol
municipal,banana,2020,Vila Velha,4.13,kg,unidade_declarada,Banana prata extra in natura  com grau de maturação adequado para o consumo  procedentes de espécies genuínas e sãs  pol
municipal,pincel_quadro,2020,Vila Velha,1.67,unidade,unitario,MARCADOR PARA QUADRO BRANCO  APRESENTAÇÃO CANETA  COR DA TINTA: AZUL  TINTA: NÃO PERMANENTE  MATERIAL: PLÁSTICO; FORMATO
municipal,pincel_quadro,2020,Vila Velha,1.61,unidade,unitario,MARCADOR PARA QUADRO BRANCO  APRESENTAÇÃO CANETA  COR DA TINTA: PRETA  TINTA: NÃO PERMANENTE  MATERIAL: PLÁSTICO; FORMAT
municipal,pincel_quadro,2020,Vila Velha,1.64,unidade,unitario,MARCADOR PARA QUADRO BRANCO  APRESENTAÇÃO CANETA  COR DA TINTA: VERMELHA  TINTA: NÃO PERMANENTE  MATERIAL: PLÁSTICO; FOR
municipal,lapis,2020,Vila Velha,0.93,unidade,unitario,LÁPIS PRETO  MATERIAL CORPO MADEIRA  DIÂMETRO CARGA 2 MM  DUREZA CARGA HB  FORMATO CILÍNDRICO  CARACTERÍSTICAS ADICIONAI
municipal,shampoo,2020,Vila Velha,59.8,litro,descricao,SHAMPOO CONTRA ECTOPARASITAS QUE INFESTAM CÃES E GATOS A BASE DE PERMETRINA E AINDA COM AÇÃO ANTISSÉPTICA E SUAVIZANTE Q
municipal,ar_condicionado,2020,Vila Velha,1789.475,unidade,unitario,APARELHO DE AR CONDICIONADO PORTÁTIL; CAPACIDADE DE REFRIGERAÇÃO DE 12.000 BTU; VOLTAGEM BI-VOLT OU 127 VOLTS; COMPRESSO
municipal,azeite,2020,Vila Velha,47.18,litro,descricao,Azeite de Oliva extra virgem  acondicionado em embalagem de vidro cor escura não violada  que garanta a integridade do p
municipal,azeite,2020,Vila Velha,47.18,litro,descricao,Azeite de Oliva extra virgem  acondicionado em embalagem de vidro cor escura não violada  que garanta a integridade do p
municipal,oleo_soja,2020,Vila Velha,7.4889,litro,descricao,Óleo de Soja Vegetal  envasado em garrafa plástica resistente transparente  contendo 900 ml  com identificação na embala
municipal,oleo_soja,2020,Vila Velha,7.4889,litro,descricao,Óleo de Soja Vegetal  envasado em garrafa plástica resistente transparente  contendo 900 ml  com identificação na embala
municipal,vinagre,2020,Vila Velha,2.7067,litro,descricao,Vinagre  envasado em garrafa de polietileno atóxica resistente transparente  contendo 750 ml  com identificação na embal
municipal,vinagre,2020,Vila Velha,2.7067,litro,descricao,Vinagre  envasado em garrafa de polietileno atóxica resistente transparente  contendo 750 ml  com identificação na embal
municipal,farinha_mandioca,2020,Vila Velha,3.54,kg,descricao,Farinha de Mandioca crua tipo 1  grupo seca  subgrupo fina  classe branca  obtido das raízes de mandioca sadias  devidam
municipal,farinha_mandioca,2020,Vila Velha,3.54,kg,descricao,Farinha de Mandioca crua tipo 1  grupo seca  subgrupo fina  classe branca  obtido das raízes de mandioca sadias  devidam
municipal,farinha_trigo,2020,Vila Velha,3.7,kg,descricao,Farinha de Trigo Especial ou de Primeira  fabricada a partir de grãos de trigo sãos e limpos  isentos de matéria terrosa
municipal,farinha_trigo,2020,Vila Velha,3.7,kg,descricao,Farinha de Trigo Especial ou de Primeira  fabricada a partir de grãos de trigo sãos e limpos  isentos de matéria terrosa
municipal,sal,2020,Vila Velha,1.37,kg,descricao,Sal Iodado Refinado  acondicionado em embalagem resistente de polietileno atóxico  com identificação na embalagem dos in
municipal,sal,2020,Vila Velha,1.37,kg,descricao,Sal Iodado Refinado  acondicionado em embalagem resistente de polietileno atóxico  com identificação na embalagem dos in
municipal,amido_milho,2020,Vila Velha,10.72,kg,descricao,Amido de Milho tipo 1  sob a forma de pó fino  cor branca  fabricado a partir de matérias primas sãs e limpas  acondicio
municipal,amido_milho,2020,Vila Velha,10.72,kg,descricao,Amido de Milho tipo 1  sob a forma de pó fino  cor branca  fabricado a partir de matérias primas sãs e limpas  acondicio
municipal,fuba,2020,Vila Velha,2.51,kg,descricao,Fubá de Milho  produto obtido da moagem do grão de milho sãos  limpos  isentos de matéria terrosa e parasita. Não podend
municipal,fuba,2020,Vila Velha,2.51,kg,descricao,Fubá de Milho  produto obtido da moagem do grão de milho sãos  limpos  isentos de matéria terrosa e parasita. Não podend
municipal,feijao,2020,Vila Velha,6.94,kg,descricao,Feijão tipo 1  Preto acondicionado em embalagem resistente de polietileno atóxico transparente  com identificação na emb
municipal,feijao,2020,Vila Velha,6.94,kg,descricao,Feijão tipo 1  Preto acondicionado em embalagem resistente de polietileno atóxico transparente  com identificação na emb
municipal,suco,2020,Vila Velha,32.64,litro,descricao,Sardinha em Conserva em óleo contendo água de constituição (ao próprio suco)  óleo vegetal de soja e sal. Embalagem em l
municipal,suco,2020,Vila Velha,32.64,litro,descricao,Sardinha em Conserva em óleo contendo água de constituição (ao próprio suco)  óleo vegetal de soja e sal. Embalagem em l
municipal,arroz,2020,Vila Velha,4.152,kg,descricao,Arroz Branco tipo 1  polido  acondicionado em embalagem resistente de polietileno atóxico  com identificação na embalage
municipal,arroz,2020,Vila Velha,4.152,kg,descricao,Arroz Branco tipo 1  polido  acondicionado em embalagem resistente de polietileno atóxico  com identificação na embalage
municipal,acucar,2020,Vila Velha,2.318,kg,descricao,Açúcar Cristal  acondicionado em embalagem resistente de polietileno atóxico transparente  com identificação na embalage
municipal,acucar,2020,Vila Velha,2.318,kg,descricao,Açúcar Cristal  acondicionado em embalagem resistente de polietileno atóxico transparente  com identificação na embalage
municipal,macarrao,2020,Vila Velha,5.8,kg,descricao,Macarrão  do Tipo Parafuso  com ovos  acondicionado em embalagem resistente de polietileno atóxico transparente  com ide
municipal,macarrao,2020,Vila Velha,5.8,kg,descricao,Macarrão  do Tipo Parafuso  com ovos  acondicionado em embalagem resistente de polietileno atóxico transparente  com ide
municipal,macarrao,2020,Vila Velha,6.2,kg,descricao,Macarrão  do Tipo Espaguete  com ovos  acondicionado em embalagem resistente de polietileno atóxico transparente  com id
municipal,macarrao,2020,Vila Velha,6.2,kg,descricao,Macarrão  do Tipo Espaguete  com ovos  acondicionado em embalagem resistente de polietileno atóxico transparente  com id
municipal,macarrao,2020,Vila Velha,10.84,kg,descricao,Macarrão Isento de Glúten  de fécula de batata  de arroz ou outros  embalado em saco resistente de polietileno atóxico t
municipal,macarrao,2020,Vila Velha,10.84,kg,descricao,Macarrão Isento de Glúten  de fécula de batata  de arroz ou outros  embalado em saco resistente de polietileno atóxico t
municipal,macarrao,2020,Vila Velha,11.36,kg,descricao,Macarrão Integral Parafuso  acondicionado em embalagem resistente de polietileno atóxico. A embalagem deverá conter exte
municipal,macarrao,2020,Vila Velha,11.36,kg,descricao,Macarrão Integral Parafuso  acondicionado em embalagem resistente de polietileno atóxico. A embalagem deverá conter exte
municipal,aveia,2020,Vila Velha,17.95,kg,descricao,Aveia em Flocos  acondicionado em papel impermeável  limpo  não violada  resistente e acondicionada em caixas de papelão
municipal,aveia,2020,Vila Velha,17.95,kg,descricao,Aveia em Flocos  acondicionado em papel impermeável  limpo  não violada  resistente e acondicionada em caixas de papelão
municipal,canjica,2020,Vila Velha,5.2,kg,descricao,Milho para Preparo de Canjica Branca  acondicionado em embalagem resistente de polietileno atóxico transparente  com ide
municipal,canjica,2020,Vila Velha,5.2,kg,descricao,Milho para Preparo de Canjica Branca  acondicionado em embalagem resistente de polietileno atóxico transparente  com ide
municipal,seringa,2020,Vila Velha,0.59,unidade,unitario,Seringa hipodérmica estéril descartável  com capacidade para 0 5 ml (UI)  confeccionada em material atóxico  com bico co
municipal,seringa,2020,Vila Velha,0.39,unidade,unitario,SERINGA DESCARTAVEL  SEM DISPOSITIVO DE SEGURANÇA; COM AGULHA FIXA  PARA INSULINA  CAPACIDADE 1ML/100UI  GRADUAÇÃO/ESCAL
municipal,luva_procedimento,2020,Vila Velha,44.3175,caixa_100,unitario,LUVA DE PROCEDIMENTO TAMANHO M  SEM TALCO E SEM LÁTEX. Caixa com 100 unidades. 
municipal,envelope,2020,Vila Velha,2.18,unidade,unitario,LUVA CIRÚRGICA ESTÉRIL  TAMANHO 6 5 CONFORME O PADRÃO NACIONAL. CONFECCIONADA EM LÁTEX NATURAL  COM FORMATO ANATÔMICO  C
municipal,envelope,2020,Vila Velha,1.52,unidade,unitario,LUVA CIRÚRGICA ESTÉRIL  TAMANHO 8 0;  CONFORME O PADRÃO NACIONAL. CONFECCIONADA EM LÁTEX NATURAL  COM FORMATO ANATÔMICO 
municipal,envelope,2020,Vila Velha,2.1067,unidade,unitario,LUVA CIRÚRGICA ESTÉRIL  TAMANHO 8 5;  CONFORME O PADRÃO NACIONAL. CONFECCIONADA EM LÁTEX NATURAL  COM FORMATO ANATÔMICO 
municipal,envelope,2020,Vila Velha,2.05,unidade,unitario,LUVA CIRÚRGICA ESTÉRIL  TAMANHO 7 0;  CONFORME O PADRÃO NACIONAL. CONFECCIONADA EM LÁTEX NATURAL  COM FORMATO ANATÔMICO 
municipal,envelope,2020,Vila Velha,1.7875,unidade,unitario,LUVA CIRURGICA ESTÉRIL  TAMANHO 7 5 CONFORME O PADRÃO NACIONAL. CONFECCIONADA EM LÁTEX NATURAL  COM FORMATO ANATÔMICO  C
municipal,salbutamol,2020,Vila Velha,1.72,unidade,unitario,SALBUTAMOL 0 5MG/ML SOLUÇÃO INJETÁVEL 
municipal,fenobarbital,2020,Vila Velha,2.0,unidade,unitario,Fenobarbital 100 mg/ml solução injetável ampola 2 ml.. 
municipal,bebedouro,2021,Vila Velha,710.13,unidade,unitario,BEBEDOURO DE COLUNA: Bebedouro de coluna com filtro  gabinete em aço inoxidável com duas torneiras (uma jato e uma copo)
municipal,bebedouro,2021,Vila Velha,710.13,unidade,unitario,BEBEDOURO DE COLUNA: Bebedouro de coluna com filtro  gabinete em aço inoxidável com duas torneiras (uma jato e uma copo)
municipal,bebedouro,2021,Vila Velha,1009.69,unidade,unitario,BEBEDOURO DE COLUNA  CONJUGADO: Bebedouro de pressão conjugado (adulto e infantil)  com gabinete em chapa de aço inoxid
municipal,bebedouro,2021,Vila Velha,1009.69,unidade,unitario,BEBEDOURO DE COLUNA  CONJUGADO: Bebedouro de pressão conjugado (adulto e infantil)  com gabinete em chapa de aço inoxid
municipal,atenolol,2020,Vila Velha,0.11,unidade,unitario,ATENOLOL 25MG COMPRIMIDO 
municipal,seringa,2020,Vila Velha,2.5,unidade,unitario,Sonda Foley  calibre 14  com balão de 10 a 30cc  (aproximadamente) que deverá ser resistente a alta pressa e fácil insuf
municipal,acucar,2020,Vila Velha,8.78,kg,heuristica,Leite em pó integral   sem adição de açúcar  pó uniforme sem grumos  cor  aroma e odor característicos  não rançoso  aco
municipal,acucar,2020,Vila Velha,8.78,kg,heuristica,Leite em pó integral   sem adição de açúcar  pó uniforme sem grumos  cor  aroma e odor característicos  não rançoso  aco
municipal,acucar,2020,Vila Velha,14.23,kg,unidade_declarada,Leite em pó integral  sem lactose  sem adição de açúcar  pó uniforme sem grumos  cor  aroma e odor característicos  não 
municipal,margarina,2020,Vila Velha,10.26,kg,descricao,Margarina com sal  deverá apresentar forma cremosa à temperatura ambiente  cor amarela claro  sem manchas ou pontos de o
municipal,margarina,2020,Vila Velha,10.26,kg,descricao,Margarina com sal  deverá apresentar forma cremosa à temperatura ambiente  cor amarela claro  sem manchas ou pontos de o
municipal,iogurte,2020,Vila Velha,6.79,litro,descricao,Iogurte  produto lácteo com polpa de frutas  sabor morango  refrigerado; mistura homogênea  isenta de estufamento  mofo 
municipal,iogurte,2020,Vila Velha,6.79,litro,descricao,Iogurte  produto lácteo com polpa de frutas  sabor morango  refrigerado; mistura homogênea  isenta de estufamento  mofo 
municipal,acucar,2020,Vila Velha,2.39,kg,heuristica,Iogurte Integral  produto lácteo  sem corantes  sem sabor e sem açúcar  a base de leite integral e fermento lácteo  refr
municipal,acucar,2020,Vila Velha,2.39,kg,heuristica,Iogurte Integral  produto lácteo  sem corantes  sem sabor e sem açúcar  a base de leite integral e fermento lácteo  refr
municipal,requeijao,2020,Vila Velha,24.1,kg,descricao,Requeijão cremoso  pasteurizado  fabricado com matérias-primas sãs e limpas  isenta de matéria terrosa parasitas e em pe
municipal,ar_condicionado,2020,Vila Velha,3000.0,unidade,unitario,Aparelho de ar condicionado tipo SPLIT  Tensão de alimentação 220V/60HZ  Capacidade de refrigeração igual a 9.000 BTU/H 
municipal,ar_condicionado,2020,Vila Velha,3450.0,unidade,unitario,Aparelho de ar condicionado tipo SPLIT  Tensão de alimentação 220V/60HZ  Capacidade de refrigeração igual a 12.000 BTU/H
municipal,ar_condicionado,2020,Vila Velha,4500.0,unidade,unitario,Aparelho de ar condicionado tipo SPLIT  Tensão de alimentação 220V/60HZ  Capacidade de refrigeração igual a 18.000 BTU/H
municipal,ar_condicionado,2020,Vila Velha,5100.0,unidade,unitario,Aparelho de ar condicionado tipo SPLIT  Tensão de alimentação 220V/60HZ  Capacidade de refrigeração igual a 24.000 BTU/H
municipal,ar_condicionado,2020,Vila Velha,5100.0,unidade,unitario,Aparelho de ar condicionado tipo SPLIT  Tensão de alimentação 220V/60HZ  Capacidade de refrigeração igual a 20.000 BTU/H
municipal,tinta_latex,2021,Vila Velha,16.28,litro,descricao,Tinta acrílica fosco  Lata com 18 Litros  rendimento por demão sobre reboco/ massa acrílica corrida no mínimo de 378m² p
municipal,tinta_latex,2021,Vila Velha,16.28,litro,descricao,Tinta acrílica fosco  Lata com 18 Litros  rendimento por demão sobre reboco/ massa acrílica corrida no mínimo de 378m² p
municipal,tinta_latex,2021,Vila Velha,16.28,litro,descricao,Tinta acrílica fosco  Lata com 18 Litros  rendimento por demão sobre reboco/ massa acrílica corrida no mínimo de 378m² p
municipal,tinta_latex,2021,Vila Velha,16.28,litro,descricao,Tinta acrílica fosco  Lata com 18 Litros  rendimento por demão sobre reboco/ massa acrílica corrida no mínimo de 378m² p
municipal,tinta_latex,2021,Vila Velha,16.28,litro,descricao,Tinta acrílica fosco  Lata com 18 Litros  rendimento por demão sobre reboco/ massa acrílica corrida no mínimo de 378m² p
municipal,tinta_latex,2021,Vila Velha,16.28,litro,descricao,Tinta acrílica fosco  Lata com 18 Litros  rendimento por demão sobre reboco/ massa acrílica corrida no mínimo de 378m² p
municipal,tinta_latex,2021,Vila Velha,16.28,litro,descricao,Tinta acrílica fosco  Lata com 18 Litros  rendimento por demão sobre reboco/ massa acrílica corrida no mínimo de 378m² p
municipal,tinta_latex,2021,Vila Velha,16.28,litro,descricao,Tinta acrílica fosco  Lata com 18 Litros  rendimento por demão sobre reboco/ massa acrílica corrida no mínimo de 378m² p
municipal,tinta_latex,2021,Vila Velha,13.16,litro,descricao,Tinta Acrílica para piso  lata com 18 Litros  rendimento por demão no mínimo de 350m² por lata de 18 litros  na cor Amar
municipal,tinta_latex,2021,Vila Velha,13.16,litro,descricao,Tinta Acrílica para piso  lata com 18 Litros  rendimento por demão no mínimo de 350m² por lata de 18 litros  na cor Azul
municipal,tinta_latex,2021,Vila Velha,13.16,litro,descricao,Tinta Acrílica para piso  lata com 18 Litros  rendimento por demão no mínimo de 350m² por lata de 18 litros  na cor Bran
municipal,tinta_latex,2021,Vila Velha,13.16,litro,descricao,Tinta Acrílica para piso  lata com 18 Litros  rendimento por demão no mínimo de 350m² por lata de 18 litros  na cor Café
municipal,tinta_latex,2021,Vila Velha,13.16,litro,descricao,Tinta Acrílica para piso  lata com 18 Litros  rendimento por demão no mínimo de 350m² por lata de 18 litros  na cor Conc
municipal,tinta_latex,2021,Vila Velha,13.16,litro,descricao,Tinta Acrílica para piso  lata com 18 Litros  rendimento por demão no mínimo de 350m² por lata de 18 litros  na cor Pita
municipal,tinta_latex,2021,Vila Velha,13.16,litro,descricao,Tinta Acrílica para piso  lata com 18 Litros  rendimento por demão no mínimo de 350m² por lata de 18 litros  na cor Verd
municipal,tinta_latex,2021,Vila Velha,13.16,litro,descricao,Tinta Acrílica para piso  lata com 18 Litros  rendimento por demão no mínimo de 350m² por lata de 18 litros  na cor Verm
municipal,tinta_latex,2021,Vila Velha,15.42,litro,descricao,Tinta Látex PVA lata com 18 Litros  rendimento por demão sobre reboco/ massa acrílica corrida no mínimo de 378m² por lat
municipal,tinta_latex,2021,Vila Velha,15.42,litro,descricao,Tinta Látex PVA lata com 18 Litros  rendimento por demão sobre reboco/ massa acrílica corrida no mínimo de 378m² por lat
municipal,torneira,2021,Vila Velha,76.47,unidade,unitario,"Torneira de metal cromada para tanque 1/2""  "
municipal,torneira,2021,Vila Velha,76.47,unidade,unitario,"Torneira de metal cromada para tanque 1/2""  "
municipal,areia,2021,Vila Velha,71.67,m3,unitario,Areia lavada média 
municipal,areia,2021,Vila Velha,71.67,m3,unitario,Areia lavada média 
municipal,argamassa,2021,Vila Velha,1.81,kg,descricao,Argamassa AC-3  para assentamento de piso podotátil em áreas externas  sujeitas a ação do tempo  sol  vento e chuva; sac
municipal,tijolo,2021,Vila Velha,1.93,unidade,unitario,Bloco de concreto com resistência a compressão final  de acordo com as normas da ABNT  dimensões 9x19x39 
municipal,tijolo,2021,Vila Velha,2.59,unidade,unitario,Bloco de concreto com resistência a compressão final  de acordo com as normas da ABNT  dimensões: 14x19x39 
municipal,brita,2021,Vila Velha,92.47,m3,unitario,Brita 0  
municipal,brita,2021,Vila Velha,90.03,m3,unitario,Brita 1 
municipal,cimento,2021,Vila Velha,21.5,saco_50kg,unitario,Cimento CP III - 40 Saco 50Kg 
municipal,cimento,2021,Vila Velha,21.5,saco_50kg,unitario,Cimento CP III - 40 Saco 50Kg 
municipal,tubo_pvc,2021,Vila Velha,9.36,metro,unitario,Cola para tubo PVC  frasco 175 g 
municipal,tubo_pvc,2021,Vila Velha,9.36,metro,unitario,Cola para tubo PVC  frasco 175 g 
municipal,tubo_pvc,2021,Vila Velha,9.0,metro,unitario,Fita veda rosca para tubo PVC na dimensão 18mm x 50 m 
municipal,tubo_pvc,2021,Vila Velha,9.0,metro,unitario,Fita veda rosca para tubo PVC na dimensão 18mm x 50 m 
municipal,torneira,2021,Vila Velha,13.8,unidade,unitario,"Torneira de metal amarelo com bico para jardim 1/2"" padrão popular                                 "
municipal,torneira,2021,Vila Velha,44.0,unidade,unitario,"Torneira de metal cromada para lavatório 1/2"" "
municipal,torneira,2021,Vila Velha,44.0,unidade,unitario,"Torneira de metal cromada para lavatório 1/2"" "
municipal,torneira,2021,Vila Velha,44.0,unidade,unitario,"Torneira de metal cromada para lavatório 1/2"" "
municipal,torneira,2021,Vila Velha,106.97,unidade,unitario,"Torneira de metal cromada para pia 1/2"" "
municipal,torneira,2021,Vila Velha,106.97,unidade,unitario,"Torneira de metal cromada para pia 1/2"" "
municipal,torneira,2021,Vila Velha,106.97,unidade,unitario,"Torneira de metal cromada para pia 1/2"" "
municipal,tijolo,2021,Vila Velha,1.14,unidade,unitario,BLOCO CERÂMICO 10 furos 09x19x19 cm COMPRIMENTO   
municipal,tijolo,2021,Vila Velha,1.14,unidade,unitario,BLOCO CERÂMICO 10 furos 09x19x19 cm COMPRIMENTO   
municipal,areia,2021,Vila Velha,90.0,m3,unitario,Areia fina 
municipal,diazepam,2021,Vila Velha,0.6085,unidade,unitario,DIAZEPAM 5 MG/ML - SOLUÇÃO INJETÁVEL - INTRAVENOSA - AMPOLA 2ML.                    
municipal,envelope,2021,Vila Velha,2.4775,unidade,unitario,LUVA CIRÚRGICA ESTÉRIL  TAMANHO 6 5 CONFORME O PADRÃO NACIONAL. CONFECCIONADA EM LÁTEX NATURAL  COM FORMATO ANATÔMICO  C
municipal,envelope,2021,Vila Velha,2.164,unidade,unitario,LUVA CIRÚRGICA ESTÉRIL  TAMANHO 7 0;  CONFORME O PADRÃO NACIONAL. CONFECCIONADA EM LÁTEX NATURAL  COM FORMATO ANATÔMICO 
municipal,envelope,2021,Vila Velha,2.286,unidade,unitario,LUVA CIRURGICA ESTÉRIL  TAMANHO 7 5 CONFORME O PADRÃO NACIONAL. CONFECCIONADA EM LÁTEX NATURAL  COM FORMATO ANATÔMICO  C
municipal,envelope,2021,Vila Velha,2.39,unidade,unitario,LUVA CIRÚRGICA ESTÉRIL  TAMANHO 8 0;  CONFORME O PADRÃO NACIONAL. CONFECCIONADA EM LÁTEX NATURAL  COM FORMATO ANATÔMICO 
municipal,envelope,2021,Vila Velha,2.51,unidade,unitario,LUVA CIRÚRGICA ESTÉRIL  TAMANHO 8 5;  CONFORME O PADRÃO NACIONAL. CONFECCIONADA EM LÁTEX NATURAL  COM FORMATO ANATÔMICO 
municipal,seringa,2021,Vila Velha,1.082,unidade,unitario,SERINGA POLIPROPILENO  20 ML  SEM AGULHA  SLIP LUER  EM PLASTICO TRANSPARENTE  ATOXICO  CAPAZ DE GARANTIR CONEXOES SEGUR
municipal,seringa,2021,Vila Velha,0.798,unidade,unitario,SERINGA POLIPROPILENO  10 ML  SEM AGULHA  LUER LOCK  EM PLASTICO TRANSPARENTE  ATOXICO  CAPAZ DE GARANTIR CONEXOES SEGUR
municipal,seringa,2021,Vila Velha,0.41,unidade,unitario,SERINGA POLIPROPILENO  3 ML  SEM AGULHA  LUER LOCK  EM PLASTICO TRANSPARENTE  ATOXICO  CAPAZ DE GARANTIR CONEXOES SEGURA
municipal,seringa,2021,Vila Velha,0.51,unidade,unitario,SERINGA  POLIPROPILENO  5ML  SEM AGULHA  LUER LOCK  em plástico transparente  atóxico  capaz de garantir conexões segura
municipal,seringa,2021,Vila Velha,0.7375,unidade,unitario,SERINGA  POLIPROPILENO  10 ML  SEM AGULHA  SLIP LUER  EM PLÁSTICO TRANSPARENTE  ATÓXICO  CAPAZ DE GARANTIR CONEXÕES SEGU
municipal,enalapril,2021,Vila Velha,0.049,unidade,unitario,ENALAPRIL  MALEATO 20 MG COMPRIMIDO    
municipal,aas,2021,Vila Velha,0.0333,unidade,unitario,ÁCIDO ACETILSALICÍLICO 100MG COMPRIMIDO. 
municipal,gaze,2021,Vila Velha,1.925,unidade,unitario,Compressa de gaze algodonada - tamanho 15 x 30cm.  
municipal,fralda,2021,Vila Velha,1.7975,unidade,unitario,FRALDA DESCARTÁVEL ADULTO TAMANHO G em formato anatômico  material não tóxico  gel superabsorvente toque seco  revestime
municipal,fralda,2021,Vila Velha,1.23,unidade,unitario,FRALDA DESCARTÁVEL ADULTO TAMANHO M em formato anatômico  material não tóxico  gel superabsorvente toque seco  revestime
municipal,fralda,2021,Vila Velha,2.37,unidade,unitario,FRALDA DESCARTÁVEL ADULTO TAMANHO P em formato anatômico  material não tóxico  gel superabsorvente toque seco  revestime
municipal,fralda,2021,Vila Velha,2.1375,unidade,unitario,FRALDA DESCARTÁVEL ADULTO TAMANHO XG/EG em formato anatômico  material não tóxico  gel superabsorvente toque seco  reves
municipal,fralda,2021,Vila Velha,3.08,unidade,unitario,FRALDA DESCARTÁVEL INFANTIL  DESCARTÁVEL  FORMATO ANATÔMICO  NÃO TÓXICO  GEL ABSORVENTE  COBERTURA EXTERNA IMPERMEÁVEL  
municipal,fralda,2021,Vila Velha,0.94,unidade,unitario,FRALDA DESCARTÁVEL TAMANHO INFANTIL M descartável  formato anatômico  material não tóxico  gel superabsorvente toque sec
municipal,fralda,2021,Vila Velha,0.545,unidade,unitario,FRALDA DESCARTÁVEL TAMANHO INFANTIL G descartável  formato anatômico  material não tóxico  gel superabsorvente toque sec
municipal,fralda,2021,Vila Velha,0.88,unidade,unitario,FRALDA DESCARTÁVEL INFANTIL  DESCARTÁVEL  FORMATO ANATÔMICO  NÃO TÓXICO  GEL ABSORVENTE  COBERTURA EXTERNA IMPERMEÁVEL  
municipal,azitromicina,2021,Vila Velha,4.84,unidade,unitario,AZITROMICINA 40 MG/ML PÓ PARA SUSPENSÃO ORAL + SOLUÇÃO DILUENTE + FRASCO + DILUENTE 15ML. 
municipal,dipirona,2021,Vila Velha,2.43,unidade,unitario,Escopolamina (butilbrometo) 4mg/ml + dipirona sódica 500mg/ml solução injetável intramuscular e intravenosa  ampola 5ml.
municipal,levotiroxina,2021,Vila Velha,0.0541,unidade,unitario,LEVOTIROXINA SÓDICA 50 MCG 
municipal,levotiroxina,2021,Vila Velha,0.0561,unidade,unitario,LEVOTIROXINA SÓDICA 100 MCG 
municipal,fenobarbital,2021,Vila Velha,3.4,unidade,unitario,FENOBARBITAL 40 MG/ML - SOLUÇÃO ORAL - FRASCO CONTA-GOTAS 20ML. 
municipal,fenobarbital,2021,Vila Velha,2.1164,unidade,unitario,FENOBARBITAL SÓDICO 100 MG/ML SOLUÇÃO INJETÁVEL  AMPOLA 2ML. 
municipal,metformina,2021,Vila Velha,0.0831,unidade,unitario,METFORMINA 500MG COMPRIMIDO                                  
municipal,metformina,2021,Vila Velha,0.074,unidade,unitario,METFORMINA 850 MG COMPRIMIDO 
municipal,haloperidol,2021,Vila Velha,0.1996,unidade,unitario,HALOPERIDOL 5 MG   
municipal,shampoo,2021,Vila Velha,47.699,litro,descricao,CETOCONAZOL 20MG/ML   (2%)  XAMPU FRASCO COM 100ML - USO DERMATOLOGICO. . 
municipal,sinvastatina,2021,Vila Velha,0.0537,unidade,unitario,SINVASTATINA 20MG.                                            
municipal,ibuprofeno,2021,Vila Velha,0.1668,unidade,unitario,IBUPROFENO 600 MG COMPRIMIDO 
municipal,paracetamol,2021,Vila Velha,0.0688,unidade,unitario,PARACETAMOL 500MG COMPRIMIDO 
municipal,dipirona,2021,Vila Velha,0.1135,unidade,unitario,DIPIRONA SODICA 500MG COMPRIMIDO                             
municipal,prednisona,2021,Vila Velha,0.07,unidade,unitario,PREDNISONA 5 MG COMPRIMIDO 
municipal,sertralina,2021,Vila Velha,0.1229,unidade,unitario,SERTRALINA 50MG COMPRIMIDO                                    
municipal,envelope,2021,Vila Velha,0.4754,unidade,unitario,SAIS PARA REIDRATAÇÃO ORAL  PÓ  ENVELOPE 27 G 
municipal,alcool,2021,Vila Velha,17.1975,litro,descricao,REFIL DE ALCOOL EM GEL ANTISSEPTICO A 70% PARA USO HOSPITALAR  CAPACIDADE APROXIMADA DE 800ML  COM VALVULA. 
municipal,alcool,2021,Vila Velha,17.1975,litro,descricao,REFIL DE ALCOOL EM GEL ANTISSEPTICO A 70% PARA USO HOSPITALAR  CAPACIDADE APROXIMADA DE 800ML  COM VALVULA. 
municipal,ar_condicionado,2021,Vila Velha,15500.0,unidade,unitario,SERVIÇO DE MANUTENÇÃO CORRETIVA DE AR CONDICIONADO EM GERAL 
municipal,prednisolona,2021,Vila Velha,3.1064,unidade,unitario,PREDNISOLONA  FOSFATO SODICO 3 MG/ML - SOLUÇÃO ORAL - FRASCO 60ML + COPO MEDIDOR.  
municipal,prednisona,2021,Vila Velha,0.1497,unidade,unitario,PREDNISONA 20MG COMPRIMIDO                                   
municipal,apontador,2021,Vila Velha,1.93,unidade,unitario,APONTADOR LAPIS MANUAL; MATERIAL: METAL; MODELO: 1 FURO; FORMATO: RETANGULAR; DEPOSITO: SEM DEPOSITO;  
municipal,apontador,2021,Vila Velha,1.93,unidade,unitario,APONTADOR LAPIS MANUAL; MATERIAL: METAL; MODELO: 1 FURO; FORMATO: RETANGULAR; DEPOSITO: SEM DEPOSITO;  
municipal,apontador,2021,Vila Velha,1.93,unidade,unitario,APONTADOR LAPIS MANUAL; MATERIAL: METAL; MODELO: 1 FURO; FORMATO: RETANGULAR; DEPOSITO: SEM DEPOSITO;  
municipal,apontador,2021,Vila Velha,1.93,unidade,unitario,APONTADOR LAPIS MANUAL; MATERIAL: METAL; MODELO: 1 FURO; FORMATO: RETANGULAR; DEPOSITO: SEM DEPOSITO;  
municipal,apontador,2021,Vila Velha,1.93,unidade,unitario,APONTADOR LAPIS MANUAL; MATERIAL: METAL; MODELO: 1 FURO; FORMATO: RETANGULAR; DEPOSITO: SEM DEPOSITO;  
municipal,apontador,2021,Vila Velha,1.93,unidade,unitario,APONTADOR LAPIS MANUAL; MATERIAL: METAL; MODELO: 1 FURO; FORMATO: RETANGULAR; DEPOSITO: SEM DEPOSITO;  
municipal,pasta_arquivo,2021,Vila Velha,2.7,unidade,unitario,Pasta Suspensa; acabamento: marmorizada; cor: castanho; haste: metalico ou plástico; largura: 240 mm; comprimento: 360 m
municipal,pasta_arquivo,2021,Vila Velha,2.7,unidade,unitario,Pasta Suspensa; acabamento: marmorizada; cor: castanho; haste: metalico ou plástico; largura: 240 mm; comprimento: 360 m
municipal,pasta_arquivo,2021,Vila Velha,2.7,unidade,unitario,Pasta Suspensa; acabamento: marmorizada; cor: castanho; haste: metalico ou plástico; largura: 240 mm; comprimento: 360 m
municipal,pasta_arquivo,2021,Vila Velha,2.7,unidade,unitario,Pasta Suspensa; acabamento: marmorizada; cor: castanho; haste: metalico ou plástico; largura: 240 mm; comprimento: 360 m
municipal,pasta_arquivo,2021,Vila Velha,2.7,unidade,unitario,Pasta Suspensa; acabamento: marmorizada; cor: castanho; haste: metalico ou plástico; largura: 240 mm; comprimento: 360 m
municipal,pasta_arquivo,2021,Vila Velha,2.7,unidade,unitario,Pasta Suspensa; acabamento: marmorizada; cor: castanho; haste: metalico ou plástico; largura: 240 mm; comprimento: 360 m
municipal,apontador,2021,Vila Velha,2.94,unidade,unitario,Apontador escolar  em plástico resistente  lâmina de aço temperado  sem depósito  para apontar lápis de madeira com diâm
municipal,apontador,2021,Vila Velha,2.94,unidade,unitario,Apontador escolar  em plástico resistente  lâmina de aço temperado  sem depósito  para apontar lápis de madeira com diâm
municipal,apontador,2021,Vila Velha,2.94,unidade,unitario,Apontador escolar  em plástico resistente  lâmina de aço temperado  sem depósito  para apontar lápis de madeira com diâm
municipal,apontador,2021,Vila Velha,2.94,unidade,unitario,Apontador escolar  em plástico resistente  lâmina de aço temperado  sem depósito  para apontar lápis de madeira com diâm
municipal,apontador,2021,Vila Velha,2.94,unidade,unitario,Apontador escolar  em plástico resistente  lâmina de aço temperado  sem depósito  para apontar lápis de madeira com diâm
municipal,apontador,2021,Vila Velha,2.94,unidade,unitario,Apontador escolar  em plástico resistente  lâmina de aço temperado  sem depósito  para apontar lápis de madeira com diâm
municipal,apontador,2021,Vila Velha,3.25,unidade,unitario,	Apontador lápis manual; material: metal; modelo: 1 furo; formato: retangular; depósito: sem depósito; unidade de fornec
municipal,apontador,2021,Vila Velha,3.25,unidade,unitario,	Apontador lápis manual; material: metal; modelo: 1 furo; formato: retangular; depósito: sem depósito; unidade de fornec
municipal,apontador,2021,Vila Velha,3.25,unidade,unitario,	Apontador lápis manual; material: metal; modelo: 1 furo; formato: retangular; depósito: sem depósito; unidade de fornec
municipal,apontador,2021,Vila Velha,3.25,unidade,unitario,	Apontador lápis manual; material: metal; modelo: 1 furo; formato: retangular; depósito: sem depósito; unidade de fornec
municipal,apontador,2021,Vila Velha,3.25,unidade,unitario,	Apontador lápis manual; material: metal; modelo: 1 furo; formato: retangular; depósito: sem depósito; unidade de fornec
municipal,borracha_escolar,2021,Vila Velha,1.53,unidade,unitario,BORRACHA BRANCA C/CAPA PLASTICA 
municipal,borracha_escolar,2021,Vila Velha,1.53,unidade,unitario,BORRACHA BRANCA C/CAPA PLASTICA 
municipal,borracha_escolar,2021,Vila Velha,1.53,unidade,unitario,BORRACHA BRANCA C/CAPA PLASTICA 
municipal,borracha_escolar,2021,Vila Velha,1.53,unidade,unitario,BORRACHA BRANCA C/CAPA PLASTICA 
municipal,caneta_esferografica,2021,Vila Velha,0.65,unidade,unitario,Caneta esferográfica Azul; material: plastico ; cor: cristal; material da ponta: tungstenio ; tamanho da ponta: 1 0 (med
municipal,caneta_esferografica,2021,Vila Velha,0.65,unidade,unitario,Caneta esferográfica Azul; material: plastico ; cor: cristal; material da ponta: tungstenio ; tamanho da ponta: 1 0 (med
municipal,caneta_esferografica,2021,Vila Velha,0.65,unidade,unitario,Caneta esferográfica Azul; material: plastico ; cor: cristal; material da ponta: tungstenio ; tamanho da ponta: 1 0 (med
municipal,caneta_esferografica,2021,Vila Velha,0.65,unidade,unitario,Caneta esferográfica Azul; material: plastico ; cor: cristal; material da ponta: tungstenio ; tamanho da ponta: 1 0 (med
municipal,caneta_esferografica,2021,Vila Velha,0.65,unidade,unitario,Caneta esferográfica Azul; material: plastico ; cor: cristal; material da ponta: tungstenio ; tamanho da ponta: 1 0 (med
municipal,caneta_esferografica,2021,Vila Velha,0.65,unidade,unitario,Caneta esferográfica Azul; material: plastico ; cor: cristal; material da ponta: tungstenio ; tamanho da ponta: 1 0 (med
municipal,caneta_esferografica,2021,Vila Velha,0.72,unidade,unitario,Caneta esferográfica Preta ; material: plastico ; cor: cristal; material da ponta: tungstenio ; tamanho da ponta: 1 0 (m
municipal,caneta_esferografica,2021,Vila Velha,0.72,unidade,unitario,Caneta esferográfica Preta ; material: plastico ; cor: cristal; material da ponta: tungstenio ; tamanho da ponta: 1 0 (m
municipal,caneta_esferografica,2021,Vila Velha,0.72,unidade,unitario,Caneta esferográfica Preta ; material: plastico ; cor: cristal; material da ponta: tungstenio ; tamanho da ponta: 1 0 (m
municipal,caneta_esferografica,2021,Vila Velha,0.72,unidade,unitario,Caneta esferográfica Preta ; material: plastico ; cor: cristal; material da ponta: tungstenio ; tamanho da ponta: 1 0 (m
municipal,caneta_esferografica,2021,Vila Velha,0.72,unidade,unitario,Caneta esferográfica Preta ; material: plastico ; cor: cristal; material da ponta: tungstenio ; tamanho da ponta: 1 0 (m
municipal,caneta_esferografica,2021,Vila Velha,0.72,unidade,unitario,Caneta esferográfica Preta ; material: plastico ; cor: cristal; material da ponta: tungstenio ; tamanho da ponta: 1 0 (m
municipal,caneta_esferografica,2021,Vila Velha,0.72,unidade,unitario,Caneta esferográfica Vermelha ; material: plastico ; cor: cristal; material da ponta: tungstenio ; tamanho da ponta: 1 0
municipal,caneta_esferografica,2021,Vila Velha,0.72,unidade,unitario,Caneta esferográfica Vermelha ; material: plastico ; cor: cristal; material da ponta: tungstenio ; tamanho da ponta: 1 0
municipal,caneta_esferografica,2021,Vila Velha,0.72,unidade,unitario,Caneta esferográfica Vermelha ; material: plastico ; cor: cristal; material da ponta: tungstenio ; tamanho da ponta: 1 0
municipal,caneta_esferografica,2021,Vila Velha,0.72,unidade,unitario,Caneta esferográfica Vermelha ; material: plastico ; cor: cristal; material da ponta: tungstenio ; tamanho da ponta: 1 0
municipal,caneta_esferografica,2021,Vila Velha,0.72,unidade,unitario,Caneta esferográfica Vermelha ; material: plastico ; cor: cristal; material da ponta: tungstenio ; tamanho da ponta: 1 0
municipal,caneta_esferografica,2021,Vila Velha,0.72,unidade,unitario,Caneta esferográfica Vermelha ; material: plastico ; cor: cristal; material da ponta: tungstenio ; tamanho da ponta: 1 0
municipal,caneta_esferografica,2021,Vila Velha,2.66,unidade,unitario,CORRETIVO LÍQUIDO ; COMPOSIÇÃO: ATÓXICO  BASE ÁGUA  HIDROCARBONETOS COM SECAGEM RÁPIDA; INDICAÇÃO DE USO: ESCRITA CANETA
municipal,caneta_esferografica,2021,Vila Velha,2.66,unidade,unitario,CORRETIVO LÍQUIDO ; COMPOSIÇÃO: ATÓXICO  BASE ÁGUA  HIDROCARBONETOS COM SECAGEM RÁPIDA; INDICAÇÃO DE USO: ESCRITA CANETA
municipal,caneta_esferografica,2021,Vila Velha,2.66,unidade,unitario,CORRETIVO LÍQUIDO ; COMPOSIÇÃO: ATÓXICO  BASE ÁGUA  HIDROCARBONETOS COM SECAGEM RÁPIDA; INDICAÇÃO DE USO: ESCRITA CANETA
municipal,caneta_esferografica,2021,Vila Velha,2.66,unidade,unitario,CORRETIVO LÍQUIDO ; COMPOSIÇÃO: ATÓXICO  BASE ÁGUA  HIDROCARBONETOS COM SECAGEM RÁPIDA; INDICAÇÃO DE USO: ESCRITA CANETA
municipal,caneta_esferografica,2021,Vila Velha,2.66,unidade,unitario,CORRETIVO LÍQUIDO ; COMPOSIÇÃO: ATÓXICO  BASE ÁGUA  HIDROCARBONETOS COM SECAGEM RÁPIDA; INDICAÇÃO DE USO: ESCRITA CANETA
municipal,caneta_esferografica,2021,Vila Velha,2.66,unidade,unitario,CORRETIVO LÍQUIDO ; COMPOSIÇÃO: ATÓXICO  BASE ÁGUA  HIDROCARBONETOS COM SECAGEM RÁPIDA; INDICAÇÃO DE USO: ESCRITA CANETA
municipal,envelope,2021,Vila Velha,0.39,unidade,unitario,	Envelope papel (A4); material: papel; gramatura: 90 g/m² ; cor: branca; janela: sem janela; largura: 229 mm  altura: 33
municipal,envelope,2021,Vila Velha,0.39,unidade,unitario,	Envelope papel (A4); material: papel; gramatura: 90 g/m² ; cor: branca; janela: sem janela; largura: 229 mm  altura: 33
municipal,envelope,2021,Vila Velha,0.39,unidade,unitario,	Envelope papel (A4); material: papel; gramatura: 90 g/m² ; cor: branca; janela: sem janela; largura: 229 mm  altura: 33
municipal,envelope,2021,Vila Velha,0.39,unidade,unitario,	Envelope papel (A4); material: papel; gramatura: 90 g/m² ; cor: branca; janela: sem janela; largura: 229 mm  altura: 33
municipal,envelope,2021,Vila Velha,0.39,unidade,unitario,	Envelope papel (A4); material: papel; gramatura: 90 g/m² ; cor: branca; janela: sem janela; largura: 229 mm  altura: 33
municipal,envelope,2021,Vila Velha,0.39,unidade,unitario,	Envelope papel (A4); material: papel; gramatura: 90 g/m² ; cor: branca; janela: sem janela; largura: 229 mm  altura: 33
municipal,envelope,2021,Vila Velha,0.37,unidade,unitario,Envelope papel (grande);310 x 410 material: papel kraft ; cor: natural; largura: 310 mm  altura: 410 mm ; unidade de for
municipal,envelope,2021,Vila Velha,0.37,unidade,unitario,Envelope papel (grande);310 x 410 material: papel kraft ; cor: natural; largura: 310 mm  altura: 410 mm ; unidade de for
municipal,envelope,2021,Vila Velha,0.37,unidade,unitario,Envelope papel (grande);310 x 410 material: papel kraft ; cor: natural; largura: 310 mm  altura: 410 mm ; unidade de for
municipal,envelope,2021,Vila Velha,0.37,unidade,unitario,Envelope papel (grande);310 x 410 material: papel kraft ; cor: natural; largura: 310 mm  altura: 410 mm ; unidade de for
municipal,envelope,2021,Vila Velha,0.37,unidade,unitario,Envelope papel (grande);310 x 410 material: papel kraft ; cor: natural; largura: 310 mm  altura: 410 mm ; unidade de for
municipal,envelope,2021,Vila Velha,0.37,unidade,unitario,Envelope papel (grande);310 x 410 material: papel kraft ; cor: natural; largura: 310 mm  altura: 410 mm ; unidade de for
municipal,envelope,2021,Vila Velha,0.29,unidade,unitario,Envelope papel (médio); 176 x 250 material: papel kraft ; cor: natural; largura: 176 mm  altura: 250 mm ; unidade de for
municipal,envelope,2021,Vila Velha,0.29,unidade,unitario,Envelope papel (médio); 176 x 250 material: papel kraft ; cor: natural; largura: 176 mm  altura: 250 mm ; unidade de for
municipal,envelope,2021,Vila Velha,0.29,unidade,unitario,Envelope papel (médio); 176 x 250 material: papel kraft ; cor: natural; largura: 176 mm  altura: 250 mm ; unidade de for
municipal,envelope,2021,Vila Velha,0.29,unidade,unitario,Envelope papel (médio); 176 x 250 material: papel kraft ; cor: natural; largura: 176 mm  altura: 250 mm ; unidade de for
municipal,envelope,2021,Vila Velha,0.29,unidade,unitario,Envelope papel (médio); 176 x 250 material: papel kraft ; cor: natural; largura: 176 mm  altura: 250 mm ; unidade de for
municipal,envelope,2021,Vila Velha,0.29,unidade,unitario,Envelope papel (médio); 176 x 250 material: papel kraft ; cor: natural; largura: 176 mm  altura: 250 mm ; unidade de for
municipal,envelope,2021,Vila Velha,0.29,unidade,unitario,ENVELOPE PAPEL; (A4) 240 x 340: PAPEL KRAFT; GRAMATURA: 75 - 80 G/M²; COR: NATURAL; JANELA: SEM JANELA; FECHAMENTO: ABA;
municipal,envelope,2021,Vila Velha,0.29,unidade,unitario,ENVELOPE PAPEL; (A4) 240 x 340: PAPEL KRAFT; GRAMATURA: 75 - 80 G/M²; COR: NATURAL; JANELA: SEM JANELA; FECHAMENTO: ABA;
municipal,envelope,2021,Vila Velha,0.29,unidade,unitario,ENVELOPE PAPEL; (A4) 240 x 340: PAPEL KRAFT; GRAMATURA: 75 - 80 G/M²; COR: NATURAL; JANELA: SEM JANELA; FECHAMENTO: ABA;
municipal,envelope,2021,Vila Velha,0.29,unidade,unitario,ENVELOPE PAPEL; (A4) 240 x 340: PAPEL KRAFT; GRAMATURA: 75 - 80 G/M²; COR: NATURAL; JANELA: SEM JANELA; FECHAMENTO: ABA;
municipal,envelope,2021,Vila Velha,0.29,unidade,unitario,ENVELOPE PAPEL; (A4) 240 x 340: PAPEL KRAFT; GRAMATURA: 75 - 80 G/M²; COR: NATURAL; JANELA: SEM JANELA; FECHAMENTO: ABA;
municipal,envelope,2021,Vila Velha,0.29,unidade,unitario,ENVELOPE PAPEL; (A4) 240 x 340: PAPEL KRAFT; GRAMATURA: 75 - 80 G/M²; COR: NATURAL; JANELA: SEM JANELA; FECHAMENTO: ABA;
municipal,envelope,2021,Vila Velha,0.34,unidade,unitario,	Envelope plástico; material: polietileno; espessura: extra grosso ; cor: cristal; tamanho: A4; furos: 4 furos; unidade 
municipal,envelope,2021,Vila Velha,0.34,unidade,unitario,	Envelope plástico; material: polietileno; espessura: extra grosso ; cor: cristal; tamanho: A4; furos: 4 furos; unidade 
municipal,envelope,2021,Vila Velha,0.34,unidade,unitario,	Envelope plástico; material: polietileno; espessura: extra grosso ; cor: cristal; tamanho: A4; furos: 4 furos; unidade 
municipal,envelope,2021,Vila Velha,0.34,unidade,unitario,	Envelope plástico; material: polietileno; espessura: extra grosso ; cor: cristal; tamanho: A4; furos: 4 furos; unidade 
municipal,grampeador,2021,Vila Velha,72.78,unidade,unitario,GRAMPEADOR ; MODELO: MESA ; MATERIAL DO CORPO: AÇO CARBONO ; ACABAMENTO: PINTADO ; COR: PRETO ; MECANISMO GRAMPEADOR: AÇ
municipal,grampeador,2021,Vila Velha,72.78,unidade,unitario,GRAMPEADOR ; MODELO: MESA ; MATERIAL DO CORPO: AÇO CARBONO ; ACABAMENTO: PINTADO ; COR: PRETO ; MECANISMO GRAMPEADOR: AÇ
municipal,grampeador,2021,Vila Velha,72.78,unidade,unitario,GRAMPEADOR ; MODELO: MESA ; MATERIAL DO CORPO: AÇO CARBONO ; ACABAMENTO: PINTADO ; COR: PRETO ; MECANISMO GRAMPEADOR: AÇ
municipal,grampeador,2021,Vila Velha,72.78,unidade,unitario,GRAMPEADOR ; MODELO: MESA ; MATERIAL DO CORPO: AÇO CARBONO ; ACABAMENTO: PINTADO ; COR: PRETO ; MECANISMO GRAMPEADOR: AÇ
municipal,grampeador,2021,Vila Velha,72.78,unidade,unitario,GRAMPEADOR ; MODELO: MESA ; MATERIAL DO CORPO: AÇO CARBONO ; ACABAMENTO: PINTADO ; COR: PRETO ; MECANISMO GRAMPEADOR: AÇ
municipal,grampeador,2021,Vila Velha,72.78,unidade,unitario,GRAMPEADOR ; MODELO: MESA ; MATERIAL DO CORPO: AÇO CARBONO ; ACABAMENTO: PINTADO ; COR: PRETO ; MECANISMO GRAMPEADOR: AÇ
municipal,grampeador,2021,Vila Velha,21.13,unidade,unitario,GRAMPEADOR ; MODELO: MESA ; MATERIAL DO CORPO: AÇO CARBONO ; ACABAMENTO: PINTADO ; COR: PRETO ; MECANISMO GRAMPEADOR: AÇ
municipal,grampeador,2021,Vila Velha,21.13,unidade,unitario,GRAMPEADOR ; MODELO: MESA ; MATERIAL DO CORPO: AÇO CARBONO ; ACABAMENTO: PINTADO ; COR: PRETO ; MECANISMO GRAMPEADOR: AÇ
municipal,grampeador,2021,Vila Velha,21.13,unidade,unitario,GRAMPEADOR ; MODELO: MESA ; MATERIAL DO CORPO: AÇO CARBONO ; ACABAMENTO: PINTADO ; COR: PRETO ; MECANISMO GRAMPEADOR: AÇ
municipal,grampeador,2021,Vila Velha,21.13,unidade,unitario,GRAMPEADOR ; MODELO: MESA ; MATERIAL DO CORPO: AÇO CARBONO ; ACABAMENTO: PINTADO ; COR: PRETO ; MECANISMO GRAMPEADOR: AÇ
municipal,grampeador,2021,Vila Velha,21.13,unidade,unitario,GRAMPEADOR ; MODELO: MESA ; MATERIAL DO CORPO: AÇO CARBONO ; ACABAMENTO: PINTADO ; COR: PRETO ; MECANISMO GRAMPEADOR: AÇ
municipal,grampeador,2021,Vila Velha,21.13,unidade,unitario,GRAMPEADOR ; MODELO: MESA ; MATERIAL DO CORPO: AÇO CARBONO ; ACABAMENTO: PINTADO ; COR: PRETO ; MECANISMO GRAMPEADOR: AÇ
municipal,grampeador,2021,Vila Velha,24.18,unidade,unitario,GRAMPO P/GRAMPEADOR; MATERIAL: AÇO CARBONO; ACABAMENTO: GALVANIZADO; TAMANHO: 23/13; UNIDADE DE FORNECIMENTO: CAIXA 5000
municipal,grampeador,2021,Vila Velha,24.18,unidade,unitario,GRAMPO P/GRAMPEADOR; MATERIAL: AÇO CARBONO; ACABAMENTO: GALVANIZADO; TAMANHO: 23/13; UNIDADE DE FORNECIMENTO: CAIXA 5000
municipal,grampeador,2021,Vila Velha,24.18,unidade,unitario,GRAMPO P/GRAMPEADOR; MATERIAL: AÇO CARBONO; ACABAMENTO: GALVANIZADO; TAMANHO: 23/13; UNIDADE DE FORNECIMENTO: CAIXA 5000
municipal,grampeador,2021,Vila Velha,24.18,unidade,unitario,GRAMPO P/GRAMPEADOR; MATERIAL: AÇO CARBONO; ACABAMENTO: GALVANIZADO; TAMANHO: 23/13; UNIDADE DE FORNECIMENTO: CAIXA 5000
municipal,grampeador,2021,Vila Velha,5.39,unidade,unitario,GRAMPO P/GRAMPEADOR; MATERIAL: AÇO CARBONO; ACABAMENTO: GALVANIZADO; TAMANHO: 26/6; UNIDADE DE FORNECIMENTO: CAIXA 5000 
municipal,grampeador,2021,Vila Velha,5.39,unidade,unitario,GRAMPO P/GRAMPEADOR; MATERIAL: AÇO CARBONO; ACABAMENTO: GALVANIZADO; TAMANHO: 26/6; UNIDADE DE FORNECIMENTO: CAIXA 5000 
municipal,grampeador,2021,Vila Velha,5.39,unidade,unitario,GRAMPO P/GRAMPEADOR; MATERIAL: AÇO CARBONO; ACABAMENTO: GALVANIZADO; TAMANHO: 26/6; UNIDADE DE FORNECIMENTO: CAIXA 5000 
municipal,grampeador,2021,Vila Velha,5.39,unidade,unitario,GRAMPO P/GRAMPEADOR; MATERIAL: AÇO CARBONO; ACABAMENTO: GALVANIZADO; TAMANHO: 26/6; UNIDADE DE FORNECIMENTO: CAIXA 5000 
municipal,grampeador,2021,Vila Velha,5.39,unidade,unitario,GRAMPO P/GRAMPEADOR; MATERIAL: AÇO CARBONO; ACABAMENTO: GALVANIZADO; TAMANHO: 26/6; UNIDADE DE FORNECIMENTO: CAIXA 5000 
municipal,grampeador,2021,Vila Velha,5.39,unidade,unitario,GRAMPO P/GRAMPEADOR; MATERIAL: AÇO CARBONO; ACABAMENTO: GALVANIZADO; TAMANHO: 26/6; UNIDADE DE FORNECIMENTO: CAIXA 5000 
municipal,pincel_quadro,2021,Vila Velha,4.43,unidade,unitario,Marcador para quadro branco; apresentacao: caneta ; cor da tinta: azul ou preta; tinta: nao permanente ; material: plast
municipal,pincel_quadro,2021,Vila Velha,4.43,unidade,unitario,Marcador para quadro branco; apresentacao: caneta ; cor da tinta: azul ou preta; tinta: nao permanente ; material: plast
municipal,pincel_quadro,2021,Vila Velha,4.43,unidade,unitario,Marcador para quadro branco; apresentacao: caneta ; cor da tinta: azul ou preta; tinta: nao permanente ; material: plast
municipal,pincel_quadro,2021,Vila Velha,4.43,unidade,unitario,Marcador para quadro branco; apresentacao: caneta ; cor da tinta: azul ou preta; tinta: nao permanente ; material: plast
municipal,pincel_quadro,2021,Vila Velha,4.43,unidade,unitario,Marcador para quadro branco; apresentacao: caneta ; cor da tinta: azul ou preta; tinta: nao permanente ; material: plast
municipal,pincel_quadro,2021,Vila Velha,4.43,unidade,unitario,Marcador para quadro branco; apresentacao: caneta ; cor da tinta: azul ou preta; tinta: nao permanente ; material: plast
municipal,pincel_quadro,2021,Vila Velha,3.45,unidade,unitario,	Marcador/pincel atômico;  apresentação: caneta; cor da  tinta: azul ou preta; tinta:  permanente; material:  plástico; 
municipal,pincel_quadro,2021,Vila Velha,3.45,unidade,unitario,	Marcador/pincel atômico;  apresentação: caneta; cor da  tinta: azul ou preta; tinta:  permanente; material:  plástico; 
municipal,pincel_quadro,2021,Vila Velha,3.45,unidade,unitario,	Marcador/pincel atômico;  apresentação: caneta; cor da  tinta: azul ou preta; tinta:  permanente; material:  plástico; 
municipal,salbutamol,2021,Vila Velha,7.119,unidade,unitario,SALBUTAMOL  SULFATO 100MCG  AEROSOL ORAL  FRASCO AEROSOL 200 DOSES + APLICADOR.  
municipal,carbamazepina,2021,Vila Velha,0.155,unidade,unitario,CARBAMAZEPINA 200 MG COMPRIMIDO 
municipal,hidroclorotiazida,2021,Vila Velha,0.0167,unidade,unitario,HIDROCLOROTIAZIDA 25 MG  
municipal,oleo_soja,2021,Vila Velha,10.0111,litro,descricao,Óleo de Soja Vegetal  envasado em garrafa plástica resistente transparente  contendo 900 ml  com identificação na embala
municipal,macarrao,2021,Vila Velha,5.44,kg,descricao,Macarrão  do Tipo Espaguete  com ovos  acondicionado em embalagem resistente de polietileno atóxico transparente  com id
municipal,feijao,2021,Vila Velha,7.86,kg,descricao,Feijão tipo 1  Preto acondicionado em embalagem resistente de polietileno atóxico transparente  contendo 1 kg  com ident
municipal,fuba,2021,Vila Velha,2.93,kg,descricao,Fubá de Milho  produto obtido da moagem do grão de milho sãos  limpos  isentos de matéria terrosa e parasita. Não podend
municipal,arroz,2021,Vila Velha,5.165,kg,descricao,Arroz Branco tipo 1  polido  acondicionado em embalagem resistente de polietileno atóxico  contendo 2Kg  com identificaç
municipal,acucar,2021,Vila Velha,3.345,kg,descricao,Açúcar Cristal  acondicionado em embalagem resistente de polietileno atóxico transparente  contendo 2kg  com identificaç
municipal,suco,2021,Vila Velha,33.12,litro,descricao,Sardinha em Conserva em óleo contendo água de constituição (ao próprio suco)  óleo vegetal de soja e sal. Embalagem em l
municipal,biscoito,2021,Vila Velha,10.6,kg,heuristica,Biscoito salgado  tipo cream cracker  de textura crocante  de sabor  cor e odor característicos  acondicionado em embala
municipal,gaze,2021,Vila Velha,4.8,unidade,unitario,COMPRESSA DE GAZE NÃO ADERENTE (RAYON): malha composta de Rayon impregnada com PHMB OU Rayon com acrílico OU Rayon com m
municipal,agulha_descartavel,2021,Vila Velha,0.2615,unidade,unitario,AGULHA HIPODÉRMICA Nº. 13 X 4 5MM (26G ½)COM DISPOSITIVO DE SEGURANÇA (NR/32)  ESTÉRIL  COM BISELTRIFACETADO E ÂNGULOS 
municipal,agulha_descartavel,2021,Vila Velha,0.2549,unidade,unitario,AGULHA HIPODÉRMICA Nº. 25 X 0 7MM (22G 1)COM DISPOSITIVO DE SEGURANÇA (NR/32)  ESTÉRIL  COM BISELTRIFACETADO E ÂNGULOS 
municipal,agulha_descartavel,2021,Vila Velha,0.3249,unidade,unitario,AGULHA HIPODÉRMICA Nº. 25 X 0 8MM (21G 1) COM DISPOSITIVO DE SEGURANÇA (NR/32)  ESTÉRIL  COM BISELTRIFACETADO E ÂNGULOS
municipal,agulha_descartavel,2021,Vila Velha,0.2269,unidade,unitario,AGULHA HIPODÉRMICA Nº. 40 X 1 2MM (18G 1 ½)COM DISPOSITIVO DE SEGURANÇA (NR/32)  ESTÉRIL  COM BISELTRIFACETADO E ÂNGULO
municipal,envelope,2021,Vila Velha,2.3709,unidade,unitario,LUVA CIRÚRGICA ESTÉRIL  TAMANHO 6 5 CONFORME O PADRÃO NACIONAL. CONFECCIONADA EM LÁTEX NATURAL  COM FORMATO ANATÔMICO  C
municipal,envelope,2021,Vila Velha,2.7731,unidade,unitario,LUVA CIRÚRGICA ESTÉRIL  TAMANHO 8 0;  CONFORME O PADRÃO NACIONAL. CONFECCIONADA EM LÁTEX NATURAL  COM FORMATO ANATÔMICO 
municipal,envelope,2021,Vila Velha,3.985,unidade,unitario,LUVA CIRÚRGICA ESTÉRIL  TAMANHO 8 5;  CONFORME O PADRÃO NACIONAL. CONFECCIONADA EM LÁTEX NATURAL  COM FORMATO ANATÔMICO 
municipal,envelope,2021,Vila Velha,3.0991,unidade,unitario,LUVA CIRÚRGICA ESTÉRIL  TAMANHO 7 0;  CONFORME O PADRÃO NACIONAL. CONFECCIONADA EM LÁTEX NATURAL  COM FORMATO ANATÔMICO 
municipal,envelope,2021,Vila Velha,2.8851,unidade,unitario,LUVA CIRURGICA ESTÉRIL  TAMANHO 7 5 CONFORME O PADRÃO NACIONAL. CONFECCIONADA EM LÁTEX NATURAL  COM FORMATO ANATÔMICO  C
municipal,caneta_esferografica,2021,Vila Velha,1.215,unidade,unitario,PULSEIRA DE IDENTIFICAÇÃO MÃEFILHO NUMERADA na cor clara  descartável  confeccionada em plástico apropriado ou outro mat
municipal,clonazepam,2021,Vila Velha,0.056,unidade,unitario,CLONAZEPAM 2MG  COMPRIMIDO   
municipal,haloperidol,2021,Vila Velha,1.1049,unidade,unitario,HALOPERIDOL 5 MG/ML SOLUÇÃO INJETÁVEL AMPOLA 1 ML - INTRAMUSCULAR / INTRAVENOSA. 
municipal,ar_condicionado,2021,Vila Velha,2232.676,unidade,unitario,APARELHO DE AR CONDICIONADO PORTÁTIL; CAPACIDADE DE REFRIGERAÇÃO DE 12.000 BTU; VOLTAGEM BI-VOLT OU 127 VOLTS; COMPRESSO
municipal,haloperidol,2021,Vila Velha,4.29,unidade,unitario,HALOPERIDOL DECANOATO 50MG/ML - SOLUÇÃO INJETÁVEL - INTRAMUSCULAR - AMPOLA 1ML   
municipal,gasolina,2021,Vila Velha,5.59,litro,unidade_declarada,Gasolina Comum 
municipal,gasolina,2021,Vila Velha,6.47,litro,unidade_declarada,Gasolina Comum 
municipal,gasolina,2021,Vila Velha,5.088,litro,unidade_declarada,Gasolina Comum 
municipal,gasolina,2021,Vila Velha,6.67,litro,unidade_declarada,Gasolina Comum 
municipal,gasolina,2021,Vila Velha,6.27,litro,unidade_declarada,Gasolina Comum 
municipal,diesel,2021,Vila Velha,6.19,litro,unidade_declarada,Diesel Comum 
municipal,diesel,2021,Vila Velha,5.77,litro,unidade_declarada,Diesel Comum 
municipal,diesel,2021,Vila Velha,4.134,litro,unidade_declarada,Diesel Comum 
municipal,diesel,2021,Vila Velha,6.27,litro,unidade_declarada,Diesel Comum 
municipal,diesel,2021,Vila Velha,5.94,litro,unidade_declarada,Diesel Comum 
municipal,etanol,2021,Vila Velha,4.06,litro,unidade_declarada,Etanol 
municipal,etanol,2021,Vila Velha,4.59,litro,unidade_declarada,Etanol 
municipal,etanol,2021,Vila Velha,4.072,litro,unidade_declarada,Etanol 
municipal,etanol,2021,Vila Velha,5.98,litro,unidade_declarada,Etanol 
municipal,etanol,2021,Vila Velha,4.76,litro,unidade_declarada,Etanol 
municipal,diesel,2021,Vila Velha,6.19,litro,unidade_declarada,Diesel S10 
municipal,diesel,2021,Vila Velha,5.9,litro,unidade_declarada,Diesel S10 
municipal,diesel,2021,Vila Velha,4.099,litro,unidade_declarada,Diesel S10 
municipal,diesel,2021,Vila Velha,6.36,litro,unidade_declarada,Diesel S10 
municipal,diesel,2021,Vila Velha,5.95,litro,unidade_declarada,Diesel S10 
municipal,desinfetante,2021,Vila Velha,2.398,litro,descricao,Água sanitária a base de hipoclorito de sódio ação desinfetante teor de cloro ativo de 2 0%p/p a 2 5%p/p  pH entre 11 5 
municipal,desinfetante,2021,Vila Velha,2.398,litro,descricao,Água sanitária a base de hipoclorito de sódio ação desinfetante teor de cloro ativo de 2 0%p/p a 2 5%p/p  pH entre 11 5 
municipal,desinfetante,2021,Vila Velha,2.398,litro,descricao,Água sanitária a base de hipoclorito de sódio ação desinfetante teor de cloro ativo de 2 0%p/p a 2 5%p/p  pH entre 11 5 
municipal,desinfetante,2021,Vila Velha,3.998,litro,descricao,DESINFETANTE -  tripla ação  desinfeta  limpa e perfuma; limpador para limpeza geral  superconcentrado. Aspecto: liquido
municipal,desinfetante,2021,Vila Velha,3.998,litro,descricao,DESINFETANTE -  tripla ação  desinfeta  limpa e perfuma; limpador para limpeza geral  superconcentrado. Aspecto: liquido
municipal,desinfetante,2021,Vila Velha,3.998,litro,descricao,DESINFETANTE -  tripla ação  desinfeta  limpa e perfuma; limpador para limpeza geral  superconcentrado. Aspecto: liquido
municipal,desinfetante,2021,Vila Velha,3.998,litro,descricao,DESINFETANTE -  tripla ação  desinfeta  limpa e perfuma; limpador para limpeza geral  superconcentrado. Aspecto: liquido
municipal,desinfetante,2021,Vila Velha,3.998,litro,descricao,DESINFETANTE -  tripla ação  desinfeta  limpa e perfuma; limpador para limpeza geral  superconcentrado. Aspecto: liquido
municipal,desinfetante,2021,Vila Velha,3.998,litro,descricao,DESINFETANTE -  tripla ação  desinfeta  limpa e perfuma; limpador para limpeza geral  superconcentrado. Aspecto: liquido
municipal,desinfetante,2021,Vila Velha,3.998,litro,descricao,DESINFETANTE -  tripla ação  desinfeta  limpa e perfuma; limpador para limpeza geral  superconcentrado. Aspecto: liquido
municipal,desinfetante,2021,Vila Velha,3.998,litro,descricao,DESINFETANTE -  tripla ação  desinfeta  limpa e perfuma; limpador para limpeza geral  superconcentrado. Aspecto: liquido
municipal,desinfetante,2021,Vila Velha,3.998,litro,descricao,DESINFETANTE -  tripla ação  desinfeta  limpa e perfuma; limpador para limpeza geral  superconcentrado. Aspecto: liquido
municipal,desinfetante,2021,Vila Velha,3.998,litro,descricao,DESINFETANTE -  tripla ação  desinfeta  limpa e perfuma; limpador para limpeza geral  superconcentrado. Aspecto: liquido
municipal,desinfetante,2021,Vila Velha,3.998,litro,descricao,DESINFETANTE -  tripla ação  desinfeta  limpa e perfuma; limpador para limpeza geral  superconcentrado. Aspecto: liquido
municipal,desinfetante,2021,Vila Velha,9.0,litro,descricao,Desinfetante - aspecto: liquido  ação: bactericida  fragrância: essência eucalipto  embalagem: frasco 500 ml. Unidade de
municipal,detergente,2021,Vila Velha,4.18,litro,descricao,DETERGENTE  500ml  COMPOSIÇÃO: GLICERINADO  BIODEGRADÁVEL  NEUTRO. COMPOSIÇÃO: TENSOATIVOS ANIÔNICOS  COADJUVANTES  GLIC
municipal,detergente,2021,Vila Velha,4.18,litro,descricao,DETERGENTE  500ml  COMPOSIÇÃO: GLICERINADO  BIODEGRADÁVEL  NEUTRO. COMPOSIÇÃO: TENSOATIVOS ANIÔNICOS  COADJUVANTES  GLIC
municipal,detergente,2021,Vila Velha,4.18,litro,descricao,DETERGENTE  500ml  COMPOSIÇÃO: GLICERINADO  BIODEGRADÁVEL  NEUTRO. COMPOSIÇÃO: TENSOATIVOS ANIÔNICOS  COADJUVANTES  GLIC
municipal,detergente,2021,Vila Velha,4.18,litro,descricao,DETERGENTE  500ml  COMPOSIÇÃO: GLICERINADO  BIODEGRADÁVEL  NEUTRO. COMPOSIÇÃO: TENSOATIVOS ANIÔNICOS  COADJUVANTES  GLIC
municipal,detergente,2021,Vila Velha,4.18,litro,descricao,DETERGENTE  500ml  COMPOSIÇÃO: GLICERINADO  BIODEGRADÁVEL  NEUTRO. COMPOSIÇÃO: TENSOATIVOS ANIÔNICOS  COADJUVANTES  GLIC
municipal,detergente,2021,Vila Velha,4.18,litro,descricao,DETERGENTE  500ml  COMPOSIÇÃO: GLICERINADO  BIODEGRADÁVEL  NEUTRO. COMPOSIÇÃO: TENSOATIVOS ANIÔNICOS  COADJUVANTES  GLIC
municipal,detergente,2021,Vila Velha,4.18,litro,descricao,DETERGENTE  500ml  COMPOSIÇÃO: GLICERINADO  BIODEGRADÁVEL  NEUTRO. COMPOSIÇÃO: TENSOATIVOS ANIÔNICOS  COADJUVANTES  GLIC
municipal,detergente,2021,Vila Velha,4.18,litro,descricao,DETERGENTE  500ml  COMPOSIÇÃO: GLICERINADO  BIODEGRADÁVEL  NEUTRO. COMPOSIÇÃO: TENSOATIVOS ANIÔNICOS  COADJUVANTES  GLIC
municipal,detergente,2021,Vila Velha,4.18,litro,descricao,DETERGENTE  500ml  COMPOSIÇÃO: GLICERINADO  BIODEGRADÁVEL  NEUTRO. COMPOSIÇÃO: TENSOATIVOS ANIÔNICOS  COADJUVANTES  GLIC
municipal,detergente,2021,Vila Velha,4.18,litro,descricao,DETERGENTE  500ml  COMPOSIÇÃO: GLICERINADO  BIODEGRADÁVEL  NEUTRO. COMPOSIÇÃO: TENSOATIVOS ANIÔNICOS  COADJUVANTES  GLIC
municipal,detergente,2021,Vila Velha,5.0,litro,descricao,Detergente.  5 litros aspecto: líquido  glicerinado  biodegradável  neutro. Composição: tensoativos aniônicos  coadjuvan
municipal,detergente,2021,Vila Velha,5.0,litro,descricao,Detergente.  5 litros aspecto: líquido  glicerinado  biodegradável  neutro. Composição: tensoativos aniônicos  coadjuvan
municipal,detergente,2021,Vila Velha,5.0,litro,descricao,Detergente.  5 litros aspecto: líquido  glicerinado  biodegradável  neutro. Composição: tensoativos aniônicos  coadjuvan
municipal,detergente,2021,Vila Velha,5.0,litro,descricao,Detergente.  5 litros aspecto: líquido  glicerinado  biodegradável  neutro. Composição: tensoativos aniônicos  coadjuvan
municipal,detergente,2021,Vila Velha,5.0,litro,descricao,Detergente.  5 litros aspecto: líquido  glicerinado  biodegradável  neutro. Composição: tensoativos aniônicos  coadjuvan
municipal,detergente,2021,Vila Velha,5.0,litro,descricao,Detergente.  5 litros aspecto: líquido  glicerinado  biodegradável  neutro. Composição: tensoativos aniônicos  coadjuvan
municipal,detergente,2021,Vila Velha,5.0,litro,descricao,Detergente.  5 litros aspecto: líquido  glicerinado  biodegradável  neutro. Composição: tensoativos aniônicos  coadjuvan
municipal,detergente,2021,Vila Velha,5.0,litro,descricao,Detergente.  5 litros aspecto: líquido  glicerinado  biodegradável  neutro. Composição: tensoativos aniônicos  coadjuvan
municipal,detergente,2021,Vila Velha,5.0,litro,descricao,Detergente.  5 litros aspecto: líquido  glicerinado  biodegradável  neutro. Composição: tensoativos aniônicos  coadjuvan
municipal,detergente,2021,Vila Velha,5.0,litro,descricao,Detergente.  5 litros aspecto: líquido  glicerinado  biodegradável  neutro. Composição: tensoativos aniônicos  coadjuvan
municipal,alcool,2021,Vila Velha,7.4,litro,descricao,Limpa Vidros 500ml  unidade; Composição: Tensoativo  álcool etílico  formaldeído (Sol.37 0%)  perfume  corante azul glau
municipal,alcool,2021,Vila Velha,7.4,litro,descricao,Limpa Vidros 500ml  unidade; Composição: Tensoativo  álcool etílico  formaldeído (Sol.37 0%)  perfume  corante azul glau
municipal,alcool,2021,Vila Velha,7.4,litro,descricao,Limpa Vidros 500ml  unidade; Composição: Tensoativo  álcool etílico  formaldeído (Sol.37 0%)  perfume  corante azul glau
municipal,alcool,2021,Vila Velha,7.4,litro,descricao,Limpa Vidros 500ml  unidade; Composição: Tensoativo  álcool etílico  formaldeído (Sol.37 0%)  perfume  corante azul glau
municipal,alcool,2021,Vila Velha,7.4,litro,descricao,Limpa Vidros 500ml  unidade; Composição: Tensoativo  álcool etílico  formaldeído (Sol.37 0%)  perfume  corante azul glau
municipal,alcool,2021,Vila Velha,7.4,litro,descricao,Limpa Vidros 500ml  unidade; Composição: Tensoativo  álcool etílico  formaldeído (Sol.37 0%)  perfume  corante azul glau
municipal,alcool,2021,Vila Velha,7.4,litro,descricao,Limpa Vidros 500ml  unidade; Composição: Tensoativo  álcool etílico  formaldeído (Sol.37 0%)  perfume  corante azul glau
municipal,alcool,2021,Vila Velha,7.4,litro,descricao,Limpa Vidros 500ml  unidade; Composição: Tensoativo  álcool etílico  formaldeído (Sol.37 0%)  perfume  corante azul glau
municipal,alcool,2021,Vila Velha,7.4,litro,descricao,Limpa Vidros 500ml  unidade; Composição: Tensoativo  álcool etílico  formaldeído (Sol.37 0%)  perfume  corante azul glau
municipal,vassoura,2021,Vila Velha,18.35,unidade,unitario,PÁ PARA LIXO  EM PLÁSTICO  RESISTENTE  COM CABO DOBRÁVEL PARA FACILITAR O ARMAZENAMENTO  LONGO  COM APÓIO PARA FIRMAR A 
municipal,vassoura,2021,Vila Velha,18.35,unidade,unitario,PÁ PARA LIXO  EM PLÁSTICO  RESISTENTE  COM CABO DOBRÁVEL PARA FACILITAR O ARMAZENAMENTO  LONGO  COM APÓIO PARA FIRMAR A 
municipal,vassoura,2021,Vila Velha,18.35,unidade,unitario,PÁ PARA LIXO  EM PLÁSTICO  RESISTENTE  COM CABO DOBRÁVEL PARA FACILITAR O ARMAZENAMENTO  LONGO  COM APÓIO PARA FIRMAR A 
municipal,vassoura,2021,Vila Velha,18.35,unidade,unitario,PÁ PARA LIXO  EM PLÁSTICO  RESISTENTE  COM CABO DOBRÁVEL PARA FACILITAR O ARMAZENAMENTO  LONGO  COM APÓIO PARA FIRMAR A 
municipal,vassoura,2021,Vila Velha,18.35,unidade,unitario,PÁ PARA LIXO  EM PLÁSTICO  RESISTENTE  COM CABO DOBRÁVEL PARA FACILITAR O ARMAZENAMENTO  LONGO  COM APÓIO PARA FIRMAR A 
municipal,vassoura,2021,Vila Velha,18.35,unidade,unitario,PÁ PARA LIXO  EM PLÁSTICO  RESISTENTE  COM CABO DOBRÁVEL PARA FACILITAR O ARMAZENAMENTO  LONGO  COM APÓIO PARA FIRMAR A 
municipal,vassoura,2021,Vila Velha,18.35,unidade,unitario,PÁ PARA LIXO  EM PLÁSTICO  RESISTENTE  COM CABO DOBRÁVEL PARA FACILITAR O ARMAZENAMENTO  LONGO  COM APÓIO PARA FIRMAR A 
municipal,vassoura,2021,Vila Velha,18.35,unidade,unitario,PÁ PARA LIXO  EM PLÁSTICO  RESISTENTE  COM CABO DOBRÁVEL PARA FACILITAR O ARMAZENAMENTO  LONGO  COM APÓIO PARA FIRMAR A 
municipal,vassoura,2021,Vila Velha,18.35,unidade,unitario,PÁ PARA LIXO  EM PLÁSTICO  RESISTENTE  COM CABO DOBRÁVEL PARA FACILITAR O ARMAZENAMENTO  LONGO  COM APÓIO PARA FIRMAR A 
municipal,vassoura,2021,Vila Velha,18.35,unidade,unitario,PÁ PARA LIXO  EM PLÁSTICO  RESISTENTE  COM CABO DOBRÁVEL PARA FACILITAR O ARMAZENAMENTO  LONGO  COM APÓIO PARA FIRMAR A 
municipal,vassoura,2021,Vila Velha,18.35,unidade,unitario,PÁ PARA LIXO  EM PLÁSTICO  RESISTENTE  COM CABO DOBRÁVEL PARA FACILITAR O ARMAZENAMENTO  LONGO  COM APÓIO PARA FIRMAR A 
municipal,pano_chao,2021,Vila Velha,4.35,unidade,unitario,PANO DE CHÃO  MATERIAL: 100% ALGODÃO  COR: BRANCA  TIPO: ALVEJADO  APLICAÇÃO: LIMPEZA  ACABAMENTO: ARREMATE NAS BORDAS E
municipal,pano_chao,2021,Vila Velha,4.35,unidade,unitario,PANO DE CHÃO  MATERIAL: 100% ALGODÃO  COR: BRANCA  TIPO: ALVEJADO  APLICAÇÃO: LIMPEZA  ACABAMENTO: ARREMATE NAS BORDAS E
municipal,pano_chao,2021,Vila Velha,4.35,unidade,unitario,PANO DE CHÃO  MATERIAL: 100% ALGODÃO  COR: BRANCA  TIPO: ALVEJADO  APLICAÇÃO: LIMPEZA  ACABAMENTO: ARREMATE NAS BORDAS E
municipal,pano_chao,2021,Vila Velha,4.35,unidade,unitario,PANO DE CHÃO  MATERIAL: 100% ALGODÃO  COR: BRANCA  TIPO: ALVEJADO  APLICAÇÃO: LIMPEZA  ACABAMENTO: ARREMATE NAS BORDAS E
municipal,pano_chao,2021,Vila Velha,4.35,unidade,unitario,PANO DE CHÃO  MATERIAL: 100% ALGODÃO  COR: BRANCA  TIPO: ALVEJADO  APLICAÇÃO: LIMPEZA  ACABAMENTO: ARREMATE NAS BORDAS E
municipal,pano_chao,2021,Vila Velha,4.35,unidade,unitario,PANO DE CHÃO  MATERIAL: 100% ALGODÃO  COR: BRANCA  TIPO: ALVEJADO  APLICAÇÃO: LIMPEZA  ACABAMENTO: ARREMATE NAS BORDAS E
municipal,pano_chao,2021,Vila Velha,4.35,unidade,unitario,PANO DE CHÃO  MATERIAL: 100% ALGODÃO  COR: BRANCA  TIPO: ALVEJADO  APLICAÇÃO: LIMPEZA  ACABAMENTO: ARREMATE NAS BORDAS E
municipal,pano_chao,2021,Vila Velha,4.35,unidade,unitario,PANO DE CHÃO  MATERIAL: 100% ALGODÃO  COR: BRANCA  TIPO: ALVEJADO  APLICAÇÃO: LIMPEZA  ACABAMENTO: ARREMATE NAS BORDAS E
municipal,pano_chao,2021,Vila Velha,4.35,unidade,unitario,PANO DE CHÃO  MATERIAL: 100% ALGODÃO  COR: BRANCA  TIPO: ALVEJADO  APLICAÇÃO: LIMPEZA  ACABAMENTO: ARREMATE NAS BORDAS E
municipal,pano_chao,2021,Vila Velha,4.35,unidade,unitario,PANO DE CHÃO  MATERIAL: 100% ALGODÃO  COR: BRANCA  TIPO: ALVEJADO  APLICAÇÃO: LIMPEZA  ACABAMENTO: ARREMATE NAS BORDAS E
municipal,pano_chao,2021,Vila Velha,4.35,unidade,unitario,PANO DE CHÃO  MATERIAL: 100% ALGODÃO  COR: BRANCA  TIPO: ALVEJADO  APLICAÇÃO: LIMPEZA  ACABAMENTO: ARREMATE NAS BORDAS E
municipal,pano_chao,2021,Vila Velha,4.35,unidade,unitario,PANO DE CHÃO  MATERIAL: 100% ALGODÃO  COR: BRANCA  TIPO: ALVEJADO  APLICAÇÃO: LIMPEZA  ACABAMENTO: ARREMATE NAS BORDAS E
municipal,papel_toalha,2021,Vila Velha,16.5,rolo,unitario,PAPEL TOALHA.  BRANCO INTERFOLHADO COM 02 (DUAS) DOBRAS  GOFRADO.  FOLHAS DUPLAS  FABRICADO COM 100% FIBRAS VIRGENS DE C
municipal,papel_toalha,2021,Vila Velha,16.5,rolo,unitario,PAPEL TOALHA.  BRANCO INTERFOLHADO COM 02 (DUAS) DOBRAS  GOFRADO.  FOLHAS DUPLAS  FABRICADO COM 100% FIBRAS VIRGENS DE C
municipal,papel_toalha,2021,Vila Velha,16.5,rolo,unitario,PAPEL TOALHA.  BRANCO INTERFOLHADO COM 02 (DUAS) DOBRAS  GOFRADO.  FOLHAS DUPLAS  FABRICADO COM 100% FIBRAS VIRGENS DE C
municipal,papel_toalha,2021,Vila Velha,16.5,rolo,unitario,PAPEL TOALHA.  BRANCO INTERFOLHADO COM 02 (DUAS) DOBRAS  GOFRADO.  FOLHAS DUPLAS  FABRICADO COM 100% FIBRAS VIRGENS DE C
municipal,papel_toalha,2021,Vila Velha,16.5,rolo,unitario,PAPEL TOALHA.  BRANCO INTERFOLHADO COM 02 (DUAS) DOBRAS  GOFRADO.  FOLHAS DUPLAS  FABRICADO COM 100% FIBRAS VIRGENS DE C
municipal,papel_toalha,2021,Vila Velha,16.5,rolo,unitario,PAPEL TOALHA.  BRANCO INTERFOLHADO COM 02 (DUAS) DOBRAS  GOFRADO.  FOLHAS DUPLAS  FABRICADO COM 100% FIBRAS VIRGENS DE C
municipal,papel_toalha,2021,Vila Velha,16.5,rolo,unitario,PAPEL TOALHA.  BRANCO INTERFOLHADO COM 02 (DUAS) DOBRAS  GOFRADO.  FOLHAS DUPLAS  FABRICADO COM 100% FIBRAS VIRGENS DE C
municipal,papel_toalha,2021,Vila Velha,16.5,rolo,unitario,PAPEL TOALHA.  BRANCO INTERFOLHADO COM 02 (DUAS) DOBRAS  GOFRADO.  FOLHAS DUPLAS  FABRICADO COM 100% FIBRAS VIRGENS DE C
municipal,papel_toalha,2021,Vila Velha,16.5,rolo,unitario,PAPEL TOALHA.  BRANCO INTERFOLHADO COM 02 (DUAS) DOBRAS  GOFRADO.  FOLHAS DUPLAS  FABRICADO COM 100% FIBRAS VIRGENS DE C
municipal,papel_toalha,2021,Vila Velha,16.5,rolo,unitario,PAPEL TOALHA.  BRANCO INTERFOLHADO COM 02 (DUAS) DOBRAS  GOFRADO.  FOLHAS DUPLAS  FABRICADO COM 100% FIBRAS VIRGENS DE C
municipal,papel_toalha,2021,Vila Velha,16.5,rolo,unitario,PAPEL TOALHA.  BRANCO INTERFOLHADO COM 02 (DUAS) DOBRAS  GOFRADO.  FOLHAS DUPLAS  FABRICADO COM 100% FIBRAS VIRGENS DE C
municipal,papel_toalha,2021,Vila Velha,16.5,rolo,unitario,PAPEL TOALHA.  BRANCO INTERFOLHADO COM 02 (DUAS) DOBRAS  GOFRADO.  FOLHAS DUPLAS  FABRICADO COM 100% FIBRAS VIRGENS DE C
municipal,sabao_barra,2021,Vila Velha,9.95,kg,descricao,SABÃO EM BARRA. FRAGRÂNCIA: COCO; COR: BRANCO; UNIDADE DE FORNECIMENTO PACOTE 5 UNIDADES  GLICERINADO; ACONDICIONAMENTO:
municipal,sabao_barra,2021,Vila Velha,9.95,kg,descricao,SABÃO EM BARRA. FRAGRÂNCIA: COCO; COR: BRANCO; UNIDADE DE FORNECIMENTO PACOTE 5 UNIDADES  GLICERINADO; ACONDICIONAMENTO:
municipal,sabao_barra,2021,Vila Velha,9.95,kg,descricao,SABÃO EM BARRA. FRAGRÂNCIA: COCO; COR: BRANCO; UNIDADE DE FORNECIMENTO PACOTE 5 UNIDADES  GLICERINADO; ACONDICIONAMENTO:
municipal,sabao_barra,2021,Vila Velha,9.95,kg,descricao,SABÃO EM BARRA. FRAGRÂNCIA: COCO; COR: BRANCO; UNIDADE DE FORNECIMENTO PACOTE 5 UNIDADES  GLICERINADO; ACONDICIONAMENTO:
municipal,sabao_barra,2021,Vila Velha,9.95,kg,descricao,SABÃO EM BARRA. FRAGRÂNCIA: COCO; COR: BRANCO; UNIDADE DE FORNECIMENTO PACOTE 5 UNIDADES  GLICERINADO; ACONDICIONAMENTO:
municipal,sabao_barra,2021,Vila Velha,9.95,kg,descricao,SABÃO EM BARRA. FRAGRÂNCIA: COCO; COR: BRANCO; UNIDADE DE FORNECIMENTO PACOTE 5 UNIDADES  GLICERINADO; ACONDICIONAMENTO:
municipal,sabao_barra,2021,Vila Velha,9.95,kg,descricao,SABÃO EM BARRA. FRAGRÂNCIA: COCO; COR: BRANCO; UNIDADE DE FORNECIMENTO PACOTE 5 UNIDADES  GLICERINADO; ACONDICIONAMENTO:
municipal,sabao_barra,2021,Vila Velha,9.95,kg,descricao,SABÃO EM BARRA. FRAGRÂNCIA: COCO; COR: BRANCO; UNIDADE DE FORNECIMENTO PACOTE 5 UNIDADES  GLICERINADO; ACONDICIONAMENTO:
municipal,sabao_po,2021,Vila Velha,7.18,kg,descricao,Sabão em pó. Fragrância: neutro; cor: azul; peso: 5 kg; acondicionamento: saco em filme plástico; rotulagem: contendo id
municipal,sabao_po,2021,Vila Velha,7.18,kg,descricao,Sabão em pó. Fragrância: neutro; cor: azul; peso: 5 kg; acondicionamento: saco em filme plástico; rotulagem: contendo id
municipal,sabao_po,2021,Vila Velha,7.18,kg,descricao,Sabão em pó. Fragrância: neutro; cor: azul; peso: 5 kg; acondicionamento: saco em filme plástico; rotulagem: contendo id
municipal,sabao_po,2021,Vila Velha,7.18,kg,descricao,Sabão em pó. Fragrância: neutro; cor: azul; peso: 5 kg; acondicionamento: saco em filme plástico; rotulagem: contendo id
municipal,sabao_po,2021,Vila Velha,7.18,kg,descricao,Sabão em pó. Fragrância: neutro; cor: azul; peso: 5 kg; acondicionamento: saco em filme plástico; rotulagem: contendo id
municipal,sabao_po,2021,Vila Velha,7.18,kg,descricao,Sabão em pó. Fragrância: neutro; cor: azul; peso: 5 kg; acondicionamento: saco em filme plástico; rotulagem: contendo id
municipal,sabao_po,2021,Vila Velha,7.18,kg,descricao,Sabão em pó. Fragrância: neutro; cor: azul; peso: 5 kg; acondicionamento: saco em filme plástico; rotulagem: contendo id
municipal,sabao_po,2021,Vila Velha,7.18,kg,descricao,Sabão em pó. Fragrância: neutro; cor: azul; peso: 5 kg; acondicionamento: saco em filme plástico; rotulagem: contendo id
municipal,sabao_po,2021,Vila Velha,7.18,kg,descricao,Sabão em pó. Fragrância: neutro; cor: azul; peso: 5 kg; acondicionamento: saco em filme plástico; rotulagem: contendo id
municipal,sabao_po,2021,Vila Velha,7.18,kg,descricao,Sabão em pó. Fragrância: neutro; cor: azul; peso: 5 kg; acondicionamento: saco em filme plástico; rotulagem: contendo id
municipal,sabao_po,2021,Vila Velha,7.18,kg,descricao,Sabão em pó. Fragrância: neutro; cor: azul; peso: 5 kg; acondicionamento: saco em filme plástico; rotulagem: contendo id
municipal,vassoura,2021,Vila Velha,25.0,unidade,unitario,VASSOURA LIMPA TETO COM CABO DE 1 8M. 
municipal,vassoura,2021,Vila Velha,25.0,unidade,unitario,VASSOURA LIMPA TETO COM CABO DE 1 8M. 
municipal,vassoura,2021,Vila Velha,25.0,unidade,unitario,VASSOURA LIMPA TETO COM CABO DE 1 8M. 
municipal,vassoura,2021,Vila Velha,25.0,unidade,unitario,VASSOURA LIMPA TETO COM CABO DE 1 8M. 
municipal,vassoura,2021,Vila Velha,25.0,unidade,unitario,VASSOURA LIMPA TETO COM CABO DE 1 8M. 
municipal,vassoura,2021,Vila Velha,25.0,unidade,unitario,VASSOURA LIMPA TETO COM CABO DE 1 8M. 
municipal,vassoura,2021,Vila Velha,25.0,unidade,unitario,VASSOURA LIMPA TETO COM CABO DE 1 8M. 
municipal,vassoura,2021,Vila Velha,14.55,unidade,unitario,Vassoura  modelo tradicional  material cerda pêlo sintetico cabo: madeira  revestimento: cabo plastificado  largura base
municipal,vassoura,2021,Vila Velha,14.55,unidade,unitario,Vassoura  modelo tradicional  material cerda pêlo sintetico cabo: madeira  revestimento: cabo plastificado  largura base
municipal,vassoura,2021,Vila Velha,13.9,unidade,unitario,VASSOURA  MATERIAL CERDAS PIAÇAVA  MATERIAL CABO MADEIRA  MATERIAL CEPA MADEIRA  COMPRIMENTO CEPA 40 CM  COMPRIMENTO CER
municipal,vassoura,2021,Vila Velha,13.9,unidade,unitario,VASSOURA  MATERIAL CERDAS PIAÇAVA  MATERIAL CABO MADEIRA  MATERIAL CEPA MADEIRA  COMPRIMENTO CEPA 40 CM  COMPRIMENTO CER
municipal,vassoura,2021,Vila Velha,13.9,unidade,unitario,VASSOURA  MATERIAL CERDAS PIAÇAVA  MATERIAL CABO MADEIRA  MATERIAL CEPA MADEIRA  COMPRIMENTO CEPA 40 CM  COMPRIMENTO CER
municipal,vassoura,2021,Vila Velha,13.9,unidade,unitario,VASSOURA  MATERIAL CERDAS PIAÇAVA  MATERIAL CABO MADEIRA  MATERIAL CEPA MADEIRA  COMPRIMENTO CEPA 40 CM  COMPRIMENTO CER
municipal,vassoura,2021,Vila Velha,13.9,unidade,unitario,VASSOURA  MATERIAL CERDAS PIAÇAVA  MATERIAL CABO MADEIRA  MATERIAL CEPA MADEIRA  COMPRIMENTO CEPA 40 CM  COMPRIMENTO CER
municipal,vassoura,2021,Vila Velha,13.9,unidade,unitario,VASSOURA  MATERIAL CERDAS PIAÇAVA  MATERIAL CABO MADEIRA  MATERIAL CEPA MADEIRA  COMPRIMENTO CEPA 40 CM  COMPRIMENTO CER
municipal,vassoura,2021,Vila Velha,13.9,unidade,unitario,VASSOURA  MATERIAL CERDAS PIAÇAVA  MATERIAL CABO MADEIRA  MATERIAL CEPA MADEIRA  COMPRIMENTO CEPA 40 CM  COMPRIMENTO CER
municipal,vassoura,2021,Vila Velha,13.9,unidade,unitario,VASSOURA  MATERIAL CERDAS PIAÇAVA  MATERIAL CABO MADEIRA  MATERIAL CEPA MADEIRA  COMPRIMENTO CEPA 40 CM  COMPRIMENTO CER
municipal,vassoura,2021,Vila Velha,16.0,unidade,unitario,VASSOURA. MATERIAL CERDA: PIAÇAVA;   NÚMERO CARREIRA: 5 CARREIRAS; COM CABO; MATERIAL CABO: MADEIRA; REVESTIMENTO: SEM R
municipal,vassoura,2021,Vila Velha,16.0,unidade,unitario,VASSOURA. MATERIAL CERDA: PIAÇAVA;   NÚMERO CARREIRA: 5 CARREIRAS; COM CABO; MATERIAL CABO: MADEIRA; REVESTIMENTO: SEM R
municipal,vassoura,2021,Vila Velha,16.0,unidade,unitario,VASSOURA. MATERIAL CERDA: PIAÇAVA;   NÚMERO CARREIRA: 5 CARREIRAS; COM CABO; MATERIAL CABO: MADEIRA; REVESTIMENTO: SEM R
municipal,vassoura,2021,Vila Velha,16.0,unidade,unitario,VASSOURA. MATERIAL CERDA: PIAÇAVA;   NÚMERO CARREIRA: 5 CARREIRAS; COM CABO; MATERIAL CABO: MADEIRA; REVESTIMENTO: SEM R
municipal,vassoura,2021,Vila Velha,16.0,unidade,unitario,VASSOURA. MATERIAL CERDA: PIAÇAVA;   NÚMERO CARREIRA: 5 CARREIRAS; COM CABO; MATERIAL CABO: MADEIRA; REVESTIMENTO: SEM R
municipal,vassoura,2021,Vila Velha,9.99,unidade,unitario,VASSOURA;  LIMPEZA DE VASO SANITÁRIO; DIMENSÕES: 30 00CM X 3 00CM X 3 00CM (AXLXP); UNIDADE DE FORNECIMENTO: 1 UNIDADE; 
municipal,vassoura,2021,Vila Velha,9.99,unidade,unitario,VASSOURA;  LIMPEZA DE VASO SANITÁRIO; DIMENSÕES: 30 00CM X 3 00CM X 3 00CM (AXLXP); UNIDADE DE FORNECIMENTO: 1 UNIDADE; 
municipal,vassoura,2021,Vila Velha,9.99,unidade,unitario,VASSOURA;  LIMPEZA DE VASO SANITÁRIO; DIMENSÕES: 30 00CM X 3 00CM X 3 00CM (AXLXP); UNIDADE DE FORNECIMENTO: 1 UNIDADE; 
municipal,vassoura,2021,Vila Velha,9.99,unidade,unitario,VASSOURA;  LIMPEZA DE VASO SANITÁRIO; DIMENSÕES: 30 00CM X 3 00CM X 3 00CM (AXLXP); UNIDADE DE FORNECIMENTO: 1 UNIDADE; 
municipal,vassoura,2021,Vila Velha,9.99,unidade,unitario,VASSOURA;  LIMPEZA DE VASO SANITÁRIO; DIMENSÕES: 30 00CM X 3 00CM X 3 00CM (AXLXP); UNIDADE DE FORNECIMENTO: 1 UNIDADE; 
municipal,vassoura,2021,Vila Velha,9.99,unidade,unitario,VASSOURA;  LIMPEZA DE VASO SANITÁRIO; DIMENSÕES: 30 00CM X 3 00CM X 3 00CM (AXLXP); UNIDADE DE FORNECIMENTO: 1 UNIDADE; 
municipal,vassoura,2021,Vila Velha,9.99,unidade,unitario,VASSOURA;  LIMPEZA DE VASO SANITÁRIO; DIMENSÕES: 30 00CM X 3 00CM X 3 00CM (AXLXP); UNIDADE DE FORNECIMENTO: 1 UNIDADE; 
municipal,vassoura,2021,Vila Velha,9.99,unidade,unitario,VASSOURA;  LIMPEZA DE VASO SANITÁRIO; DIMENSÕES: 30 00CM X 3 00CM X 3 00CM (AXLXP); UNIDADE DE FORNECIMENTO: 1 UNIDADE; 
municipal,vassoura,2021,Vila Velha,9.99,unidade,unitario,VASSOURA;  LIMPEZA DE VASO SANITÁRIO; DIMENSÕES: 30 00CM X 3 00CM X 3 00CM (AXLXP); UNIDADE DE FORNECIMENTO: 1 UNIDADE; 
municipal,vassoura,2021,Vila Velha,9.99,unidade,unitario,VASSOURA;  LIMPEZA DE VASO SANITÁRIO; DIMENSÕES: 30 00CM X 3 00CM X 3 00CM (AXLXP); UNIDADE DE FORNECIMENTO: 1 UNIDADE; 
municipal,alcool,2021,Vila Velha,7.346,litro,descricao,ÁLCOOL ETILICO HIDRATADO ANTISSEPTICO 70%  - ANTISSÉPTICO - LIQUIDO INCOLOR  LIMPIDO E VOLATIL - COM ODOR CARACTERISTICO
municipal,alcool,2021,Vila Velha,7.346,litro,descricao,ÁLCOOL ETILICO HIDRATADO ANTISSEPTICO 70%  - ANTISSÉPTICO - LIQUIDO INCOLOR  LIMPIDO E VOLATIL - COM ODOR CARACTERISTICO
municipal,alcool,2021,Vila Velha,7.346,litro,descricao,ÁLCOOL ETILICO HIDRATADO ANTISSEPTICO 70%  - ANTISSÉPTICO - LIQUIDO INCOLOR  LIMPIDO E VOLATIL - COM ODOR CARACTERISTICO
municipal,alcool,2021,Vila Velha,7.346,litro,descricao,ÁLCOOL ETILICO HIDRATADO ANTISSEPTICO 70%  - ANTISSÉPTICO - LIQUIDO INCOLOR  LIMPIDO E VOLATIL - COM ODOR CARACTERISTICO
municipal,alcool,2021,Vila Velha,7.346,litro,descricao,ÁLCOOL ETILICO HIDRATADO ANTISSEPTICO 70%  - ANTISSÉPTICO - LIQUIDO INCOLOR  LIMPIDO E VOLATIL - COM ODOR CARACTERISTICO
municipal,alcool,2021,Vila Velha,7.346,litro,descricao,ÁLCOOL ETILICO HIDRATADO ANTISSEPTICO 70%  - ANTISSÉPTICO - LIQUIDO INCOLOR  LIMPIDO E VOLATIL - COM ODOR CARACTERISTICO
municipal,alcool,2021,Vila Velha,7.346,litro,descricao,ÁLCOOL ETILICO HIDRATADO ANTISSEPTICO 70%  - ANTISSÉPTICO - LIQUIDO INCOLOR  LIMPIDO E VOLATIL - COM ODOR CARACTERISTICO
municipal,alcool,2021,Vila Velha,7.346,litro,descricao,ÁLCOOL ETILICO HIDRATADO ANTISSEPTICO 70%  - ANTISSÉPTICO - LIQUIDO INCOLOR  LIMPIDO E VOLATIL - COM ODOR CARACTERISTICO
municipal,alcool,2021,Vila Velha,7.346,litro,descricao,ÁLCOOL ETILICO HIDRATADO ANTISSEPTICO 70%  - ANTISSÉPTICO - LIQUIDO INCOLOR  LIMPIDO E VOLATIL - COM ODOR CARACTERISTICO
municipal,alcool,2021,Vila Velha,7.346,litro,descricao,ÁLCOOL ETILICO HIDRATADO ANTISSEPTICO 70%  - ANTISSÉPTICO - LIQUIDO INCOLOR  LIMPIDO E VOLATIL - COM ODOR CARACTERISTICO
municipal,alcool,2021,Vila Velha,7.346,litro,descricao,ÁLCOOL ETILICO HIDRATADO ANTISSEPTICO 70%  - ANTISSÉPTICO - LIQUIDO INCOLOR  LIMPIDO E VOLATIL - COM ODOR CARACTERISTICO
municipal,enalapril,2021,Vila Velha,0.0612,unidade,unitario,ENALAPRIL  MALEATO 5MG COMPRIMIDO  
municipal,aas,2021,Vila Velha,0.61,unidade,unitario,ÁCIDO ACETILSALICÍLICO TAMPONADO 200MG COMPRIMIDO 
municipal,dexametasona,2021,Vila Velha,6.69,unidade,unitario,DEXAMETASONA  FOSFATO DISSÓDICO 1MG/ML SOLUÇÃO OFTALMOLÓGICA  FRASCO CONTA-GOTAS 5ML. 
municipal,seringa,2021,Vila Velha,4.19,unidade,unitario,HIDROCORTISONA  SUCCINATO SÓDICO 500 MG - PÓ LIOFILIZADO PARA SOLUÇÃO INJETÁVEL - INTRAVENOSA - AMPOLA - F/A - SERINGA P
municipal,clonazepam,2021,Vila Velha,0.056,unidade,unitario,CLONAZEPAM 2MG 
municipal,amoxicilina,2021,Vila Velha,0.1446,unidade,unitario,AMOXICILINA 500MG 
municipal,margarina,2021,Vila Velha,14.02,kg,descricao,Margarina com sal  deverá apresentar forma cremosa à temperatura ambiente  cor amarela claro  sem manchas ou pontos de o
municipal,margarina,2021,Vila Velha,14.02,kg,descricao,Margarina com sal  deverá apresentar forma cremosa à temperatura ambiente  cor amarela claro  sem manchas ou pontos de o
municipal,iogurte,2021,Vila Velha,3.36,litro,heuristica,Iogurte sem lactose  resfriado  parcialmente desnatado  com polpa de fruta  para dietas com restrição de lactose  sabor 
municipal,iogurte,2021,Vila Velha,3.36,litro,heuristica,Iogurte sem lactose  resfriado  parcialmente desnatado  com polpa de fruta  para dietas com restrição de lactose  sabor 
municipal,requeijao,2021,Vila Velha,33.1,kg,descricao,Requeijão cremoso  pasteurizado  fabricado com matérias-primas sãs e limpas  isenta de matéria terrosa parasitas e em pe
municipal,acucar,2021,Vila Velha,13.13,kg,heuristica,Leite em pó integral   sem adição de açúcar  pó uniforme sem grumos  cor  aroma e odor característicos  não rançoso  aco
municipal,acucar,2021,Vila Velha,13.13,kg,heuristica,Leite em pó integral   sem adição de açúcar  pó uniforme sem grumos  cor  aroma e odor característicos  não rançoso  aco
municipal,iogurte,2021,Vila Velha,10.5,litro,descricao,Iogurte  produto lácteo com polpa de frutas  sabor morango  refrigerado; mistura homogênea  isenta de estufamento  mofo 
municipal,iogurte,2021,Vila Velha,10.5,litro,descricao,Iogurte  produto lácteo com polpa de frutas  sabor morango  refrigerado; mistura homogênea  isenta de estufamento  mofo 
municipal,acucar,2021,Vila Velha,17.18,kg,heuristica,Leite em pó integral  sem lactose  sem adição de açúcar  pó uniforme sem grumos  cor  aroma e odor característicos  não 
municipal,acucar,2021,Vila Velha,3.34,kg,heuristica,Iogurte  produto lácteo  sem corantes  sem sabor e sem açúcar  a base de leite integral e fermento lácteo  refrigerado; 
municipal,acucar,2021,Vila Velha,3.34,kg,heuristica,Iogurte  produto lácteo  sem corantes  sem sabor e sem açúcar  a base de leite integral e fermento lácteo  refrigerado; 
municipal,cefalexina,2021,Vila Velha,8.38,unidade,unitario,CEFALEXINA 50MG/ML PÓ PARA SUSPENSÃO ORAL - FRASCO 100ML 
municipal,fenobarbital,2021,Vila Velha,0.1155,unidade,unitario,FENOBARBITAL 100MG COMPRIMIDO  
municipal,glibenclamida,2021,Vila Velha,0.037,unidade,unitario,GLIBENCLAMIDA 5mg COMPRIMIDO REVESTIDO 
municipal,clonazepam,2021,Vila Velha,1.5675,unidade,unitario,CLONAZEPAM 2 5MG/ML - SOLUÇÃO ORAL - FRASCO CONTA-GOTAS 20ML. 
municipal,luva_procedimento,2021,Vila Velha,97.965,caixa_100,unitario,LUVA DE PROCEDIMENTO TAMANHO M  SEM TALCO E SEM LÁTEX. Caixa com 100 unidades. 
municipal,haloperidol,2021,Vila Velha,2.597,unidade,unitario,HALOPERIDOL 5 MG/ML SOLUÇÃO INJETÁVEL AMPOLA 1 ML - INTRAMUSCULAR / INTRAVENOSA. 
municipal,azitromicina,2021,Vila Velha,0.908,unidade,unitario,AZITROMICINA 500mg COMPRIMIDO REVESTIDO. 
municipal,aas,2021,Vila Velha,0.0333,unidade,unitario,ÁCIDO ACETILSALICÍLICO 100MG COMPRIMIDO. 
municipal,atenolol,2021,Vila Velha,0.04,unidade,unitario,ATENOLOL 25MG COMPRIMIDO 
municipal,anlodipino,2021,Vila Velha,0.0344,unidade,unitario,ANLODIPINO 5MG 
municipal,diesel,2021,Vila Velha,5.01,litro,unidade_declarada,DIESEL COMUM (S-500) 
municipal,diesel,2021,Vila Velha,3.641,litro,unidade_declarada,DIESEL COMUM (S-500) 
municipal,dipirona,2021,Vila Velha,0.1135,unidade,unitario,DIPIRONA SODICA 500MG COMPRIMIDO                             
municipal,ibuprofeno,2021,Vila Velha,0.1668,unidade,unitario,IBUPROFENO 600 MG COMPRIMIDO 
municipal,paracetamol,2021,Vila Velha,0.0688,unidade,unitario,PARACETAMOL 500MG COMPRIMIDO 
municipal,anlodipino,2021,Vila Velha,0.0344,unidade,unitario,ANLODIPINO (BESILATO) 5 MG COMPRIMIDO. 
municipal,carbamazepina,2021,Vila Velha,0.155,unidade,unitario,CARBAMAZEPINA 200 MG COMPRIMIDO 
municipal,haloperidol,2021,Vila Velha,4.988,unidade,unitario,HALOPERIDOL  DECANOATO 50MG/ML  SOLUÇÃO INJETAVEL  AMPOLA 1ML - INTRAMUSCULAR. . 
municipal,dipirona,2021,Vila Velha,0.781,unidade,unitario,DIPIRONA SÓDICA 500MG/ML  SOLUÇÃO ORAL  FRASCO CONTA GOTAS 10ML 
municipal,furosemida,2021,Vila Velha,0.5885,unidade,unitario,Furosemida 10 mg/mL solução injetável ampola 2 mL 
municipal,metronidazol,2021,Vila Velha,0.1148,unidade,unitario,METRONIDAZOL 250MG COMPRIMIDO               
municipal,shampoo,2021,Vila Velha,47.699,litro,descricao,CETOCONAZOL 20mg/mL  XAMPU. FRASCO 100mL  
municipal,captopril,2021,Vila Velha,0.0319,unidade,unitario,CAPTOPRIL 25MG COMPRIMIDO 
municipal,haloperidol,2021,Vila Velha,2.489,unidade,unitario,HALOPERIDOL 2MG/ML SOLUÇÃO ORAL - FRASCO CONTA GOTAS 20ML.  
municipal,prednisona,2021,Vila Velha,0.1497,unidade,unitario,PREDNISONA 20MG COMPRIMIDO                                   
municipal,metformina,2021,Vila Velha,0.074,unidade,unitario,METFORMINA CLORIDRATO 850MG  COMPRIMIDO. 
municipal,metformina,2021,Vila Velha,0.0831,unidade,unitario,METFORMINA 500MG COMPRIMIDO                                  
municipal,disjuntor,2021,Vila Velha,7.26,unidade,unitario,DISJUNTOR TERMOMAGNETICO DIN 25 AMP MONOPOLAR CURVA C 3KA 
municipal,disjuntor,2021,Vila Velha,30.0,unidade,unitario,DISJUNTOR TERMOMAGNETICO DIN 32 AMP TRIPOLAR CURVA C 3KA 
municipal,disjuntor,2021,Vila Velha,27.0,unidade,unitario,DISJUNTOR TERMOMAGNETICO DIN 32 AMP BIPOLAR CURVA C 3KA 
municipal,disjuntor,2021,Vila Velha,27.0,unidade,unitario,DISJUNTOR TERMOMAGNETICO DIN 25 AMP BIPOLAR CURVA C 3KA 
municipal,disjuntor,2021,Vila Velha,7.26,unidade,unitario,DISJUNTOR TERMOMAGNETICO DIN  20 AMP MONOPOLAR CURVA C 3KA 
municipal,disjuntor,2021,Vila Velha,30.0,unidade,unitario,DISJUNTOR TERMOMAGNETICO DIN 63 AMP TRIPOLAR CURVA C 3KA 
municipal,disjuntor,2021,Vila Velha,119.0,unidade,unitario,DISJUNTOR TERMOMAGNETICO 125 AMP TRIPOLAR CURVA C 
municipal,disjuntor,2021,Vila Velha,27.0,unidade,unitario,DISJUNTOR TERMOMAGNETICO DIN 16 AMP BIPOLAR CURVA C 3KA 
municipal,disjuntor,2021,Vila Velha,27.0,unidade,unitario,DISJUNTOR TERMOMAGNETICO DIN 50 AMP BIPOLAR CURVA C 3KA 
municipal,disjuntor,2021,Vila Velha,118.0,unidade,unitario,DISJUNTOR TERMOMAGNETICO DIN 100 AMP TRIPOLAR CURVA C 
municipal,levotiroxina,2021,Vila Velha,0.0561,unidade,unitario,LEVOTIROXINA SÓDICA 100 MCG 
municipal,dipirona,2021,Vila Velha,0.1135,unidade,unitario,DIPIRONA SODICA 500MG COMPRIMIDO                             
municipal,paracetamol,2021,Vila Velha,0.0688,unidade,unitario,PARACETAMOL 500MG COMPRIMIDO 
municipal,ibuprofeno,2021,Vila Velha,0.1668,unidade,unitario,IBUPROFENO 600 MG COMPRIMIDO 
municipal,agulha_descartavel,2021,Vila Velha,0.308,unidade,unitario,AGULHA HIPODERMICA; DIMENSAO: 40 X 12 MM; CANULA: ACO INOX  SILICONIZADA; CANHAO: PLASTICO ATOXICO OU LIGA DE ALUMINIO E
municipal,paracetamol,2021,Vila Velha,0.9652,unidade,unitario,PARACETAMOL 200 MG/ML  SOLUÇÃO ORAL  FRASCO CONTA GOTAS 15ML. 
municipal,albendazol,2021,Vila Velha,0.279,unidade,unitario,albendazol 400mg comprimido mastigável. 
municipal,albendazol,2021,Vila Velha,0.877,unidade,unitario,ALBENDAZOL 40MG/ML SUSPENSÃO ORAL  
municipal,sertralina,2021,Vila Velha,0.1229,unidade,unitario,SERTRALINA 50MG COMPRIMIDO                                    
municipal,prednisona,2021,Vila Velha,0.07,unidade,unitario,PREDNISONA 5 MG COMPRIMIDO 
municipal,diazepam,2021,Vila Velha,0.0848,unidade,unitario,DIAZEPAM 10MG COMPRIMIDO  
municipal,biscoito,2021,Vila Velha,7.4,kg,heuristica,Biscoito de polvilho isento de glúten e lactose produzido a partir de matéria- primas sãs e limpo. Massa bem assada  sem
municipal,biscoito,2021,Vila Velha,10.2424,kg,descricao,Biscoito isento de lactose  tipo cream cracker  de textura crocante  de sabor  cor e odor característicos  acondicionado
municipal,biscoito,2021,Vila Velha,11.725,kg,heuristica,Biscoito salgado  tipo cream cracker  de textura crocante  de sabor  cor e odor característicos  acondicionado em embala
municipal,biscoito,2021,Vila Velha,23.325,kg,heuristica,Biscoito rosquinha doce  sabor leite ou coco  cor e odor característicos  textura crocante  acondicionado em embalagem r
municipal,biscoito,2021,Vila Velha,11.575,kg,heuristica,Biscoito doce  tipo Maria ou Maisena  de sabor  cor e odor característicos  textura crocante  acondicionado em embalagem
municipal,biscoito,2021,Vila Velha,10.55,kg,heuristica,Biscoito integral salgado  à base de farinha integral  de textura crocante  de sabor  cor e odor característicos  acondi
municipal,biscoito,2021,Vila Velha,9.697,kg,descricao,Biscoito isento de lactose  tipo maria ou maisena  de textura crocante  de sabor  cor e odor característicos  acondicion
municipal,omeprazol,2021,Vila Velha,0.074,unidade,unitario,OMEPRAZOL 20MG CAPSULA/COMPRIMIDO/COMPRIMIDO REVESTIDO/DRAGEA 
municipal,losartana,2021,Vila Velha,0.0825,unidade,unitario,LOSARTANA POTASSICA 50MG COMPRIMIDO REVESTIDO 
municipal,salbutamol,2021,Vila Velha,7.119,unidade,unitario,SALBUTAMOL  SULFATO 100MCG  AEROSOL ORAL  FRASCO AEROSOL 200 DOSES + APLICADOR.  
municipal,amitriptilina,2021,Vila Velha,0.124,unidade,unitario,AMITRIPTILINA 25MG  
municipal,hidroclorotiazida,2021,Vila Velha,0.0167,unidade,unitario,HIDROCLOROTIAZIDA 25MG COMPRIMIDO 
municipal,sinvastatina,2021,Vila Velha,0.0537,unidade,unitario,SINVASTATINA 20MG.                                            
municipal,metformina,2021,Vila Velha,0.0813,unidade,unitario,METFORMINA 500MG COMPRIMIDO                                  
municipal,metformina,2021,Vila Velha,0.074,unidade,unitario,METFORMINA CLORIDRATO 850MG  COMPRIMIDO. 
municipal,fenobarbital,2021,Vila Velha,3.4,unidade,unitario,FENOBARBITAL 40 MG/ML - SOLUÇÃO ORAL - FRASCO CONTA-GOTAS 20ML. 
municipal,haloperidol,2021,Vila Velha,2.489,unidade,unitario,HALOPERIDOL 2MG/ML SOLUÇÃO ORAL - FRASCO CONTA GOTAS 20ML.  
municipal,clonazepam,2021,Vila Velha,1.5675,unidade,unitario,CLONAZEPAM 2 5MG/ML - SOLUÇÃO ORAL - FRASCO CONTA-GOTAS 20ML. 
municipal,fenobarbital,2021,Vila Velha,0.1,unidade,unitario,FENOBARBITAL 100MG COMPRIMIDO  
municipal,cefalexina,2021,Vila Velha,7.49,unidade,unitario,CEFALEXINA 50MG/ML PÓ PARA SUSPENSÃO ORAL - FRASCO 100ML 
municipal,loratadina,2021,Vila Velha,0.09,unidade,unitario,LORATADINA 10 MG  
municipal,atenolol,2021,Vila Velha,0.0899,unidade,unitario,ATENOLOL 50MG COMPRIMIDO 
municipal,dexametasona,2021,Vila Velha,1.0291,unidade,unitario,DEXAMETASONA  ACETATO 1MG/G - CREME DERMATOLOGICO - 10MG 
municipal,paracetamol,2021,Vila Velha,0.965,unidade,unitario,PARACETAMOL 200 MG/ML  SOLUÇÃO ORAL  FRASCO CONTA GOTAS 15ML. 
municipal,furosemida,2021,Vila Velha,0.0549,unidade,unitario,FUROSEMIDA 40MG COMPRIMIDO 
municipal,envelope,2021,Vila Velha,0.4754,unidade,unitario,SAIS PARA REIDRATAÇÃO ORAL  PÓ  ENVELOPE 27 G 
municipal,clonazepam,2021,Vila Velha,0.056,unidade,unitario,CLONAZEPAM 2MG  COMPRIMIDO   
municipal,azitromicina,2021,Vila Velha,1.63,unidade,unitario,AZITROMICINA 500 MG COMPRIMIDO                               
municipal,fluoxetina,2021,Vila Velha,0.072,unidade,unitario,FLUOXETINA  CLORIDRATO 20 MG.  
municipal,agua_mineral,2021,Vila Velha,0.597,litro,descricao,Água mineral; tipo: sem gás; Quantidade: 20 litros; Unidade de fornecimento: garrafão retornável; Prazo de validade no m
municipal,agua_mineral,2021,Vila Velha,0.597,litro,descricao,Água mineral; tipo: sem gás; Quantidade: 20 litros; Unidade de fornecimento: garrafão retornável; Prazo de validade no m
municipal,agua_mineral,2021,Vila Velha,0.597,litro,descricao,Água mineral; tipo: sem gás; Quantidade: 20 litros; Unidade de fornecimento: garrafão retornável; Prazo de validade no m
municipal,agua_mineral,2021,Vila Velha,0.597,litro,descricao,Água mineral; tipo: sem gás; Quantidade: 20 litros; Unidade de fornecimento: garrafão retornável; Prazo de validade no m
municipal,agua_mineral,2021,Vila Velha,0.597,litro,descricao,Água mineral; tipo: sem gás; Quantidade: 20 litros; Unidade de fornecimento: garrafão retornável; Prazo de validade no m
municipal,agua_mineral,2021,Vila Velha,0.597,litro,descricao,Água mineral; tipo: sem gás; Quantidade: 20 litros; Unidade de fornecimento: garrafão retornável; Prazo de validade no m
municipal,agua_mineral,2021,Vila Velha,0.597,litro,descricao,Água mineral; tipo: sem gás; Quantidade: 20 litros; Unidade de fornecimento: garrafão retornável; Prazo de validade no m
municipal,agua_mineral,2021,Vila Velha,0.597,litro,descricao,Água mineral; tipo: sem gás; Quantidade: 20 litros; Unidade de fornecimento: garrafão retornável; Prazo de validade no m
municipal,agua_mineral,2021,Vila Velha,3.02,litro,descricao,Água mineral; Tipo: sem gás; GARRAFA DE 500 ML; ACONDICIONADA EM GARRAFA PET  TAMPA COM ROSCA E LACRE; CONTENDO 500 ML. 
municipal,agua_mineral,2021,Vila Velha,3.02,litro,descricao,Água mineral; Tipo: sem gás; GARRAFA DE 500 ML; ACONDICIONADA EM GARRAFA PET  TAMPA COM ROSCA E LACRE; CONTENDO 500 ML. 
municipal,azitromicina,2021,Vila Velha,1.63,unidade,unitario,AZITROMICINA 500 MG COMPRIMIDO                               
municipal,ciprofloxacino,2021,Vila Velha,0.2123,unidade,unitario,CIPROFLOXACINO  CLORIDRATO 500 MG  COMPRIMIDO REVESTIDO                  
municipal,enalapril,2021,Vila Velha,0.049,unidade,unitario,ENALAPRIL  MALEATO 20 MG COMPRIMIDO    
municipal,amoxicilina,2021,Vila Velha,0.6378,unidade,unitario,Amoxicilina 500 mg + potássio  clavulanato 125 mg comprimido revestido. 
municipal,lampada_led,2021,Vila Velha,10.97,unidade,unitario,Lâmpada LED tubular T8  60 cm  com potência de 09W/10W  temperatura de cor 6500K  comprimento igual a 60cm. 
municipal,lampada_led,2021,Vila Velha,11.46,unidade,unitario,Lâmpada LED tubular T8  120 cm  com potência de 18W/20W  comprimento igual a 120cm. 
municipal,frango,2021,Vila Velha,6.6767,kg,heuristica,RAÇÃO ÚMIDA para Cães Adulto  Sabor Carne e Frango. 
municipal,ar_condicionado,2021,Vila Velha,3120.83,unidade,unitario,CONTRATAÇÃO DE EMPRESA ESPECIALIZADA NA PRESTAÇÃO DE SERVIÇOS DE LOCAÇÃO DE MÓDULO HABITACIONAL MODULO HABITACIONAL  MED
municipal,ar_condicionado,2021,Vila Velha,4360.0,unidade,unitario,CONTRATAÇÃO DE EMPRESA ESPECIALIZADA NA PRESTAÇÃO DE SERVIÇOS DE LOCAÇÃO DE MÓDULO HABITACIONAL MODULO HABITACIONAL  MED
municipal,ar_condicionado,2021,Vila Velha,3240.98,unidade,unitario,CONTRATAÇÃO DE EMPRESA ESPECIALIZADA NA PRESTAÇÃO DE SERVIÇOS DE LOCAÇÃO DE MÓDULO HABITACIONAL MODULO HABITACIONAL  MED
municipal,ar_condicionado,2021,Vila Velha,3120.83,unidade,unitario,CONTRATAÇÃO DE EMPRESA ESPECIALIZADA NA PRESTAÇÃO DE SERVIÇOS DE LOCAÇÃO DE MÓDULO HABITACIONAL MODULO HABITACIONAL  MED
municipal,ar_condicionado,2021,Vila Velha,3240.98,unidade,unitario,CONTRATAÇÃO DE EMPRESA ESPECIALIZADA NA PRESTAÇÃO DE SERVIÇOS DE LOCAÇÃO DE MÓDULO HABITACIONAL MODULO HABITACIONAL  MED
municipal,agua_mineral,2021,Vila Velha,2.3333,litro,heuristica,Agua mineral 
municipal,dipirona,2021,Vila Velha,0.5558,unidade,unitario,Dipirona sódica 500 mg/mL  solução injetável  ampola 2 mL  via administração intramuscular / intravenosa. 
municipal,papel_a4,2021,Vila Velha,13.13,resma,unitario,PAPEL SULFITE; FORMATO: A4. PAPEL SULFITE; MATERIAL: ALCALINO; COR: BRANCO; GRAMATURA: 75 G/M²; FORMATO: A4; LARGURA: 21
municipal,papel_a4,2021,Vila Velha,13.13,resma,unitario,PAPEL SULFITE; FORMATO: A4. PAPEL SULFITE; MATERIAL: ALCALINO; COR: BRANCO; GRAMATURA: 75 G/M²; FORMATO: A4; LARGURA: 21
municipal,papel_a4,2021,Vila Velha,13.13,resma,unitario,PAPEL SULFITE; FORMATO: A4. PAPEL SULFITE; MATERIAL: ALCALINO; COR: BRANCO; GRAMATURA: 75 G/M²; FORMATO: A4; LARGURA: 21
municipal,papel_a4,2021,Vila Velha,13.13,resma,unitario,PAPEL SULFITE; FORMATO: A4. PAPEL SULFITE; MATERIAL: ALCALINO; COR: BRANCO; GRAMATURA: 75 G/M²; FORMATO: A4; LARGURA: 21
municipal,papel_a4,2021,Vila Velha,13.13,resma,unitario,PAPEL SULFITE; FORMATO: A4. PAPEL SULFITE; MATERIAL: ALCALINO; COR: BRANCO; GRAMATURA: 75 G/M²; FORMATO: A4; LARGURA: 21
municipal,papel_a4,2021,Vila Velha,13.13,resma,unitario,PAPEL SULFITE; FORMATO: A4. PAPEL SULFITE; MATERIAL: ALCALINO; COR: BRANCO; GRAMATURA: 75 G/M²; FORMATO: A4; LARGURA: 21
municipal,cabo_eletrico,2021,Vila Velha,11.58,metro,unitario,CABO FLEXIVEL ANTICHAMA BWF 450/750 V 10 MM PRETO 
municipal,cabo_eletrico,2021,Vila Velha,6.55,metro,unitario,CABO FLEXIVEL ANTICHAMA BWF 450/750 V 6 MM VERDE 
municipal,disjuntor,2021,Vila Velha,110.02,unidade,unitario,DISJUNTOR TERMOMAGNETICO TRIPOLAR DE 63 AMP DIM 
municipal,dexametasona,2021,Vila Velha,0.905,unidade,unitario,Dexametasona Fosfato dissodico 4 mg ml Intramuscular intravenosa ampola seringa preenchida  
municipal,carbamazepina,2021,Vila Velha,0.3198,unidade,unitario,CARBAMAZEPINA 200 MG COMPRIMIDO 
municipal,carbamazepina,2021,Vila Velha,0.3198,unidade,unitario,CARBAMAZEPINA 200 MG COMPRIMIDO 
municipal,fluoxetina,2021,Vila Velha,0.5487,unidade,unitario,FLUOXETINA 20 MG CÁPSULA OU COMPRIMIDO REVESTIDO 
municipal,fluoxetina,2021,Vila Velha,0.5487,unidade,unitario,FLUOXETINA 20 MG CÁPSULA OU COMPRIMIDO REVESTIDO 
municipal,haloperidol,2021,Vila Velha,4.29,unidade,unitario,HALOPERIDOL  DECANOATO 50MG/ML  SOLUÇÃO INJETAVEL  AMPOLA 1ML - INTRAMUSCULAR. . 
municipal,diazepam,2021,Vila Velha,0.122,unidade,unitario,DIAZEPAM 10MG COMPRIMIDO  
municipal,diazepam,2021,Vila Velha,0.122,unidade,unitario,DIAZEPAM 10MG COMPRIMIDO  
municipal,frango,2021,Vila Velha,13.81,kg,descricao,Peito de Frango sem osso  limpo  magro  não temperado  congelado  proveniente de aves sadias  abatidas sob inspeção vete
municipal,frango,2021,Vila Velha,13.81,kg,descricao,Peito de Frango sem osso  limpo  magro  não temperado  congelado  proveniente de aves sadias  abatidas sob inspeção vete
municipal,carne_bovina,2021,Vila Velha,34.64,kg,unidade_declarada,Carne Bovina em cubos magra congelada  proveniente de machos de espécie bovina sadio  congelado  abatido sob inspeção ve
municipal,carne_bovina,2021,Vila Velha,34.64,kg,unidade_declarada,Carne Bovina em cubos magra congelada  proveniente de machos de espécie bovina sadio  congelado  abatido sob inspeção ve
municipal,carne_bovina,2021,Vila Velha,29.9,kg,unidade_declarada,Carne Bovina Moída (músculo) magra congelada  proveniente de machos de espécie bovina  sadios  abatido sob inspeção vete
municipal,carne_bovina,2021,Vila Velha,29.9,kg,unidade_declarada,Carne Bovina Moída (músculo) magra congelada  proveniente de machos de espécie bovina  sadios  abatido sob inspeção vete
municipal,carne_suina,2021,Vila Velha,21.79,kg,descricao,Carne Suína em cubos de tamanhos padronizados e uniformes  de primeira qualidade  magra e sem gordura aparente  sem osso
municipal,carne_suina,2021,Vila Velha,21.79,kg,descricao,Carne Suína em cubos de tamanhos padronizados e uniformes  de primeira qualidade  magra e sem gordura aparente  sem osso
municipal,omeprazol,2021,Vila Velha,0.2253,unidade,unitario,OMEPRAZOL SODICO 20 MG 
municipal,seringa,2021,Vila Velha,0.4005,unidade,unitario,SERINGA PARA INSULINA  ESTÉRIL  DESCARTÁVEL  COM CAPACIDADE PARA 1 ML (100UI)   AGULHA 8 X 0 3MM 
municipal,ibuprofeno,2021,Vila Velha,3.0016,unidade,unitario,Ibuprofeno 50 mg/mL solução oral frasco 30 mL com conta-gotas. 
municipal,risperidona,2021,Vila Velha,0.4355,unidade,unitario,Risperidona 1 mg  comprimido.  
municipal,risperidona,2021,Vila Velha,0.4937,unidade,unitario,RISPERIDONA 2 MG  COMPRIMIDO.  
municipal,loratadina,2021,Vila Velha,2.5304,unidade,unitario,Loratadina 1 mg/mL  solução oral  frasco 100 mL com copo dosador graduado.. 
municipal,anlodipino,2021,Vila Velha,0.0344,unidade,unitario,ANLODIPINO (BESILATO) 5 MG COMPRIMIDO. 
municipal,desinfetante,2021,Vila Velha,5.811,litro,descricao,DESINFETANTE À BASE DE CLORO  E GEL  CONCENTRADO. IDEAL PARA UTILIZAÇÃO NA DESINFECÇÃO DE SUPERFÍCIES FIXAS E ARTIGOS NÃ
municipal,desinfetante,2021,Vila Velha,5.811,litro,descricao,DESINFETANTE À BASE DE CLORO  E GEL  CONCENTRADO. IDEAL PARA UTILIZAÇÃO NA DESINFECÇÃO DE SUPERFÍCIES FIXAS E ARTIGOS NÃ
municipal,pneu,2021,Vila Velha,174.53,unidade,unitario,Carrinho de mão cofeccionado em aço SAE 1008  cor azul  desengraxado  pintado por processo de imersão contínuo com tinta
municipal,pneu,2021,Vila Velha,174.53,unidade,unitario,Carrinho de mão cofeccionado em aço SAE 1008  cor azul  desengraxado  pintado por processo de imersão contínuo com tinta
municipal,torneira,2021,Vila Velha,13.8,unidade,unitario,"Torneira de metal amarelo com bico para jardim padrão popular 1/2"" ou 3/4 "" (REF 1128) "
municipal,torneira,2021,Vila Velha,13.8,unidade,unitario,"Torneira de metal amarelo com bico para jardim padrão popular 1/2"" ou 3/4 "" (REF 1128) "
municipal,torneira,2021,Vila Velha,44.0,unidade,unitario,"Torneira cromada de mesa para lavatório  padrão popular  1/2 "" ou 3/4 "" (ref 1193) "
municipal,torneira,2021,Vila Velha,44.0,unidade,unitario,"Torneira cromada de mesa para lavatório  padrão popular  1/2 "" ou 3/4 "" (ref 1193) "
municipal,cabo_eletrico,2021,Vila Velha,14.29,metro,unitario,Cabo de cobre pp flex isol. PVC 450/750v anti-chama 70º - 3 x 4.0 mm2 
municipal,cabo_eletrico,2021,Vila Velha,14.29,metro,unitario,Cabo de cobre pp flex isol. PVC 450/750v anti-chama 70º - 3 x 4.0 mm2 
municipal,cabo_eletrico,2021,Vila Velha,11.22,metro,unitario,Cabo de cobre PP flex isol. PVC 1000V anti-chama 70º - 4 x 2 5mm2 
municipal,cabo_eletrico,2021,Vila Velha,11.22,metro,unitario,Cabo de cobre PP flex isol. PVC 1000V anti-chama 70º - 4 x 2 5mm2 
municipal,cabo_eletrico,2021,Vila Velha,10.65,metro,unitario,Cabo de cobre PP 2x4mm2  isolamento 1KV 
municipal,cabo_eletrico,2021,Vila Velha,10.65,metro,unitario,Cabo de cobre PP 2x4mm2  isolamento 1KV 
municipal,cabo_eletrico,2021,Vila Velha,1.35,metro,unitario,Cabo de cobre termoplástico flexível com isolamento para 750V  seção de 1 5 mm2 - Vermelho 
municipal,cabo_eletrico,2021,Vila Velha,1.35,metro,unitario,Cabo de cobre termoplástico flexível com isolamento para 750V  seção de 1 5 mm2 - Verde 
municipal,cabo_eletrico,2021,Vila Velha,2.1,metro,unitario,Cabo de cobre termoplástico flexível com isolamento para 750V  seção de 2 5 mm2 - Verde 
municipal,cabo_eletrico,2021,Vila Velha,2.1,metro,unitario,Cabo de cobre termoplástico flexível com isolamento para 750V  seção de 2 5 mm2 - Verde 
municipal,cabo_eletrico,2021,Vila Velha,1.35,metro,unitario,Cabo de cobre termoplástico flexível com isolamento para 750V  seção de 1 5 mm2 - Azul 
municipal,cabo_eletrico,2021,Vila Velha,2.1,metro,unitario,Cabo de cobre termoplástico flexível com isolamento para 750V  seção de 2 5 mm2 - Vermelho 
municipal,cabo_eletrico,2021,Vila Velha,2.1,metro,unitario,Cabo de cobre termoplástico flexível com isolamento para 750V  seção de 2 5 mm2 - Vermelho 
municipal,cabo_eletrico,2021,Vila Velha,2.1,metro,unitario,Cabo de cobre termoplástico flexível com isolamento para 750V  seção de 2 5 mm2 - Azul 
municipal,cabo_eletrico,2021,Vila Velha,2.1,metro,unitario,Cabo de cobre termoplástico flexível com isolamento para 750V  seção de 2 5 mm2 - Azul 
municipal,cabo_eletrico,2021,Vila Velha,2.1,metro,unitario,Cabo de cobre termoplástico flexível com isolamento para 750V  seção de 2 5 mm2 - Preto 
municipal,cabo_eletrico,2021,Vila Velha,2.1,metro,unitario,Cabo de cobre termoplástico flexível com isolamento para 750V  seção de 2 5 mm2 - Preto 
municipal,cabo_eletrico,2021,Vila Velha,1.35,metro,unitario,Cabo de cobre termoplástico flexível com isolamento para 750V  seção de 1 5 mm2 - Preto 
municipal,cabo_eletrico,2021,Vila Velha,3.47,metro,unitario,Cabo de cobre termoplástico flexível com isolamento para 750V  seção de 4 mm2 - Vermelho 
municipal,cabo_eletrico,2021,Vila Velha,3.47,metro,unitario,Cabo de cobre termoplástico flexível com isolamento para 750V  seção de 4 mm2 - Vermelho 
municipal,cabo_eletrico,2021,Vila Velha,3.47,metro,unitario,Cabo de cobre termoplástico flexível com isolamento para 750V  seção de 4mm2 - Preto 
municipal,cabo_eletrico,2021,Vila Velha,3.47,metro,unitario,Cabo de cobre termoplástico flexível com isolamento para 750V  seção de 4mm2 - Preto 
municipal,cabo_eletrico,2021,Vila Velha,13.88,metro,unitario,Cabo de cobre termoplástico flexível com isolamento para 750V  seção de 16mm2 - Verde 
municipal,cabo_eletrico,2021,Vila Velha,13.88,metro,unitario,Cabo de cobre termoplástico flexível com isolamento para 750V  seção de 16mm2 - Verde 
municipal,cabo_eletrico,2021,Vila Velha,31.75,metro,unitario,Cabo de cobre termoplástico flexível com isolamento para 750V  seção de 35 mm2 - Preto 
municipal,cabo_eletrico,2021,Vila Velha,31.75,metro,unitario,Cabo de cobre termoplástico flexível com isolamento para 750V  seção de 35 mm2 - Preto 
municipal,cabo_eletrico,2021,Vila Velha,31.75,metro,unitario,Cabo de cobre termoplástico flexível com isolamento para 750V  seção de 35 mm2 - Verde 
municipal,cabo_eletrico,2021,Vila Velha,31.75,metro,unitario,Cabo de cobre termoplástico flexível com isolamento para 750V  seção de 35 mm2 - Verde 
municipal,cabo_eletrico,2021,Vila Velha,31.75,metro,unitario,Cabo de cobre termoplástico flexível com isolamento para 750V  seção de 35 mm2 - Azul 
municipal,cabo_eletrico,2021,Vila Velha,31.75,metro,unitario,Cabo de cobre termoplástico flexível com isolamento para 750V  seção de 35 mm2 - Azul 
municipal,cabo_eletrico,2021,Vila Velha,13.88,metro,unitario,Cabo de cobre termoplástico flexível com isolamento para 750V  seção de 16mm2 - Azul 
municipal,cabo_eletrico,2021,Vila Velha,13.88,metro,unitario,Cabo de cobre termoplástico flexível com isolamento para 750V  seção de 16mm2 - Azul 
municipal,cabo_eletrico,2021,Vila Velha,23.02,metro,unitario,Cabo de cobre termoplástico flexível com isolamento para 750V  seção de 25 mm2 - Verde 
municipal,cabo_eletrico,2021,Vila Velha,23.02,metro,unitario,Cabo de cobre termoplástico flexível com isolamento para 750V  seção de 25 mm2 - Verde 
municipal,cabo_eletrico,2021,Vila Velha,23.02,metro,unitario,Cabo de cobre termoplástico flexível com isolamento para 750V  seção de 25 mm2 - Preto 
municipal,cabo_eletrico,2021,Vila Velha,23.02,metro,unitario,Cabo de cobre termoplástico flexível com isolamento para 750V  seção de 25 mm2 - Preto 
municipal,cabo_eletrico,2021,Vila Velha,23.02,metro,unitario,Cabo de cobre termoplástico flexível com isolamento para 750V  seção de 25 mm2 - Azul 
municipal,cabo_eletrico,2021,Vila Velha,23.02,metro,unitario,Cabo de cobre termoplástico flexível com isolamento para 750V  seção de 25 mm2 - Azul 
municipal,cabo_eletrico,2021,Vila Velha,13.88,metro,unitario,Cabo de cobre termoplástico flexível com isolamento para 750V  seção de 16mm2 - Preto 
municipal,cabo_eletrico,2021,Vila Velha,13.88,metro,unitario,Cabo de cobre termoplástico flexível com isolamento para 750V  seção de 16mm2 - Preto 
municipal,cabo_eletrico,2021,Vila Velha,9.13,metro,unitario,Cabo de cobre termoplástico flexível com isolamento para 750V  seção de 10mm2 - Verde 
municipal,cabo_eletrico,2021,Vila Velha,9.13,metro,unitario,Cabo de cobre termoplástico flexível com isolamento para 750V  seção de 10mm2 - Verde 
municipal,cabo_eletrico,2021,Vila Velha,9.13,metro,unitario,Cabo de cobre termoplástico flexível com isolamento para 750V  seção de 10mm2 - Azul 
municipal,cabo_eletrico,2021,Vila Velha,9.13,metro,unitario,Cabo de cobre termoplástico flexível com isolamento para 750V  seção de 10mm2 - Azul 
municipal,cabo_eletrico,2021,Vila Velha,9.13,metro,unitario,Cabo de cobre termoplástico flexível com isolamento para 750V  seção de 10mm2 - Preto 
municipal,cabo_eletrico,2021,Vila Velha,9.13,metro,unitario,Cabo de cobre termoplástico flexível com isolamento para 750V  seção de 10mm2 - Preto 
municipal,cabo_eletrico,2021,Vila Velha,3.47,metro,unitario,Cabo de cobre termoplástico flexível com isolamento para 750V  seção de 4mm2 - Verde 
municipal,cabo_eletrico,2021,Vila Velha,3.47,metro,unitario,Cabo de cobre termoplástico flexível com isolamento para 750V  seção de 4mm2 - Verde 
municipal,cabo_eletrico,2021,Vila Velha,3.47,metro,unitario,Cabo de cobre termoplástico flexível com isolamento para 750V  seção de 4mm2 - Azul 
municipal,cabo_eletrico,2021,Vila Velha,3.47,metro,unitario,Cabo de cobre termoplástico flexível com isolamento para 750V  seção de 4mm2 - Azul 
municipal,cabo_eletrico,2021,Vila Velha,9.13,metro,unitario,Cabo de cobre termoplástico flexível com isolamento para 750V  seção de 10 mm2 - Vermelho 
municipal,cabo_eletrico,2021,Vila Velha,9.13,metro,unitario,Cabo de cobre termoplástico flexível com isolamento para 750V  seção de 10 mm2 - Vermelho 
municipal,disjuntor,2021,Vila Velha,30.66,unidade,unitario,Mini disjuntor tripolar 25A curva C 5KA 220/127V 
municipal,disjuntor,2021,Vila Velha,30.66,unidade,unitario,Mini disjuntor tripolar 25A curva C 5KA 220/127V 
municipal,disjuntor,2021,Vila Velha,51.74,unidade,unitario,Mini disjuntor bipolar 63A curva C 5KA 220/127V 
municipal,disjuntor,2021,Vila Velha,51.74,unidade,unitario,Mini disjuntor bipolar 63A curva C 5KA 220/127V 
municipal,disjuntor,2021,Vila Velha,13.58,unidade,unitario,Mini disjuntor monopolar 63A curva C 5KA 220/127V 
municipal,disjuntor,2021,Vila Velha,13.58,unidade,unitario,Mini disjuntor monopolar 63A curva C 5KA 220/127V 
municipal,disjuntor,2021,Vila Velha,30.66,unidade,unitario,Mini disjuntor tripolar 20A curva C 5KA 220/127V 
municipal,disjuntor,2021,Vila Velha,30.66,unidade,unitario,Mini disjuntor tripolar 20A curva C 5KA 220/127V 
municipal,disjuntor,2021,Vila Velha,65.2,unidade,unitario,Mini disjuntor tripolar 63A curva C 5KA 220/127V 
municipal,disjuntor,2021,Vila Velha,65.2,unidade,unitario,Mini disjuntor tripolar 63A curva C 5KA 220/127V 
municipal,disjuntor,2021,Vila Velha,23.77,unidade,unitario,Mini disjuntor bipolar 25A curva C 5KA 220/127V 
municipal,disjuntor,2021,Vila Velha,23.77,unidade,unitario,Mini disjuntor bipolar 25A curva C 5KA 220/127V 
municipal,disjuntor,2021,Vila Velha,17.66,unidade,unitario,Mini disjuntor monopolar 80A curva C 5KA 220/127V 
municipal,disjuntor,2021,Vila Velha,17.66,unidade,unitario,Mini disjuntor monopolar 80A curva C 5KA 220/127V 
municipal,disjuntor,2021,Vila Velha,107.02,unidade,unitario,Mini disjuntor bipolar 100A curva C 5KA 220/127V 
municipal,disjuntor,2021,Vila Velha,107.02,unidade,unitario,Mini disjuntor bipolar 100A curva C 5KA 220/127V 
municipal,disjuntor,2021,Vila Velha,11.54,unidade,unitario,Mini disjuntor monopolar 50A curva C 5KA 220/127V 
municipal,disjuntor,2021,Vila Velha,11.54,unidade,unitario,Mini disjuntor monopolar 50A curva C 5KA 220/127V 
municipal,disjuntor,2021,Vila Velha,50.37,unidade,unitario,Mini disjuntor tripolar 50A curva C 5KA 220/127V 
municipal,disjuntor,2021,Vila Velha,50.37,unidade,unitario,Mini disjuntor tripolar 50A curva C 5KA 220/127V 
municipal,disjuntor,2021,Vila Velha,100.68,unidade,unitario,Mini disjuntor bipolar 80A curva C 5KA 220/127V 
municipal,disjuntor,2021,Vila Velha,100.68,unidade,unitario,Mini disjuntor bipolar 80A curva C 5KA 220/127V 
municipal,disjuntor,2021,Vila Velha,75.63,unidade,unitario,Disjuntor mini norma DIN - monopolar 100A 
municipal,disjuntor,2021,Vila Velha,75.63,unidade,unitario,Disjuntor mini norma DIN - monopolar 100A 
municipal,disjuntor,2021,Vila Velha,145.97,unidade,unitario,Mini disjuntor tripolar 100A curva C 5KA 220/127V 
municipal,disjuntor,2021,Vila Velha,145.97,unidade,unitario,Mini disjuntor tripolar 100A curva C 5KA 220/127V 
municipal,disjuntor,2021,Vila Velha,8.14,unidade,unitario,Mini disjuntor monopolar 20A curva C 5KA 220/127V 
municipal,disjuntor,2021,Vila Velha,8.14,unidade,unitario,Mini disjuntor monopolar 20A curva C 5KA 220/127V 
municipal,disjuntor,2021,Vila Velha,23.77,unidade,unitario,Mini disjuntor bipolar 20A curva C 5KA 220/127V 
municipal,disjuntor,2021,Vila Velha,23.77,unidade,unitario,Mini disjuntor bipolar 20A curva C 5KA 220/127V 
municipal,disjuntor,2021,Vila Velha,29.82,unidade,unitario,Mini disjuntor bipolar 50A curva C 5KA 220/127V 
municipal,disjuntor,2021,Vila Velha,29.82,unidade,unitario,Mini disjuntor bipolar 50A curva C 5KA 220/127V 
municipal,disjuntor,2021,Vila Velha,8.14,unidade,unitario,Mini disjuntor monopolar 25A curva C 5KA 220/127V 
municipal,disjuntor,2021,Vila Velha,8.14,unidade,unitario,Mini disjuntor monopolar 25A curva C 5KA 220/127V 
municipal,disjuntor,2021,Vila Velha,118.98,unidade,unitario,Mini disjuntor tripolar 80A curva C 5KA 220/127V 
municipal,disjuntor,2021,Vila Velha,118.98,unidade,unitario,Mini disjuntor tripolar 80A curva C 5KA 220/127V 
municipal,disjuntor,2021,Vila Velha,18.08,unidade,unitario,Disjuntor norma NEMA monopolar 30A 
municipal,disjuntor,2021,Vila Velha,18.08,unidade,unitario,Disjuntor norma NEMA monopolar 15A 
municipal,lampada_led,2021,Vila Velha,9.9,unidade,unitario,Lampada LED 10 W bivolt branca  formato tradicional (base e27) 
municipal,lampada_led,2021,Vila Velha,9.9,unidade,unitario,Lampada LED 10 W bivolt branca  formato tradicional (base e27) 
municipal,acucar,2021,Vila Velha,15.75,kg,heuristica,Leite em pó integral  sem lactose  sem adição de açúcar  pó uniforme sem grumos  cor  aroma e odor característicos  não 
municipal,acucar,2021,Vila Velha,15.75,kg,heuristica,Leite em pó integral  sem lactose  sem adição de açúcar  pó uniforme sem grumos  cor  aroma e odor característicos  não 
municipal,macarrao,2021,Vila Velha,5.89,kg,descricao,Macarrão  do Tipo Espaguete  com ovos  acondicionado em embalagem resistente de polietileno atóxico transparente  com id
municipal,macarrao,2021,Vila Velha,5.89,kg,descricao,Macarrão  do Tipo Espaguete  com ovos  acondicionado em embalagem resistente de polietileno atóxico transparente  com id
municipal,macarrao,2021,Vila Velha,5.89,kg,descricao,Macarrão  do Tipo Espaguete  com ovos  acondicionado em embalagem resistente de polietileno atóxico transparente  com id
municipal,aveia,2021,Vila Velha,18.9778,kg,descricao,Aveia em Flocos  acondicionado em papel impermeável  limpo  não violada  resistente e acondicionada em caixas de papelão
municipal,aveia,2021,Vila Velha,18.9778,kg,descricao,Aveia em Flocos  acondicionado em papel impermeável  limpo  não violada  resistente e acondicionada em caixas de papelão
municipal,aveia,2021,Vila Velha,18.9778,kg,descricao,Aveia em Flocos  acondicionado em papel impermeável  limpo  não violada  resistente e acondicionada em caixas de papelão
municipal,macarrao,2021,Vila Velha,11.78,kg,descricao,Macarrão  do Tipo Parafuso  com ovos  acondicionado em embalagem resistente de polietileno atóxico transparente  com ide
municipal,macarrao,2021,Vila Velha,11.78,kg,descricao,Macarrão  do Tipo Parafuso  com ovos  acondicionado em embalagem resistente de polietileno atóxico transparente  com ide
municipal,macarrao,2021,Vila Velha,11.78,kg,descricao,Macarrão  do Tipo Parafuso  com ovos  acondicionado em embalagem resistente de polietileno atóxico transparente  com ide
municipal,frango,2021,Vila Velha,15.98,kg,descricao,Peito de Frango sem osso  limpo  magro  não temperado  congelado  proveniente de aves sadias  abatidas sob inspeção vete
municipal,frango,2021,Vila Velha,15.98,kg,descricao,Peito de Frango sem osso  limpo  magro  não temperado  congelado  proveniente de aves sadias  abatidas sob inspeção vete
municipal,frango,2021,Vila Velha,15.98,kg,descricao,Peito de Frango sem osso  limpo  magro  não temperado  congelado  proveniente de aves sadias  abatidas sob inspeção vete
municipal,metronidazol,2021,Vila Velha,4.33,unidade,unitario,METRONIDAZOL 100 MG/G GELEIA VAGINAL  BISNAGA/TUBO 50G + APLICADOR.                        
municipal,oleo_soja,2021,Vila Velha,10.7667,litro,descricao,Óleo de Soja Vegetal  envasado em garrafa plástica resistente transparente  contendo 900 ml  com identificação na embala
municipal,oleo_soja,2021,Vila Velha,10.7667,litro,descricao,Óleo de Soja Vegetal  envasado em garrafa plástica resistente transparente  contendo 900 ml  com identificação na embala
municipal,oleo_soja,2021,Vila Velha,10.7667,litro,descricao,Óleo de Soja Vegetal  envasado em garrafa plástica resistente transparente  contendo 900 ml  com identificação na embala
municipal,vinagre,2021,Vila Velha,4.3067,litro,descricao,Vinagre  envasado em garrafa de polietileno atóxica resistente transparente  contendo 750 ml  com identificação na embal
municipal,vinagre,2021,Vila Velha,4.3067,litro,descricao,Vinagre  envasado em garrafa de polietileno atóxica resistente transparente  contendo 750 ml  com identificação na embal
municipal,vinagre,2021,Vila Velha,4.3067,litro,descricao,Vinagre  envasado em garrafa de polietileno atóxica resistente transparente  contendo 750 ml  com identificação na embal
municipal,farinha_mandioca,2021,Vila Velha,3.68,kg,descricao,Farinha de Mandioca crua tipo 1  grupo seca  subgrupo fina  classe branca  obtido das raízes de mandioca sadias  devidam
municipal,farinha_mandioca,2021,Vila Velha,3.68,kg,descricao,Farinha de Mandioca crua tipo 1  grupo seca  subgrupo fina  classe branca  obtido das raízes de mandioca sadias  devidam
municipal,farinha_mandioca,2021,Vila Velha,3.68,kg,descricao,Farinha de Mandioca crua tipo 1  grupo seca  subgrupo fina  classe branca  obtido das raízes de mandioca sadias  devidam
municipal,farinha_trigo,2021,Vila Velha,3.99,kg,descricao,Farinha de Trigo Especial ou de Primeira  fabricada a partir de grãos de trigo sãos e limpos  isentos de matéria terrosa
municipal,farinha_trigo,2021,Vila Velha,3.99,kg,descricao,Farinha de Trigo Especial ou de Primeira  fabricada a partir de grãos de trigo sãos e limpos  isentos de matéria terrosa
municipal,farinha_trigo,2021,Vila Velha,3.99,kg,descricao,Farinha de Trigo Especial ou de Primeira  fabricada a partir de grãos de trigo sãos e limpos  isentos de matéria terrosa
municipal,sal,2021,Vila Velha,1.45,kg,descricao,Sal Iodado Refinado  acondicionado em embalagem resistente de polietileno atóxico  com identificação na embalagem dos in
municipal,sal,2021,Vila Velha,1.45,kg,descricao,Sal Iodado Refinado  acondicionado em embalagem resistente de polietileno atóxico  com identificação na embalagem dos in
municipal,sal,2021,Vila Velha,1.45,kg,descricao,Sal Iodado Refinado  acondicionado em embalagem resistente de polietileno atóxico  com identificação na embalagem dos in
municipal,amido_milho,2021,Vila Velha,7.22,kg,descricao,Amido de Milho tipo 1  sob a forma de pó fino  cor branca  fabricado a partir de matérias primas sãs e limpas  acondicio
municipal,amido_milho,2021,Vila Velha,7.22,kg,descricao,Amido de Milho tipo 1  sob a forma de pó fino  cor branca  fabricado a partir de matérias primas sãs e limpas  acondicio
municipal,amido_milho,2021,Vila Velha,7.22,kg,descricao,Amido de Milho tipo 1  sob a forma de pó fino  cor branca  fabricado a partir de matérias primas sãs e limpas  acondicio
municipal,fuba,2021,Vila Velha,4.38,kg,descricao,Fubá de Milho  produto obtido da moagem do grão de milho sãos  limpos  isentos de matéria terrosa e parasita. Não podend
municipal,fuba,2021,Vila Velha,4.38,kg,descricao,Fubá de Milho  produto obtido da moagem do grão de milho sãos  limpos  isentos de matéria terrosa e parasita. Não podend
municipal,fuba,2021,Vila Velha,4.38,kg,descricao,Fubá de Milho  produto obtido da moagem do grão de milho sãos  limpos  isentos de matéria terrosa e parasita. Não podend
municipal,feijao,2021,Vila Velha,8.31,kg,descricao,Feijão tipo 1  Preto acondicionado em embalagem resistente de polietileno atóxico transparente  com identificação na emb
municipal,feijao,2021,Vila Velha,8.31,kg,descricao,Feijão tipo 1  Preto acondicionado em embalagem resistente de polietileno atóxico transparente  com identificação na emb
municipal,feijao,2021,Vila Velha,8.31,kg,descricao,Feijão tipo 1  Preto acondicionado em embalagem resistente de polietileno atóxico transparente  com identificação na emb
municipal,suco,2021,Vila Velha,40.56,litro,descricao,Sardinha em Conserva em óleo contendo água de constituição (ao próprio suco)  óleo vegetal de soja e sal. Embalagem em l
municipal,suco,2021,Vila Velha,40.56,litro,descricao,Sardinha em Conserva em óleo contendo água de constituição (ao próprio suco)  óleo vegetal de soja e sal. Embalagem em l
municipal,suco,2021,Vila Velha,40.56,litro,descricao,Sardinha em Conserva em óleo contendo água de constituição (ao próprio suco)  óleo vegetal de soja e sal. Embalagem em l
municipal,arroz,2021,Vila Velha,4.748,kg,descricao,Arroz Branco tipo 1  polido  acondicionado em embalagem resistente de polietileno atóxico  com identificação na embalage
municipal,arroz,2021,Vila Velha,4.748,kg,descricao,Arroz Branco tipo 1  polido  acondicionado em embalagem resistente de polietileno atóxico  com identificação na embalage
municipal,arroz,2021,Vila Velha,4.748,kg,descricao,Arroz Branco tipo 1  polido  acondicionado em embalagem resistente de polietileno atóxico  com identificação na embalage
municipal,acucar,2021,Vila Velha,3.298,kg,descricao,Açúcar Cristal  acondicionado em embalagem resistente de polietileno atóxico transparente  com identificação na embalage
municipal,acucar,2021,Vila Velha,3.298,kg,descricao,Açúcar Cristal  acondicionado em embalagem resistente de polietileno atóxico transparente  com identificação na embalage
municipal,acucar,2021,Vila Velha,3.298,kg,descricao,Açúcar Cristal  acondicionado em embalagem resistente de polietileno atóxico transparente  com identificação na embalage
municipal,macarrao,2021,Vila Velha,10.38,kg,descricao,Macarrão Isento de Glúten  de fécula de batata  de arroz ou outros  embalado em saco resistente de polietileno atóxico t
municipal,macarrao,2021,Vila Velha,10.38,kg,descricao,Macarrão Isento de Glúten  de fécula de batata  de arroz ou outros  embalado em saco resistente de polietileno atóxico t
municipal,macarrao,2021,Vila Velha,10.38,kg,descricao,Macarrão Integral Parafuso  acondicionado em embalagem resistente de polietileno atóxico. A embalagem deverá conter exte
municipal,macarrao,2021,Vila Velha,10.38,kg,descricao,Macarrão Integral Parafuso  acondicionado em embalagem resistente de polietileno atóxico. A embalagem deverá conter exte
municipal,canjica,2021,Vila Velha,8.48,kg,descricao,Milho para Preparo de Canjica Branca  acondicionado em embalagem resistente de polietileno atóxico transparente  com ide
municipal,canjica,2021,Vila Velha,8.48,kg,descricao,Milho para Preparo de Canjica Branca  acondicionado em embalagem resistente de polietileno atóxico transparente  com ide
municipal,canjica,2021,Vila Velha,8.48,kg,descricao,Milho para Preparo de Canjica Branca  acondicionado em embalagem resistente de polietileno atóxico transparente  com ide
municipal,azeite,2021,Vila Velha,36.98,litro,descricao,Azeite de Oliva extra virgem  acondicionado em embalagem de vidro cor escura não violada  que garanta a integridade do p
municipal,azeite,2021,Vila Velha,36.98,litro,descricao,Azeite de Oliva extra virgem  acondicionado em embalagem de vidro cor escura não violada  que garanta a integridade do p
municipal,azeite,2021,Vila Velha,36.98,litro,descricao,Azeite de Oliva extra virgem  acondicionado em embalagem de vidro cor escura não violada  que garanta a integridade do p
municipal,fuba,2021,Vila Velha,11.16,kg,descricao,Colorífico  (colorau) produto constituído pela mistura de fubá de milho com urucum em pó  acondicionado em embalagem res
municipal,fuba,2021,Vila Velha,11.16,kg,descricao,Colorífico  (colorau) produto constituído pela mistura de fubá de milho com urucum em pó  acondicionado em embalagem res
municipal,fuba,2021,Vila Velha,11.16,kg,descricao,Colorífico  (colorau) produto constituído pela mistura de fubá de milho com urucum em pó  acondicionado em embalagem res
municipal,cefalexina,2021,Vila Velha,0.22,unidade,unitario,CEFALEXINA 500 MG 
municipal,dexametasona,2021,Vila Velha,4.347,unidade,unitario,DEXAMETASONA 4ML/ML 2 5ML 
municipal,atenolol,2021,Vila Velha,0.268,unidade,unitario,ATENOLOL 50MG COMPRIMIDO 
municipal,dexametasona,2021,Vila Velha,6.07,unidade,unitario,DEXAMETASONA  FOSFATO DISSÓDICO 1MG/ML SOLUÇÃO OFTALMOLÓGICA  FRASCO CONTA-GOTAS 5ML. 
municipal,ventilador,2021,Vila Velha,360.0,unidade,unitario,VENTILADOR DE TETO Com 03 pás (madeira  metal ou plástico) nas cores branco  preto e/ou mogno. Função ventilação e exaus
municipal,ventilador,2021,Vila Velha,360.0,unidade,unitario,VENTILADOR DE TETO Com 03 pás (madeira  metal ou plástico) nas cores branco  preto e/ou mogno. Função ventilação e exaus
municipal,ventilador,2021,Vila Velha,360.0,unidade,unitario,VENTILADOR DE TETO Com 03 pás (madeira  metal ou plástico) nas cores branco  preto e/ou mogno. Função ventilação e exaus
municipal,ventilador,2021,Vila Velha,360.0,unidade,unitario,VENTILADOR DE TETO Com 03 pás (madeira  metal ou plástico) nas cores branco  preto e/ou mogno. Função ventilação e exaus
municipal,ventilador,2021,Vila Velha,449.5,unidade,unitario,VENTILADOR DE PAREDE OSCILANTE Diâmetro: 60 cm. Tipo tufão. Quantidade de pás: 03. Pás de plástico. Quantidade mínima de
municipal,ventilador,2021,Vila Velha,449.5,unidade,unitario,VENTILADOR DE PAREDE OSCILANTE Diâmetro: 60 cm. Tipo tufão. Quantidade de pás: 03. Pás de plástico. Quantidade mínima de
municipal,ventilador,2021,Vila Velha,449.5,unidade,unitario,VENTILADOR DE PAREDE OSCILANTE Diâmetro: 60 cm. Tipo tufão. Quantidade de pás: 03. Pás de plástico. Quantidade mínima de
municipal,ventilador,2021,Vila Velha,449.5,unidade,unitario,VENTILADOR DE PAREDE OSCILANTE Diâmetro: 60 cm. Tipo tufão. Quantidade de pás: 03. Pás de plástico. Quantidade mínima de
municipal,ventilador,2021,Vila Velha,449.5,unidade,unitario,VENTILADOR DE PAREDE OSCILANTE Diâmetro: 60 cm. Tipo tufão. Quantidade de pás: 03. Pás de plástico. Quantidade mínima de
municipal,amitriptilina,2021,Vila Velha,0.124,unidade,unitario,AMITRIPTILINA 25MG  
municipal,escova_dental,2021,Vila Velha,1.9233,unidade,unitario,Escova dental infantil  cerdas macias  de nylon  com 3 a 4 fileiras de tufos condensados contendo no mínimo 28 tufos de 
municipal,escova_dental,2021,Vila Velha,1.715,unidade,unitario,Escova dental adulto  cerdas macias  de nylon  com 4 fileiras de tufos condensados contendo no mínimo 34 tufos de cerdas
municipal,creme_dental,2021,Vila Velha,4.2233,unidade,unitario,Kit saúde bucal em embalagem plástica de 20 X 12cm  com fechamento em botão de pressão  contendo 01 escova dental adulto
municipal,creme_dental,2021,Vila Velha,3.0867,unidade,unitario,Creme dental com concentração de no mínimo 1450 PPM de teor de flúor  contendo carbonato de cálcio  sorbitol  lauril sul
municipal,diesel,2021,Vila Velha,4.259,litro,unidade_declarada,Gerenciamento de abastecimento de combustíveis - DIESEL COMUM 
municipal,diesel,2021,Vila Velha,4.69,litro,unidade_declarada,Gerenciamento de abastecimento de combustíveis - DIESEL S10 
municipal,gasolina,2021,Vila Velha,5.99,litro,unidade_declarada,Gerenciamento de abastecimento de combustíveis - GASOLINA COMUM 
municipal,etanol,2021,Vila Velha,4.82,litro,unidade_declarada,Etanol 
municipal,etanol,2021,Vila Velha,4.82,litro,unidade_declarada,Etanol 
municipal,etanol,2021,Vila Velha,4.82,litro,unidade_declarada,Etanol 
municipal,etanol,2021,Vila Velha,4.82,litro,unidade_declarada,Etanol 
municipal,diesel,2021,Vila Velha,4.69,litro,unidade_declarada,Diesel S10 
municipal,diesel,2021,Vila Velha,4.69,litro,unidade_declarada,Diesel S10 
municipal,diesel,2021,Vila Velha,4.69,litro,unidade_declarada,Diesel S10 
municipal,diesel,2021,Vila Velha,4.69,litro,unidade_declarada,Diesel S10 
municipal,diesel,2021,Vila Velha,4.69,litro,unidade_declarada,Diesel S10 
municipal,gasolina,2021,Vila Velha,5.99,litro,unidade_declarada,Gasolina Comum 
municipal,gasolina,2021,Vila Velha,5.99,litro,unidade_declarada,Gasolina Comum 
municipal,gasolina,2021,Vila Velha,5.99,litro,unidade_declarada,Gasolina Comum 
municipal,gasolina,2021,Vila Velha,5.99,litro,unidade_declarada,Gasolina Comum 
municipal,gasolina,2021,Vila Velha,5.99,litro,unidade_declarada,Gasolina Comum 
municipal,gasolina,2021,Vila Velha,5.99,litro,unidade_declarada,Gasolina Comum 
municipal,diesel,2021,Vila Velha,4.259,litro,unidade_declarada,Diesel Comum 
municipal,diesel,2021,Vila Velha,4.259,litro,unidade_declarada,Diesel Comum 
municipal,diesel,2021,Vila Velha,4.259,litro,unidade_declarada,Diesel Comum 
municipal,omeprazol,2021,Vila Velha,0.074,unidade,unitario,OMEPRAZOL 20MG CAPSULA/COMPRIMIDO/COMPRIMIDO REVESTIDO/DRAGEA 
municipal,levotiroxina,2021,Vila Velha,0.2817,unidade,unitario,Levotiroxina sódica 38mcg comprimido 
municipal,aas,2021,Vila Velha,0.6363,unidade,unitario,Ácido acetilsalicilico tamponado 200mg comprimido 
municipal,atenolol,2021,Vila Velha,0.0948,unidade,unitario,ATENOLOL 25MG COMPRIMIDO 
municipal,fralda,2021,Vila Velha,1.6891,unidade,unitario,FRALDA INFANTIL POM POM TAMANHO GRANDINHOS® DE 15 A 24Kg (AQUISIÇÃO POR MARCA EM VIRTUDE DE ORDEM JUDICIAL).   
municipal,losartana,2021,Vila Velha,0.0825,unidade,unitario,Losartana Potássica 50 mg  comprimido. 
municipal,polpa_fruta,2021,Vila Velha,9.38,kg,descricao,Polpa de Fruta Integral de Abacaxi   congelada  sem adição de corantes artificiais e aditivos químicos  sabor caracterís
municipal,polpa_fruta,2021,Vila Velha,9.38,kg,descricao,Polpa de Fruta Integral de Abacaxi   congelada  sem adição de corantes artificiais e aditivos químicos  sabor caracterís
municipal,polpa_fruta,2021,Vila Velha,9.4,kg,descricao,Polpa de Fruta Integral de Acerola  congelada  sem adição de corantes artificiais e aditivos químicos  sabor característ
municipal,polpa_fruta,2021,Vila Velha,9.4,kg,descricao,Polpa de Fruta Integral de Acerola  congelada  sem adição de corantes artificiais e aditivos químicos  sabor característ
municipal,polpa_fruta,2021,Vila Velha,9.38,kg,descricao,Polpa de Fruta Integral de Goiaba  congelada  sem adição de corantes artificiais e aditivos químicos  sabor característi
municipal,polpa_fruta,2021,Vila Velha,9.38,kg,descricao,Polpa de Fruta Integral de Goiaba  congelada  sem adição de corantes artificiais e aditivos químicos  sabor característi
municipal,polpa_fruta,2021,Vila Velha,8.98,kg,descricao,Polpa de Fruta Integral de Manga  congelada  sem adição de corantes artificiais e aditivos químicos  sabor característic
municipal,polpa_fruta,2021,Vila Velha,8.98,kg,descricao,Polpa de Fruta Integral de Manga  congelada  sem adição de corantes artificiais e aditivos químicos  sabor característic
municipal,polpa_fruta,2021,Vila Velha,14.88,kg,descricao,Polpa de Fruta integral de Maracujá  congelada  sem adição de corantes artificiais e aditivos químicos  sabor caracterís
municipal,polpa_fruta,2021,Vila Velha,14.88,kg,descricao,Polpa de Fruta integral de Maracujá  congelada  sem adição de corantes artificiais e aditivos químicos  sabor caracterís
municipal,polpa_fruta,2021,Vila Velha,10.18,kg,descricao,Polpa de Fruta Integral de Caju  congelada  sem adição de corantes artificiais e aditivos químicos  sabor característico
municipal,polpa_fruta,2021,Vila Velha,10.18,kg,descricao,Polpa de Fruta Integral de Caju  congelada  sem adição de corantes artificiais e aditivos químicos  sabor característico
municipal,suco,2021,Vila Velha,42.5,litro,descricao,LANCHE INDIVIDUAL  TIPO II  SEM RESTRIÇÃO   TRANSPORTADO EM CAIXAS TÉRMICAS SOB REFRIGERAÇÃO  EM PERFEITO ESTADO DE CO
municipal,suco,2021,Vila Velha,42.5,litro,descricao,LANCHE INDIVIDUAL  TIPO II  SEM RESTRIÇÃO   TRANSPORTADO EM CAIXAS TÉRMICAS SOB REFRIGERAÇÃO  EM PERFEITO ESTADO DE CO
municipal,suco,2021,Vila Velha,42.5,litro,descricao,LANCHE INDIVIDUAL  TIPO II  SEM RESTRIÇÃO   TRANSPORTADO EM CAIXAS TÉRMICAS SOB REFRIGERAÇÃO  EM PERFEITO ESTADO DE CO
municipal,suco,2021,Vila Velha,42.5,litro,descricao,LANCHE INDIVIDUAL  TIPO II  SEM RESTRIÇÃO   TRANSPORTADO EM CAIXAS TÉRMICAS SOB REFRIGERAÇÃO  EM PERFEITO ESTADO DE CO
municipal,suco,2021,Vila Velha,42.5,litro,descricao,LANCHE INDIVIDUAL  TIPO II  SEM RESTRIÇÃO   TRANSPORTADO EM CAIXAS TÉRMICAS SOB REFRIGERAÇÃO  EM PERFEITO ESTADO DE CO
municipal,suco,2021,Vila Velha,42.5,litro,descricao,LANCHE INDIVIDUAL  TIPO II  SEM RESTRIÇÃO   TRANSPORTADO EM CAIXAS TÉRMICAS SOB REFRIGERAÇÃO  EM PERFEITO ESTADO DE CO
municipal,suco,2021,Vila Velha,42.5,litro,descricao,LANCHE INDIVIDUAL  TIPO II  SEM RESTRIÇÃO   TRANSPORTADO EM CAIXAS TÉRMICAS SOB REFRIGERAÇÃO  EM PERFEITO ESTADO DE CO
municipal,suco,2021,Vila Velha,42.5,litro,descricao,LANCHE INDIVIDUAL  TIPO II  SEM RESTRIÇÃO   TRANSPORTADO EM CAIXAS TÉRMICAS SOB REFRIGERAÇÃO  EM PERFEITO ESTADO DE CO
municipal,agulha_descartavel,2021,Vila Velha,0.8097,unidade,unitario,Agulha hipodérmica nº 13 x 4 5 mm estéril de uso único  com bisel trifacetado e ângulos tênues  siliconizado em superfíc
municipal,agulha_descartavel,2021,Vila Velha,0.8296,unidade,unitario,Agulha hipodérmica nº 25 x 7 mm estéril de uso único  com bisel trifacetado e ângulos tênues  siliconizado em superfície
municipal,agulha_descartavel,2021,Vila Velha,0.8297,unidade,unitario,Agulha hipodérmica nº 25 x 8 mm estéril de uso único  com bisel trifacetado e ângulos tênues  siliconizado em superfície
municipal,agulha_descartavel,2021,Vila Velha,0.8097,unidade,unitario,Agulha hipodérmica nº 40 x 12 mm estéril de uso único  com bisel trifacetado e ângulos tênues  siliconizado em superfíci
municipal,disjuntor,2021,Vila Velha,33.17,unidade,unitario,FORNECIMENTO E INSTALAÇÃO de disjuntor monopolar de 32 a 50 amper. 
municipal,disjuntor,2021,Vila Velha,33.17,unidade,unitario,FORNECIMENTO E INSTALAÇÃO de disjuntor monopolar de 32 a 50 amper. 
municipal,disjuntor,2021,Vila Velha,33.17,unidade,unitario,FORNECIMENTO E INSTALAÇÃO de disjuntor monopolar de 32 a 50 amper. 
municipal,disjuntor,2021,Vila Velha,31.26,unidade,unitario,FORNECIMENTO E INSTALAÇÃO de disjuntor monopolar de 15 a 20 amper. 
municipal,disjuntor,2021,Vila Velha,31.26,unidade,unitario,FORNECIMENTO E INSTALAÇÃO de disjuntor monopolar de 15 a 20 amper. 
municipal,disjuntor,2021,Vila Velha,31.26,unidade,unitario,FORNECIMENTO E INSTALAÇÃO de disjuntor monopolar de 15 a 20 amper. 
municipal,disjuntor,2021,Vila Velha,73.73,unidade,unitario,FORNECIMENTO E INSTALAÇÃO de disjuntor tripolar de 30 a 50 amper. 
municipal,disjuntor,2021,Vila Velha,73.73,unidade,unitario,FORNECIMENTO E INSTALAÇÃO de disjuntor tripolar de 30 a 50 amper. 
municipal,disjuntor,2021,Vila Velha,73.73,unidade,unitario,FORNECIMENTO E INSTALAÇÃO de disjuntor tripolar de 30 a 50 amper. 
municipal,disjuntor,2021,Vila Velha,73.09,unidade,unitario,FORNECIMENTO E INSTALAÇÃO de disjuntor tripolar de 63 a 70 amper. 
municipal,disjuntor,2021,Vila Velha,73.09,unidade,unitario,FORNECIMENTO E INSTALAÇÃO de disjuntor tripolar de 63 a 70 amper. 
municipal,disjuntor,2021,Vila Velha,73.09,unidade,unitario,FORNECIMENTO E INSTALAÇÃO de disjuntor tripolar de 63 a 70 amper. 
municipal,disjuntor,2021,Vila Velha,44.33,unidade,unitario,FORNECIMENTO E INSTALAÇÃO de disjuntor bipolar de 15 a 20 amper. 
municipal,disjuntor,2021,Vila Velha,44.33,unidade,unitario,FORNECIMENTO E INSTALAÇÃO de disjuntor bipolar de 15 a 20 amper. 
municipal,disjuntor,2021,Vila Velha,44.33,unidade,unitario,FORNECIMENTO E INSTALAÇÃO de disjuntor bipolar de 15 a 20 amper. 
municipal,disjuntor,2021,Vila Velha,43.58,unidade,unitario,FORNECIMENTO E INSTALAÇÃO de disjuntor bipolar de 32 a 50 amper. 
municipal,disjuntor,2021,Vila Velha,43.58,unidade,unitario,FORNECIMENTO E INSTALAÇÃO de disjuntor bipolar de 32 a 50 amper. 
municipal,disjuntor,2021,Vila Velha,43.58,unidade,unitario,FORNECIMENTO E INSTALAÇÃO de disjuntor bipolar de 32 a 50 amper. 
municipal,cadeira,2021,Vila Velha,976.0,unidade,unitario,Cadeira escolar com superfície de trabalho acoplada fixa lateral (cadeira universitária). 
municipal,cadeira,2021,Vila Velha,976.0,unidade,unitario,Cadeira escolar com superfície de trabalho acoplada fixa lateral (cadeira universitária). 
municipal,glibenclamida,2021,Vila Velha,0.0223,unidade,unitario,GLIBENCLAMIDA 5MG COMPRIMIDO                                 
municipal,fralda,2021,Vila Velha,1.5872,unidade,unitario,FRALDA DESCARTÁVEL   JUVENIL  FORMATO ANATÔMICO  NÃO TÓXICO  GEL ABSORVENTE  COBERTURA EXTERNA IMPERMEÁVEL  CAMADA INTER
municipal,metronidazol,2021,Vila Velha,4.2648,unidade,unitario,METRONIDAZOL 5MG/ML SOLUÇÃO INJETAVEL - FRASCO 100ML 
municipal,ibuprofeno,2021,Vila Velha,0.1897,unidade,unitario,IBUPROFENO 300 MG COMPRIMIDO 
municipal,salbutamol,2021,Vila Velha,2.1014,unidade,unitario,SALBUTAMOL (SULFATO) 0 5 MG/ML SOLUÇÃO INJETÁVEL INTRAVENOSA  INTRAMUSCULAR OU SUBCUTÂNEA  AMPOLA 1 ML. 
municipal,captopril,2021,Vila Velha,0.0319,unidade,unitario,CAPTOPRIL 25MG COMPRIMIDO 
municipal,diazepam,2021,Vila Velha,0.0826,unidade,unitario,DIAZEPAM 10MG COMPRIMIDO  
municipal,furosemida,2021,Vila Velha,0.0549,unidade,unitario,FUROSEMIDA 40MG COMPRIMIDO 
municipal,fenobarbital,2020,Serra,1.8172,unidade,unitario,FENOBARBITAL SODICO SOLUCAO INJETAVEL 100MG/ML AMPOLA 2ML 
municipal,toner,2020,Serra,1382.11,unidade,unitario,Impressora: Laser Sistema de Impressão: Branco Conexões: Hi-Speed USB 2.0 Velocidade em cores: Monocromática Velocidade 
municipal,enalapril,2020,Serra,0.0434,unidade,unitario,ENALAPRIL  MALEATO 20 MG COMPRIMIDO
municipal,mascara_descartavel,2020,Serra,3.5625,unidade,unitario,MÁSCARA CIRÚRGICA DESCARTÁVEL Máscara cirúrgica descartável  confeccionada em material Tecido-não-Tecido para uso odonto
municipal,carbamazepina,2020,Serra,0.1165,unidade,unitario,CARBAMAZEPINA COMPRIMIDO 200MG         
municipal,gaze,2020,Serra,0.3905,unidade,unitario,COMPRESSA DE GAZE HIDRÓFILA ESTERIL 7 5 CM X 7 5 CM  13 FIOS POR CM2  DE ALGODÃO PURIFICADO  5 DOBRAS  8 CAMADAS  COR BR
municipal,dipirona,2020,Serra,0.3497,unidade,unitario,DIPIRONA SODICA SOLUCAO INJETAVEL 500MG/ML AMPOLA 2ML 
municipal,fluoxetina,2020,Serra,0.0671,unidade,unitario,FLUOXETINA CAPSULA 20MG 
municipal,alcool,2020,Serra,4.3967,litro,heuristica,ALCOOL ETILICO 70% GEL FRASCO 50 Gr. Etílico hidratado na concentração final de 70%  apresentação em gel. Frasco 50 Gram
municipal,alcool,2020,Serra,10.55,litro,descricao,ALCOOL GEL  REFIL ÁLCOOL TIPO: ETILICO HIDRATADO NA CONCENTRAÇÃO FINAL DE 70%   INDICADO COMO ANTI SÉPTICO DE MÃOS; APRE
municipal,alcool,2020,Serra,4.0115,litro,descricao,ALCOOL ETILICO SOLUCAO 70% FRASCO 1000ML  Álcool etílico solução 70%. Álcool etílico  tipo hidratado  teor alcoolico 70%
municipal,alcool,2020,Serra,6.6833,litro,descricao,ALCOOL ETILICO SOLUCAO 99% FRASCO 1000ML.    ALCOOL ETILICO SOLUCAO 99% FRASCO 1000ML.   ALCOOL ETÍLICO  APRESENTAÇÃO LÍ
municipal,alcool,2020,Serra,10.0083,litro,descricao,ALCOOL GEL  FRASCO COM VALVULA PUMP OU FLIP TOP Álcool: tipo etílico hidratado  na concentração final de 70%  indicado c
municipal,alcool,2020,Serra,13.828,litro,descricao,ALCOOL ETILICO SOLUCAO 70% ALMOTOLIA 100ML   ALCOOL ETILICO SOLUCAO 70% ALMOTOLIA 100ML  ALCOOL ETILICO SOLUCAO 70%.  AL
municipal,glibenclamida,2020,Serra,0.0199,unidade,unitario,GLIBENCLAMIDA COMPRIMIDO 5MG
municipal,cefalexina,2020,Serra,0.2315,unidade,unitario,CEFALEXINA SODICA COMPRIMIDO OU CAPSULA 500MG 
municipal,dipirona,2020,Serra,0.0788,unidade,unitario,DIPIRONA SODICA COMPRIMIDO 500MG  
municipal,giz_cera,2020,Serra,4.09,caixa,unitario,GIZ DE CERA ESTACA PRETO - USO PROFISSIONAL  FABRICADO COM CERAS DE ALTA QUALIDADE  RESISTENTE À AGUA  NÃO TÓXICO  NÃO M
municipal,dexametasona,2020,Serra,0.4893,unidade,unitario,DEXAMETASONA FOSFATO DISSODICO SOL INJ 4MG/ML FA 2 5ML OU AMPOLA 2 5ML. 
municipal,diazepam,2020,Serra,0.0826,unidade,unitario,DIAZEPAM COMPRIMIDO 10MG 
municipal,clonazepam,2020,Serra,0.0599,unidade,unitario,CLONAZEPAM COMPRIMIDO 2MG                                   
municipal,clonazepam,2020,Serra,0.0599,unidade,unitario,CLONAZEPAM COMPRIMIDO 2MG                                   
municipal,clonazepam,2020,Serra,0.0599,unidade,unitario,CLONAZEPAM COMPRIMIDO 2MG                                   
municipal,clonazepam,2020,Serra,0.0599,unidade,unitario,CLONAZEPAM COMPRIMIDO 2MG                                   
municipal,clonazepam,2020,Serra,0.0599,unidade,unitario,CLONAZEPAM COMPRIMIDO 2MG                                   
municipal,clonazepam,2020,Serra,0.0599,unidade,unitario,CLONAZEPAM COMPRIMIDO 2MG                                   
municipal,levotiroxina,2020,Serra,0.0729,unidade,unitario,LEVOTIROXINA SODICA COMPRIMIDO SULCADO 25MCG 
municipal,levotiroxina,2020,Serra,0.0729,unidade,unitario,LEVOTIROXINA SODICA COMPRIMIDO SULCADO 25MCG 
municipal,levotiroxina,2020,Serra,0.0729,unidade,unitario,LEVOTIROXINA SODICA COMPRIMIDO SULCADO 25MCG 
municipal,levotiroxina,2020,Serra,0.0729,unidade,unitario,LEVOTIROXINA SODICA COMPRIMIDO SULCADO 25MCG 
municipal,levotiroxina,2020,Serra,0.0729,unidade,unitario,LEVOTIROXINA SODICA COMPRIMIDO SULCADO 25MCG 
municipal,levotiroxina,2020,Serra,0.0729,unidade,unitario,LEVOTIROXINA SODICA COMPRIMIDO SULCADO 25MCG 
municipal,notebook,2020,Serra,6220.0,unidade,unitario,COMPUTADOR PORTÁTIL NOTEBOOK: O modelo de processador ofertado deve ser de penúltima ou última geração disponível pelo f
municipal,leite_po,2020,Serra,22.6,kg,heuristica,LEITE EM PÓ INTEGRAL INSTANTÂNEO  LEITE EM PÓ INTEGRAL INSTANTÂNEO: Pacote/Lata de 400g.  
municipal,dipirona,2020,Serra,0.42,unidade,unitario,DIPIRONA SODICA SOLUCAO INJETAVEL 500MG/ML AMPOLA 2ML 
municipal,disjuntor,2020,Serra,27.47,unidade,unitario,Instalação e montagem com fornecimento de disjuntor monopolar de 15 a 25 amperes. 
municipal,cadeira,2020,Serra,900.0,unidade,unitario,CADEIRA GIRATÓRIA C/ BRAÇO  COM ASSENTO E ENCOSTO MÉDIOS  SEPARADOS  ESTRUTURA EM MADEIRA LAMINADA  MOLDADA AO CALOR  PR
municipal,cadeira,2020,Serra,900.0,unidade,unitario,CADEIRA GIRATÓRIA C/ BRAÇO  COM ASSENTO E ENCOSTO MÉDIOS  SEPARADOS  ESTRUTURA EM MADEIRA LAMINADA  MOLDADA AO CALOR  PR
municipal,cadeira,2020,Serra,900.0,unidade,unitario,CADEIRA GIRATÓRIA C/ BRAÇO  COM ASSENTO E ENCOSTO MÉDIOS  SEPARADOS  ESTRUTURA EM MADEIRA LAMINADA  MOLDADA AO CALOR  PR
municipal,cadeira,2020,Serra,900.0,unidade,unitario,CADEIRA GIRATÓRIA C/ BRAÇO  COM ASSENTO E ENCOSTO MÉDIOS  SEPARADOS  ESTRUTURA EM MADEIRA LAMINADA  MOLDADA AO CALOR  PR
municipal,impressora,2020,Serra,900.0,unidade,unitario,IMPRESSORA JATO DE TINTA. RESOLUÇÃO MÍNIMA 720DPIS  COM CARTUCHOS COMPLETOS.
municipal,impressora,2020,Serra,900.0,unidade,unitario,IMPRESSORA JATO DE TINTA. RESOLUÇÃO MÍNIMA 720DPIS  COM CARTUCHOS COMPLETOS.
municipal,impressora,2020,Serra,900.0,unidade,unitario,IMPRESSORA JATO DE TINTA. RESOLUÇÃO MÍNIMA 720DPIS  COM CARTUCHOS COMPLETOS.
municipal,impressora,2020,Serra,900.0,unidade,unitario,IMPRESSORA JATO DE TINTA. RESOLUÇÃO MÍNIMA 720DPIS  COM CARTUCHOS COMPLETOS.
municipal,azitromicina,2020,Serra,0.48,unidade,unitario,AZITROMICINA COMPRIMIDO REVESTIDO 500MG
municipal,arroz,2020,Serra,10.06,kg,descricao,CESTA BÁSICA: Contendo:   - 05 kg de arroz tipo 1;    - 02 kg de açúcar cristal de 1ª qualidade; - 01kg de farinha de ma
municipal,arroz,2020,Serra,10.06,kg,descricao,CESTA BÁSICA: Contendo:   - 05 kg de arroz tipo 1;    - 02 kg de açúcar cristal de 1ª qualidade; - 01kg de farinha de ma
municipal,dipirona,2020,Serra,0.42,unidade,unitario,DIPIRONA SODICA SOLUCAO INJETAVEL 500MG/ML AMPOLA 2ML 
municipal,dipirona,2020,Serra,0.42,unidade,unitario,DIPIRONA SODICA SOLUCAO INJETAVEL 500MG/ML AMPOLA 2ML 
municipal,dipirona,2020,Serra,0.42,unidade,unitario,DIPIRONA SODICA SOLUCAO INJETAVEL 500MG/ML AMPOLA 2ML 
municipal,dipirona,2020,Serra,0.42,unidade,unitario,DIPIRONA SODICA SOLUCAO INJETAVEL 500MG/ML AMPOLA 2ML 
municipal,dipirona,2020,Serra,0.42,unidade,unitario,DIPIRONA SODICA SOLUCAO INJETAVEL 500MG/ML AMPOLA 2ML 
municipal,aas,2020,Serra,0.0192,unidade,unitario,ACIDO ACETILSALICILICO COMPRIMIDO 100MG 
municipal,envelope,2020,Serra,1.3433,unidade,unitario,FIO CIRURGICO (NYLON) 3-0 COM AGULHA 2CM 3/8 CIRCUL CORTANTE FIO CIRURGICO MONOFILAMENTO DE NYLON PRETO  ESTÉRIL  NÃO AB
municipal,envelope,2020,Serra,1.1533,unidade,unitario,FIO CIRURGICO (NYLON) 4-0 COM AGULHA 3CM 3/8 CIRCUL CORTANTE Fio cirúrgico monofilamento de nylon preto  estéril  não ab
municipal,envelope,2020,Serra,1.525,unidade,unitario,FIO CIRURGICO (NYLON) 5-0 COM AGULHA 2CM 3/8 CIRCUL CORTANTE FIO CIRURGICO MONOFILAMENTO DE NYLON PRETO  ESTÉRIL  NÃO AB
municipal,envelope,2020,Serra,1.205,unidade,unitario,FIO CIRURGICO MONOFILAMENTO DE NYLON PRETO  ESTÉRIL  NÃO ABSORVÍVEL  DIÂMETRO Nº 0  MEDINDO APROXIMADAMENTE 45 CM DE COM
municipal,envelope,2020,Serra,1.105,unidade,unitario,FIO CIRURGICO (NYLON) 2-0 COM AGULHA 2CM 3/8 CIRCUL CORTANTE FIO CIRURGICO MONOFILAMENTO DE NYLON PRETO  ESTÉRIL  NÃO AB
municipal,envelope,2020,Serra,1.32,unidade,unitario,FIO CIRURGICO (NYLON) 3-0 COM AGULHA 3CM 3/8 CIRCUL CORTANTE FIO CIRURGICO MONOFILAMENTO DE NYLON PRETO  ESTÉRIL  NÃO AB
municipal,envelope,2020,Serra,1.2767,unidade,unitario,FIO CIRURGICO (NYLON) 4-0 COM AGULHA 2CM 3/8 CIRCUL CORTANTE FIO CIRURGICO MONOFILAMENTO DE NYLON PRETO  ESTÉRIL  NÃO AB
municipal,paracetamol,2020,Serra,0.0421,unidade,unitario,PARACETAMOL COMPRIMIDO 500MG       
municipal,pneu,2020,Serra,1635.33,unidade,unitario,PNEU NOVO  ORIGINAL - 275/80 R22 5  BORRACHUDO RADIAL (16 LONAS)  PARA CAMINHÃO BASCULANTE TRUCK IVECO  PADRÃO DE QUAL
municipal,pneu,2020,Serra,1448.0,unidade,unitario,PNEU NOVO  ORIGINAL - 275/80 R22 5  LISO (DIRECIONAL)  PARA CAMINHÃO BASCULANTE TRUCK IVECO  PADRÃO DE QUALIDADE IGUAL
municipal,pneu,2020,Serra,1448.0,unidade,unitario,PNEU NOVO  ORIGINAL - 275/80 R22 5  LISO (DIRECIONAL)  PARA CAMINHÃO BASCULANTE TRUCK IVECO  PADRÃO DE QUALIDADE IGUAL
municipal,paracetamol,2020,Serra,0.7405,unidade,unitario,PARACETAMOL SOLUCAO ORAL GOTAS 200MG/ML FRASCO 15ML 
municipal,omeprazol,2020,Serra,6.14,unidade,unitario,OMEPRAZOL SODICO 40MG PO PARA SOLUCAO INJETAVEL 
municipal,tinta_latex,2020,Serra,65.1,litro,heuristica,FORRO DE GESSO EMASSADO E PINTADO  Forro de gesso acabamento liso emassado com duas demãos de massa à base de PVA  marca
municipal,tinta_latex,2020,Serra,87.15,litro,heuristica,Parede de gesso acartonado Drywall  sistema lafarge gypsum ou similar  com perfis de aço galvanizado chapa 15 mm fixad
municipal,dexametasona,2020,Serra,0.55,unidade,unitario,DEXAMETASONA FOSFATO DISSODICO SOL INJ 4MG/ML FA 2 5ML OU AMPOLA 2 5ML. 
municipal,gaze,2020,Serra,0.3675,unidade,unitario,COMPRESSA DE GAZE HIDRÓFILA ESTERIL 7 5 CM X 7 5 CM  13 FIOS POR CM2  DE ALGODÃO PURIFICADO  5 DOBRAS  8 CAMADAS  COR BR
municipal,algodao,2020,Serra,22.87,kg,descricao,ALGODAO HIDROFILO ROLO 500G ALGODÃO HIDRÓFILO CONSTITUÍDO DE 100% NA FORMA IN NATURA  BOA ABSORVÊNCIA  DE ASPECTO HOMOGÊ
municipal,carne_suina,2020,Serra,16.0,kg,descricao,CARNE SUÍNA - PERNIL TRASEIRO: Cortada em cubo de aproximadamente 30mm X 30mm  em padrão uniforme  desossada  limpa  sem
municipal,carne_suina,2020,Serra,16.0,kg,descricao,CARNE SUÍNA - PERNIL TRASEIRO: Cortada em cubo de aproximadamente 30mm X 30mm  em padrão uniforme  desossada  limpa  sem
municipal,carne_bovina,2020,Serra,21.45,kg,unidade_declarada,CARNE BOVINA CHARQUE DIANTEIRO;  Primeira qualidade  limpo  com no mínimo 2% de gordura  livre de aponevrose  empacotado
municipal,carne_bovina,2020,Serra,21.45,kg,unidade_declarada,CARNE BOVINA CHARQUE DIANTEIRO;  Primeira qualidade  limpo  com no mínimo 2% de gordura  livre de aponevrose  empacotado
municipal,linguica,2020,Serra,16.0,kg,unidade_declarada,LINGUIÇA  FINA;  De 1ª qualidade  com carnes selecionadas  bem moída  misturada  sem condimentos picantes  sem aponeuros
municipal,linguica,2020,Serra,16.0,kg,unidade_declarada,LINGUIÇA  FINA;  De 1ª qualidade  com carnes selecionadas  bem moída  misturada  sem condimentos picantes  sem aponeuros
municipal,carne_bovina,2020,Serra,21.7,kg,descricao,CARNE BOVINA - PATINHO:           Cortada em iscas com padrão de corte uniforme (aproximadamente 10 mm X 80 mm). limpa (
municipal,carne_bovina,2020,Serra,21.7,kg,descricao,CARNE BOVINA - PATINHO:           Cortada em iscas com padrão de corte uniforme (aproximadamente 10 mm X 80 mm). limpa (
municipal,frango,2020,Serra,12.34,kg,descricao,FILEZINHO DE FRANGO SASSAMI:  limpo  sem penugem  sem osso  sem pele  sem gordura  sem cartilagem  sem restos de gargant
municipal,frango,2020,Serra,12.34,kg,descricao,FILEZINHO DE FRANGO SASSAMI:  limpo  sem penugem  sem osso  sem pele  sem gordura  sem cartilagem  sem restos de gargant
municipal,fralda,2020,Serra,0.5,unidade,unitario,FRALDA DESCARTÁVEL INFANTIL. TAMANHO MÉDIO.  FRALDA DESCARTÁVEL PEDIÁTRICA  TAMANHO MÉDIO  atóxica  hipoalengênica  form
municipal,fralda,2020,Serra,1.3039,unidade,unitario,FRALDA GERIÁTRICA DESCARTÁVEL  TAM. G   FRALDA DESCARTÁVEL GERIÁTRICA  TAMANHO GRANDE  incontinência urinária severa  at
municipal,fralda,2020,Serra,1.3039,unidade,unitario,FRALDA GERIÁTRICA DESCARTÁVEL  TAM. G   FRALDA DESCARTÁVEL GERIÁTRICA  TAMANHO GRANDE  incontinência urinária severa  at
municipal,fralda,2020,Serra,0.5908,unidade,unitario,FRALDA DESCARTÁVEL INFANTIL. TAMANHO EXTRA G  FRALDA DESCARTÁVEL PEDIÁTRICA  TAMANHO XG  atóxica  hipoalengênica  format
municipal,fralda,2020,Serra,1.5183,unidade,unitario,FRALDA GERIATRICA DESCARTAVEL TAMANHO XG   FRALDA DESCARTÁVEL GERIÁTRICA  TAMANHO EXTRA GRANDE  incontinência urinária s
municipal,fralda,2020,Serra,1.5183,unidade,unitario,FRALDA GERIATRICA DESCARTAVEL TAMANHO XG   FRALDA DESCARTÁVEL GERIÁTRICA  TAMANHO EXTRA GRANDE  incontinência urinária s
municipal,fralda,2020,Serra,0.4467,unidade,unitario,FRALDA DESCARTÁVEL INFANTIL. TAMANHO PEQUENO    FRALDA DESCARTÁVEL INFANTIL. TAMANHO PEQUENO   FRALDA DESCARTÁVEL INFANT
municipal,fralda,2020,Serra,1.4999,unidade,unitario,FRALDA GERIATRICA DESCARTÁVEL TAMANHO MÉDIO  FRALDA DESCARTÁVEL GERIÁTRICA  TAMANHO MÉDIO  incontinência urinária severa
municipal,fralda,2020,Serra,1.4999,unidade,unitario,FRALDA GERIATRICA DESCARTÁVEL TAMANHO MÉDIO  FRALDA DESCARTÁVEL GERIÁTRICA  TAMANHO MÉDIO  incontinência urinária severa
municipal,fralda,2020,Serra,1.9406,unidade,unitario,FRALDA DESCARTAVEL JUVENIL  FRALDA DESCARTÁVEL JUVENIL  atóxica  hipoalengênica  formato anatômico  com barreiras elásti
municipal,fralda,2020,Serra,1.9406,unidade,unitario,FRALDA DESCARTAVEL JUVENIL  FRALDA DESCARTÁVEL JUVENIL  atóxica  hipoalengênica  formato anatômico  com barreiras elásti
municipal,fralda,2020,Serra,0.8933,unidade,unitario,FRALDA DESCARTÁVEL PEDIÁTRICA  TAMANHO XXG  FRALDA DESCARTÁVEL PEDIÁTRICA  TAMANHO XXG  atóxica  hipoalengênica  formato
municipal,fralda,2020,Serra,1.432,unidade,unitario,FRALDA GERIÁTRICA DESCARTÁVEL TAMANHO P  FRALDA DESCARTÁVEL GERIÁTRICA  TAMANHO PEQUENO  incontinência urinária severa  
municipal,fralda,2020,Serra,1.432,unidade,unitario,FRALDA GERIÁTRICA DESCARTÁVEL TAMANHO P  FRALDA DESCARTÁVEL GERIÁTRICA  TAMANHO PEQUENO  incontinência urinária severa  
municipal,fralda,2020,Serra,0.5467,unidade,unitario,FRALDA DESCARTAVEL INFANTIL TAMANHO G  FRALDA DESCARTÁVEL PEDIÁTRICA  TAMANHO GRANDE  atóxica  hipoalengênica  formato a
municipal,fenobarbital,2020,Serra,2.9995,unidade,unitario,FENOBARBITAL 40 MG/ML (4%) SOLUCAO ORAL GOTAS  FRASCO 20ML  
municipal,ar_condicionado,2020,Serra,816.6666,unidade,unitario,CONTRATAÇÃO DE EMPRESA PARA LOCAÇÃO DE VEÍCULO TIPO MICRO-ÔNIBUS COM MOTORISTA; Veículo em bom estado de conservação  co
municipal,ranitidina,2020,Serra,3.634,unidade,unitario,RANITIDINA CLORIDRATO SUSPENSAO ORAL 15MG/ML FRASCO   COM VOLUME MINIMO 100ML COM DOSADOR GRADUADO 
municipal,prednisolona,2020,Serra,3.0699,unidade,unitario,PREDNISOLONA FOSFATO SODICO SOL ORAL 3MG/ML FRASCO VOLUME MÍNIMO 60ML COM COPO DOSADOR GRADUADO 
municipal,omeprazol,2020,Serra,6.14,unidade,unitario,OMEPRAZOL SODICO 40MG PO PARA SOLUCAO INJETAVEL 
municipal,levotiroxina,2020,Serra,0.08,unidade,unitario,LEVOTIROXINA SODICA COMPRIMIDO SULCADO 50MCG 
municipal,captopril,2020,Serra,0.0234,unidade,unitario,CAPTOPRIL COMPRIMIDO 25MG
municipal,ciprofloxacino,2020,Serra,0.2078,unidade,unitario,CIPROFLOXACINO CLORIDRATO COMPRIMIDO 500MG 
municipal,prednisolona,2021,Serra,3.285,unidade,unitario,PREDNISOLONA FOSFATO SODICO SOL ORAL 3MG/ML FRASCO VOLUME MÍNIMO 60ML COM COPO DOSADOR GRADUADO 
municipal,leite_po,2020,Serra,27.2417,kg,heuristica,LEITE EM PÓ INTEGRAL INSTANTÂNEO  LEITE EM PÓ INTEGRAL INSTANTÂNEO: Pacote/Lata de 400g.  
municipal,ar_condicionado,2020,Serra,1700.0,unidade,unitario,APARELHO DE AR CONDICIONADO TIPO SPLIT DE 12000 BTUS; Caracteristicas: Ciclo frio  possuir serpentina de cobre  possuir 
municipal,ar_condicionado,2020,Serra,4900.0,unidade,unitario,APARELHO DE AR CONDICIONADO TIPO SPLIT DE 36000 BTUS  CARACTERISTICAS: CICLO FRIO  POSSUIR SERPENTINA DE COBRE  POSSUIR 
municipal,arroz,2021,Serra,16.882,kg,descricao,CESTA BÁSICA: Contendo:   - 05 kg de arroz tipo 1;    - 02 kg de açúcar cristal de 1ª qualidade; - 01kg de farinha de ma
municipal,arroz,2021,Serra,16.882,kg,descricao,CESTA BÁSICA: Contendo:   - 05 kg de arroz tipo 1;    - 02 kg de açúcar cristal de 1ª qualidade; - 01kg de farinha de ma
municipal,ar_condicionado,2021,Serra,2135.0,unidade,unitario,APARELHO DE AR CONDICIONADO TIPO SPLIT 18.000 BTUS  Caracteristicas: Ciclo frio  possuir serpentina de cobre  possuir se
municipal,ar_condicionado,2021,Serra,2135.0,unidade,unitario,APARELHO DE AR CONDICIONADO TIPO SPLIT 18.000 BTUS  Caracteristicas: Ciclo frio  possuir serpentina de cobre  possuir se
municipal,ar_condicionado,2021,Serra,8000.0,unidade,unitario,APARELHO DE AR CONDICIONADO TIPO SPLIT- PISO TETO DE 60000 BTUS  CARACTERISTICAS: CICLO FRIO; POSSUIR SERPENTINA DE COBR
municipal,ar_condicionado,2021,Serra,8000.0,unidade,unitario,APARELHO DE AR CONDICIONADO TIPO SPLIT- PISO TETO DE 60000 BTUS  CARACTERISTICAS: CICLO FRIO; POSSUIR SERPENTINA DE COBR
municipal,ar_condicionado,2021,Serra,1893.3333,unidade,unitario,APARELHO DE AR CONDICIONADO TIPO SPLIT DE 12000 BTUS; Caracteristicas: Ciclo frio  possuir serpentina de cobre  possuir 
municipal,ar_condicionado,2021,Serra,1893.3333,unidade,unitario,APARELHO DE AR CONDICIONADO TIPO SPLIT DE 12000 BTUS; Caracteristicas: Ciclo frio  possuir serpentina de cobre  possuir 
municipal,ar_condicionado,2021,Serra,3450.0,unidade,unitario,APARELHO DE AR CONDICIONADO TIPO SPLIT DE 24.000 BTU  Caracteristicas: Ciclo frio  possuir serpentina de cobre  possuir 
municipal,ar_condicionado,2021,Serra,3450.0,unidade,unitario,APARELHO DE AR CONDICIONADO TIPO SPLIT DE 24.000 BTU  Caracteristicas: Ciclo frio  possuir serpentina de cobre  possuir 
municipal,ar_condicionado,2021,Serra,5200.0,unidade,unitario,APARELHO DE AR CONDICIONADO TIPO SPLIT DE 36000 BTUS  CARACTERISTICAS: CICLO FRIO  POSSUIR SERPENTINA DE COBRE  POSSUIR 
municipal,ar_condicionado,2021,Serra,5200.0,unidade,unitario,APARELHO DE AR CONDICIONADO TIPO SPLIT DE 36000 BTUS  CARACTERISTICAS: CICLO FRIO  POSSUIR SERPENTINA DE COBRE  POSSUIR 
municipal,ar_condicionado,2021,Serra,8750.0,unidade,unitario,APARELHO DE AR CONDICIONADO TIPO SPLIT- CASSET DE 60000 BTUS  CARACTERISTICAS: CICLO FRIO; POSSUIR SERPENTINA DE COBRE; 
municipal,ar_condicionado,2021,Serra,8750.0,unidade,unitario,APARELHO DE AR CONDICIONADO TIPO SPLIT- CASSET DE 60000 BTUS  CARACTERISTICAS: CICLO FRIO; POSSUIR SERPENTINA DE COBRE; 
municipal,amitriptilina,2021,Serra,0.0477,unidade,unitario,AMITRIPTILINA CLORIDRATO COMPRIMIDO 25MG 
municipal,salbutamol,2021,Serra,1.5324,unidade,unitario,SALBUTAMOL SULFATO SOLUCAO INJETAVEL 0 5MG/ML AMPOLA 1ML 
municipal,maca_fruta,2021,Serra,6.08,kg,unidade_declarada,MAÇA NACIONAL FUJI OU GALA; Categoria EXTRA. Inteiras  sãs  limpas e secas. Isenta de odores estranhos  manchas  danos m
municipal,maca_fruta,2021,Serra,6.08,kg,unidade_declarada,MAÇA NACIONAL FUJI OU GALA; Categoria EXTRA. Inteiras  sãs  limpas e secas. Isenta de odores estranhos  manchas  danos m
municipal,pimentao,2021,Serra,5.02,kg,unidade_declarada,PIMENTÃO VERDE; tipo EXTRA. Classe Graúda com tamanhos uniformes  padrão do grupo conforme definido em legislação vigent
municipal,pimentao,2021,Serra,5.02,kg,unidade_declarada,PIMENTÃO VERDE; tipo EXTRA. Classe Graúda com tamanhos uniformes  padrão do grupo conforme definido em legislação vigent
municipal,banana,2021,Serra,4.48,kg,unidade_declarada,BANANA DA TERRA; De elevada qualidade  com casca firme  polpa carnosa de coloração amarelada  sem defeitos  bem desenvol
municipal,banana,2021,Serra,4.48,kg,unidade_declarada,BANANA DA TERRA; De elevada qualidade  com casca firme  polpa carnosa de coloração amarelada  sem defeitos  bem desenvol
municipal,beterraba,2021,Serra,3.5,kg,unidade_declarada,BETERRABA; De elevada qualidade. Sem folhas  e sem defeitos  suficientemente desenvolvida. Com aspecto  aroma e sabor tí
municipal,beterraba,2021,Serra,3.5,kg,unidade_declarada,BETERRABA; De elevada qualidade. Sem folhas  e sem defeitos  suficientemente desenvolvida. Com aspecto  aroma e sabor tí
municipal,repolho,2021,Serra,2.41,kg,unidade_declarada,REPOLHO  TIPO HÍBRIDO; classificação EXTRA  tamanho e coloração uniformes  folhas tenras e inteiriças. Isentos de defeit
municipal,repolho,2021,Serra,2.41,kg,unidade_declarada,REPOLHO  TIPO HÍBRIDO; classificação EXTRA  tamanho e coloração uniformes  folhas tenras e inteiriças. Isentos de defeit
municipal,repolho,2021,Serra,3.35,kg,unidade_declarada,REPOLHO TIPO ROXO; Classificação EXTRA  tamanho e coloração uniformes  folhas tenras e inteiriças. Isentos de defeitos m
municipal,repolho,2021,Serra,3.35,kg,unidade_declarada,REPOLHO TIPO ROXO; Classificação EXTRA  tamanho e coloração uniformes  folhas tenras e inteiriças. Isentos de defeitos m
municipal,mamao,2021,Serra,4.8,kg,descricao,MAMÃO FORMOSA - TIPO EXTRA. Peso igual ou maior que 1 quilo. Fisiologicamente desenvolvido.  Subgrupo ou grau de maturaç
municipal,mamao,2021,Serra,4.8,kg,descricao,MAMÃO FORMOSA - TIPO EXTRA. Peso igual ou maior que 1 quilo. Fisiologicamente desenvolvido.  Subgrupo ou grau de maturaç
municipal,pepino,2021,Serra,3.52,kg,unidade_declarada,PEPINO; COMUM LONGO  tipo EXTRA. Tamanhos uniformes de 200 a 250 mm de comprimento e 40mm de diâmetro transversal. Color
municipal,pepino,2021,Serra,3.52,kg,unidade_declarada,PEPINO; COMUM LONGO  tipo EXTRA. Tamanhos uniformes de 200 a 250 mm de comprimento e 40mm de diâmetro transversal. Color
municipal,alface,2021,Serra,6.14,unidade,unitario,ALFACE LISA OU CRESPA  VERDE; categoria EXTRA  excelente grau de hidratação e limpeza (grau quatro)  livre ou com limite
municipal,alface,2021,Serra,6.14,unidade,unitario,ALFACE LISA OU CRESPA  VERDE; categoria EXTRA  excelente grau de hidratação e limpeza (grau quatro)  livre ou com limite
municipal,cenoura,2021,Serra,4.05,kg,unidade_declarada,CENOURA  categoria EXTRA  classe longa (entre 17 e 25 cm)  isenta ou com limite máximo de 1% de defeitos. Para consumo i
municipal,cenoura,2021,Serra,4.05,kg,unidade_declarada,CENOURA  categoria EXTRA  classe longa (entre 17 e 25 cm)  isenta ou com limite máximo de 1% de defeitos. Para consumo i
municipal,chuchu,2021,Serra,2.33,kg,unidade_declarada,CHUCHU; TIPO EXTRA. Graúdo  ou seja  tamanhos uniformes entre 12 e 18cm de comprimento. Fisiologicamente desenvolvido  b
municipal,chuchu,2021,Serra,2.33,kg,unidade_declarada,CHUCHU; TIPO EXTRA. Graúdo  ou seja  tamanhos uniformes entre 12 e 18cm de comprimento. Fisiologicamente desenvolvido  b
municipal,cebola,2021,Serra,4.35,kg,unidade_declarada,CEBOLA BRANCA  TIPO EXTRA; BRANCA  TIPO EXTRA  Classe 4  ou seja  tamanhos uniformes com diâmetro transversal do bulbo e
municipal,cebola,2021,Serra,4.35,kg,unidade_declarada,CEBOLA BRANCA  TIPO EXTRA; BRANCA  TIPO EXTRA  Classe 4  ou seja  tamanhos uniformes com diâmetro transversal do bulbo e
municipal,abobora,2021,Serra,3.45,kg,unidade_declarada,ABÓBORA TIPO MARANHÃO. De elevada qualidade. Fisiologicamente desenvolvido  limpo  apresentando cor  sabor e aroma  cara
municipal,abobora,2021,Serra,3.45,kg,unidade_declarada,ABÓBORA TIPO MARANHÃO. De elevada qualidade. Fisiologicamente desenvolvido  limpo  apresentando cor  sabor e aroma  cara
municipal,abacaxi,2021,Serra,4.86,unidade,unitario,ABACAXI; Tipo EXTRA. Calibre 2  ou seja pesos uniformes de 1 200 a 1 500 kg.  Fisiologicamente desenvolvido  limpo  apre
municipal,abacaxi,2021,Serra,4.86,unidade,unitario,ABACAXI; Tipo EXTRA. Calibre 2  ou seja pesos uniformes de 1 200 a 1 500 kg.  Fisiologicamente desenvolvido  limpo  apre
municipal,banana,2021,Serra,3.44,kg,unidade_declarada,BANANA PRATA; categoria EXTRA (máximo de 5% de defeitos leves no total da entrega)  classe 12 (entre 12 e 15 cm de compr
municipal,banana,2021,Serra,3.44,kg,unidade_declarada,BANANA PRATA; categoria EXTRA (máximo de 5% de defeitos leves no total da entrega)  classe 12 (entre 12 e 15 cm de compr
municipal,carne_bovina,2021,Serra,29.5,kg,unidade_declarada,CARNE BOVINA CHARQUE DIANTEIRO;  Primeira qualidade  limpo  com no mínimo 2% de gordura  livre de aponevrose  empacotado
municipal,carne_bovina,2021,Serra,29.5,kg,unidade_declarada,CARNE BOVINA CHARQUE DIANTEIRO;  Primeira qualidade  limpo  com no mínimo 2% de gordura  livre de aponevrose  empacotado
municipal,linguica,2021,Serra,17.96,kg,unidade_declarada,LINGUIÇA FINA; De 1ª qualidade  com carnes selecionadas  bem moída  misturada  sem condimentos picantes  sem aponeuroses
municipal,linguica,2021,Serra,17.96,kg,unidade_declarada,LINGUIÇA FINA; De 1ª qualidade  com carnes selecionadas  bem moída  misturada  sem condimentos picantes  sem aponeuroses
municipal,frango,2021,Serra,13.37,kg,descricao,FILEZINHO DE FRANGO SASSAMI:  limpo  sem penugem  sem osso  sem pele  sem gordura  sem cartilagem  sem restos de gargant
municipal,frango,2021,Serra,13.37,kg,descricao,FILEZINHO DE FRANGO SASSAMI:  limpo  sem penugem  sem osso  sem pele  sem gordura  sem cartilagem  sem restos de gargant
municipal,carne_bovina,2021,Serra,25.99,kg,descricao,CARNE BOVINA  PATINHO EM ISCAS. APRESENTAÇÃO: CORTADA EM ISCAS COM PADRÃO DE CORTE UNIFORME (APROXIMADAMENTE 10MM X 80M
municipal,carne_bovina,2021,Serra,25.99,kg,descricao,CARNE BOVINA  PATINHO EM ISCAS. APRESENTAÇÃO: CORTADA EM ISCAS COM PADRÃO DE CORTE UNIFORME (APROXIMADAMENTE 10MM X 80M
municipal,carne_bovina,2021,Serra,23.9,kg,descricao,CARNE BOVINA  MÚSCULO TRASEIRO MOÍDO Apresentação: moída  limpa  congelada  com aproximadamente 5% de gorduras  sem ten
municipal,carne_bovina,2021,Serra,23.9,kg,descricao,CARNE BOVINA  MÚSCULO TRASEIRO MOÍDO Apresentação: moída  limpa  congelada  com aproximadamente 5% de gorduras  sem ten
municipal,carne_suina,2021,Serra,18.9,kg,descricao,CARNE SUINA - PERNIL TRASEIRO EM CUBOS Apresentação: cortada em cubo de aproximadamente 30mm X 30mm  em padrão uniforme 
municipal,carne_suina,2021,Serra,18.9,kg,descricao,CARNE SUINA - PERNIL TRASEIRO EM CUBOS Apresentação: cortada em cubo de aproximadamente 30mm X 30mm  em padrão uniforme 
municipal,dexametasona,2021,Serra,6.7133,unidade,unitario,DEXAMETASONA SUSPENSAO OFTALMICA 1MG/ML 0 1% FRASCO 5ML 
municipal,dexametasona,2021,Serra,0.645,unidade,unitario,DEXAMETASONA FOSFATO DISSODICO SOL INJ 4MG/ML FA 2 5ML OU AMPOLA 2 5ML. 
municipal,dexametasona,2021,Serra,1.52,unidade,unitario,DEXAMETASONA ACETATO CREME DERMATOLOGICO 1MG/G BISNAGA 10G 
municipal,paracetamol,2021,Serra,0.046,unidade,unitario,PARACETAMOL COMPRIMIDO 500MG       
municipal,atenolol,2021,Serra,0.0502,unidade,unitario,ATENOLOL COMPRIMIDO 50MG
municipal,aas,2021,Serra,0.0307,unidade,unitario,ACIDO ACETILSALICILICO COMPRIMIDO 100MG 
municipal,clonazepam,2021,Serra,2.3,unidade,unitario,CLONAZEPAM 2 5MG/ML SOLUCAO ORAL GOTAS FRASCO 20ML
municipal,carbamazepina,2021,Serra,0.1333,unidade,unitario,CARBAMAZEPINA COMPRIMIDO 200MG         
municipal,prednisona,2020,Serra,0.1494,unidade,unitario,PREDNISONA COMPRIMIDO 20MG 
municipal,fluoxetina,2021,Serra,0.0736,unidade,unitario,FLUOXETINA CAPSULA 20MG 
municipal,diazepam,2021,Serra,0.1063,unidade,unitario,DIAZEPAM COMPRIMIDO 10MG 
municipal,fenobarbital,2021,Serra,2.0977,unidade,unitario,FENOBARBITAL SODICO SOLUCAO INJETAVEL 100MG/ML AMPOLA 2ML 
municipal,fralda,2021,Serra,1.04,unidade,unitario,FRALDA DESCARTÁVEL PEDIÁTRICA  TAMANHO XXG  FRALDA DESCARTÁVEL PEDIÁTRICA  TAMANHO XXG  atóxica  hipoalengênica  formato
municipal,fralda,2021,Serra,2.0845,unidade,unitario,FRALDA DESCARTAVEL JUVENIL  FRALDA DESCARTÁVEL JUVENIL  atóxica  hipoalengênica  formato anatômico  com barreiras elásti
municipal,fralda,2021,Serra,0.5,unidade,unitario,FRALDA DESCARTAVEL INFANTIL TAMANHO G  FRALDA DESCARTÁVEL PEDIÁTRICA  TAMANHO GRANDE  atóxica  hipoalengênica  formato a
municipal,fralda,2021,Serra,1.2333,unidade,unitario,FRALDA GERIÁTRICA DESCARTÁVEL TAMANHO P  FRALDA DESCARTÁVEL GERIÁTRICA  TAMANHO PEQUENO  incontinência urinária severa  
municipal,fralda,2021,Serra,0.56,unidade,unitario,FRALDA DESCARTÁVEL INFANTIL. TAMANHO EXTRA G  FRALDA DESCARTÁVEL PEDIÁTRICA  TAMANHO XG  atóxica  hipoalengênica  format
municipal,fralda,2021,Serra,1.189,unidade,unitario,FRALDA GERIATRICA DESCARTAVEL TAMANHO XG   FRALDA DESCARTÁVEL GERIÁTRICA  TAMANHO EXTRA GRANDE  incontinência urinária s
municipal,fralda,2021,Serra,1.32,unidade,unitario,FRALDA GERIATRICA DESCARTÁVEL TAMANHO MÉDIO  FRALDA DESCARTÁVEL GERIÁTRICA  TAMANHO MÉDIO  incontinência urinária severa
municipal,fralda,2021,Serra,0.4967,unidade,unitario,FRALDA DESCARTÁVEL INFANTIL. TAMANHO PEQUENO    FRALDA DESCARTÁVEL INFANTIL. TAMANHO PEQUENO   FRALDA DESCARTÁVEL INFANT
municipal,fralda,2021,Serra,0.5633,unidade,unitario,FRALDA DESCARTÁVEL INFANTIL. TAMANHO MÉDIO.  FRALDA DESCARTÁVEL PEDIÁTRICA  TAMANHO MÉDIO  atóxica  hipoalengênica  form
municipal,fralda,2021,Serra,1.4641,unidade,unitario,FRALDA GERIÁTRICA DESCARTÁVEL  TAM. G   FRALDA DESCARTÁVEL GERIÁTRICA  TAMANHO GRANDE  incontinência urinária severa  at
municipal,cefalexina,2021,Serra,0.3048,unidade,unitario,CEFALEXINA SODICA COMPRIMIDO OU CAPSULA 500MG 
municipal,captopril,2021,Serra,0.0361,unidade,unitario,CAPTOPRIL COMPRIMIDO 25MG
municipal,loratadina,2021,Serra,2.1786,unidade,unitario,LORATADINA SOLUCAO ORAL XAROPE 1MG/ML FRASCO 100ML  COM COPO DOSADOR GRADUADO  
municipal,dipirona,2021,Serra,0.9624,unidade,unitario,DIPIRONA SODICA SOLUCAO ORAL GOTAS 500MG/ML FRASCO 10ML 
municipal,loratadina,2021,Serra,0.079,unidade,unitario,LORATADINA COMPRIMIDO 10MG 
municipal,alcool,2020,Serra,4.326,litro,descricao,ALCOOL ETILICO SOLUCAO 70% FRASCO 1000ML   ALCOOL ETILICO SOLUCAO 70% FRASCO 1000ML  ALCOOL ETILICO SOLUCAO 70%.  ALCOOL
municipal,glibenclamida,2021,Serra,0.0252,unidade,unitario,GLIBENCLAMIDA COMPRIMIDO 5MG
municipal,omeprazol,2021,Serra,6.87,unidade,unitario,OMEPRAZOL SODICO 40MG PO PARA SOLUCAO INJETAVEL 
municipal,salbutamol,2021,Serra,1.8633,unidade,unitario,SALBUTAMOL SULFATO SOLUCAO INJETAVEL 0 5MG/ML AMPOLA 1ML 
municipal,acucar,2021,Serra,11.68,kg,descricao,PÃO DE FORMA TRADICIONAL  fatiado  pacote com peso aproximado de 400 a 500 GRAMAS  fatia de no mínimo 25g. Ingredientes 
municipal,acucar,2021,Serra,11.68,kg,descricao,PÃO DE FORMA TRADICIONAL  fatiado  pacote com peso aproximado de 400 a 500 GRAMAS  fatia de no mínimo 25g. Ingredientes 
municipal,achocolatado,2021,Serra,12.09,kg,descricao,ACHOCOLATADO EM PÓ. solúvel  preparado com ingredientes sãos e limpo  sem farinha em sua formulação  com sabor  cor e od
municipal,achocolatado,2021,Serra,12.09,kg,descricao,ACHOCOLATADO EM PÓ. solúvel  preparado com ingredientes sãos e limpo  sem farinha em sua formulação  com sabor  cor e od
municipal,acucar,2021,Serra,24.5,kg,descricao,PÃO TIPO BISNAGUINHA  pacote com no mínimo 280 GRAMAS  unidade com no mínimo de 20 g Ingredientes básicos: farinha de tr
municipal,acucar,2021,Serra,24.5,kg,descricao,PÃO TIPO BISNAGUINHA  pacote com no mínimo 280 GRAMAS  unidade com no mínimo de 20 g Ingredientes básicos: farinha de tr
municipal,acucar,2021,Serra,17.22,kg,unidade_declarada,BISCOITO INTEGRAL  cream cracker integral  baixo teor de sódio  fonte de fibra alimentar  sem gordura trans  corantes e 
municipal,acucar,2021,Serra,17.22,kg,unidade_declarada,BISCOITO INTEGRAL  cream cracker integral  baixo teor de sódio  fonte de fibra alimentar  sem gordura trans  corantes e 
municipal,macarrao,2021,Serra,16.81,kg,unidade_declarada,MACARRÃO SEM GLÚTEN  massa preparada a base de arroz ou milho sem adição de ovos. Livres de corantes e aromatizantes art
municipal,macarrao,2021,Serra,16.81,kg,unidade_declarada,MACARRÃO SEM GLÚTEN  massa preparada a base de arroz ou milho sem adição de ovos. Livres de corantes e aromatizantes art
municipal,farinha_trigo,2021,Serra,10.78,kg,heuristica,PÃO INTEGRAL  produto preparado  no mínimo  com 50% de farinha de trigo integral  sem adição de açúcares  baixo teor de 
municipal,farinha_trigo,2021,Serra,10.78,kg,heuristica,PÃO INTEGRAL  produto preparado  no mínimo  com 50% de farinha de trigo integral  sem adição de açúcares  baixo teor de 
municipal,polpa_fruta,2021,Serra,9.6,kg,descricao,POLPA DE FRUTA NATURAL CONGELADA - SABOR GOIABA;                    Pasteurizada  constituída 100% de polpa de fruta. Em
municipal,polpa_fruta,2021,Serra,9.6,kg,descricao,POLPA DE FRUTA NATURAL CONGELADA - SABOR GOIABA;                    Pasteurizada  constituída 100% de polpa de fruta. Em
municipal,iogurte,2021,Serra,13.57,litro,descricao,IOGURTE DIET; com polpa de fruta  leite desnatado  soro de leite  fermento lácteo  aromatizantes  em embalagem de 400 ml
municipal,iogurte,2021,Serra,13.57,litro,descricao,IOGURTE DIET; com polpa de fruta  leite desnatado  soro de leite  fermento lácteo  aromatizantes  em embalagem de 400 ml
municipal,polpa_fruta,2021,Serra,15.92,kg,descricao,POLPA DE FRUTA NATURAL CONGELADA  sabor: uva. Pasteurizada  constituída 100% de polpa de fruta. Em embalagem de 01 kg  p
municipal,polpa_fruta,2021,Serra,15.92,kg,descricao,POLPA DE FRUTA NATURAL CONGELADA  sabor: uva. Pasteurizada  constituída 100% de polpa de fruta. Em embalagem de 01 kg  p
municipal,acucar,2021,Serra,12.66,kg,unidade_declarada,MISTURA PARA BOLO: Sabores: abacaxi  laranja  coco  limão  baunilha  fubá  festa e chocolate. Farinhas selecionadas  enr
municipal,acucar,2021,Serra,12.66,kg,unidade_declarada,MISTURA PARA BOLO: Sabores: abacaxi  laranja  coco  limão  baunilha  fubá  festa e chocolate. Farinhas selecionadas  enr
municipal,vinagre,2021,Serra,5.96,litro,descricao,VINAGRE  tinto  de 1ª qualidade  a partir de vinho tinto  líquido  límpido e sem depósitos de resíduos  em embalagem ori
municipal,vinagre,2021,Serra,5.96,litro,descricao,VINAGRE  tinto  de 1ª qualidade  a partir de vinho tinto  líquido  límpido e sem depósitos de resíduos  em embalagem ori
municipal,polpa_fruta,2021,Serra,9.6,kg,descricao,POLPA DE FRUTA NATURAL CONGELADA  sabor: caju. Pasteurizada  constituída 100% de polpa de fruta. Em embalagem de 01 kg  
municipal,polpa_fruta,2021,Serra,9.6,kg,descricao,POLPA DE FRUTA NATURAL CONGELADA  sabor: caju. Pasteurizada  constituída 100% de polpa de fruta. Em embalagem de 01 kg  
municipal,polpa_fruta,2021,Serra,9.6,kg,descricao,POLPA DE FRUTA NATURAL CONGELADA  sabores: manga. Pasteurizada  constituída 100% de polpa de fruta. Em embalagem de 01 k
municipal,polpa_fruta,2021,Serra,9.6,kg,descricao,POLPA DE FRUTA NATURAL CONGELADA  sabores: manga. Pasteurizada  constituída 100% de polpa de fruta. Em embalagem de 01 k
municipal,farinha_trigo,2021,Serra,11.09,kg,unidade_declarada,MACARRÃO INTEGRAL; elaborado farinha de trigo 100% integral  sem sódio  sem gordura saturada e trans. Rotulagem de acord
municipal,farinha_trigo,2021,Serra,11.09,kg,unidade_declarada,MACARRÃO INTEGRAL; elaborado farinha de trigo 100% integral  sem sódio  sem gordura saturada e trans. Rotulagem de acord
municipal,farinha_trigo,2021,Serra,4.2,kg,descricao,FARINHA DE TRIGO SEM FERMENTO; tipo 1   enriquecida com ferro e ácido fólico  em embalagem original de 01 kg. Rotulagem 
municipal,farinha_trigo,2021,Serra,4.2,kg,descricao,FARINHA DE TRIGO SEM FERMENTO; tipo 1   enriquecida com ferro e ácido fólico  em embalagem original de 01 kg. Rotulagem 
municipal,acucar,2021,Serra,11.72,kg,unidade_declarada,BISCOITO DOCE TIPO MARIA: Produto constituído basicamente de: farinha de trigo rica em ferro e ácido fólico  açúcar  lei
municipal,acucar,2021,Serra,11.72,kg,unidade_declarada,BISCOITO DOCE TIPO MARIA: Produto constituído basicamente de: farinha de trigo rica em ferro e ácido fólico  açúcar  lei
municipal,farinha_trigo,2021,Serra,5.83,kg,descricao,MACARRÃO TIPO ESPAGUETE; tipo 1  massa com ovos  sêmola  farinha de trigo especial  embalagem original de 1 kg  . Rotula
municipal,farinha_trigo,2021,Serra,5.83,kg,descricao,MACARRÃO TIPO ESPAGUETE; tipo 1  massa com ovos  sêmola  farinha de trigo especial  embalagem original de 1 kg  . Rotula
municipal,aveia,2021,Serra,18.3,kg,unidade_declarada,AVEIA EM FLOCOS FINOS. De 1ª qualidade   embalagem original de no máximo 500grs. Rotulagem de acordo com Resolução Vigen
municipal,aveia,2021,Serra,18.3,kg,unidade_declarada,AVEIA EM FLOCOS FINOS. De 1ª qualidade   embalagem original de no máximo 500grs. Rotulagem de acordo com Resolução Vigen
municipal,suco,2021,Serra,11.25,litro,descricao,SUCO DE FRUTA NATURAL DIET EM EMBALAGEM TETRA PARK; embalagem original de 200 ml  C0M CANUDO ACOPLADO  nos sabores manga
municipal,suco,2021,Serra,11.25,litro,descricao,SUCO DE FRUTA NATURAL DIET EM EMBALAGEM TETRA PARK; embalagem original de 200 ml  C0M CANUDO ACOPLADO  nos sabores manga
municipal,leite_condensado,2021,Serra,21.9,kg,unidade_declarada,LEITE CONDENSADO: De 1ª qualidade  em embalagem original de 395grmas. Rotulagem de acordo com Resolução Vigente. Validad
municipal,leite_condensado,2021,Serra,21.9,kg,unidade_declarada,LEITE CONDENSADO: De 1ª qualidade  em embalagem original de 395grmas. Rotulagem de acordo com Resolução Vigente. Validad
municipal,fuba,2021,Serra,2.5,kg,descricao,FUBÁ  MILHO  TIPO 1; fino  enriquecido com ferro e ácido fólico  em embalagem original  de 01kg. 
municipal,fuba,2021,Serra,2.5,kg,descricao,FUBÁ  MILHO  TIPO 1; fino  enriquecido com ferro e ácido fólico  em embalagem original  de 01kg. 
municipal,feijao,2021,Serra,7.0,kg,descricao,FEIJÃO PRETO; tipo 1  de primeira qualidade   limpo  maduro  sem sujidades  seco  de tamanho e forma naturais  em embala
municipal,feijao,2021,Serra,7.0,kg,descricao,FEIJÃO PRETO; tipo 1  de primeira qualidade   limpo  maduro  sem sujidades  seco  de tamanho e forma naturais  em embala
municipal,acucar,2021,Serra,13.24,kg,unidade_declarada,BISCOITO DOCE TIPO ROSQUINHA DE COCO: Produto constituído basicamente de: farinha de trigo rica com ferro e ácido fólico
municipal,acucar,2021,Serra,13.24,kg,unidade_declarada,BISCOITO DOCE TIPO ROSQUINHA DE COCO: Produto constituído basicamente de: farinha de trigo rica com ferro e ácido fólico
municipal,azeite,2021,Serra,38.4,litro,descricao,AZEITE DE OLIVA EXTRA VIRGEM; com acidez máxima de 0 5%  para temperar alimentos; embalagem com 500ml.   
municipal,azeite,2021,Serra,38.4,litro,descricao,AZEITE DE OLIVA EXTRA VIRGEM; com acidez máxima de 0 5%  para temperar alimentos; embalagem com 500ml.   
municipal,feijao,2021,Serra,6.5,kg,descricao,FEIJÃO CARIOQUINHA - TIPO 1: tipo 1  de primeira qualidade  limpo  maduro  sem sujidades  seco  de tamanhos e formatos n
municipal,feijao,2021,Serra,6.5,kg,descricao,FEIJÃO CARIOQUINHA - TIPO 1: tipo 1  de primeira qualidade  limpo  maduro  sem sujidades  seco  de tamanhos e formatos n
municipal,farinha_trigo,2021,Serra,7.36,kg,descricao,MACARRÃO EM FORMATO DE LETRINHAS; Tipo 1  massa com ovos  tipo sêmola com farinha de trigo especial. Em embalagem origin
municipal,farinha_trigo,2021,Serra,7.36,kg,descricao,MACARRÃO EM FORMATO DE LETRINHAS; Tipo 1  massa com ovos  tipo sêmola com farinha de trigo especial. Em embalagem origin
municipal,amido_milho,2021,Serra,24.34,kg,descricao,AMIDO DE MILHO TRADICIONAL; 1ª qualidade  embalado em papel impermeável  limpo  não violado  resistente e acondicionado 
municipal,amido_milho,2021,Serra,24.34,kg,descricao,AMIDO DE MILHO TRADICIONAL; 1ª qualidade  embalado em papel impermeável  limpo  não violado  resistente e acondicionado 
municipal,oleo_soja,2021,Serra,8.8333,litro,descricao,ÓLEO DE SOJA; latas com 900 ml  de primeira qualidade  100% natural. Rotulagem de acordo com Legislação Vigente e Selo d
municipal,oleo_soja,2021,Serra,8.8333,litro,descricao,ÓLEO DE SOJA; latas com 900 ml  de primeira qualidade  100% natural. Rotulagem de acordo com Legislação Vigente e Selo d
municipal,leite_condensado,2021,Serra,27.7,kg,unidade_declarada,LEITE CONDENSADO SEM LACTOSE; 1º qualidade  em embalagem original de 395 gramas. Para dieta com restrição de lactose. Ze
municipal,leite_condensado,2021,Serra,27.7,kg,unidade_declarada,LEITE CONDENSADO SEM LACTOSE; 1º qualidade  em embalagem original de 395 gramas. Para dieta com restrição de lactose. Ze
municipal,acucar,2021,Serra,20.2,kg,heuristica,GELÉIA DE FRUTAS DIET;                 Nos sabores morango  amora  framboesa  frutas Vermelhas  damasco. Desenvolvido co
municipal,acucar,2021,Serra,20.2,kg,heuristica,GELÉIA DE FRUTAS DIET;                 Nos sabores morango  amora  framboesa  frutas Vermelhas  damasco. Desenvolvido co
municipal,polpa_fruta,2021,Serra,13.92,kg,descricao,POLPA DE FRUTA NATURAL CONGELADA - SABOR MORANGO; sabor: morango. Pasteurizada  constituída 100% de polpa de fruta. Em e
municipal,polpa_fruta,2021,Serra,13.92,kg,descricao,POLPA DE FRUTA NATURAL CONGELADA - SABOR MORANGO; sabor: morango. Pasteurizada  constituída 100% de polpa de fruta. Em e
municipal,acucar,2021,Serra,23.41,kg,unidade_declarada,MISTURA PARA CURAU DE MILHO; com baixo teor de fenalalina  com flocos finos de milho verde  100% de leite em pó integral
municipal,acucar,2021,Serra,23.41,kg,unidade_declarada,MISTURA PARA CURAU DE MILHO; com baixo teor de fenalalina  com flocos finos de milho verde  100% de leite em pó integral
municipal,farinha_trigo,2021,Serra,11.72,kg,unidade_declarada,BISCOITO SALGADO TIPO CREAM CRACKER; constituído basicamente de: farinha de trigo enriquecida com ferro e ácido fólico  
municipal,farinha_trigo,2021,Serra,11.72,kg,unidade_declarada,BISCOITO SALGADO TIPO CREAM CRACKER; constituído basicamente de: farinha de trigo enriquecida com ferro e ácido fólico  
municipal,acucar,2021,Serra,5.05,kg,heuristica,BARRA DE CEREAL DIET: Elaborada a partir da compactação de frutas desidratadas e cereais como a aveia  trigo  soja  arro
municipal,acucar,2021,Serra,5.05,kg,heuristica,BARRA DE CEREAL DIET: Elaborada a partir da compactação de frutas desidratadas e cereais como a aveia  trigo  soja  arro
municipal,farinha_trigo,2021,Serra,5.83,kg,descricao,MACARRÃO TIPO PARAFUSO; tipo 1  massa com ovos  tipo sêmola com farinha de trigo especial. Em embalagem original de 1 kg
municipal,farinha_trigo,2021,Serra,5.83,kg,descricao,MACARRÃO TIPO PARAFUSO; tipo 1  massa com ovos  tipo sêmola com farinha de trigo especial. Em embalagem original de 1 kg
municipal,suco,2021,Serra,11.25,litro,descricao,SUCO DE FRUTA NATURAL - EMBALAGEM TETRA PARK:  Embalagem original  200ml  C0M CANUDO ACOPLADO. Suco natural  de frutas n
municipal,suco,2021,Serra,11.25,litro,descricao,SUCO DE FRUTA NATURAL - EMBALAGEM TETRA PARK:  Embalagem original  200ml  C0M CANUDO ACOPLADO. Suco natural  de frutas n
municipal,farinha_trigo,2021,Serra,11.72,kg,unidade_declarada,BISCOITO DOCE TIPO MAISENA: Produto constituído basicamente de: farinha de trigo rica em ferro e ácido fólico  amido  aç
municipal,farinha_trigo,2021,Serra,11.72,kg,unidade_declarada,BISCOITO DOCE TIPO MAISENA: Produto constituído basicamente de: farinha de trigo rica em ferro e ácido fólico  amido  aç
municipal,extrato_tomate,2021,Serra,22.52,kg,descricao,EXTRATO DE TOMATE: 1ª qualidade  concentrado  tomates selecionados  maduros  entregar em embalagem de 150 a 500 g no máx
municipal,extrato_tomate,2021,Serra,22.52,kg,descricao,EXTRATO DE TOMATE: 1ª qualidade  concentrado  tomates selecionados  maduros  entregar em embalagem de 150 a 500 g no máx
municipal,acucar,2021,Serra,13.24,kg,unidade_declarada,BISCOITO TIPO ROSQUINHA DE LEITE; constituído basicamente de: farinha de trigo rica com ferro e ácido fólico  açúcar  le
municipal,acucar,2021,Serra,13.24,kg,unidade_declarada,BISCOITO TIPO ROSQUINHA DE LEITE; constituído basicamente de: farinha de trigo rica com ferro e ácido fólico  açúcar  le
municipal,acucar,2021,Serra,13.475,kg,descricao,PÃO TIPO HOT DOG  pacote com no mínimo 400 GRAMAS  unidade com no mínimo de 20 g Ingredientes básicos: farinha de trigo 
municipal,acucar,2021,Serra,13.475,kg,descricao,PÃO TIPO HOT DOG  pacote com no mínimo 400 GRAMAS  unidade com no mínimo de 20 g Ingredientes básicos: farinha de trigo 
municipal,farinha_mandioca,2021,Serra,4.38,kg,descricao,FARINHA DE MANDIOCA; tipo 1   de primeira qualidade  torrada  seca  fina  classe branca. Devendo ser entregue com peso l
municipal,farinha_mandioca,2021,Serra,4.38,kg,descricao,FARINHA DE MANDIOCA; tipo 1   de primeira qualidade  torrada  seca  fina  classe branca. Devendo ser entregue com peso l
municipal,acucar,2021,Serra,9.29,kg,descricao,SUCO DE FRUTA NATURAL SABOR UVA em embalagem original tetra park de 01 litro  concentrado  sem corantes artificiais  com
municipal,acucar,2021,Serra,9.29,kg,descricao,SUCO DE FRUTA NATURAL SABOR UVA em embalagem original tetra park de 01 litro  concentrado  sem corantes artificiais  com
municipal,polpa_fruta,2021,Serra,9.6,kg,descricao,POLPA DE FRUTA NATURAL CONGELADA - SABOR ACEROLA;                      sabor: acerola. Pasteurizada  constituída 100% de
municipal,polpa_fruta,2021,Serra,9.6,kg,descricao,POLPA DE FRUTA NATURAL CONGELADA - SABOR ACEROLA;                      sabor: acerola. Pasteurizada  constituída 100% de
municipal,sal,2021,Serra,1.15,kg,descricao,SAL REFINADO IODADO; tipo 1  extraído de fontes naturais. Devendo ser entregue com peso líquido de 01 kg. em embalagem p
municipal,sal,2021,Serra,1.15,kg,descricao,SAL REFINADO IODADO; tipo 1  extraído de fontes naturais. Devendo ser entregue com peso líquido de 01 kg. em embalagem p
municipal,leite_po,2021,Serra,88.49,kg,unidade_declarada,LEITE EM PÓ DESNATADO INSTATÂNEO; com no mínimo 245mg de cálcio na porção de 25 gramas. Em embalagem original. Rotulagem
municipal,leite_po,2021,Serra,88.49,kg,unidade_declarada,LEITE EM PÓ DESNATADO INSTATÂNEO; com no mínimo 245mg de cálcio na porção de 25 gramas. Em embalagem original. Rotulagem
municipal,leite_po,2021,Serra,31.03,kg,descricao,LEITE EM PÓ INTEGRAL INSTANTÂNEO  com no mínimo 26% de gorduras e mínimo 245mg de cálcio na porção de 25 gramas. Em emba
municipal,leite_po,2021,Serra,31.03,kg,descricao,LEITE EM PÓ INTEGRAL INSTANTÂNEO  com no mínimo 26% de gorduras e mínimo 245mg de cálcio na porção de 25 gramas. Em emba
municipal,acucar,2021,Serra,20.74,kg,unidade_declarada,CHOCOLATE GRANULADO; a partir de mistura de cacau em pó  açúcar refinado  leite e/ou soro de leite. Rotulagem de acordo 
municipal,acucar,2021,Serra,20.74,kg,unidade_declarada,CHOCOLATE GRANULADO; a partir de mistura de cacau em pó  açúcar refinado  leite e/ou soro de leite. Rotulagem de acordo 
municipal,canjica,2021,Serra,9.0,kg,unidade_declarada,MILHO BRANCO PARA CANJICA; tipo 1  com grãos selecionados  livres de sujidades  em embalagem original de 500 g. Rotulage
municipal,canjica,2021,Serra,9.0,kg,unidade_declarada,MILHO BRANCO PARA CANJICA; tipo 1  com grãos selecionados  livres de sujidades  em embalagem original de 500 g. Rotulage
municipal,farinha_mandioca,2020,Serra,3.1,kg,descricao,FARINHA DE MANDIOCA; tipo 1   de primeira qualidade  torrada  seca  fina  classe branca. Devendo ser entregue com peso l
municipal,farinha_mandioca,2020,Serra,3.1,kg,descricao,FARINHA DE MANDIOCA; tipo 1   de primeira qualidade  torrada  seca  fina  classe branca. Devendo ser entregue com peso l
municipal,oleo_soja,2020,Serra,9.9444,litro,descricao,ÓLEO DE SOJA  de 1ª qualidade  100% natural  embalagem com 900 ml  Rotulagem de acordo com Legislação Vigente e Selo de 
municipal,oleo_soja,2020,Serra,9.9444,litro,descricao,ÓLEO DE SOJA  de 1ª qualidade  100% natural  embalagem com 900 ml  Rotulagem de acordo com Legislação Vigente e Selo de 
municipal,feijao,2020,Serra,6.48,kg,descricao,FEIJÃO PRETO TIPO I  de primeira qualidade  in natura  novo  grãos inteiros  aspecto brilhoso  liso  isento de matéria t
municipal,feijao,2020,Serra,6.48,kg,descricao,FEIJÃO PRETO TIPO I  de primeira qualidade  in natura  novo  grãos inteiros  aspecto brilhoso  liso  isento de matéria t
municipal,farinha_trigo,2020,Serra,8.6,kg,descricao,MACARRÃO PARAFUSO  tipo 1  massa de sêmola com ovos  farinha de trigo especial  embalagem original de 500 g  rotulagem d
municipal,farinha_trigo,2020,Serra,8.6,kg,descricao,MACARRÃO PARAFUSO  tipo 1  massa de sêmola com ovos  farinha de trigo especial  embalagem original de 500 g  rotulagem d
municipal,arroz,2020,Serra,2.645,kg,descricao,ARROZ AGULHINHA  classe longo fino  tipo I  isento de mofo  odores estranhos  substâncias nocivas  coloração uniforme e 
municipal,arroz,2020,Serra,2.645,kg,descricao,ARROZ AGULHINHA  classe longo fino  tipo I  isento de mofo  odores estranhos  substâncias nocivas  coloração uniforme e 
municipal,fuba,2020,Serra,2.59,kg,descricao,FUBÁ DE MILHO  tipo 1  produzido a partir de grão de milho de primeira qualidade  produto amarelo  de aspecto fino  livr
municipal,fuba,2020,Serra,2.59,kg,descricao,FUBÁ DE MILHO  tipo 1  produzido a partir de grão de milho de primeira qualidade  produto amarelo  de aspecto fino  livr
municipal,acucar,2020,Serra,2.46,kg,descricao,AÇÚCAR CRISTAL tipo 1  primeira qualidade  devendo ser entregue com peso líquido de 01 kg em embalagem plástica íntegra 
municipal,acucar,2020,Serra,2.46,kg,descricao,AÇÚCAR CRISTAL tipo 1  primeira qualidade  devendo ser entregue com peso líquido de 01 kg em embalagem plástica íntegra 
municipal,acucar,2020,Serra,7.89,kg,unidade_declarada,BISCOITO DOCE TIPO MAISENA  constituído basicamente de: farinha de trigo rica em ferro e ácido fólico  amido  açúcar  le
municipal,acucar,2020,Serra,7.89,kg,unidade_declarada,BISCOITO DOCE TIPO MAISENA  constituído basicamente de: farinha de trigo rica em ferro e ácido fólico  amido  açúcar  le
municipal,leite_po,2020,Serra,27.93,kg,unidade_declarada,LEITE EM PÓ INTEGRAL INSTANTÂNEO em embalagem original de 400 gramas. Rotulagem de acordo com resolução vigente. Nº do r
municipal,leite_po,2020,Serra,27.93,kg,unidade_declarada,LEITE EM PÓ INTEGRAL INSTANTÂNEO em embalagem original de 400 gramas. Rotulagem de acordo com resolução vigente. Nº do r
municipal,alcool,2020,Serra,5.8333,litro,descricao,Mesa gerencial com formato em L 1600x800x1400x500x740 Estrutura para estação de trabalho gerencial composta por travessa
municipal,alcool,2020,Serra,5.8333,litro,descricao,Mesa gerencial com formato em L 1600x800x1400x500x740 Estrutura para estação de trabalho gerencial composta por travessa
municipal,cadeira,2020,Serra,1100.0,unidade,unitario,Cadeira giratória espaldar médio com braços Encosto de espaldar médio com espuma anatômica em poliuretano injetado  de 4
municipal,cadeira,2020,Serra,1100.0,unidade,unitario,Cadeira giratória espaldar médio com braços Encosto de espaldar médio com espuma anatômica em poliuretano injetado  de 4
municipal,cadeira,2020,Serra,1299.0,unidade,unitario,Cadeira giratória espaldar médio com braços Gerência  Encosto de espaldar médio e carenagem traseira  injetados em poli
municipal,cadeira,2020,Serra,1299.0,unidade,unitario,Cadeira giratória espaldar médio com braços Gerência  Encosto de espaldar médio e carenagem traseira  injetados em poli
municipal,cadeira,2020,Serra,1500.0,unidade,unitario,Cadeira giratória com espaldar alto com braços  Encosto de espaldar alto e carenagem traseira  injetados em polipropilen
municipal,cadeira,2020,Serra,1500.0,unidade,unitario,Cadeira giratória com espaldar alto com braços  Encosto de espaldar alto e carenagem traseira  injetados em polipropilen
municipal,cadeira,2020,Serra,1200.0,unidade,unitario,Cadeira giratória para reuniões internas Encosto de espaldar médio  com estrutura injetada em Nylon de alta resistência 
municipal,cadeira,2020,Serra,1110.0,unidade,unitario,Cadeira para sala de espera  Cadeira fixa baixa  base em aço  sem braços.  Encosto: com espuma de poliuretano laminada d
municipal,cadeira,2020,Serra,1110.0,unidade,unitario,Cadeira para sala de espera  Cadeira fixa baixa  base em aço  sem braços.  Encosto: com espuma de poliuretano laminada d
municipal,paracetamol,2020,Serra,0.65,unidade,unitario,PARACETAMOL SOLUCAO ORAL GOTAS 200MG/ML FRASCO 15ML 
municipal,dipirona,2020,Serra,1.9734,unidade,unitario,HIOSCINA+DIPIRONA SODICA SOL INJ 4MG/ML+500MG/ML AMP 5ML HIOSCINA OU BUTILBROMETO DE ESCOPOLAMINA + DIPIRONA SODICA SOLU
municipal,haloperidol,2020,Serra,8.48,unidade,unitario,HALOPERIDOL DECANOATO SOLUÇAO INJETAVEL 70 52MG/ML (CORRESPONDE 50MG/ML DE HALOPERIDOL) AMPOLA 1ML
municipal,diazepam,2020,Serra,1.0059,unidade,unitario,DIAZEPAM SOLUCAO INJETAVEL 5MG/ML AMPOLA 2ML 
municipal,haloperidol,2020,Serra,2.735,unidade,unitario,HALOPERIDOL 2MG/ML SOLUCAO ORAL GOTAS FRASCO MINIMO 20ML
municipal,haloperidol,2020,Serra,1.5767,unidade,unitario,HALOPERIDOL SOLUCAO INJETAVEL 5MG/ML AMPOLA 1ML
municipal,seringa,2021,Serra,0.1655,unidade,unitario,SERINGA DESCARTAVEL ESTERIL 3ML  Seringa  Tipo: estéril  descartável  Capacidade [ML]: 3   Graduação [ML]: 0 1  Numerada
municipal,alcool,2021,Serra,22.275,litro,descricao,ALCOOL ETILICO SOLUCAO 70% ALMOTOLIA 100ML   ALCOOL ETILICO SOLUCAO 70% ALMOTOLIA 100ML  ALCOOL ETILICO SOLUCAO 70%.  AL
municipal,alcool,2021,Serra,8.7967,litro,descricao,ALCOOL ETILICO SOLUCAO 70% FRASCO 1000ML  Álcool etílico solução 70%. Álcool etílico  tipo hidratado  teor alcoolico 70%
municipal,seringa,2021,Serra,0.1983,unidade,unitario,SERINGA DESCARTAVEL ESTERIL 5ML    Seringa  Tipo: estéril  descartável  Capacidade [ML]: 5   Graduação [ML]: 0 2  Numera
municipal,seringa,2021,Serra,0.3051,unidade,unitario,SERINGA DESCARTAVEL ESTERIL 10ML Seringa  Tipo: estéril  descartável  Capacidade [ML]: 10   Graduação [ML]: escala em gr
municipal,seringa,2021,Serra,0.1849,unidade,unitario,SERINGA DESCARTÁVEL ESTERIL 1ML SEM AGULHA  SERINGA DE 1ML SEM AGULHA Seringa descartável estéril 1ml sem agulha. Sering
municipal,seringa,2021,Serra,0.5267,unidade,unitario,SERINGA DESCARTAVEL ESTERIL 20ML Seringa  Tipo: estéril  descartável  Capacidade [ML]: 20   Graduação [ML]: escala em gr
municipal,areia,2020,Serra,82.8,m3,unitario,Areia Lavada Media 
municipal,brita,2020,Serra,110.0,m3,unitario,Brita 0 
municipal,tijolo,2020,Serra,3.8,unidade,unitario,Bloco De Concreto 14x19x39cm -Estrutural 
municipal,pneu,2020,Serra,125.0,unidade,unitario,Carrinho De Mao De Aco Capacidade 50 A 60 L  Pneu Com Camara 
municipal,gas_glp,2020,Serra,74.25,botijao_13kg,unitario,GÁS DE COZINHA - recarga em BOTIJÕES P 13 KG  retornáveis(botijões de gás liquefeito de petróleo - GLP  material chapa a
municipal,gas_glp,2020,Serra,74.25,botijao_13kg,unitario,GÁS DE COZINHA - recarga em BOTIJÕES P 13 KG  retornáveis(botijões de gás liquefeito de petróleo - GLP  material chapa a
municipal,gas_glp,2020,Serra,121.25,botijao_13kg,unitario,VASILHAME - botijões vazios P13 KG  para gás liquefeito de petróleo - GLP  material chapa aço resistentes a impacto  tip
municipal,gas_glp,2020,Serra,121.25,botijao_13kg,unitario,VASILHAME - botijões vazios P13 KG  para gás liquefeito de petróleo - GLP  material chapa aço resistentes a impacto  tip
municipal,albendazol,2020,Serra,1.3419,unidade,unitario,ALBENDAZOL SUSPENSAO ORAL 40MG/ML FRASCO 10ML  
municipal,albendazol,2020,Serra,0.4111,unidade,unitario,ALBENDAZOL COMPRIMIDO MASTIGAVEL 400MG
municipal,prednisolona,2020,Serra,4.911,unidade,unitario,PREDNISOLONA FOSFATO SODICO SOL ORAL 3MG/ML FRASCO 100ML COM COPO DOSADOR GRADUADO  
municipal,ibuprofeno,2020,Serra,1.7092,unidade,unitario,IBUPROFENO SOLUCAO ORAL GOTAS 50MG/ML FRASCO 30ML 
municipal,ibuprofeno,2020,Serra,0.1993,unidade,unitario,IBUPROFENO COMPRIMIDO 600MG 
municipal,dipirona,2020,Serra,0.6598,unidade,unitario,DIPIRONA SODICA SOLUCAO ORAL GOTAS 500MG/ML FRASCO 10ML 
municipal,alcool,2020,Serra,6.76,litro,descricao,ÁLCOOL ETÍLICO HIDRATADO 70º INPM  LÍQUIDO  frasco plástico resistente  tampa com sistema anti vazamento  1litro. 
municipal,alcool,2020,Serra,6.76,litro,descricao,ÁLCOOL ETÍLICO HIDRATADO 70º INPM  LÍQUIDO  frasco plástico resistente  tampa com sistema anti vazamento  1litro. 
municipal,creme_dental,2020,Serra,4.35,unidade,unitario,KIT DE SAUDE BUCAL ADULTO   01 Escova dental adulto  cerdas de nylon macias  com 04 (quatro) fileiras de tubos  com no m
municipal,creme_dental,2020,Serra,4.35,unidade,unitario,KIT DE SAUDE BUCAL ADULTO   01 Escova dental adulto  cerdas de nylon macias  com 04 (quatro) fileiras de tubos  com no m
municipal,creme_dental,2020,Serra,4.2667,unidade,unitario,KIT DE SAUDE BUCAL INFANTIL   01 Escova dental infantil  cerdas de nylon macias  com 04 (quatro) fileiras de tubos  com 
municipal,creme_dental,2020,Serra,4.2667,unidade,unitario,KIT DE SAUDE BUCAL INFANTIL   01 Escova dental infantil  cerdas de nylon macias  com 04 (quatro) fileiras de tubos  com 
municipal,pimentao,2020,Serra,3.99,kg,unidade_declarada,PIMENTÃO VERDE; Frescos sem amassados.
municipal,maca_fruta,2020,Serra,4.99,kg,unidade_declarada,MAÇA NACIONAL; Madura  doce  sadia.
municipal,alface,2020,Serra,1.5,unidade,unitario,ALFACE AMERICANA; Fresca.
municipal,abobora,2020,Serra,2.99,kg,unidade_declarada,ABÓBORA MADURA Casca-de-jacaré sem amassados.  
municipal,couve,2020,Serra,1.5,unidade,unitario,COUVE MANTEIGA; Folhas verdes e sadias.
municipal,laranja,2020,Serra,1.99,kg,unidade_declarada,LARANJA PERA; Madura  sem amassados  sadias.
municipal,beterraba,2020,Serra,2.99,kg,unidade_declarada,BETERRABA EXTRA; Sem machucados.
municipal,repolho,2020,Serra,1.45,kg,unidade_declarada,REPOLHO BRANCO; Grande  sem machucados.    
municipal,mamao,2020,Serra,2.99,kg,unidade_declarada,MAMÃO PAPAIA; 50% de vez  50% maduro.
municipal,inhame,2020,Serra,3.99,kg,unidade_declarada,INHAME CHINÊS; Enxuto sem pedras.
municipal,cebola,2020,Serra,2.99,kg,unidade_declarada,CEBOLA BRANCA; Grande e sadia.
municipal,banana,2020,Serra,3.99,kg,unidade_declarada,BANANA DA TERRA; Grande de vez.
municipal,banana,2020,Serra,2.49,kg,unidade_declarada,BANANA PRATA. GRANDE  DE VEZ. 
municipal,cenoura,2020,Serra,2.79,kg,unidade_declarada,CENOURA; Graúda.
municipal,batata,2020,Serra,2.99,kg,unidade_declarada,BATATA INGLESA; Grande  branca e sadia.
municipal,tangerina,2020,Serra,2.99,kg,unidade_declarada,Mexirica Ponkan  madura  doce  sadia 
municipal,melancia,2020,Serra,1.99,kg,unidade_declarada,Melancia  madura  doce  sadia 
municipal,acucar,2020,Serra,5.31,kg,descricao,AÇÚCAR CRISTAL  de 1ª qualidade (embalagem de 2 Kg) - Contendo no mínimo 99 3 % de sacarose  deverá ser fabricado de suc
municipal,acucar,2020,Serra,5.31,kg,descricao,AÇÚCAR CRISTAL  de 1ª qualidade (embalagem de 2 Kg) - Contendo no mínimo 99 3 % de sacarose  deverá ser fabricado de suc
municipal,biscoito,2020,Serra,9.84,kg,descricao,BISCOITO CREAM CRACKER - acondicionado em embalagem de 400g. Validade: No mínimo 3 (três) meses a partir da data de entr
municipal,biscoito,2020,Serra,9.84,kg,descricao,BISCOITO CREAM CRACKER - acondicionado em embalagem de 400g. Validade: No mínimo 3 (três) meses a partir da data de entr
municipal,arroz,2020,Serra,3.652,kg,descricao,ARROZ AGULHINHA TIPO 1  (embalagem de 5 Kg) - Beneficiado  polido  limpo  grãos inteiros  longos e finos em pacotes de 5
municipal,arroz,2020,Serra,3.652,kg,descricao,ARROZ AGULHINHA TIPO 1  (embalagem de 5 Kg) - Beneficiado  polido  limpo  grãos inteiros  longos e finos em pacotes de 5
municipal,biscoito,2020,Serra,9.84,kg,descricao,BISCOITO MAISENA - acondicionado em embalagem de 400g. Validade: No mínimo 3 (três) meses a partir da data de entrega. A
municipal,biscoito,2020,Serra,9.84,kg,descricao,BISCOITO MAISENA - acondicionado em embalagem de 400g. Validade: No mínimo 3 (três) meses a partir da data de entrega. A
municipal,farinha_trigo,2020,Serra,4.29,kg,heuristica,FARINHA DE TRIGO - enriquecida com ferro e ácido fólico  sal  fermentos químicos (pirofosfato ácido de sódio  bicarbonat
municipal,farinha_trigo,2020,Serra,4.29,kg,heuristica,FARINHA DE TRIGO - enriquecida com ferro e ácido fólico  sal  fermentos químicos (pirofosfato ácido de sódio  bicarbonat
municipal,aveia,2020,Serra,4.236,kg,heuristica,AVEIA EM FLOCOS FINO - produto resultante da moagem de grãos de aveia. Embalada em polietileno atóxico  contendo 170g. r
municipal,aveia,2020,Serra,4.236,kg,heuristica,AVEIA EM FLOCOS FINO - produto resultante da moagem de grãos de aveia. Embalada em polietileno atóxico  contendo 170g. r
municipal,farinha_mandioca,2020,Serra,3.52,kg,descricao,FARINHA DE MANDIOCA  (embalagem de 1 Kg) - Tipo branca  livre de terra e corpos estranhos aderentes a espécie externa e 
municipal,farinha_mandioca,2020,Serra,3.52,kg,descricao,FARINHA DE MANDIOCA  (embalagem de 1 Kg) - Tipo branca  livre de terra e corpos estranhos aderentes a espécie externa e 
municipal,feijao,2020,Serra,8.24,kg,descricao,FEIJÃO PRETO TIPO 1  (embalagem de 1kg) - De primeira qualidade  extra  constituído de no mínimo 95% de grãos na cor c
municipal,feijao,2020,Serra,8.24,kg,descricao,FEIJÃO PRETO TIPO 1  (embalagem de 1kg) - De primeira qualidade  extra  constituído de no mínimo 95% de grãos na cor c
municipal,fuba,2020,Serra,2.84,kg,descricao,FUBÁ DE MILHO (TIPO MIMOSO) (embalagem de 1KG) - Enriquecido com ferro e ácido fólico. Produto obtido pela moagem do grã
municipal,fuba,2020,Serra,2.84,kg,descricao,FUBÁ DE MILHO (TIPO MIMOSO) (embalagem de 1KG) - Enriquecido com ferro e ácido fólico. Produto obtido pela moagem do grã
municipal,leite_po,2020,Serra,32.05,kg,descricao,LEITE EM PÓ INTEGRAL (embalagem de 400g) - de ótima qualidade  instantâneo  acondicionado em embalagem de 400g  pacote d
municipal,leite_po,2020,Serra,32.05,kg,descricao,LEITE EM PÓ INTEGRAL (embalagem de 400g) - de ótima qualidade  instantâneo  acondicionado em embalagem de 400g  pacote d
municipal,cafe,2020,Serra,16.572,kg,descricao,CAFÉ EM PÓ (embalagem de 500G) - Torrado e moído  embalagem aluminizada. O produto deverá ser 100% arábica e conter selo
municipal,cafe,2020,Serra,16.572,kg,descricao,CAFÉ EM PÓ (embalagem de 500G) - Torrado e moído  embalagem aluminizada. O produto deverá ser 100% arábica e conter selo
municipal,sal,2020,Serra,1.306,kg,descricao,SAL REFINADO  (embalagem de 1kg) - Extra  iodado. Cloreto de sódio catalisado  extraído de fontes naturais. Obrigado à a
municipal,sal,2020,Serra,1.306,kg,descricao,SAL REFINADO  (embalagem de 1kg) - Extra  iodado. Cloreto de sódio catalisado  extraído de fontes naturais. Obrigado à a
municipal,farinha_trigo,2020,Serra,6.3,kg,descricao,MACARRÃO TIPO ESPAGUETE (embalagem de 500 gramas) - Massa com ovos  vitaminado  não fermentado  obtido pelo amassamento 
municipal,farinha_trigo,2020,Serra,6.3,kg,descricao,MACARRÃO TIPO ESPAGUETE (embalagem de 500 gramas) - Massa com ovos  vitaminado  não fermentado  obtido pelo amassamento 
municipal,sardinha,2020,Serra,4.406,lata,unitario,SARDINHA EM CONSERVA AO MOLHO DE TOMATE - preparada com sardinha frescas  limpas  evisceradas  descabeçadas  descamadas 
municipal,sardinha,2020,Serra,4.406,lata,unitario,SARDINHA EM CONSERVA AO MOLHO DE TOMATE - preparada com sardinha frescas  limpas  evisceradas  descabeçadas  descamadas 
municipal,carne_bovina,2020,Serra,38.22,kg,descricao,CARNE BOVINA TRASEIRA SALGADA - pacote de 1kg. Embalagem plástica com registro no m.a (s.i.f.) selo de inspeção federal 
municipal,carne_bovina,2020,Serra,38.22,kg,descricao,CARNE BOVINA TRASEIRA SALGADA - pacote de 1kg. Embalagem plástica com registro no m.a (s.i.f.) selo de inspeção federal 
municipal,linguica,2020,Serra,35.3333,kg,descricao,LINGUIÇA CALABREZA FINA - de ótima qualidade  acondicionado em embalagem de 240g  com registro no (sif) selo de inspeção
municipal,linguica,2020,Serra,35.3333,kg,descricao,LINGUIÇA CALABREZA FINA - de ótima qualidade  acondicionado em embalagem de 240g  com registro no (sif) selo de inspeção
municipal,salbutamol,2020,Serra,1.545,unidade,unitario,SALBUTAMOL SULFATO SOLUCAO INJETAVEL 0 5MG/ML AMPOLA 1ML 
municipal,furosemida,2020,Serra,0.5499,unidade,unitario,FUROSEMIDA SOLUCAO INJETAVEL 10MG/ML AMPOLA 2ML
municipal,carne_bovina,2020,Serra,42.63,kg,unidade_declarada,Carne bovina  alcatra  bife  sem gordura e/ou nervo  espessura aprox. 0 5 cm. 
municipal,carne_bovina,2020,Serra,31.63,kg,unidade_declarada,Carne Bovina - patinho - moído  sem gordura e/ ou nervo 
municipal,frango,2020,Serra,25.83,kg,unidade_declarada,LINGUIÇA DE FRANGO
municipal,linguica,2020,Serra,23.1633,kg,unidade_declarada,LINGUIÇA CALABRESA FINA DEFUMADA
municipal,carne_bovina,2020,Serra,28.93,kg,unidade_declarada,CARNE BOVINA MÚSCULO EM CUBOS SEM GORDURA E/OU NERVO;            
municipal,frango,2020,Serra,17.63,kg,unidade_declarada,PEITO DE FRANGO SEM OSSO E SEM PELE.
municipal,frango,2020,Serra,14.1633,kg,unidade_declarada,COXA E SOBRECOXA DE FRANGO  SEM GELO E SEM PELE.
municipal,clonazepam,2020,Serra,1.865,unidade,unitario,CLONAZEPAM 2 5MG/ML SOLUCAO ORAL GOTAS FRASCO 20ML
municipal,clonazepam,2020,Serra,0.069,unidade,unitario,CLONAZEPAM COMPRIMIDO 2MG                                   
municipal,carbamazepina,2020,Serra,0.1096,unidade,unitario,CARBAMAZEPINA COMPRIMIDO 200MG         
municipal,amitriptilina,2020,Serra,0.0603,unidade,unitario,AMITRIPTILINA CLORIDRATO COMPRIMIDO 25MG 
municipal,cefalexina,2020,Serra,7.4167,unidade,unitario,CEFALEXINA SODICA PO PARA SUSP ORAL 50MG/ML FRASCO MINIMO 60ML  (250ML/5ML) COM COPO DOSADOR GRADUADO 
municipal,azitromicina,2020,Serra,2.0346,unidade,unitario,AZITROMICINA COMPRIMIDO REVESTIDO 500MG
municipal,azitromicina,2020,Serra,6.3768,unidade,unitario,AZITROMICINA PO PARA SUSPENSAO ORAL 40 MG/ML FRASCO PARA VOLUME APÓS A RECONSTITUIÇÃO 15ML COM COPO DOSADOR GRADUADO
municipal,furosemida,2020,Serra,0.0621,unidade,unitario,FUROSEMIDA COMPRIMIDO 40MG
municipal,metronidazol,2020,Serra,4.11,unidade,unitario,METRONIDAZOL SOL INJ 5MG/ML EMBALAGEM CAPACIDADE PARA 100ML
municipal,omeprazol,2020,Serra,8.67,unidade,unitario,OMEPRAZOL SODICO 40MG PO PARA SOLUCAO INJETAVEL 
municipal,levotiroxina,2020,Serra,0.1015,unidade,unitario,LEVOTIROXINA SODICA COMPRIMIDO SULCADO 25MCG 
municipal,levotiroxina,2020,Serra,0.105,unidade,unitario,LEVOTIROXINA SODICA COMPRIMIDO SULCADO 50MCG 
municipal,cefalexina,2020,Serra,0.2518,unidade,unitario,CEFALEXINA SODICA COMPRIMIDO OU CAPSULA 500MG 
municipal,luva_procedimento,2020,Serra,48.3,caixa_100,unitario,LUVA DE LATEX NAO ESTERIL PARA PROCEDIMENTOS TAMANHO M  LEVEMENTE TALCADA  ANATOMICA  TEXTURA HOMOGENEA  ALTA SENSIBILID
municipal,luva_procedimento,2020,Serra,48.3,caixa_100,unitario,LUVA DE LATEX NAO ESTERIL PARA PROCEDIMENTOS TAMANHO EP  LEVEMENTE TALCADA  ANATOMICA  TEXTURA HOMOGENEA  ALTA SENSIBILI
municipal,luva_procedimento,2020,Serra,48.3,caixa_100,unitario,LUVA DE LATEX NAO ESTERIL PARA PROCEDIMENTOS TAMANHO G LEVEMENTE TALCADA  ANATOMICA  TEXTURA HOMOGENEA  ALTA SENSIBILIDA
municipal,luva_procedimento,2020,Serra,48.3,caixa_100,unitario,LUVA DE LATEX NAO ESTERIL PARA PROCEDIMENTOS TAMANHO P  LEVEMENTE TALCADA  ANATOMICA  TEXTURA HOMOGENEA  ALTA SENSIBILID
municipal,aas,2020,Serra,0.0296,unidade,unitario,ACIDO ACETILSALICILICO COMPRIMIDO 100MG 
municipal,metronidazol,2020,Serra,5.3147,unidade,unitario,METRONIDAZOL CREME VAGINAL 100MG/G BISNAGA 50G  METRONIDAZOL 100MG/G GEL VAGINAL TUBO 50G; COM 10 APLICADORES PARA USO I
municipal,metronidazol,2020,Serra,0.475,unidade,unitario,METRONIDAZOL COMPRIMIDO 400MG   
municipal,anlodipino,2020,Serra,0.0367,unidade,unitario,ANLODIPINO BESILATO COMPRIMIDO 5 MG
municipal,metronidazol,2020,Serra,0.1313,unidade,unitario,METRONIDAZOL COMPRIMIDO 250MG 
municipal,salbutamol,2020,Serra,8.6592,unidade,unitario,SALBUTAMOL SULFATO AEROSSOL 100MCG/DOSE (SPRAY BUCAL) FRASCO  FRASCO COM MINIMO 120 DOSES
municipal,ciprofloxacino,2020,Serra,0.2139,unidade,unitario,CIPROFLOXACINO CLORIDRATO COMPRIMIDO 500MG 
municipal,paracetamol,2020,Serra,0.0561,unidade,unitario,PARACETAMOL COMPRIMIDO 500MG       
municipal,abacaxi,2020,Serra,4.1233,unidade,unitario,FLUOR TOPICO  EM FORMA DE GEL DE FLUOR FOSFATO ACIDULADO PARA APLICAÇAO TOPICA INDICADO PARA O TEMPO DE 01 MINUTO ESPECI
municipal,glibenclamida,2020,Serra,0.0252,unidade,unitario,GLIBENCLAMIDA COMPRIMIDO 5MG
municipal,metformina,2020,Serra,0.0943,unidade,unitario,METFORMINA CLORIDRATO COMPRIMIDO REVESTIDO 500MG 
municipal,metformina,2020,Serra,0.0978,unidade,unitario,METFORMINA CLORIDRATO COMPRIMIDO REVESTIDO 850MG
municipal,sinvastatina,2020,Serra,0.1483,unidade,unitario,SINVASTATINA COMPRIMIDO 40 MG 
municipal,sinvastatina,2020,Serra,0.073,unidade,unitario,SINVASTATINA COMPRIMIDO 20MG         
municipal,achocolatado,2020,Serra,12.475,kg,descricao,Achocolatado em pó - pct com 400g 
municipal,achocolatado,2020,Serra,12.475,kg,descricao,Achocolatado em pó - pct com 400g 
municipal,biscoito,2020,Serra,14.0,kg,descricao,Biscoito amanteigado - banana c/ canela - 400g 
municipal,biscoito,2020,Serra,14.0,kg,descricao,Biscoito amanteigado - banana c/ canela - 400g 
municipal,biscoito,2020,Serra,13.875,kg,descricao,Biscoito amanteigado - sabor coco - 400g 
municipal,biscoito,2020,Serra,13.875,kg,descricao,Biscoito amanteigado - sabor coco - 400g 
municipal,biscoito,2020,Serra,13.875,kg,descricao,Biscoito amanteigado - sabor leite - 400g 
municipal,biscoito,2020,Serra,13.875,kg,descricao,Biscoito amanteigado - sabor leite - 400g 
municipal,biscoito,2020,Serra,16.3,kg,descricao,Biscoito maisena - pct com 200g 
municipal,biscoito,2020,Serra,16.3,kg,descricao,Biscoito maisena - pct com 200g 
municipal,biscoito,2020,Serra,8.95,kg,heuristica,Biscoito salgado - tipo salpet - pct com 200G;                         
municipal,biscoito,2020,Serra,8.95,kg,heuristica,Biscoito salgado - tipo salpet - pct com 200G;                         
municipal,biscoito,2020,Serra,11.3,kg,descricao,Biscoito salgado - tipo cream craker - pct com 200g 
municipal,biscoito,2020,Serra,11.3,kg,descricao,Biscoito salgado - tipo cream craker - pct com 200g 
municipal,biscoito,2020,Serra,17.5,kg,descricao,Biscoito recheado - sabor morango - pct com 200g 
municipal,biscoito,2020,Serra,17.5,kg,descricao,Biscoito recheado - sabor morango - pct com 200g 
municipal,biscoito,2020,Serra,17.5,kg,descricao,Biscoito recheado - sabor chocolate - pct com 200g 
municipal,biscoito,2020,Serra,17.5,kg,descricao,Biscoito recheado - sabor chocolate - pct com 200g 
municipal,acucar,2020,Serra,2.0,kg,descricao,AÇÚCAR  CRISTAL - PCT COM 5KG          
municipal,acucar,2020,Serra,2.0,kg,descricao,AÇÚCAR  CRISTAL - PCT COM 5KG          
municipal,leite_integral,2020,Serra,3.92,litro,descricao,Leite integral - caixa com 1 litro 
municipal,leite_integral,2020,Serra,3.92,litro,descricao,Leite integral - caixa com 1 litro 
municipal,cafe,2020,Serra,17.2,kg,descricao,Café em pó - pct com 250g 
municipal,cafe,2020,Serra,17.2,kg,descricao,Café em pó - pct com 250g 
municipal,creme_leite,2020,Serra,10.1266,kg,descricao,Creme de leite - lata com 395g 
municipal,creme_leite,2020,Serra,10.1266,kg,descricao,Creme de leite - lata com 395g 
municipal,fuba,2020,Serra,8.975,kg,descricao,Massa pronta para bolo - sabor fubá - 400g 
municipal,fuba,2020,Serra,8.975,kg,descricao,Massa pronta para bolo - sabor fubá - 400g 
municipal,macarrao,2020,Serra,5.94,kg,descricao,Macarrão parafuso - pct 500g 
municipal,macarrao,2020,Serra,5.94,kg,descricao,Macarrão parafuso - pct 500g 
municipal,macarrao,2020,Serra,5.9,kg,descricao,Macarrão espaguete - pct 500g 
municipal,macarrao,2020,Serra,5.9,kg,descricao,Macarrão espaguete - pct 500g 
municipal,leite_condensado,2020,Serra,14.1772,kg,descricao,Leite condensado - lata de 395g 
municipal,leite_condensado,2020,Serra,14.1772,kg,descricao,Leite condensado - lata de 395g 
municipal,milho_verde,2020,Serra,13.25,kg,descricao,Milho verde em conserva - lata com 200g 
municipal,milho_verde,2020,Serra,13.25,kg,descricao,Milho verde em conserva - lata com 200g 
municipal,oleo_soja,2020,Serra,5.2609,litro,descricao,Óleo de soja refinado - embalagem com 920ml 
municipal,oleo_soja,2020,Serra,5.2609,litro,descricao,Óleo de soja refinado - embalagem com 920ml 
municipal,rosquinha,2020,Serra,15.2,kg,descricao,Rosquinha de chocolate 500g 
municipal,rosquinha,2020,Serra,15.2,kg,descricao,Rosquinha de chocolate 500g 
municipal,suco,2020,Serra,4.24,litro,descricao,Suco - 1 litro -  sabor manga 
municipal,suco,2020,Serra,4.24,litro,descricao,Suco - 1 litro -  sabor manga 
municipal,feijao,2020,Serra,6.98,kg,descricao,Feijão preto - tipo 1 - 1kg 
municipal,feijao,2020,Serra,6.98,kg,descricao,Feijão preto - tipo 1 - 1kg 
municipal,vinagre,2020,Serra,2.49,litro,descricao,Vinagre - 1 litro 
municipal,vinagre,2020,Serra,2.49,litro,descricao,Vinagre - 1 litro 
municipal,canjica,2020,Serra,5.78,kg,descricao,Milho de canjica - grãos grandes - branco - limpo - pct com 500g 
municipal,canjica,2020,Serra,5.78,kg,descricao,Milho de canjica - grãos grandes - branco - limpo - pct com 500g 
municipal,farinha_trigo,2020,Serra,3.65,kg,descricao,Farinha de trigo - pct 1kg 
municipal,farinha_trigo,2020,Serra,3.65,kg,descricao,Farinha de trigo - pct 1kg 
municipal,margarina,2020,Serra,11.98,kg,heuristica,Margarina com sal - pote com 500g. 
municipal,margarina,2020,Serra,11.98,kg,heuristica,Margarina com sal - pote com 500g. 
municipal,sal,2020,Serra,1.0,kg,descricao,Sal refinado - pct 1kg                                             
municipal,sal,2020,Serra,1.0,kg,descricao,Sal refinado - pct 1kg                                             
municipal,biscoito,2020,Serra,18.0,kg,descricao,BISCOITO RECHEADO SABOR DOCE DE LEITE PCT 200GRS;         
municipal,biscoito,2020,Serra,18.0,kg,descricao,BISCOITO RECHEADO SABOR DOCE DE LEITE PCT 200GRS;         
municipal,rosquinha,2020,Serra,6.84,kg,heuristica,Rosquinha de coco 500gr. 
municipal,rosquinha,2020,Serra,6.84,kg,heuristica,Rosquinha de coco 500gr. 
municipal,suco,2020,Serra,4.24,litro,descricao,Suco - 1 litro - sabor caju 
municipal,suco,2020,Serra,4.24,litro,descricao,Suco - 1 litro - sabor caju 
municipal,feijao,2020,Serra,7.35,kg,descricao,FEIJÃO CARIOCA - tipo 1 - 1kg                                           
municipal,feijao,2020,Serra,7.35,kg,descricao,FEIJÃO CARIOCA - tipo 1 - 1kg                                           
municipal,suco,2020,Serra,4.24,litro,descricao,Suco - 1 litro - sabor maracujá 
municipal,suco,2020,Serra,4.24,litro,descricao,Suco - 1 litro - sabor maracujá 
municipal,amido_milho,2020,Serra,14.0,kg,descricao,AMIDO DE MILHO cx com 500g 
municipal,amido_milho,2020,Serra,14.0,kg,descricao,AMIDO DE MILHO cx com 500g 
municipal,suco,2020,Serra,4.24,litro,descricao,Suco - 1 litro - sabor goiaba 
municipal,suco,2020,Serra,4.24,litro,descricao,Suco - 1 litro - sabor goiaba 
municipal,suco,2020,Serra,4.24,litro,descricao,Suco - 1 litro - sabor acerola 
municipal,suco,2020,Serra,4.24,litro,descricao,Suco - 1 litro - sabor acerola 
municipal,seringa,2020,Serra,1.3867,unidade,unitario,ACIDO FOSFORICO A 37% PARA CONDICIONAMENTO DE ESMALTE E DENTINA  GEL  Indicado para promover adesão mecanica em processo
municipal,caneta_esferografica,2020,Serra,0.5998,unidade,unitario,PULSEIRA PARA IDENTIFICACAO HOSPITALAR TAMANHO ADULTO    COM FIXAÇAO POR BOTAO DE PRESSAO QUE PERMITE O USO DE CANETA ES
municipal,caneta_esferografica,2020,Serra,1.1522,unidade,unitario,PULSEIRA DE IDENTIFICACAO MAE / FILHO NUMERADAS  PERMITE O USO DE CANETA ESFEROGRAFICA  EM PLASTICO MACIO E RESISTENTE  
municipal,gaze,2020,Serra,0.4775,unidade,unitario,COMPRESSA DE GAZE HIDRÓFILA ESTERIL 7 5 CM X 7 5 CM  13 FIOS POR CM2  DE ALGODÃO PURIFICADO  5 DOBRAS  8 CAMADAS  COR BR
municipal,impressora,2020,Serra,1500.0,unidade,unitario,IMPRESSORA LASER OU LED MONOCROMÁTICA - A4 ?	Velocidade de impressão mínima de 20 ppm; ?	Resolução mínima de impressão 6
municipal,impressora,2020,Serra,1500.0,unidade,unitario,IMPRESSORA LASER OU LED MONOCROMÁTICA - A4 ?	Velocidade de impressão mínima de 20 ppm; ?	Resolução mínima de impressão 6
municipal,cola_branca,2020,Serra,0.65,unidade,unitario,COLA BRANCA 40GR: atóxica  bastante espessa  de alta qualidade  embalagem de 40gr  tipo Tenaz ou similar a melhor  cx. c
municipal,cola_branca,2020,Serra,0.65,unidade,unitario,COLA BRANCA 40GR: atóxica  bastante espessa  de alta qualidade  embalagem de 40gr  tipo Tenaz ou similar a melhor  cx. c
municipal,cola_branca,2020,Serra,0.65,unidade,unitario,COLA BRANCA 40GR: atóxica  bastante espessa  de alta qualidade  embalagem de 40gr  tipo Tenaz ou similar a melhor  cx. c
municipal,cola_branca,2020,Serra,0.65,unidade,unitario,COLA BRANCA 40GR: atóxica  bastante espessa  de alta qualidade  embalagem de 40gr  tipo Tenaz ou similar a melhor  cx. c
municipal,cola_branca,2020,Serra,0.65,unidade,unitario,COLA BRANCA 40GR: atóxica  bastante espessa  de alta qualidade  embalagem de 40gr  tipo Tenaz ou similar a melhor  cx. c
municipal,cola_branca,2020,Serra,0.65,unidade,unitario,COLA BRANCA 40GR: atóxica  bastante espessa  de alta qualidade  embalagem de 40gr  tipo Tenaz ou similar a melhor  cx. c
municipal,grampeador,2020,Serra,12.82,unidade,unitario,GRAMPEADOR DE METAL PINTADO  MÉDIO  26/6: CHAPA DE AÇO SAE-1010  Base [material]: PLÁSTICO ;POLIETILENO  Pintura [Tipo]:
municipal,grampeador,2020,Serra,12.82,unidade,unitario,GRAMPEADOR DE METAL PINTADO  MÉDIO  26/6: CHAPA DE AÇO SAE-1010  Base [material]: PLÁSTICO ;POLIETILENO  Pintura [Tipo]:
municipal,grampeador,2020,Serra,12.82,unidade,unitario,GRAMPEADOR DE METAL PINTADO  MÉDIO  26/6: CHAPA DE AÇO SAE-1010  Base [material]: PLÁSTICO ;POLIETILENO  Pintura [Tipo]:
municipal,grampeador,2020,Serra,12.82,unidade,unitario,GRAMPEADOR DE METAL PINTADO  MÉDIO  26/6: CHAPA DE AÇO SAE-1010  Base [material]: PLÁSTICO ;POLIETILENO  Pintura [Tipo]:
municipal,grampeador,2020,Serra,12.82,unidade,unitario,GRAMPEADOR DE METAL PINTADO  MÉDIO  26/6: CHAPA DE AÇO SAE-1010  Base [material]: PLÁSTICO ;POLIETILENO  Pintura [Tipo]:
municipal,grampeador,2020,Serra,12.82,unidade,unitario,GRAMPEADOR DE METAL PINTADO  MÉDIO  26/6: CHAPA DE AÇO SAE-1010  Base [material]: PLÁSTICO ;POLIETILENO  Pintura [Tipo]:
municipal,caneta_esferografica,2020,Serra,0.5446,unidade,unitario,CANETA ESFEROGRÁFICA  SEXTAVADA  PRETA: Esferográfica  material: Plástico transparente  poliestireno cristal. Cor[es]: p
municipal,caneta_esferografica,2020,Serra,0.5446,unidade,unitario,CANETA ESFEROGRÁFICA  SEXTAVADA  PRETA: Esferográfica  material: Plástico transparente  poliestireno cristal. Cor[es]: p
municipal,caneta_esferografica,2020,Serra,0.5446,unidade,unitario,CANETA ESFEROGRÁFICA  SEXTAVADA  PRETA: Esferográfica  material: Plástico transparente  poliestireno cristal. Cor[es]: p
municipal,caneta_esferografica,2020,Serra,0.5446,unidade,unitario,CANETA ESFEROGRÁFICA  SEXTAVADA  PRETA: Esferográfica  material: Plástico transparente  poliestireno cristal. Cor[es]: p
municipal,caneta_esferografica,2020,Serra,0.5446,unidade,unitario,CANETA ESFEROGRÁFICA  SEXTAVADA  PRETA: Esferográfica  material: Plástico transparente  poliestireno cristal. Cor[es]: p
municipal,caneta_esferografica,2020,Serra,0.5446,unidade,unitario,CANETA ESFEROGRÁFICA  SEXTAVADA  PRETA: Esferográfica  material: Plástico transparente  poliestireno cristal. Cor[es]: p
municipal,caneta_esferografica,2020,Serra,0.5446,unidade,unitario,CANETA ESFEROGRÁFICA  SEXTAVADA  AZUL; Esferográfica  material: Plástico transparente  poliestireno cristal. Cor[es]: pr
municipal,caneta_esferografica,2020,Serra,0.5446,unidade,unitario,CANETA ESFEROGRÁFICA  SEXTAVADA  AZUL; Esferográfica  material: Plástico transparente  poliestireno cristal. Cor[es]: pr
municipal,caneta_esferografica,2020,Serra,0.5446,unidade,unitario,CANETA ESFEROGRÁFICA  SEXTAVADA  AZUL; Esferográfica  material: Plástico transparente  poliestireno cristal. Cor[es]: pr
municipal,caneta_esferografica,2020,Serra,0.5446,unidade,unitario,CANETA ESFEROGRÁFICA  SEXTAVADA  AZUL; Esferográfica  material: Plástico transparente  poliestireno cristal. Cor[es]: pr
municipal,caneta_esferografica,2020,Serra,0.5446,unidade,unitario,CANETA ESFEROGRÁFICA  SEXTAVADA  AZUL; Esferográfica  material: Plástico transparente  poliestireno cristal. Cor[es]: pr
municipal,caneta_esferografica,2020,Serra,0.5446,unidade,unitario,CANETA ESFEROGRÁFICA  SEXTAVADA  AZUL; Esferográfica  material: Plástico transparente  poliestireno cristal. Cor[es]: pr
municipal,monitor,2020,Serra,2190.0,unidade,unitario,MONITOR DE VIDEO/TV O monitor deve ser de LED  com tamanho mínimo de 42 diagonal nominal;  O monitor deve possuir pro
municipal,monitor,2020,Serra,2890.0,unidade,unitario,SUPORTE MÓVEL PARA MONITOR DE VIDEO/TV 	Suporte com bandeja e rodas para o conjunto de 1 (uma) monitor de vídeo/TV. 	S
municipal,notebook,2020,Serra,4995.0,unidade,unitario,SERVIÇO PARA MONTAGEM  INTERLIGAÇÃO E CONFIGURAÇÃO DOS PAINÉIS GRÁFICOS VIDEO WALL Serviço de instalação dos suportes p
municipal,diazepam,2020,Serra,0.5569,unidade,unitario,DIAZEPAM SOLUCAO INJETAVEL 5MG/ML AMPOLA 2ML 
municipal,bebedouro,2020,Serra,2183.39,unidade,unitario,Bebedouro do tipo gabinete em aço inox 430 com película de proteção sem emendas. Capacidade: 200 litros. Reservatório em
municipal,pendrive,2020,Serra,39.545,unidade,unitario,PEN DRIVE Especificação Mínima: Capacidade de 32GB USB 3.0 Compatibilidade com Windows 10 e Linux Garantia de 1 ano 
municipal,apontador,2020,Serra,0.82,unidade,unitario,APONTADOR COM DEPÓSITO  - Apontador para lápis com deposito transparente incolor  confeccionado em material termoplástic
municipal,borracha_escolar,2020,Serra,0.44,unidade,unitario,BORRACHA BRANCA Nº 20 -  Borracha branca para apagar lápis  macia  flexível Capaz de apagar totalmente a escrita com fac
municipal,caderno,2020,Serra,9.33,unidade,unitario,CADERNO UNIVERSITÁRIO 200 FOLHAS - Miolo contendo no mínimo 27 pautas com margem. medida mínima de 200 x 275mm  capa e c
municipal,caneta_esferografica,2020,Serra,0.54,unidade,unitario,CANETA ESFEROGRÁFICA PRETA - Ponta média 1 0 corpo sextavado transparente incolor contendo respiro  confeccionado em res
municipal,caneta_esferografica,2020,Serra,0.54,unidade,unitario,CANETA ESFEROGRÁFICA VERMELHA - Ponta média 1 0 corpo sextavado transparente incolor contendo respiro  confeccionado em 
municipal,cola_branca,2020,Serra,2.22,unidade,unitario,COLA BRANCA 90G - Cola branca 90gr para uso escolar  contendo bico dosador econômico com espátula e batoque interno anti
municipal,lapis,2020,Serra,0.39,unidade,unitario,LÁPIS GRAFITE COM BORRACHA  -   Lápis grafite Nº 02  formato cilíndrico ou sextavado  apontado  com borracha  confeccion
municipal,tesoura,2020,Serra,2.24,unidade,unitario,TESOURA ESCOLAR 13CM - cabo confeccionado 100% polipropileno contendo mecanismo de segurança para travamento e lâmina de
municipal,giz_cera,2020,Serra,4.31,caixa,unitario,GIZ DE CERA. CAIXA COM 12 - CORES VARIADAS. 
municipal,salbutamol,2020,Serra,6.6595,unidade,unitario,SALBUTAMOL SULFATO AEROSSOL 100MCG/DOSE (SPRAY BUCAL) FRASCO  FRASCO COM MINIMO 120 DOSES
municipal,fluoxetina,2020,Serra,0.072,unidade,unitario,FLUOXETINA CAPSULA 20MG. (OBEDECENDO A LEI 123 E SUAS ALTERAÇÕES). 
municipal,anlodipino,2020,Serra,0.0344,unidade,unitario,ANLODIPINO BESILATO COMPRIMIDO 5 MG
municipal,arroz,2020,Serra,12.724,kg,descricao,CESTA BÁSICA: Contendo:   - 05 kg de arroz tipo 1;    - 02 kg de açúcar cristal de 1ª qualidade; - 01kg de farinha de ma
municipal,arroz,2020,Serra,12.724,kg,descricao,CESTA BÁSICA: Contendo:   - 05 kg de arroz tipo 1;    - 02 kg de açúcar cristal de 1ª qualidade; - 01kg de farinha de ma
municipal,arroz,2020,Serra,12.724,kg,descricao,CESTA BÁSICA: Contendo:   - 05 kg de arroz tipo 1;    - 02 kg de açúcar cristal de 1ª qualidade; - 01kg de farinha de ma
municipal,arroz,2020,Serra,12.724,kg,descricao,CESTA BÁSICA: Contendo:   - 05 kg de arroz tipo 1;    - 02 kg de açúcar cristal de 1ª qualidade; - 01kg de farinha de ma
municipal,arroz,2020,Serra,12.724,kg,descricao,CESTA BÁSICA: Contendo:   - 05 kg de arroz tipo 1;    - 02 kg de açúcar cristal de 1ª qualidade; - 01kg de farinha de ma
municipal,arroz,2020,Serra,12.724,kg,descricao,CESTA BÁSICA: Contendo:   - 05 kg de arroz tipo 1;    - 02 kg de açúcar cristal de 1ª qualidade; - 01kg de farinha de ma
municipal,risperidona,2020,Serra,7.2311,unidade,unitario,RISPERIDONA 1MG/ML SOLUCAO ORAL GOTAS FRASCO MÍNIMO 30ML COM SERINGA DOSADORA
municipal,pendrive,2020,Serra,48.25,unidade,unitario,PEN DRIVE Especificação Mínima: Capacidade de 32GB USB 3.0 Compatibilidade com Windows 10 e Linux Garantia de 1 ano 
municipal,risperidona,2020,Serra,0.2433,unidade,unitario,RISPERIDONA  COMPRIMIDO 1 MG
municipal,hidroclorotiazida,2020,Serra,0.0373,unidade,unitario,HIDROCLOROTIAZIDA COMPRIMIDO 25MG 
municipal,enalapril,2020,Serra,0.0684,unidade,unitario,ENALAPRIL  MALEATO 20 MG COMPRIMIDO
municipal,atenolol,2020,Serra,0.0557,unidade,unitario,ATENOLOL COMPRIMIDO 50MG
municipal,ibuprofeno,2020,Serra,1.0,unidade,unitario,IBUPROFENO SOLUCAO ORAL GOTAS 50MG/ML FRASCO 30ML 
municipal,haloperidol,2020,Serra,0.1809,unidade,unitario,HALOPERIDOL COMPRIMIDO 1MG
municipal,sertralina,2020,Serra,0.2109,unidade,unitario,SERTRALINA CLORIDRATO COMPRIMIDO 50MG.  
municipal,metformina,2020,Serra,0.0831,unidade,unitario,METFORMINA CLORIDRATO COMPRIMIDO REVESTIDO 500MG 
municipal,haloperidol,2020,Serra,0.2296,unidade,unitario,HALOPERIDOL COMPRIMIDO 5MG         
municipal,fenobarbital,2020,Serra,0.1861,unidade,unitario,FENOBARBITAL COMPRIMIDO 100MG 
municipal,fenobarbital,2020,Serra,1.742,unidade,unitario,FENOBARBITAL SODICO SOLUCAO INJETAVEL 100MG/ML AMPOLA 2ML 
municipal,fenobarbital,2020,Serra,4.8699,unidade,unitario,FENOBARBITAL 40 MG/ML (4%) SOLUCAO ORAL GOTAS  FRASCO 20ML  
municipal,agulha_descartavel,2020,Serra,0.4442,unidade,unitario,AGULHA DESCARTÁVEL PARA INJEÇÃO  TIPO AGULHA HIPODERMICA ESTERIL 20 X 5 5  MATERIAL CORPO: EM AÇO INOXIDÁVEL SILICONIZAD
municipal,amoxicilina,2020,Serra,1.3686,unidade,unitario,AMOXICILINA 500 MG + CLAVULANATO DE POTASSIO 125MG COMPRIMIDO REVESTIDO.
municipal,amoxicilina,2020,Serra,4.3733,unidade,unitario,AMOXICILINA PO PARA SUSP ORAL 50 MG/ML FRASCO COM NO MÍNIMO 60 ML COM COPO DOSADOR GRADUADO 
municipal,amoxicilina,2020,Serra,13.3702,unidade,unitario,AMOXICILINA + CLAVULANATO PO PARA SUSP ORAL 50 MG/ML  + 12 5 MG/ML  FRASCO MINIMO COM 75 ML  COM COPO/COLHER DOSADOR GRA
municipal,prednisona,2020,Serra,0.2031,unidade,unitario,PREDNISONA COMPRIMIDO 20MG 
municipal,amoxicilina,2020,Serra,0.2223,unidade,unitario,AMOXICILINA COMPRIMIDO OU CAPSULA 500 MG
municipal,prednisona,2020,Serra,0.124,unidade,unitario,PREDNISONA COMPRIMIDO 5MG
municipal,sinvastatina,2020,Serra,0.0537,unidade,unitario,SINVASTATINA COMPRIMIDO 20MG         
municipal,omeprazol,2020,Serra,0.0899,unidade,unitario,OMEPRAZOL CAPSULA 20MG   
municipal,salbutamol,2020,Serra,7.119,unidade,unitario,SALBUTAMOL SULFATO AEROSSOL 100MCG/DOSE (SPRAY BUCAL) FRASCO  FRASCO COM MINIMO 120 DOSES
municipal,agulha_descartavel,2020,Serra,0.3205,unidade,unitario,AGULHA DESCARTAVEL PARA INJECAO 30 x 8                      Agulha descartável para injeção  tipo agulha: hipodérmica  t
municipal,agulha_descartavel,2020,Serra,0.3324,unidade,unitario,AGULHA DESCARTAVEL INJEÇÃO 13 X 4 0 OU 4 5 Agulha descartável para injeção  tipo agulha: hipodérmica  tamanho: 13 x 4 0 
municipal,seringa,2020,Serra,0.2825,unidade,unitario,SERINGA DESCARTAVEL ESTERIL 0 5ML PARA INSULINA Seringa  Tipo: estéril  descartável  Capacidade [ML]: 0 5  Numerada. Car
municipal,seringa,2020,Serra,0.3747,unidade,unitario,SERINGA DESCARTAVEL ESTERIL 20ML Seringa  Tipo: estéril  descartável  Capacidade [ML]: 20   Graduação [ML]: escala em gr
municipal,seringa,2020,Serra,0.1499,unidade,unitario,SERINGA DESCARTÁVEL ESTERIL 1ML SEM AGULHA  SERINGA DE 1ML SEM AGULHA Seringa descartável estéril 1ml sem agulha. Sering
municipal,agulha_descartavel,2020,Serra,0.3205,unidade,unitario,Agulha descartável para injeção  tipo agulha: hipodérmica  tamanho: 25x7  material corpo: em aço inoxidável siliconizado
municipal,seringa,2020,Serra,0.2483,unidade,unitario,SERINGA DESCARTAVEL ESTERIL 10ML Seringa  Tipo: estéril  descartável  Capacidade [ML]: 10   Graduação [ML]: escala em gr
municipal,seringa,2020,Serra,0.1381,unidade,unitario,SERINGA DESCARTAVEL ESTERIL 5ML    Seringa  Tipo: estéril  descartável  Capacidade [ML]: 5   Graduação [ML]: 0 2  Numera
municipal,seringa,2020,Serra,0.2667,unidade,unitario,SERINGA DESCARTAVEL ESTERIL 1ML INSULINA Seringa  Tipo: estéril  descartável  Capacidade [ML]: 1  Numerada.  Característ
municipal,seringa,2020,Serra,0.127,unidade,unitario,SERINGA DESCARTAVEL ESTERIL 3ML  Seringa  Tipo: estéril  descartável  Capacidade [ML]: 3   Graduação [ML]: 0 1  Numerada
municipal,agulha_descartavel,2020,Serra,0.3205,unidade,unitario,Agulha descartável para injeção  tipo agulha: hipodérmica  tamanho: 25x8  material corpo: em aço inoxidável siliconizado
municipal,agulha_descartavel,2020,Serra,0.0649,unidade,unitario,AGULHA DESCARTAVEL PARA INJECAO 40 X 8 OU 12MM Agulha descartável para injeção  tipo agulha: hipodérmica  tamanho: 40 x 
municipal,haloperidol,2020,Serra,0.1996,unidade,unitario,HALOPERIDOL COMPRIMIDO 5MG         
municipal,haloperidol,2020,Serra,0.1267,unidade,unitario,HALOPERIDOL COMPRIMIDO 1MG
municipal,luva_procedimento,2020,Serra,30.3333,caixa_100,unitario,LUVA NITRÍLICA LONGA Luva de segurança confeccionada em borracha nitrílica  com espessura de 0 55 mm  sem revestimento i
municipal,luva_procedimento,2020,Serra,26.9967,caixa_100,unitario,LUVA NITRÍLICA DESCARTÁVEL Luva nitrílica descartável  com amido  ambidestras  hipoalergênica e ótima sensibilidade táti
municipal,luva_procedimento,2020,Serra,26.9967,caixa_100,unitario,LUVA NITRÍLICA DESCARTÁVEL Luva nitrílica descartável  com amido  ambidestras  hipoalergênica e ótima sensibilidade táti
municipal,luva_procedimento,2020,Serra,30.3333,caixa_100,unitario,LUVA NITRÍLICA LONGA  TAMANHO G
municipal,luva_procedimento,2020,Serra,26.9967,caixa_100,unitario,LUVA NITRÍLICA DESCARTÁVEL Luva nitrílica descartável  com amido  ambidestras  hipoalergênica e ótima sensibilidade táti
municipal,luva_procedimento,2020,Serra,30.3333,caixa_100,unitario,LUVA NITRÍLICA LONGA Luva de segurança confeccionada em borracha nitrílica  com espessura de 0 55 mm  sem revestimento i
municipal,dipirona,2020,Serra,0.7281,unidade,unitario,DIPIRONA SODICA SOLUCAO INJETAVEL 500MG/ML AMPOLA 2ML 
municipal,salbutamol,2020,Serra,1.8233,unidade,unitario,SALBUTAMOL SULFATO SOLUCAO INJETAVEL 0 5MG/ML AMPOLA 1ML 
municipal,envelope,2020,Serra,0.804,unidade,unitario,"SAIS PARA REIDRATACAO ORAL PO PARA SOLUCAO ORAL ENV 27 9G   ""CADA ENVELOPE CONTEM: CLORETO DE SODIO---------------------"
municipal,dipirona,2020,Serra,0.1896,unidade,unitario,DIPIRONA SODICA COMPRIMIDO 500MG 
municipal,haloperidol,2020,Serra,1.1049,unidade,unitario,HALOPERIDOL SOLUCAO INJETAVEL 5MG/ML AMPOLA 1ML
municipal,paracetamol,2020,Serra,1.5603,unidade,unitario,PARACETAMOL SOLUCAO ORAL GOTAS 200MG/ML FRASCO 15ML 
municipal,dipirona,2020,Serra,0.6598,unidade,unitario,DIPIRONA SODICA SOLUCAO ORAL GOTAS 500MG/ML FRASCO 10ML 
municipal,diazepam,2020,Serra,0.6085,unidade,unitario,DIAZEPAM SOLUCAO INJETAVEL 5MG/ML AMPOLA 2ML 
municipal,dexametasona,2020,Serra,0.55,unidade,unitario,DEXAMETASONA FOSFATO DISSODICO SOL INJ 4MG/ML FA 2 5ML OU AMPOLA 2 5ML. 
municipal,levotiroxina,2020,Serra,0.0729,unidade,unitario,LEVOTIROXINA SODICA COMPRIMIDO SULCADO 25MCG 
municipal,paracetamol,2020,Serra,0.65,unidade,unitario,PARACETAMOL SOLUCAO ORAL GOTAS 200MG/ML FRASCO 15ML 
municipal,arroz,2020,Serra,1.68,kg,descricao,ARROZ AGULHINHA  classe longo fino tipo 1  isento de mofo  odores estranhos  substâncias nocivas  coloração uniforme e c
municipal,feijao,2020,Serra,5.18,kg,descricao,FEIJÃO CARIOCA TIPO I  de primeira qualidade  in natura  novo  grão inteiros  aspecto brilhoso  liso  isento de matéria 
municipal,farinha_trigo,2020,Serra,4.98,kg,unidade_declarada,MACARRÃO ESPAGUETE  tipo 1  massa de sêmola com ovos  farinha de trigo especial  embalagem original de 500g. rotulagem d
municipal,fuba,2020,Serra,2.14,kg,descricao,FUBÁ DE MILHO  pré-cozido  produzido a partir de grão de milho de primeira qualidade  produto amarelo  de aspecto fino  
municipal,leite_po,2020,Serra,20.7,kg,unidade_declarada,LEITE EM PÓ INTEGRAL INSTANTÂNEO em embalagem original de 400 gramas. Rotulagem de acordo com resolução vigente. Nº do r
municipal,metronidazol,2020,Serra,4.27,unidade,unitario,METRONIDAZOL CREME VAGINAL 100MG/G BISNAGA 50G  METRONIDAZOL 100MG/G GEL VAGINAL TUBO 50G; COM 10 APLICADORES PARA USO I
municipal,amoxicilina,2020,Serra,0.7329,unidade,unitario,AMOXICILINA 500 MG + CLAVULANATO DE POTASSIO 125MG COMPRIMIDO REVESTIDO.
municipal,azitromicina,2020,Serra,6.6024,unidade,unitario,AZITROMICINA PO PARA SUSPENSAO ORAL 40 MG/ML FRASCO PARA VOLUME APÓS A RECONSTITUIÇÃO 15ML COM COPO DOSADOR GRADUADO
municipal,acucar,2020,Serra,3.42,kg,descricao,BEBIDA LÁCTEA SABORES MORANGO E SALADA DE FRUTAS. CARACTERÍSTICAS GERAIS  Produto lácteo resultante da mistura do leite 
municipal,papel_a4,2020,Serra,50.6333,resma,unitario,ETIQUETA TAMANHO REAL 288 5MM X 200MM  ETIQUETA AUTODESIVA EM PAPEL A4 TAMANHO REAL 288 5MM X 200MM. CAIXA APROXIMADAMEN
municipal,pincel_quadro,2020,Serra,1.82,unidade,unitario,PINCEL ATÔMICO (MARCADOR PERMANENTE)  PONTA GROSSA QUADRADA  COR AZUL  com validade de 12 meses. 
municipal,chuchu,2020,Serra,1.3,kg,unidade_declarada,CHUCHU TIPO EXTRA; Graúdo  ou seja  tamanhos uniformes entre 12 e 18 cm de comprimento. Fisiologicamente desenvolvido  b
municipal,suco,2020,Serra,2.65,litro,heuristica,TANGERINA  TIPO POKAN  categoria EXTRA (tolerância máxima de 2% do total da caixa com manchas leves e 0% de defeitos)  c
municipal,suco,2020,Serra,2.65,litro,heuristica,TANGERINA  TIPO POKAN  categoria EXTRA (tolerância máxima de 2% do total da caixa com manchas leves e 0% de defeitos)  c
municipal,suco,2020,Serra,2.65,litro,heuristica,TANGERINA  TIPO POKAN  categoria EXTRA (tolerância máxima de 2% do total da caixa com manchas leves e 0% de defeitos)  c
municipal,banana,2020,Serra,2.65,kg,unidade_declarada,BANANA PRATA  CATEGORIA EXTRA; (máximo de 2% de defeitos leves no total da entrega)  classe 12 (entre 12 e 15 cm de comp
municipal,peixe,2020,Serra,29.92,kg,descricao,FILÉ DE PEIXE  TILÁPIA PEIXE  tipo filé de tilápia  Filé de tilápia congelado  em filé  sem peles e espinhas  limpo  co
municipal,pincel_quadro,2020,Serra,1.82,unidade,unitario,PINCEL ATÔMICO (MARCADOR PERMANENTE)  PONTA GROSSA  COR PRETO  com validade de 12 meses. 
municipal,repolho,2020,Serra,1.8,kg,unidade_declarada,REPOLHO TIPO HÍBRIDO; classificação EXTRA  tamanho e coloração uniformes  folhas tenras e inteiriças. Isentos de defeito
municipal,pilha,2020,Serra,1.31,unidade,unitario,PILHA ALCALINA TAMANHO AAA  PILHA TIPO ALCALINA TAMANHO AAA  voltagem 1 5v. Embalagem mínimo 2 unidades   dentro dos pad
municipal,polpa_fruta,2020,Serra,9.0,kg,descricao,POLPA DE FRUTA PURA NATURAL PASTEURIZADA CONGELADA.  DESCRIÇÃO Polpa 100% de frutas frescas  sãs e maduras  no sabor MAN
municipal,caneta_esferografica,2020,Serra,0.686,unidade,unitario,CANETA ESFEROGRÁFICA  SEXTAVADA  PRETA: Esferográfica  material: Plástico transparente  poliestireno cristal. Cor[es]: p
municipal,cenoura,2020,Serra,2.55,kg,unidade_declarada,CENOURA  categoria EXTRA  classe longa (entre 17 e 25 cm)  isenta ou com limite máximo de 1% de defeitos. Para consumo i
municipal,cenoura,2020,Serra,2.55,kg,unidade_declarada,CENOURA  categoria EXTRA  classe longa (entre 17 e 25 cm)  isenta ou com limite máximo de 1% de defeitos. Para consumo i
municipal,abobora,2020,Serra,2.19,kg,unidade_declarada,ABOBORA TIPO JACARÉ; De elevada qualidade. Fisiologicamente desenvolvida  limpo  apresentando cor  sabor e aroma  caract
municipal,abobora,2020,Serra,2.19,kg,unidade_declarada,ABOBORA TIPO JACARÉ; De elevada qualidade. Fisiologicamente desenvolvida  limpo  apresentando cor  sabor e aroma  caract
municipal,envelope,2020,Serra,0.4146,unidade,unitario,ENVELOPE OFÍCIO  BRANCO  MEDINDO 260 X 360MM:
municipal,pilha,2020,Serra,1.57,unidade,unitario,PILHA ALCALINA AA:  PILHA TIPO ALCALINA TAMANHO AA  voltagem 1 5v. Embalagem mínima com 2 unidades  dentro dos padrões e
municipal,papel_a4,2020,Serra,50.6333,resma,unitario,ETIQUETA 21 2MM X 38 2MM  Etiqueta autodesiva em papel A4  cor branca  retangular tamanho real 21 2 mm x 38 2 mm. INKJET
municipal,cebola,2020,Serra,2.94,kg,unidade_declarada,CEBOLA BRANCA  TIPO EXTRA; BRANCA  TIPO EXTRA  Classe 4  ou seja  tamanhos uniformes com diâmetro transversal do bulbo e
municipal,alface,2020,Serra,4.3,unidade,unitario,ALFACE LISA OU CRESPA VERDE; categoria EXTRA  grau excelente de hidratação e limpeza  livre ou com limite máximo de 1% d
municipal,pasta_arquivo,2020,Serra,1.858,unidade,unitario,PASTA SUSPENSA DE PLÁSTICO MARMORIZADA: Na cor marrom  plastificada tam. OF. 240/m²  suporte com sustentação em aço  ext
municipal,caneta_esferografica,2020,Serra,0.686,unidade,unitario,CANETA ESFEROGRÁFICA SEXTAVADA AZUL: Esferográfica  material: Plástico transparente  poliestireno cristal. Cor[es]: pret
municipal,caneta_esferografica,2020,Serra,0.686,unidade,unitario,CANETA ESFEROGRÁFICA  SEXTAVADA  VERMELHA: Esferográfica  material: Plástico transparente  poliestireno cristal. Cor[es]
municipal,beterraba,2020,Serra,2.59,kg,unidade_declarada,BETERRABA  categoria EXTRA  de primeira qualidade  fresca compacta e firme  isentas de enfermidades e material terroso  
municipal,beterraba,2020,Serra,2.59,kg,unidade_declarada,BETERRABA  categoria EXTRA  de primeira qualidade  fresca compacta e firme  isentas de enfermidades e material terroso  
municipal,pepino,2020,Serra,2.08,kg,unidade_declarada,PEPINO COMUM LONGO; COMUM LONGO  TIPO EXTRA. Tamanhos uniformes de 200 a 250 mm de comprimento e 40mm de diâmetro transv
municipal,polpa_fruta,2020,Serra,7.12,kg,descricao,POLPA DE FRUTA PURA NATURAL PASTEURIZADA CONGELADA.  DESCRIÇÃO Polpa 100% de frutas frescas  sãs e maduras  no sabor GOI
municipal,repolho,2020,Serra,2.16,kg,unidade_declarada,REPOLHO TIPO ROXO; classificação EXTRA  tamanho e coloração uniforme  folhas tenras e inteiriças. Isentos de defeitos me
municipal,requeijao,2020,Serra,18.9,kg,unidade_declarada,REQUEIJÃO CREMOSO; CARACTERÍSTICAS GERAIS Produto obtido pela fusão da massa coalhada  cozida ou não  dessorada e lavada
municipal,alface,2020,Serra,5.59,unidade,unitario,ALFACE LISA OU CRESPA ORGÂNICO; VERDE  categoria EXTRA  excelente grau de hidratação e limpeza (grau quatro)  livre ou c
municipal,apontador,2020,Serra,0.35,unidade,unitario,APONTADOR DE LAPIS MANUAL. Material plástico  modelo 1 furo  formato retangular  cor variadas.
municipal,aipim,2020,Serra,1.7,kg,unidade_declarada,AIPIM; categoria EXTRA  de primeira qualidade  com polpa firme  para consumo imediato ou em escala  no decorrer da mesma
municipal,aipim,2020,Serra,1.7,kg,unidade_declarada,AIPIM; categoria EXTRA  de primeira qualidade  com polpa firme  para consumo imediato ou em escala  no decorrer da mesma
municipal,aipim,2020,Serra,2.21,kg,unidade_declarada,AIPIM ORGÂNICO;   categoria EXTRA  de primeira qualidade  com polpa firme  para consumo imediato ou em escala  no decorr
municipal,aipim,2020,Serra,2.21,kg,unidade_declarada,AIPIM ORGÂNICO;   categoria EXTRA  de primeira qualidade  com polpa firme  para consumo imediato ou em escala  no decorr
municipal,banana,2020,Serra,3.44,kg,unidade_declarada,BANANA PRATA ORGÂNICA; banana pra categoria EXTRA (máximo de 2% de defeitos leves no total da entrega)  classe 12 (entre
municipal,banana,2020,Serra,3.44,kg,unidade_declarada,BANANA PRATA ORGÂNICA; banana pra categoria EXTRA (máximo de 2% de defeitos leves no total da entrega)  classe 12 (entre
municipal,banana,2020,Serra,3.44,kg,unidade_declarada,BANANA PRATA ORGÂNICA; banana pra categoria EXTRA (máximo de 2% de defeitos leves no total da entrega)  classe 12 (entre
municipal,grampeador,2020,Serra,18.335,unidade,unitario,GRAMPEADOR DE METAL PINTADO  MÉDIO  26/6: CHAPA DE AÇO SAE-1010  Base [material]: PLÁSTICO ;POLIETILENO  Pintura [Tipo]:
municipal,polpa_fruta,2020,Serra,9.76,kg,descricao,POLPA DE FRUTA PURA NATURAL PASTEURIZADA CONGELADA.  DESCRIÇÃO Polpa 100% de frutas frescas  sãs e maduras  no sabor ACE
municipal,pilha,2020,Serra,5.1833,unidade,unitario,PILHA ALCALINA TIPO C  PILHA TIPO ALCALINA TAMANHO C  voltagem 1 5v. Embalagem mínima com2 unidades  dentro dos padrões 
municipal,inhame,2020,Serra,3.54,kg,unidade_declarada,INHAME: Tipo dedo  classificação: extra  tamanho e coloração: uniformes  consumo imediato e em escala  no decorrer da se
municipal,inhame,2020,Serra,3.54,kg,unidade_declarada,INHAME: Tipo dedo  classificação: extra  tamanho e coloração: uniformes  consumo imediato e em escala  no decorrer da se
municipal,inhame,2020,Serra,3.54,kg,unidade_declarada,INHAME: Tipo dedo  classificação: extra  tamanho e coloração: uniformes  consumo imediato e em escala  no decorrer da se
municipal,envelope,2020,Serra,0.3263,unidade,unitario,ENVELOPE OFÍCIO  PARDO  MEDINDO 260 X 360MM:
municipal,acucar,2020,Serra,18.37,kg,descricao,BISCOITO DOCE CASEIRO  aproximadamente 05g  tipo sequilhos  no sabor tradicional. Com pouco teor de açúcar  íntegro  com
municipal,acucar,2020,Serra,18.37,kg,descricao,BISCOITO DOCE CASEIRO  aproximadamente 05g  tipo sequilhos  no sabor tradicional. Com pouco teor de açúcar  íntegro  com
municipal,acucar,2020,Serra,18.37,kg,descricao,BISCOITO DOCE CASEIRO  aproximadamente 05g  tipo sequilhos  no sabor tradicional. Com pouco teor de açúcar  íntegro  com
municipal,inhame,2020,Serra,4.6,kg,unidade_declarada,INHAME ORGÂNICO Tipo dedo  categoria EXTRA  tamanho e coloração uniformes  isentos de defeitos mecânicos  teor reduzido 
municipal,fenobarbital,2020,Serra,3.2165,unidade,unitario,FENOBARBITAL 40 MG/ML (4%) SOLUCAO ORAL GOTAS  FRASCO 20ML  
municipal,omeprazol,2020,Serra,0.0733,unidade,unitario,OMEPRAZOL CAPSULA 20MG   
municipal,azitromicina,2020,Serra,1.1692,unidade,unitario,AZITROMICINA COMPRIMIDO REVESTIDO 500MG
municipal,clonazepam,2020,Serra,0.0599,unidade,unitario,CLONAZEPAM COMPRIMIDO 2MG                                   
municipal,ciprofloxacino,2020,Serra,0.2078,unidade,unitario,CIPROFLOXACINO CLORIDRATO COMPRIMIDO 500MG 
municipal,luva_procedimento,2020,Serra,30.7,caixa_100,unitario,LUVA DE LATEX NAO ESTERIL PARA PROCEDIMENTOS TAMANHO EP  LEVEMENTE TALCADA  ANATOMICA  TEXTURA HOMOGENEA  ALTA SENSIBILI
municipal,luva_procedimento,2020,Serra,30.7,caixa_100,unitario,LUVA DE LATEX NAO ESTERIL PARA PROCEDIMENTOS TAMANHO M  LEVEMENTE TALCADA  ANATOMICA  TEXTURA HOMOGENEA  ALTA SENSIBILID
municipal,luva_procedimento,2020,Serra,25.66,caixa_100,unitario,LUVA DE PROCEDIMENTO SEM LATEX E AMIDO. TAMANHO G  LUVA DE PROCEDIMENTO SEM LATEX E AMIDO. TAMANHO G Luva de sem látex  
municipal,luva_procedimento,2020,Serra,25.7,caixa_100,unitario,LUVA DE PROCEDIMENTO SEM LATEX E AMIDO. TAMANHO M Luva de procedimentos sem látex  não estéril  para procedimentos  sem 
municipal,luva_procedimento,2020,Serra,30.7,caixa_100,unitario,LUVA DE LATEX NAO ESTERIL PARA PROCEDIMENTOS TAMANHO P  LEVEMENTE TALCADA  ANATOMICA  TEXTURA HOMOGENEA  ALTA SENSIBILID
municipal,luva_procedimento,2020,Serra,30.7,caixa_100,unitario,LUVA DE LATEX NAO ESTERIL PARA PROCEDIMENTOS TAMANHO G LEVEMENTE TALCADA  ANATOMICA  TEXTURA HOMOGENEA  ALTA SENSIBILIDA
municipal,polpa_fruta,2020,Serra,6.27,kg,descricao,POLPA DE FRUTA NATURAL CONGELADA  sabor: acerola. Pasteurizada  constituída 100% de polpa de fruta. Em embalagem de 01 k
municipal,polpa_fruta,2020,Serra,5.52,kg,descricao,POLPA DE FRUTA NATURAL CONGELADA  sabor: caju. Pasteurizada  constituída 100% de polpa de fruta. Em embalagem de 01 kg  
municipal,polpa_fruta,2020,Serra,6.15,kg,descricao,POLPA DE FRUTA NATURAL CONGELADA  sabor: goiaba. Pasteurizada  constituída 100% de polpa de fruta. Em embalagem de 01 kg
municipal,polpa_fruta,2020,Serra,6.49,kg,descricao,POLPA DE FRUTA NATURAL CONGELADA  sabores: manga. Pasteurizada  constituída 100% de polpa de fruta. Em embalagem de 01 k
municipal,polpa_fruta,2020,Serra,10.78,kg,descricao,POLPA DE FRUTA NATURAL CONGELADA  sabor: morango. Pasteurizada  constituída 100% de polpa de fruta. Em embalagem de 01 k
municipal,polpa_fruta,2020,Serra,10.61,kg,descricao,POLPA DE FRUTA NATURAL CONGELADA  sabor: uva. Pasteurizada  constituída 100% de polpa de fruta. Em embalagem de 01 kg  p
municipal,farinha_mandioca,2020,Serra,3.3,kg,descricao,FARINHA DE MANDIOCA; tipo 1  de primeira qualidade  torrada  seca  fina  classe branca. Devendo ser entregue com peso lí
municipal,feijao,2020,Serra,6.45,kg,descricao,FEIJÃO CARIOQUINHA; tipo 1  de primeira qualidade  limpo  maduro  sem sujidades  seco  de tamanhos e formatos naturais  
municipal,feijao,2020,Serra,5.81,kg,descricao,FEIJÃO PRETO; tipo 1  de primeira qualidade  limpo  maduro  sem sujidades  seco  de tamanho e forma naturais  em embalag
municipal,sal,2020,Serra,1.11,kg,descricao,SAL REFINADO IODADO; tipo 1  extraído de fontes naturais. Devendo ser entregue com peso líquido de 01 kg. em embalagem p
municipal,farinha_mandioca,2020,Serra,3.3,kg,descricao,FARINHA DE MANDIOCA; tipo 1  de primeira qualidade  torrada  seca  fina  classe branca. Devendo ser entregue com peso lí
municipal,feijao,2020,Serra,6.45,kg,descricao,FEIJÃO CARIOQUINHA; tipo 1  de primeira qualidade  limpo  maduro  sem sujidades  seco  de tamanhos e formatos naturais  
municipal,feijao,2020,Serra,5.81,kg,descricao,FEIJÃO PRETO; tipo 1- 1kg 
municipal,sal,2020,Serra,1.11,kg,descricao,SAL REFINADO IODADO; tipo 1  extraído de fontes naturais. Devendo ser entregue com peso líquido de 01 kg. em embalagem p
municipal,azeite,2020,Serra,35.98,litro,descricao,AZEITE DE OLIVA; extra virgem  com acidez máxima de 0 5%  para temperar alimentos; embalagem com 500 ml. Prazo de valida
municipal,oleo_soja,2020,Serra,5.3222,litro,descricao,ÓLEO DE SOJA  de 1ª qualidade  100% natural  embalagem com 900 ml  Rotulagem de acordo com Legislação Vigente e Selo de 
municipal,polpa_fruta,2020,Serra,10.78,kg,descricao,POLPA DE FRUTA NATURAL CONGELADA  sabor: morango. Pasteurizada  constituída 100% de polpa de fruta. Em embalagem de 01 k
municipal,polpa_fruta,2020,Serra,10.61,kg,descricao,POLPA DE FRUTA NATURAL CONGELADA  sabor: uva. Pasteurizada  constituída 100% de polpa de fruta. Em embalagem de 01 kg  p
municipal,polpa_fruta,2020,Serra,6.15,kg,descricao,POLPA DE FRUTA NATURAL CONGELADA  sabor: goiaba. Pasteurizada  constituída 100% de polpa de fruta. Em embalagem de 01 kg
municipal,polpa_fruta,2020,Serra,6.49,kg,descricao,POLPA DE FRUTA NATURAL CONGELADA  sabores: manga. Pasteurizada  constituída 100% de polpa de fruta. Em embalagem de 01 k
municipal,vinagre,2020,Serra,4.32,litro,descricao,VINAGRE  tinto  de 1ª qualidade  a partir de vinho tinto  líquido  límpido e sem depósitos de resíduos  em embalagem ori
municipal,azeite,2020,Serra,35.98,litro,descricao,AZEITE DE OLIVA; extra virgem  com acidez máxima de 0 5%  para temperar alimentos; embalagem com 500 ml. Prazo de valida
municipal,oleo_soja,2020,Serra,5.3222,litro,descricao,ÓLEO DE SOJA  de 1ª qualidade  100% natural  embalagem com 900 ml  Rotulagem de acordo com Legislação Vigente e Selo de 
municipal,vinagre,2020,Serra,3.24,litro,descricao,Vinagre - 1 litro 
municipal,polpa_fruta,2020,Serra,6.27,kg,descricao,POLPA DE FRUTA NATURAL CONGELADA  sabor: acerola. Pasteurizada  constituída 100% de polpa de fruta. Em embalagem de 01 k
municipal,polpa_fruta,2020,Serra,5.52,kg,descricao,POLPA DE FRUTA NATURAL CONGELADA  sabor: caju. Pasteurizada  constituída 100% de polpa de fruta. Em embalagem de 01 kg  
municipal,cefalexina,2020,Serra,0.22,unidade,unitario,CEFALEXINA SODICA COMPRIMIDO OU CAPSULA 500MG  (Obedecendo a Lei 123/2006 e suas alterações) 
municipal,salbutamol,2020,Serra,6.0361,unidade,unitario,SALBUTAMOL SULFATO AEROSSOL 100MCG/DOSE (SPRAY BUCAL) FRASCO  FRASCO COM MINIMO 120 DOSES
municipal,torneira,2021,Serra,66.49,unidade,unitario,"TORNEIRA PRESSÃO CROMADA DIAM. 1/2"" PARA PIA. "
municipal,envelope,2021,Serra,0.4754,unidade,unitario,"SAIS PARA REIDRATACAO ORAL PO PARA SOLUCAO ORAL ENV 27 9G   ""CADA ENVELOPE CONTEM: CLORETO DE SODIO---------------------"
municipal,dexametasona,2021,Serra,1.64,unidade,unitario,DEXAMETASONA FOSFATO DISSODICO SOL INJ 4MG/ML FA 2 5ML OU AMPOLA 2 5ML. 
municipal,enalapril,2021,Serra,0.049,unidade,unitario,ENALAPRIL  MALEATO 20 MG COMPRIMIDO
municipal,paracetamol,2021,Serra,0.9652,unidade,unitario,PARACETAMOL SOLUCAO ORAL GOTAS 200MG/ML FRASCO 15ML 
municipal,azitromicina,2021,Serra,4.84,unidade,unitario,AZITROMICINA PO PARA SUSPENSAO ORAL 40 MG/ML FRASCO PARA VOLUME APÓS A RECONSTITUIÇÃO 15ML COM COPO DOSADOR GRADUADO
municipal,fenobarbital,2021,Serra,1.845,unidade,unitario,FENOBARBITAL SODICO SOLUCAO INJETAVEL 100MG/ML AMPOLA 2ML 
municipal,haloperidol,2021,Serra,1.1049,unidade,unitario,HALOPERIDOL SOLUCAO INJETAVEL 5MG/ML AMPOLA 1ML
municipal,prednisona,2021,Serra,0.1497,unidade,unitario,PREDNISONA COMPRIMIDO 20MG 
municipal,extintor,2021,Serra,40.0,unidade,unitario,RECARGA DE EXTINTOR DE INCÊNDIO DE ÁGUA PRESSURIZADA COM A CAPACIDADE DE 10 LITROS.
municipal,extintor,2021,Serra,60.0,unidade,unitario,RECARGA DE EXTINTOR DE INCENCIO   CAPACIDADE 6kg -conteúdo : CO2       
municipal,extintor,2021,Serra,50.0,unidade,unitario,RECARGA DE EXTINTOR DE INCENDIO CAPACIDADE 4 KG - CO2 
municipal,extintor,2021,Serra,50.0,unidade,unitario,RECARGA DE EXTINTOR DE INCENDIO  CAPACIDADE (Kg): 06  CONTEUDO: PQS - ABC 
municipal,extintor,2021,Serra,45.0,unidade,unitario,RECARGA DE EXTINTOR DE INCENDIO   CAPACIDADE (Kg): 04  CONTEUDO: PQS-ABC 
municipal,clonazepam,2021,Serra,1.5675,unidade,unitario,CLONAZEPAM 2 5MG/ML SOLUCAO ORAL GOTAS FRASCO 20ML
municipal,caneta_esferografica,2021,Serra,0.5377,unidade,unitario,PULSEIRA PARA IDENTIFICACAO HOSPITALAR TAMANHO ADULTO    COM FIXAÇAO POR BOTAO DE PRESSAO QUE PERMITE O USO DE CANETA ES
municipal,caneta_esferografica,2021,Serra,1.2371,unidade,unitario,PULSEIRA DE IDENTIFICACAO MAE / FILHO NUMERADAS  PERMITE O USO DE CANETA ESFEROGRAFICA  EM PLASTICO MACIO E RESISTENTE  
municipal,haloperidol,2021,Serra,0.1267,unidade,unitario,HALOPERIDOL COMPRIMIDO 1MG
municipal,amoxicilina,2021,Serra,0.6378,unidade,unitario,AMOXICILINA 500 MG + CLAVULANATO DE POTASSIO 125MG COMPRIMIDO REVESTIDO.
municipal,alcool,2021,Serra,4.4,litro,descricao,ALCOOL LÍQUIDO 70%. Álcool etílico hidratado  líquido  para limpeza de bancada e desinfecção de utensílios. Devendo esta
municipal,dipirona,2021,Serra,0.781,unidade,unitario,DIPIRONA SODICA SOLUCAO ORAL GOTAS 500MG/ML FRASCO 10ML 
municipal,fenobarbital,2021,Serra,3.4,unidade,unitario,FENOBARBITAL 40 MG/ML (4%) SOLUCAO ORAL GOTAS  FRASCO 20ML  
municipal,salbutamol,2021,Serra,2.1433,unidade,unitario,SALBUTAMOL SULFATO SOLUCAO INJETAVEL 0 5MG/ML AMPOLA 1ML 
municipal,sinvastatina,2021,Serra,0.0537,unidade,unitario,SINVASTATINA COMPRIMIDO 20MG         
municipal,levotiroxina,2021,Serra,0.0541,unidade,unitario,LEVOTIROXINA SODICA COMPRIMIDO SULCADO 50MCG 
municipal,salbutamol,2021,Serra,1.7825,unidade,unitario,SALBUTAMOL SULFATO SOLUCAO INJETAVEL 0 5MG/ML AMPOLA 1ML 
municipal,prednisona,2021,Serra,0.07,unidade,unitario,PREDNISONA COMPRIMIDO 5MG
municipal,dexametasona,2021,Serra,0.905,unidade,unitario,DEXAMETASONA FOSFATO DISSODICO SOL INJ 4MG/ML FA 2 5ML OU AMPOLA 2 5ML. 
municipal,pincel_quadro,2021,Serra,1.95,unidade,unitario,PINCEL ATÔMICO (MARCADOR PERMANENTE)  PONTA GROSSA QUADRADA  COR AZUL  com validade de 12 meses. 
municipal,papel_a4,2021,Serra,43.42,resma,unitario,ETIQUETA TAMANHO REAL 288 5MM X 200MM  ETIQUETA AUTODESIVA EM PAPEL A4 TAMANHO REAL 288 5MM X 200MM. CAIXA APROXIMADAMEN
municipal,pilha,2021,Serra,2.28,unidade,unitario,PILHA ALCALINA TAMANHO AAA  PILHA TIPO ALCALINA TAMANHO AAA  voltagem 1 5v. Embalagem mínimo 2 unidades   dentro dos pad
municipal,caneta_esferografica,2021,Serra,0.69,unidade,unitario,CANETA ESFEROGRÁFICA  SEXTAVADA  PRETA: Esferográfica  material: Plástico transparente  poliestireno cristal. Cor[es]: p
municipal,pincel_quadro,2021,Serra,1.95,unidade,unitario,PINCEL ATÔMICO (MARCADOR PERMANENTE)  PONTA GROSSA  COR PRETO  com validade de 12 meses. 
municipal,apontador,2021,Serra,0.375,unidade,unitario,APONTADOR DE LAPIS MANUAL. Material plástico  modelo 1 furo  formato retangular  cor variadas.
municipal,pasta_arquivo,2021,Serra,1.97,unidade,unitario,PASTA SUSPENSA DE PLÁSTICO MARMORIZADA: Na cor marrom  plastificada tam. OF. 240/m²  suporte com sustentação em aço  ext
municipal,caneta_esferografica,2021,Serra,0.69,unidade,unitario,CANETA ESFEROGRÁFICA SEXTAVADA AZUL: Esferográfica  material: Plástico transparente  poliestireno cristal. Cor[es]: pret
municipal,pilha,2021,Serra,2.0,unidade,unitario,PILHA ALCALINA AA:  PILHA TIPO ALCALINA TAMANHO AA  voltagem 1 5v. Embalagem mínima com 2 unidades  dentro dos padrões e
municipal,papel_a4,2021,Serra,43.6,resma,unitario,ETIQUETA 21 2MM X 38 2MM  Etiqueta autodesiva em papel A4  cor branca  retangular tamanho real 21 2 mm x 38 2 mm. INKJET
municipal,envelope,2021,Serra,0.4067,unidade,unitario,ENVELOPE OFÍCIO  BRANCO  MEDINDO 260 X 360MM:
municipal,pilha,2021,Serra,7.25,unidade,unitario,PILHA ALCALINA TIPO C  PILHA TIPO ALCALINA TAMANHO C  voltagem 1 5v. Embalagem mínima com2 unidades  dentro dos padrões 
municipal,caneta_esferografica,2021,Serra,0.69,unidade,unitario,CANETA ESFEROGRÁFICA  SEXTAVADA  VERMELHA: Esferográfica  material: Plástico transparente  poliestireno cristal. Cor[es]
municipal,envelope,2021,Serra,0.36,unidade,unitario,ENVELOPE OFÍCIO  PARDO  MEDINDO 260 X 360MM:
municipal,grampeador,2021,Serra,18.05,unidade,unitario,GRAMPEADOR DE METAL PINTADO  MÉDIO  26/6: CHAPA DE AÇO SAE-1010  Base [material]: PLÁSTICO ;POLIETILENO  Pintura [Tipo]:
municipal,seringa,2021,Serra,0.5,unidade,unitario, SERINGA 5 ML BICO LUER LOCK Seringa  Tipo: estéril  descartável  Capacidade [ML]: 5   Graduação [ML]: 0 1  Numerada. Ca
municipal,hidroclorotiazida,2021,Serra,0.0167,unidade,unitario,HIDROCLOROTIAZIDA COMPRIMIDO 25MG 
municipal,areia,2021,Serra,90.7,m3,unitario,Areia Lavada Media 
municipal,areia,2021,Serra,90.7,m3,unitario,Areia Lavada Media 
municipal,cimento,2021,Serra,34.56,saco_50kg,unitario,Cimento Portland Cp III- 40 
municipal,cimento,2021,Serra,34.56,saco_50kg,unitario,Cimento Portland Cp III- 40 
municipal,tijolo,2021,Serra,4.22,unidade,unitario,Bloco De Concreto 14x19x39cm -Estrutural 
municipal,tijolo,2021,Serra,4.22,unidade,unitario,Bloco De Concreto 14x19x39cm -Estrutural 
municipal,tijolo,2021,Serra,3.28,unidade,unitario,Bloco de Concreto (09 x 19 x 39cm)  estrutural 
municipal,tijolo,2021,Serra,3.28,unidade,unitario,Bloco de Concreto (09 x 19 x 39cm)  estrutural 
municipal,brita,2021,Serra,114.5,m3,unitario,Brita n 1 
municipal,brita,2021,Serra,114.5,m3,unitario,Brita n 1 
municipal,amitriptilina,2021,Serra,0.124,unidade,unitario,AMITRIPTILINA CLORIDRATO COMPRIMIDO 25MG 
municipal,dipirona,2021,Serra,0.1135,unidade,unitario,DIPIRONA SODICA COMPRIMIDO 500MG  
municipal,fenobarbital,2021,Serra,0.1,unidade,unitario,FENOBARBITAL COMPRIMIDO 100MG 
municipal,seringa,2021,Serra,0.32,unidade,unitario,SERINGA DESCARTAVEL ESTERIL 5ML    Seringa  Tipo: estéril  descartável  Capacidade [ML]: 5   Graduação [ML]: 0 2  Numera
municipal,seringa,2021,Serra,0.32,unidade,unitario,SERINGA DESCARTAVEL ESTERIL 5ML    Seringa  Tipo: estéril  descartável  Capacidade [ML]: 5   Graduação [ML]: 0 2  Numera
municipal,seringa,2021,Serra,0.37,unidade,unitario,SERINGA DESCARTAVEL ESTERIL 10ML Seringa  Tipo: estéril  descartável  Capacidade [ML]: 10   Graduação [ML]: escala em gr
municipal,seringa,2021,Serra,0.37,unidade,unitario,SERINGA DESCARTAVEL ESTERIL 10ML Seringa  Tipo: estéril  descartável  Capacidade [ML]: 10   Graduação [ML]: escala em gr
municipal,alcool,2021,Serra,7.4,litro,descricao,ALCOOL ETILICO SOLUCAO 70% FRASCO 1000ML   ALCOOL ETILICO SOLUCAO 70% FRASCO 1000ML  ALCOOL ETILICO SOLUCAO 70%.  ALCOOL
municipal,alcool,2021,Serra,7.4,litro,descricao,ALCOOL ETILICO SOLUCAO 70% FRASCO 1000ML   ALCOOL ETILICO SOLUCAO 70% FRASCO 1000ML  ALCOOL ETILICO SOLUCAO 70%.  ALCOOL
municipal,seringa,2021,Serra,0.57,unidade,unitario,SERINGA DESCARTAVEL ESTERIL 20ML Seringa  Tipo: estéril  descartável  Capacidade [ML]: 20   Graduação [ML]: escala em gr
municipal,ar_condicionado,2021,Serra,1450.0,unidade,unitario,PEÇA COMPONENTE; NOME MODIFICADOR: CONDENSADOR DE AR CONDICIONADO; FLUXO PARALELO; APLICAÇÃO: VEICULO TIPO FURGÃO; MARCA
municipal,ar_condicionado,2021,Serra,7650.0,unidade,unitario,PEÇA COMPONENTE; NOME MODIFICADOR: KIT AR CONDICIONADO TRASEIRO COMPOSTO; CAIXA EVAPORADORA 2 MOTORES; 3 VELOCIDADES 30.
municipal,ar_condicionado,2021,Serra,7200.0,unidade,unitario,CONTRATAÇAO DE EMPRESA ESPECIALIZADA PARA EXECUÇAO DE SERVIÇO DE ADAPTAÇÃO EM VEICULO TIPO FURGAO   COM INSTALAÇÃO DE PE
municipal,envelope,2021,Serra,0.4754,unidade,unitario,"SAIS PARA REIDRATACAO ORAL PO PARA SOLUCAO ORAL ENV 27 9G   ""CADA ENVELOPE CONTEM: CLORETO DE SODIO---------------------"
municipal,diazepam,2021,Serra,0.6085,unidade,unitario,DIAZEPAM SOLUCAO INJETAVEL 5MG/ML AMPOLA 2ML 
municipal,captopril,2021,Serra,0.0402,unidade,unitario,CAPTOPRIL COMPRIMIDO 25MG
municipal,carbamazepina,2021,Serra,0.1482,unidade,unitario,CARBAMAZEPINA COMPRIMIDO 200MG         
municipal,paracetamol,2021,Serra,0.0616,unidade,unitario,PARACETAMOL COMPRIMIDO 500MG       
municipal,atenolol,2021,Serra,0.057,unidade,unitario,ATENOLOL COMPRIMIDO 50MG
municipal,aas,2021,Serra,0.0411,unidade,unitario,ACIDO ACETILSALICILICO COMPRIMIDO 100MG 
municipal,sertralina,2021,Serra,0.1229,unidade,unitario,SERTRALINA CLORIDRATO COMPRIMIDO 50MG.  
municipal,seringa,2021,Serra,0.349,unidade,unitario,SERINGA DESCARTAVEL ESTERIL 3ML  Seringa  Tipo: estéril  descartável  Capacidade [ML]: 3   Graduação [ML]: 0 1  Numerada
municipal,seringa,2021,Serra,0.26,unidade,unitario,SERINGA DESCARTÁVEL ESTERIL 1ML SEM AGULHA  SERINGA DE 1ML SEM AGULHA Seringa descartável estéril 1ml sem agulha. Sering
municipal,aas,2021,Serra,0.0333,unidade,unitario,ACIDO ACETILSALICILICO COMPRIMIDO 100MG 
municipal,azitromicina,2021,Serra,4.84,unidade,unitario,AZITROMICINA PO PARA SUSPENSAO ORAL 40 MG/ML FRASCO PARA VOLUME APÓS A RECONSTITUIÇÃO 15ML COM COPO DOSADOR GRADUADO
municipal,acucar,2021,Serra,3.96,kg,descricao,BEBIDA LÁCTEA SABORES MORANGO E SALADA DE FRUTAS. CARACTERÍSTICAS GERAIS  Produto lácteo resultante da mistura do leite 
municipal,chuchu,2021,Serra,2.03,kg,unidade_declarada,CHUCHU TIPO EXTRA; Graúdo  ou seja  tamanhos uniformes entre 12 e 18 cm de comprimento. Fisiologicamente desenvolvido  b
municipal,suco,2021,Serra,2.81,litro,heuristica,TANGERINA  TIPO POKAN  categoria EXTRA (tolerância máxima de 2% do total da caixa com manchas leves e 0% de defeitos)  c
municipal,suco,2021,Serra,2.81,litro,heuristica,TANGERINA  TIPO POKAN  categoria EXTRA (tolerância máxima de 2% do total da caixa com manchas leves e 0% de defeitos)  c
municipal,suco,2021,Serra,2.81,litro,heuristica,TANGERINA  TIPO POKAN  categoria EXTRA (tolerância máxima de 2% do total da caixa com manchas leves e 0% de defeitos)  c
municipal,peixe,2021,Serra,37.32,kg,descricao,FILÉ DE PEIXE  TILÁPIA PEIXE  tipo filé de tilápia  Filé de tilápia congelado  em filé  sem peles e espinhas  limpo  co
municipal,repolho,2021,Serra,2.38,kg,unidade_declarada,REPOLHO TIPO HÍBRIDO; classificação EXTRA  tamanho e coloração uniformes  folhas tenras e inteiriças. Isentos de defeito
municipal,repolho,2021,Serra,2.38,kg,unidade_declarada,REPOLHO TIPO HÍBRIDO; classificação EXTRA  tamanho e coloração uniformes  folhas tenras e inteiriças. Isentos de defeito
municipal,banana,2021,Serra,3.11,kg,unidade_declarada,BANANA PRATA  CATEGORIA EXTRA; (máximo de 2% de defeitos leves no total da entrega)  classe 12 (entre 12 e 15 cm de comp
municipal,cenoura,2021,Serra,2.93,kg,unidade_declarada,CENOURA  categoria EXTRA  classe longa (entre 17 e 25 cm)  isenta ou com limite máximo de 1% de defeitos. Para consumo i
municipal,cenoura,2021,Serra,2.93,kg,unidade_declarada,CENOURA  categoria EXTRA  classe longa (entre 17 e 25 cm)  isenta ou com limite máximo de 1% de defeitos. Para consumo i
municipal,abobora,2021,Serra,2.68,kg,unidade_declarada,ABOBORA TIPO JACARÉ; De elevada qualidade. Fisiologicamente desenvolvida  limpo  apresentando cor  sabor e aroma  caract
municipal,abobora,2021,Serra,2.68,kg,unidade_declarada,ABOBORA TIPO JACARÉ; De elevada qualidade. Fisiologicamente desenvolvida  limpo  apresentando cor  sabor e aroma  caract
municipal,polpa_fruta,2021,Serra,11.14,kg,descricao,POLPA DE FRUTA PURA NATURAL PASTEURIZADA CONGELADA.  DESCRIÇÃO Polpa 100% de frutas frescas  sãs e maduras  no sabor MAN
municipal,feijao,2021,Serra,7.57,kg,descricao,FEIJÃO CARIOCA; constituído de no mínimo 90% de grãos na cor característica à variedade correspondente  de grãos inteiro
municipal,cebola,2021,Serra,3.41,kg,unidade_declarada,CEBOLA BRANCA  TIPO EXTRA; BRANCA  TIPO EXTRA  Classe 4  ou seja  tamanhos uniformes com diâmetro transversal do bulbo e
municipal,cebola,2021,Serra,3.41,kg,unidade_declarada,CEBOLA BRANCA  TIPO EXTRA; BRANCA  TIPO EXTRA  Classe 4  ou seja  tamanhos uniformes com diâmetro transversal do bulbo e
municipal,alface,2021,Serra,5.23,unidade,unitario,ALFACE LISA OU CRESPA VERDE; categoria EXTRA  grau excelente de hidratação e limpeza  livre ou com limite máximo de 1% d
municipal,alface,2021,Serra,6.79,unidade,unitario,ALFACE LISA OU CRESPA  VERDE; categoria EXTRA  excelente grau de hidratação e limpeza (grau quatro)  livre ou com limite
municipal,polpa_fruta,2021,Serra,11.1,kg,descricao,POLPA DE FRUTA PURA NATURAL PASTEURIZADA CONGELADA.  DESCRIÇÃO Polpa 100% de frutas frescas  sãs e maduras  no sabor GOI
municipal,polpa_fruta,2021,Serra,11.1,kg,descricao,POLPA DE FRUTA PURA NATURAL PASTEURIZADA CONGELADA.  DESCRIÇÃO Polpa 100% de frutas frescas  sãs e maduras  no sabor GOI
municipal,repolho,2021,Serra,2.76,kg,unidade_declarada,REPOLHO TIPO ROXO; classificação EXTRA  tamanho e coloração uniforme  folhas tenras e inteiriças. Isentos de defeitos me
municipal,requeijao,2021,Serra,21.97,kg,unidade_declarada,REQUEIJÃO CREMOSO; CARACTERÍSTICAS GERAIS Produto obtido pela fusão da massa coalhada  cozida ou não  dessorada e lavada
municipal,pepino,2021,Serra,2.67,kg,unidade_declarada,PEPINO COMUM LONGO; COMUM LONGO  TIPO EXTRA. Tamanhos uniformes de 200 a 250 mm de comprimento e 40mm de diâmetro transv
municipal,beterraba,2021,Serra,2.92,kg,unidade_declarada,BETERRABA  categoria EXTRA  de primeira qualidade  fresca compacta e firme  isentas de enfermidades e material terroso  
municipal,beterraba,2021,Serra,2.92,kg,unidade_declarada,BETERRABA  categoria EXTRA  de primeira qualidade  fresca compacta e firme  isentas de enfermidades e material terroso  
municipal,inhame,2021,Serra,4.12,kg,unidade_declarada,INHAME: Tipo dedo  classificação: extra  tamanho e coloração: uniformes  consumo imediato e em escala  no decorrer da se
municipal,inhame,2021,Serra,4.12,kg,unidade_declarada,INHAME: Tipo dedo  classificação: extra  tamanho e coloração: uniformes  consumo imediato e em escala  no decorrer da se
municipal,inhame,2021,Serra,4.12,kg,unidade_declarada,INHAME: Tipo dedo  classificação: extra  tamanho e coloração: uniformes  consumo imediato e em escala  no decorrer da se
municipal,inhame,2021,Serra,4.12,kg,unidade_declarada,INHAME: Tipo dedo  classificação: extra  tamanho e coloração: uniformes  consumo imediato e em escala  no decorrer da se
municipal,inhame,2021,Serra,5.35,kg,unidade_declarada,INHAME: Tipo dedo  classificação: extra  tamanho e coloração: uniformes  consumo imediato e em escala  no decorrer da se
municipal,acucar,2021,Serra,23.75,kg,descricao,BISCOITO DOCE CASEIRO  aproximadamente 05g  tipo sequilhos  no sabor tradicional. Com pouco teor de açúcar  íntegro  com
municipal,acucar,2021,Serra,23.75,kg,descricao,BISCOITO DOCE CASEIRO  aproximadamente 05g  tipo sequilhos  no sabor tradicional. Com pouco teor de açúcar  íntegro  com
municipal,acucar,2021,Serra,23.75,kg,descricao,BISCOITO DOCE CASEIRO  aproximadamente 05g  tipo sequilhos  no sabor tradicional. Com pouco teor de açúcar  íntegro  com
municipal,acucar,2021,Serra,23.74,kg,descricao,BISCOITO DOCE CASEIRO  aproximadamente 05g  tipo sequilhos  no sabor tradicional. Com pouco teor de açúcar  íntegro  com
municipal,aipim,2021,Serra,3.85,kg,unidade_declarada,AIPIM; categoria EXTRA  de primeira qualidade  com polpa firme  para consumo imediato ou em escala  no decorrer da mesma
municipal,feijao,2021,Serra,7.59,kg,descricao,FEIJÃO PRETO; constituído de no mínimo 90% de grãos na cor característica à variedade correspondente  de grãos inteiros 
municipal,feijao,2021,Serra,7.59,kg,descricao,FEIJÃO PRETO; constituído de no mínimo 90% de grãos na cor característica à variedade correspondente  de grãos inteiros 
municipal,banana,2021,Serra,4.04,kg,unidade_declarada,BANANA PRATA ORGÂNICA; banana pra categoria EXTRA (máximo de 2% de defeitos leves no total da entrega)  classe 12 (entre
municipal,polpa_fruta,2021,Serra,11.93,kg,descricao,POLPA DE FRUTA PURA NATURAL PASTEURIZADA CONGELADA.  DESCRIÇÃO Polpa 100% de frutas frescas  sãs e maduras  no sabor ACE
municipal,glibenclamida,2021,Serra,0.0223,unidade,unitario,GLIBENCLAMIDA COMPRIMIDO 5MG
municipal,envelope,2021,Serra,2.0,unidade,unitario,FIO CIRURGICO (NYLON) 3-0 COM AGULHA 2CM 3/8 CIRCUL CORTANTE FIO CIRURGICO MONOFILAMENTO DE NYLON PRETO  ESTÉRIL  NÃO AB
municipal,envelope,2021,Serra,2.0,unidade,unitario,FIO CIRURGICO MONOFILAMENTO DE NYLON PRETO  ESTÉRIL  NÃO ABSORVÍVEL  DIÂMETRO Nº 0  MEDINDO APROXIMADAMENTE 45 CM DE COM
municipal,envelope,2021,Serra,2.78,unidade,unitario,FIO CIRURGICO (NYLON) 5-0 COM AGULHA 2CM 3/8 CIRCUL CORTANTE FIO CIRURGICO MONOFILAMENTO DE NYLON PRETO  ESTÉRIL  NÃO AB
municipal,envelope,2021,Serra,2.0,unidade,unitario,FIO CIRURGICO (NYLON) 3-0 COM AGULHA 3CM 3/8 CIRCUL CORTANTE FIO CIRURGICO MONOFILAMENTO DE NYLON PRETO  ESTÉRIL  NÃO AB
municipal,envelope,2021,Serra,2.0,unidade,unitario,FIO CIRURGICO (NYLON) 4-0 COM AGULHA 2CM 3/8 CIRCUL CORTANTE FIO CIRURGICO MONOFILAMENTO DE NYLON PRETO  ESTÉRIL  NÃO AB
municipal,envelope,2021,Serra,2.0,unidade,unitario,FIO CIRURGICO (NYLON) 4-0 COM AGULHA 3CM 3/8 CIRCUL CORTANTE Fio cirúrgico monofilamento de nylon preto  estéril  não ab
municipal,levotiroxina,2021,Serra,0.0541,unidade,unitario,LEVOTIROXINA SODICA COMPRIMIDO SULCADO 50MCG 
municipal,algodao,2021,Serra,25.62,kg,descricao,ALGODAO HIDROFILO ROLO 500G ALGODÃO HIDRÓFILO CONSTITUÍDO DE 100% NA FORMA IN NATURA  BOA ABSORVÊNCIA  DE ASPECTO HOMOGÊ
municipal,gaze,2021,Serra,0.7,unidade,unitario,COMPRESSA DE GAZE HIDRÓFILA ESTERIL 7 5 CM X 7 5 CM  13 FIOS POR CM2  DE ALGODÃO PURIFICADO  5 DOBRAS  8 CAMADAS  COR BR
municipal,gaze,2021,Serra,0.7,unidade,unitario,COMPRESSA DE GAZE HIDRÓFILA ESTERIL 7 5 CM X 7 5 CM  13 FIOS POR CM2  DE ALGODÃO PURIFICADO  5 DOBRAS  8 CAMADAS  COR BR
municipal,enalapril,2021,Serra,0.049,unidade,unitario,ENALAPRIL  MALEATO 20 MG COMPRIMIDO
municipal,azitromicina,2021,Serra,4.84,unidade,unitario,AZITROMICINA PO PARA SUSPENSAO ORAL 40 MG/ML FRASCO PARA VOLUME APÓS A RECONSTITUIÇÃO 15ML COM COPO DOSADOR GRADUADO
municipal,metformina,2020,Serra,0.0831,unidade,unitario,METFORMINA CLORIDRATO COMPRIMIDO REVESTIDO 500MG 
municipal,amitriptilina,2021,Serra,0.17,unidade,unitario,AMITRIPTILINA CLORIDRATO COMPRIMIDO 25MG 
municipal,prednisona,2021,Serra,0.1497,unidade,unitario,PREDNISONA COMPRIMIDO 20MG 
municipal,alcool,2021,Serra,13.5875,litro,descricao,ALCOOL GEL  REFIL ÁLCOOL TIPO: ETILICO HIDRATADO NA CONCENTRAÇÃO FINAL DE 70%   INDICADO COMO ANTI SÉPTICO DE MÃOS; APRE
municipal,alcool,2021,Serra,9.94,litro,descricao,ALCOOL ETILICO SOLUCAO 99% FRASCO 1000ML.    ALCOOL ETILICO SOLUCAO 99% FRASCO 1000ML.   ALCOOL ETÍLICO  APRESENTAÇÃO LÍ
municipal,carbamazepina,2021,Serra,0.155,unidade,unitario,CARBAMAZEPINA COMPRIMIDO 200MG         
municipal,paracetamol,2021,Serra,0.9652,unidade,unitario,PARACETAMOL SOLUCAO ORAL GOTAS 200MG/ML FRASCO 15ML 
municipal,ar_condicionado,2021,Serra,2200.0,unidade,unitario,Ar Condicionado similar ao modelo Split Springer Midea Hw 9000 Btus Frio 220v 
municipal,bebedouro,2021,Serra,570.0,unidade,unitario,Bebedouro de Garrafão Coluna similar ao modelo EOS Mineralle Branco EBC01BC 110V 110V 
municipal,notebook,2021,Serra,4100.0,unidade,unitario,"Notebook similar ao modelo Acer Aspire 5 A515-55-534P Intel Core i5 1035G1 15 6"" 8GB SSD 512 GB 10ª Geração "
municipal,ventilador,2021,Serra,290.0,unidade,unitario,Ventilador de Coluna 43 cm 3 Pas 3 Velocidades - Preto Total Home- 127V 
municipal,ventilador,2021,Serra,280.0,unidade,unitario,VENTILADOR DE PAREDE  TUFAO  60CM DIAMETRO  OSCILANTE  GRADE DE PROTECAO EM ACO TRATADO 500MM  HELICE 3 PAS  MINIMO  127
municipal,cadeira,2021,Serra,44.88,unidade,unitario,CADEIRA PLASTICA EMPILHAVEL; MATERIAL: POLIPROPILENO; TRATAMENTO: ANTI-UV; COR: BRANCO; BRACO: SEM BRACO; ALTURA: 860 MM
municipal,ar_condicionado,2021,Serra,1600.83,unidade,unitario,APARELHO DE AR CONDICIONADO TIPO SPLIT HI-WALL  TENSÃO DE ALIMENTAÇÃO 220V/60HZ  CAPACIDADE DE REFRIGERAÇÃO IGUAL A 12.0
municipal,clonazepam,2021,Serra,1.5675,unidade,unitario,CLONAZEPAM 2 5MG/ML SOLUCAO ORAL GOTAS FRASCO 20ML
municipal,notebook,2021,Serra,4466.67,unidade,unitario, Notebook Core I5 8GB 1TB WINDOWS 10; 	PROCESSAOR  	O modelo de processador ofertado deve ser de última geração dispon
municipal,ventilador,2021,Serra,330.0,unidade,unitario,Ventilador de parede 60 cm / 3 pás 
municipal,ventilador,2021,Serra,245.67,unidade,unitario,Ventilador de teto c/ 3 pás cv3  
municipal,ar_condicionado,2021,Serra,2267.1,unidade,unitario,Ar condicionado Split 18.000 Btus Frio 220V 
municipal,bebedouro,2021,Serra,2799.9,unidade,unitario,Bebedouro industrial 200 litros em inox com 04 torneira s  200 LP 
municipal,notebook,2021,Serra,3799.05,unidade,unitario,Notebook Core i5-7200U 8GB 1TB Placa de vídeo 2GB tela 15.6 Windows 10 
municipal,cadeira,2021,Serra,99.0,unidade,unitario,Cadeira fixa para escritório  
municipal,alcool,2021,Serra,9.6,litro,unidade_declarada,ÁLCOOL ETÍLICO HIDRATADO 702 INPM  LÍQUIDO  frasco plástico resistente  tampa com sistema anti vazamento  I litro. 
municipal,alcool,2021,Serra,9.6,litro,unidade_declarada,ÁLCOOL ETÍLICO HIDRATADO 702 INPM  LÍQUIDO  frasco plástico resistente  tampa com sistema anti vazamento  I litro. 
municipal,alcool,2021,Serra,19.24,litro,descricao,ÁLCOOL GEL; anti-séptico; hidratado; branco transparente; indicado para higienização das mãos; perfume característico; u
municipal,alcool,2021,Serra,19.24,litro,descricao,ÁLCOOL GEL; anti-séptico; hidratado; branco transparente; indicado para higienização das mãos; perfume característico; u
municipal,sabonete,2021,Serra,11.5,unidade,unitario,MANGUEIRA (BICO) PARA RESERVATÓRIO DE SABONETE LÍQUIDO 800ML 
municipal,sabonete,2021,Serra,11.5,unidade,unitario,MANGUEIRA (BICO) PARA RESERVATÓRIO DE SABONETE LÍQUIDO 800ML 
municipal,cadeira,2021,Serra,398.0,unidade,unitario,CADEIRA GIRATORIA  Características: - Base em Estrela no mínimo 4 pés em aço com capa na cor preta. - Rodízios com rodas
municipal,cadeira,2021,Serra,398.0,unidade,unitario,CADEIRA GIRATORIA  Características: - Base em Estrela no mínimo 4 pés em aço com capa na cor preta. - Rodízios com rodas
municipal,cadeira,2021,Serra,398.0,unidade,unitario,CADEIRA GIRATORIA  Características: - Base em Estrela no mínimo 4 pés em aço com capa na cor preta. - Rodízios com rodas
municipal,cadeira,2021,Serra,398.0,unidade,unitario,CADEIRA GIRATORIA  Características: - Base em Estrela no mínimo 4 pés em aço com capa na cor preta. - Rodízios com rodas
municipal,cadeira,2021,Serra,398.0,unidade,unitario,CADEIRA GIRATORIA  Características: - Base em Estrela no mínimo 4 pés em aço com capa na cor preta. - Rodízios com rodas
municipal,cadeira,2021,Serra,398.0,unidade,unitario,CADEIRA GIRATORIA  Características: - Base em Estrela no mínimo 4 pés em aço com capa na cor preta. - Rodízios com rodas
municipal,cadeira,2021,Serra,294.99,unidade,unitario,CADEIRA FIXA  . Características: - Base A ou Base S na cor preta; - Acento com espuma em poliuretano flexível  alta resi
municipal,cadeira,2021,Serra,294.99,unidade,unitario,CADEIRA FIXA  . Características: - Base A ou Base S na cor preta; - Acento com espuma em poliuretano flexível  alta resi
municipal,cadeira,2021,Serra,294.99,unidade,unitario,CADEIRA FIXA  . Características: - Base A ou Base S na cor preta; - Acento com espuma em poliuretano flexível  alta resi
municipal,cadeira,2021,Serra,294.99,unidade,unitario,CADEIRA FIXA  . Características: - Base A ou Base S na cor preta; - Acento com espuma em poliuretano flexível  alta resi
municipal,cadeira,2021,Serra,294.99,unidade,unitario,CADEIRA FIXA  . Características: - Base A ou Base S na cor preta; - Acento com espuma em poliuretano flexível  alta resi
municipal,cadeira,2021,Serra,294.99,unidade,unitario,CADEIRA FIXA  . Características: - Base A ou Base S na cor preta; - Acento com espuma em poliuretano flexível  alta resi
municipal,ventilador,2021,Serra,274.0,unidade,unitario,VENTILADOR DE PAREDE DE 60 CM  Características: - mínimo de 3 pás.  - Tensão: 127V ou bivolt - Grade metálica - Cor: pre
municipal,ventilador,2021,Serra,274.0,unidade,unitario,VENTILADOR DE PAREDE DE 60 CM  Características: - mínimo de 3 pás.  - Tensão: 127V ou bivolt - Grade metálica - Cor: pre
municipal,ventilador,2021,Serra,274.0,unidade,unitario,VENTILADOR DE PAREDE DE 60 CM  Características: - mínimo de 3 pás.  - Tensão: 127V ou bivolt - Grade metálica - Cor: pre
municipal,ventilador,2021,Serra,274.0,unidade,unitario,VENTILADOR DE PAREDE DE 60 CM  Características: - mínimo de 3 pás.  - Tensão: 127V ou bivolt - Grade metálica - Cor: pre
municipal,ventilador,2021,Serra,274.0,unidade,unitario,VENTILADOR DE PAREDE DE 60 CM  Características: - mínimo de 3 pás.  - Tensão: 127V ou bivolt - Grade metálica - Cor: pre
municipal,ventilador,2021,Serra,274.0,unidade,unitario,VENTILADOR DE PAREDE DE 60 CM  Características: - mínimo de 3 pás.  - Tensão: 127V ou bivolt - Grade metálica - Cor: pre
municipal,seringa,2021,Serra,0.6,unidade,unitario,SERINGA DESCARTAVEL ESTERIL 1ML COM AGULHA 13MM X 0 38   SERINGA DESCARTÁVEL 1ML COM AGULHA 13X0 38 SERINGA  Tipo: Estér
municipal,cadeira,2021,Serra,38.21,unidade,unitario,CADEIRA PLÁSTICA  FABRICADA EM POLIPROPILENO NA COR BRANCA  COM BRAÇO E CAPACIDADE PARA ATÉ 140KG  EMPILHÁVEL. MEDIDA: 8
municipal,sertralina,2021,Serra,0.1229,unidade,unitario,SERTRALINA CLORIDRATO COMPRIMIDO 50MG.  
municipal,pendrive,2021,Serra,57.9,unidade,unitario,Pen drive Armazenamento 32GB. Transferência 40Mb/s leitura e 10Mb/s gravação ou superior. Conexões USB 2.0 e/ou USB 3.0.
municipal,mouse,2021,Serra,32.9,unidade,unitario,Mouse óptico com fio USB e scroll/roda 1200dpi ou superior   
municipal,sinvastatina,2021,Serra,0.0537,unidade,unitario,SINVASTATINA COMPRIMIDO 20MG         
municipal,papel_a4,2021,Serra,48.0,resma,unitario,ETIQUETA TAMANHO REAL 288 5MM X 200MM  ETIQUETA AUTODESIVA EM PAPEL A4 TAMANHO REAL 288 5MM X 200MM. CAIXA APROXIMADAMEN
municipal,papel_a4,2021,Serra,48.0,resma,unitario,ETIQUETA 21 2MM X 38 2MM  Etiqueta autodesiva em papel A4  cor branca  retangular tamanho real 21 2 mm x 38 2 mm. INKJET
municipal,pasta_arquivo,2021,Serra,3.5,unidade,unitario,PASTA SUSPENSA DE PLÁSTICO MARMORIZADA: Na cor marrom  plastificada tam. OF. 240/m²  suporte com sustentação em aço  ext
municipal,pasta_arquivo,2021,Serra,3.5,unidade,unitario,PASTA SUSPENSA DE PLÁSTICO MARMORIZADA: Na cor marrom  plastificada tam. OF. 240/m²  suporte com sustentação em aço  ext
municipal,lapis,2021,Serra,2.56,unidade,unitario,LAPIS PRETO TECNICO SEXTAVADO TIPO 9000 2B PRETO  LAPIS PRETO TECNICO SEXTAVADO TIPO 9000 2B PRETO. IDEAL PARA DESENHAR 
municipal,gas_glp,2021,Serra,96.0,botijao_13kg,unitario,GÁS DE COZINHA - recarga em BOTIJÕES P 13 KG  retornáveis(botijões de gás liquefeito de petróleo - GLP  material chapa a
municipal,gas_glp,2021,Serra,96.0,botijao_13kg,unitario,GÁS DE COZINHA - recarga em BOTIJÕES P 13 KG  retornáveis(botijões de gás liquefeito de petróleo - GLP  material chapa a
municipal,furosemida,2021,Serra,0.849,unidade,unitario,FUROSEMIDA SOLUCAO INJETAVEL 10MG/ML AMPOLA 2ML
municipal,dipirona,2021,Serra,0.928,unidade,unitario,DIPIRONA SODICA SOLUCAO INJETAVEL 500MG/ML AMPOLA 2ML 
municipal,dipirona,2021,Serra,0.928,unidade,unitario,DIPIRONA SODICA SOLUCAO INJETAVEL 500MG/ML AMPOLA 2ML 
municipal,bebedouro,2021,Serra,2800.0,unidade,unitario,BEBEDOURO INDUSTRIAL   Bebedouro industrial; minimo 02 ou 3 torneiras cromadas de alta pressão tipo copo; capacidade 100
municipal,bebedouro,2021,Serra,2800.0,unidade,unitario,BEBEDOURO INDUSTRIAL   Bebedouro industrial; minimo 02 ou 3 torneiras cromadas de alta pressão tipo copo; capacidade 100
municipal,ar_condicionado,2021,Serra,2410.0,unidade,unitario,APARELHO DE AR CONDICIONADO   APARELHO DE AR CONDICIONADO SPLIT 12 000 BTU´S  AR 3 Tipo 3 - 12.000 BTUS  Modelo : Split
municipal,ar_condicionado,2021,Serra,2410.0,unidade,unitario,APARELHO DE AR CONDICIONADO   APARELHO DE AR CONDICIONADO SPLIT 12 000 BTU´S  AR 3 Tipo 3 - 12.000 BTUS  Modelo : Split
municipal,ar_condicionado,2021,Serra,2863.0,unidade,unitario,APARELHO DE AR CONDICIONADO   APARELHO DE AR CONDICIONADO SPLIT 18000  BTU´S  AR 2  Tipo 1 - 18.000 BTUS Modelo: Split 
municipal,ar_condicionado,2021,Serra,2863.0,unidade,unitario,APARELHO DE AR CONDICIONADO   APARELHO DE AR CONDICIONADO SPLIT 18000  BTU´S  AR 2  Tipo 1 - 18.000 BTUS Modelo: Split 
municipal,fralda,2021,Serra,3.46,unidade,unitario,FRALDA GERIÁTRICA DESCARTÁVEL PLENITUD - TAMANHO G 
municipal,leite_po,2021,Serra,35.175,kg,heuristica,LEITE EM PÓ INTEGRAL INSTANTÂNEO  LEITE EM PÓ INTEGRAL INSTANTÂNEO: Pacote/Lata de 400g.  
municipal,dipirona,2021,Serra,0.1135,unidade,unitario,DIPIRONA SODICA COMPRIMIDO 500MG  
municipal,salbutamol,2021,Serra,2.06,unidade,unitario,SALBUTAMOL SULFATO SOLUCAO INJETAVEL 0 5MG/ML AMPOLA 1ML 
municipal,notebook,2021,Serra,5350.0,unidade,unitario,NOTEBOOK COM GARANTIA ON SITE 24 MESES 
municipal,notebook,2021,Serra,5350.0,unidade,unitario,NOTEBOOK COM GARANTIA ON SITE 24 MESES 
municipal,apontador,2021,Serra,1.28,unidade,unitario,APONTADOR COM DEPÓSITO APONTADOR  COM  DEPÓSITO   COM  FURO  CÔNICO  PARA  LÁPIS COMUM  COMPOSTO POR LÂMINA DE AÇO INOXI
municipal,borracha_escolar,2021,Serra,1.63,unidade,unitario,BORRACHA BRANCA: BORRACHA  BRANCA  PARA  APAGAR   LÁPIS  GRAFITE   MACIA  FLEXÍVEL   CAPAZ  DE  APAGAR  TOTALMENTE  A  E
municipal,caderno,2021,Serra,15.31,unidade,unitario,CADERNO UNIVERSITÁRIO 200 FOLHAS MIOLO CONTENDO NO MÍNIMO 27 PAUTAS COM MARGEM. MEDIDA MÍNIMA DE 200 X 275MM  CAPA E CON
municipal,cola_branca,2021,Serra,5.49,unidade,unitario,COLA BRANCA 90G COLA  BRANCA  PARA  USO  ESCOLAR  90G   CONTENDO  BICO APLICADOR  ECONÔMICO  COM  ESPÁTULA  E  BATOQUE  
municipal,caneta_esferografica,2021,Serra,1.11,unidade,unitario,CANETA ESFEROGRÁFICA AZUL COR AZUL  COM CORPO EM QUALQUER FORMATO   DE   POLIESTIRENO   OU   POLÍMERO   TRANSPARENTE  BR
municipal,caneta_esferografica,2021,Serra,1.11,unidade,unitario,CANETA ESFEROGRÁFICA PRETA COR   PRETA    COM   CORPO   EM QUALQUER    FORMATO    DE    POLIESTIRENO    OU    POLÍMERO T
municipal,caneta_esferografica,2021,Serra,1.11,unidade,unitario,CANETA ESFEROGRÁFICA VERMELHA COR  VERMELHA   COM  CORPO  EM QUALQUER    FORMATO    DE    POLIESTIRENO    OU    POLÍMERO
municipal,lapis,2021,Serra,1.04,unidade,unitario,LÁPIS GRAFITE  Nº  02 LÁPIS   GRAFITE   Nº   02    FORMATO   CILÍNDRICO    APONTADO  CONFECCIONADO  EM  MADEIRA  REFLORE
municipal,diazepam,2021,Serra,1.0752,unidade,unitario,DIAZEPAM SOLUCAO INJETAVEL 5MG/ML AMPOLA 2ML 
municipal,amoxicilina,2021,Serra,3.78,unidade,unitario,AMOXICILINA PO PARA SUSP ORAL 50 MG/ML FRASCO COM NO MÍNIMO 60 ML COM COPO DOSADOR GRADUADO 
municipal,captopril,2021,Serra,0.04,unidade,unitario,CAPTOPRIL COMPRIMIDO 25MG
municipal,dipirona,2021,Serra,0.1512,unidade,unitario,DIPIRONA SODICA COMPRIMIDO 500MG  
municipal,dipirona,2021,Serra,0.1512,unidade,unitario,DIPIRONA SODICA COMPRIMIDO 500MG  
municipal,loratadina,2021,Serra,2.43,unidade,unitario,LORATADINA SOLUCAO ORAL XAROPE 1MG/ML FRASCO 100ML  COM COPO DOSADOR GRADUADO  
municipal,loratadina,2021,Serra,2.43,unidade,unitario,LORATADINA SOLUCAO ORAL XAROPE 1MG/ML FRASCO 100ML  COM COPO DOSADOR GRADUADO  
municipal,dipirona,2021,Serra,1.39,unidade,unitario,DIPIRONA SODICA SOLUCAO ORAL GOTAS 500MG/ML FRASCO 10ML 
municipal,loratadina,2021,Serra,0.0927,unidade,unitario,LORATADINA COMPRIMIDO 10MG 
municipal,loratadina,2021,Serra,0.0927,unidade,unitario,LORATADINA COMPRIMIDO 10MG 
municipal,metronidazol,2021,Serra,4.2,unidade,unitario,METRONIDAZOL SOL INJ 5MG/ML EMBALAGEM CAPACIDADE PARA 100ML
municipal,fralda,2021,Serra,1.56,unidade,unitario,FRALDA GERIÁTRICA DESCARTÁVEL TAMANHO P  FRALDA DESCARTÁVEL GERIÁTRICA  TAMANHO PEQUENO  incontinência urinária severa  
municipal,fralda,2021,Serra,1.56,unidade,unitario,FRALDA GERIÁTRICA DESCARTÁVEL TAMANHO P  FRALDA DESCARTÁVEL GERIÁTRICA  TAMANHO PEQUENO  incontinência urinária severa  
municipal,fralda,2021,Serra,1.67,unidade,unitario,FRALDA GERIATRICA DESCARTÁVEL TAMANHO MÉDIO  FRALDA DESCARTÁVEL GERIÁTRICA  TAMANHO MÉDIO  incontinência urinária severa
municipal,fralda,2021,Serra,1.67,unidade,unitario,FRALDA GERIATRICA DESCARTÁVEL TAMANHO MÉDIO  FRALDA DESCARTÁVEL GERIÁTRICA  TAMANHO MÉDIO  incontinência urinária severa
municipal,fralda,2021,Serra,0.4898,unidade,unitario,FRALDA DESCARTÁVEL INFANTIL. TAMANHO PEQUENO    FRALDA DESCARTÁVEL INFANTIL. TAMANHO PEQUENO   FRALDA DESCARTÁVEL INFANT
municipal,fralda,2021,Serra,0.6967,unidade,unitario,FRALDA DESCARTÁVEL INFANTIL. TAMANHO EXTRA G  FRALDA DESCARTÁVEL PEDIÁTRICA  TAMANHO XG  atóxica  hipoalengênica  format
municipal,fralda,2021,Serra,0.6967,unidade,unitario,FRALDA DESCARTÁVEL INFANTIL. TAMANHO EXTRA G  FRALDA DESCARTÁVEL PEDIÁTRICA  TAMANHO XG  atóxica  hipoalengênica  format
municipal,fralda,2021,Serra,0.6517,unidade,unitario,FRALDA DESCARTAVEL INFANTIL TAMANHO G  FRALDA DESCARTÁVEL PEDIÁTRICA  TAMANHO GRANDE  atóxica  hipoalengênica  formato a
municipal,fralda,2021,Serra,2.06,unidade,unitario,FRALDA DESCARTAVEL JUVENIL  FRALDA DESCARTÁVEL JUVENIL  atóxica  hipoalengênica  formato anatômico  com barreiras elásti
municipal,fralda,2021,Serra,2.06,unidade,unitario,FRALDA DESCARTAVEL JUVENIL  FRALDA DESCARTÁVEL JUVENIL  atóxica  hipoalengênica  formato anatômico  com barreiras elásti
municipal,fralda,2021,Serra,1.02,unidade,unitario,FRALDA DESCARTÁVEL PEDIÁTRICA  TAMANHO XXG  FRALDA DESCARTÁVEL PEDIÁTRICA  TAMANHO XXG  atóxica  hipoalengênica  formato
municipal,fralda,2021,Serra,1.02,unidade,unitario,FRALDA DESCARTÁVEL PEDIÁTRICA  TAMANHO XXG  FRALDA DESCARTÁVEL PEDIÁTRICA  TAMANHO XXG  atóxica  hipoalengênica  formato
municipal,fralda,2021,Serra,1.4625,unidade,unitario,FRALDA GERIÁTRICA DESCARTÁVEL  TAM. G   FRALDA DESCARTÁVEL GERIÁTRICA  TAMANHO GRANDE  incontinência urinária severa  at
municipal,fralda,2021,Serra,1.4625,unidade,unitario,FRALDA GERIÁTRICA DESCARTÁVEL  TAM. G   FRALDA DESCARTÁVEL GERIÁTRICA  TAMANHO GRANDE  incontinência urinária severa  at
municipal,fralda,2021,Serra,0.5425,unidade,unitario,FRALDA DESCARTÁVEL INFANTIL. TAMANHO MÉDIO.  FRALDA DESCARTÁVEL PEDIÁTRICA  TAMANHO MÉDIO  atóxica  hipoalengênica  form
municipal,fralda,2021,Serra,1.44,unidade,unitario,FRALDA GERIATRICA DESCARTAVEL TAMANHO XG   FRALDA DESCARTÁVEL GERIÁTRICA  TAMANHO EXTRA GRANDE  incontinência urinária s
municipal,fralda,2021,Serra,1.44,unidade,unitario,FRALDA GERIATRICA DESCARTAVEL TAMANHO XG   FRALDA DESCARTÁVEL GERIÁTRICA  TAMANHO EXTRA GRANDE  incontinência urinária s
municipal,seringa,2021,Serra,0.36,unidade,unitario, SERINGA 5 ML BICO LUER LOCK Seringa  Tipo: estéril  descartável  Capacidade [ML]: 5   Graduação [ML]: 0 1  Numerada. Ca
municipal,haloperidol,2021,Serra,4.0,unidade,unitario,HALOPERIDOL 2MG/ML SOLUCAO ORAL GOTAS FRASCO MINIMO 20ML
municipal,haloperidol,2021,Serra,9.2,unidade,unitario,HALOPERIDOL DECANOATO SOLUÇAO INJETAVEL 70 52MG/ML (CORRESPONDE 50MG/ML DE HALOPERIDOL) AMPOLA 1ML
municipal,haloperidol,2021,Serra,9.2,unidade,unitario,HALOPERIDOL DECANOATO SOLUÇAO INJETAVEL 70 52MG/ML (CORRESPONDE 50MG/ML DE HALOPERIDOL) AMPOLA 1ML
municipal,haloperidol,2021,Serra,1.415,unidade,unitario,HALOPERIDOL SOLUCAO INJETAVEL 5MG/ML AMPOLA 1ML
municipal,paracetamol,2021,Serra,0.0688,unidade,unitario,PARACETAMOL COMPRIMIDO 500MG       
municipal,ibuprofeno,2021,Serra,0.1688,unidade,unitario,IBUPROFENO COMPRIMIDO 600MG 
municipal,prednisolona,2021,Serra,3.1064,unidade,unitario,PREDNISOLONA FOSFATO SODICO SOL ORAL 3MG/ML FRASCO VOLUME MÍNIMO 60ML COM COPO DOSADOR GRADUADO 
municipal,sinvastatina,2021,Serra,0.0759,unidade,unitario,SINVASTATINA COMPRIMIDO 20MG         
municipal,sinvastatina,2021,Serra,0.0759,unidade,unitario,SINVASTATINA COMPRIMIDO 20MG         
municipal,azitromicina,2021,Serra,4.9,unidade,unitario,AZITROMICINA PO PARA SUSPENSAO ORAL 40 MG/ML FRASCO PARA VOLUME APÓS A RECONSTITUIÇÃO 15ML COM COPO DOSADOR GRADUADO
municipal,luva_procedimento,2021,Serra,106.35,caixa_100,unitario,LUVA DE LATEX NAO ESTERIL PARA PROCEDIMENTOS TAMANHO P  LEVEMENTE TALCADA  ANATOMICA  TEXTURA HOMOGENEA  ALTA SENSIBILID
municipal,luva_procedimento,2021,Serra,106.35,caixa_100,unitario,LUVA DE LATEX NAO ESTERIL PARA PROCEDIMENTOS TAMANHO P  LEVEMENTE TALCADA  ANATOMICA  TEXTURA HOMOGENEA  ALTA SENSIBILID
municipal,luva_procedimento,2021,Serra,100.66,caixa_100,unitario,LUVA DE LATEX NAO ESTERIL PARA PROCEDIMENTOS TAMANHO G LEVEMENTE TALCADA  ANATOMICA  TEXTURA HOMOGENEA  ALTA SENSIBILIDA
municipal,luva_procedimento,2021,Serra,100.66,caixa_100,unitario,LUVA DE LATEX NAO ESTERIL PARA PROCEDIMENTOS TAMANHO G LEVEMENTE TALCADA  ANATOMICA  TEXTURA HOMOGENEA  ALTA SENSIBILIDA
municipal,luva_procedimento,2021,Serra,102.85,caixa_100,unitario,LUVA DE LATEX NAO ESTERIL PARA PROCEDIMENTOS TAMANHO EP  LEVEMENTE TALCADA  ANATOMICA  TEXTURA HOMOGENEA  ALTA SENSIBILI
municipal,luva_procedimento,2021,Serra,102.85,caixa_100,unitario,LUVA DE LATEX NAO ESTERIL PARA PROCEDIMENTOS TAMANHO EP  LEVEMENTE TALCADA  ANATOMICA  TEXTURA HOMOGENEA  ALTA SENSIBILI
municipal,luva_procedimento,2021,Serra,102.71,caixa_100,unitario,LUVA DE LATEX NAO ESTERIL PARA PROCEDIMENTOS TAMANHO M  LEVEMENTE TALCADA  ANATOMICA  TEXTURA HOMOGENEA  ALTA SENSIBILID
municipal,luva_procedimento,2021,Serra,102.71,caixa_100,unitario,LUVA DE LATEX NAO ESTERIL PARA PROCEDIMENTOS TAMANHO M  LEVEMENTE TALCADA  ANATOMICA  TEXTURA HOMOGENEA  ALTA SENSIBILID
municipal,dexametasona,2021,Serra,1.2482,unidade,unitario,DEXAMETASONA ACETATO CREME DERMATOLOGICO 1MG/G BISNAGA 10G 
municipal,dexametasona,2021,Serra,4.668,unidade,unitario,DEXAMETASONA FOSFATO DISSODICO SOL INJ 4MG/ML FA 2 5ML OU AMPOLA 2 5ML. 
municipal,dexametasona,2021,Serra,4.668,unidade,unitario,DEXAMETASONA FOSFATO DISSODICO SOL INJ 4MG/ML FA 2 5ML OU AMPOLA 2 5ML. 
municipal,dipirona,2021,Serra,4.26,unidade,unitario,HIOSCINA+DIPIRONA SODICA SOL INJ 4MG/ML+500MG/ML AMP 5ML HIOSCINA OU BUTILBROMETO DE ESCOPOLAMINA + DIPIRONA SODICA SOLU
municipal,dipirona,2021,Serra,4.26,unidade,unitario,HIOSCINA+DIPIRONA SODICA SOL INJ 4MG/ML+500MG/ML AMP 5ML HIOSCINA OU BUTILBROMETO DE ESCOPOLAMINA + DIPIRONA SODICA SOLU
municipal,albendazol,2021,Serra,1.185,unidade,unitario,ALBENDAZOL SUSPENSAO ORAL 40MG/ML FRASCO 10ML  
municipal,albendazol,2021,Serra,0.375,unidade,unitario,ALBENDAZOL COMPRIMIDO MASTIGAVEL 400MG
municipal,notebook,2021,Serra,5600.0,unidade,unitario,notebook 
municipal,notebook,2021,Serra,3990.0,unidade,unitario,notebook 
municipal,notebook,2021,Serra,2750.0,unidade,unitario,NOTEBOOK TIPO 1.1 CHROMEBOOK CLAMSHELL;  PROCESSADOR:2.1 FREQUÊNCIA DE OPERAÇÃO INTERNAMÍNIMA DE 1.10 GHZ; 2.2 CASO POSS
municipal,metronidazol,2021,Serra,0.1148,unidade,unitario,METRONIDAZOL COMPRIMIDO 250MG 
municipal,salbutamol,2021,Serra,9.99,unidade,unitario,SALBUTAMOL SULFATO AEROSSOL 100MCG/DOSE (SPRAY BUCAL) FRASCO  FRASCO COM MINIMO 120 DOSES
municipal,salbutamol,2021,Serra,9.99,unidade,unitario,SALBUTAMOL SULFATO AEROSSOL 100MCG/DOSE (SPRAY BUCAL) FRASCO  FRASCO COM MINIMO 120 DOSES
municipal,paracetamol,2021,Serra,1.31,unidade,unitario,PARACETAMOL SOLUCAO ORAL GOTAS 200MG/ML FRASCO 15ML 
municipal,paracetamol,2021,Serra,0.1,unidade,unitario,PARACETAMOL COMPRIMIDO 500MG       
municipal,paracetamol,2021,Serra,0.1,unidade,unitario,PARACETAMOL COMPRIMIDO 500MG       
municipal,ciprofloxacino,2021,Serra,0.28,unidade,unitario,CIPROFLOXACINO CLORIDRATO COMPRIMIDO 500MG 
municipal,ciprofloxacino,2021,Serra,0.28,unidade,unitario,CIPROFLOXACINO CLORIDRATO COMPRIMIDO 500MG 
municipal,paracetamol,2021,Serra,0.9652,unidade,unitario,PARACETAMOL SOLUCAO ORAL GOTAS 200MG/ML FRASCO 15ML 
municipal,ibuprofeno,2021,Serra,1.98,unidade,unitario,IBUPROFENO SOLUCAO ORAL GOTAS 50MG/ML FRASCO 30ML 
municipal,prednisolona,2021,Serra,6.3,unidade,unitario,PREDNISOLONA FOSFATO SODICO SOL ORAL 3MG/ML FRASCO VOLUME MÍNIMO 60ML COM COPO DOSADOR GRADUADO 
municipal,prednisolona,2021,Serra,6.3,unidade,unitario,PREDNISOLONA FOSFATO SODICO SOL ORAL 3MG/ML FRASCO VOLUME MÍNIMO 60ML COM COPO DOSADOR GRADUADO 
municipal,ibuprofeno,2021,Serra,0.175,unidade,unitario,IBUPROFENO COMPRIMIDO 600MG 
municipal,ibuprofeno,2021,Serra,0.175,unidade,unitario,IBUPROFENO COMPRIMIDO 600MG 
municipal,dexametasona,2021,Serra,3.88,unidade,unitario,DEXAMETASONA FOSFATO DISSODICO SOL INJ 4MG/ML FA 2 5ML OU AMPOLA 2 5ML. 
municipal,dipirona,2021,Serra,0.781,unidade,unitario,DIPIRONA SODICA SOLUCAO ORAL GOTAS 500MG/ML FRASCO 10ML 
municipal,agua_mineral,2021,Serra,0.7,litro,descricao,Água mineral  sem gás  acondicionada em garrafões de polipropileno de 20 litros  com lacre de segurança  rótulo com o no
municipal,agua_mineral,2021,Serra,0.7,litro,descricao,Água mineral  sem gás  acondicionada em garrafões de polipropileno de 20 litros  com lacre de segurança  rótulo com o no
municipal,hidroclorotiazida,2021,Serra,0.0167,unidade,unitario,HIDROCLOROTIAZIDA COMPRIMIDO 25MG 
municipal,luva_procedimento,2021,Serra,75.0,caixa_100,unitario,LUVA DE PROCEDIMENTO SEM LATEX E AMIDO. TAMANHO M Luva de procedimentos sem látex  não estéril  para procedimentos  sem 
municipal,luva_procedimento,2021,Serra,75.0,caixa_100,unitario,LUVA DE PROCEDIMENTO SEM LATEX E AMIDO. TAMANHO M Luva de procedimentos sem látex  não estéril  para procedimentos  sem 
municipal,glibenclamida,2021,Serra,0.0223,unidade,unitario,GLIBENCLAMIDA COMPRIMIDO 5MG
municipal,luva_procedimento,2021,Serra,75.0,caixa_100,unitario,LUVA DE PROCEDIMENTO SEM LATEX E AMIDO. TAMANHO G  LUVA DE PROCEDIMENTO SEM LATEX E AMIDO. TAMANHO G Luva de sem látex  
municipal,luva_procedimento,2021,Serra,75.0,caixa_100,unitario,LUVA DE PROCEDIMENTO SEM LATEX E AMIDO. TAMANHO G  LUVA DE PROCEDIMENTO SEM LATEX E AMIDO. TAMANHO G Luva de sem látex  
municipal,alcool,2021,Serra,31.0,litro,descricao,ALCOOL ETILICO SOLUCAO 70% ALMOTOLIA 100ML   ALCOOL ETILICO SOLUCAO 70% ALMOTOLIA 100ML  ALCOOL ETILICO SOLUCAO 70%.  AL
municipal,leite_po,2021,Serra,35.175,kg,heuristica,LEITE EM PÓ INTEGRAL INSTANTÂNEO  LEITE EM PÓ INTEGRAL INSTANTÂNEO: Pacote/Lata de 400g.  
municipal,torneira,2021,Serra,66.49,unidade,unitario,"TORNEIRA PRESSÃO CROMADA DIAM. 1/2"" PARA PIA. "
municipal,amitriptilina,2021,Serra,0.1194,unidade,unitario,AMITRIPTILINA CLORIDRATO COMPRIMIDO 25MG 
municipal,amitriptilina,2021,Serra,0.1194,unidade,unitario,AMITRIPTILINA CLORIDRATO COMPRIMIDO 25MG 
municipal,risperidona,2021,Serra,0.125,unidade,unitario,RISPERIDONA  COMPRIMIDO 1 MG
municipal,risperidona,2021,Serra,0.125,unidade,unitario,RISPERIDONA  COMPRIMIDO 1 MG
municipal,amoxicilina,2021,Serra,0.203,unidade,unitario,AMOXICILINA COMPRIMIDO OU CAPSULA 500 MG
municipal,amoxicilina,2021,Serra,0.203,unidade,unitario,AMOXICILINA COMPRIMIDO OU CAPSULA 500 MG
municipal,prednisona,2021,Serra,0.13,unidade,unitario,PREDNISONA COMPRIMIDO 5MG
municipal,prednisona,2021,Serra,0.07,unidade,unitario,PREDNISONA COMPRIMIDO 5MG
municipal,amoxicilina,2021,Serra,1.67,unidade,unitario,AMOXICILINA 500 MG + CLAVULANATO DE POTASSIO 125MG COMPRIMIDO REVESTIDO.
municipal,amoxicilina,2021,Serra,1.67,unidade,unitario,AMOXICILINA 500 MG + CLAVULANATO DE POTASSIO 125MG COMPRIMIDO REVESTIDO.
municipal,amoxicilina,2021,Serra,2.99,unidade,unitario,AMOXICILINA PO PARA SUSP ORAL 50 MG/ML FRASCO COM NO MÍNIMO 60 ML COM COPO DOSADOR GRADUADO 
municipal,prednisona,2021,Serra,0.25,unidade,unitario,PREDNISONA COMPRIMIDO 20MG 
municipal,prednisona,2021,Serra,0.25,unidade,unitario,PREDNISONA COMPRIMIDO 20MG 
municipal,amoxicilina,2021,Serra,10.24,unidade,unitario,AMOXICILINA + CLAVULANATO PO PARA SUSP ORAL 50 MG/ML  + 12 5 MG/ML  FRASCO MINIMO COM 75 ML  COM COPO/COLHER DOSADOR GRA
municipal,amoxicilina,2021,Serra,10.24,unidade,unitario,AMOXICILINA + CLAVULANATO PO PARA SUSP ORAL 50 MG/ML  + 12 5 MG/ML  FRASCO MINIMO COM 75 ML  COM COPO/COLHER DOSADOR GRA
municipal,seringa,2021,Serra,0.6633,unidade,unitario,SERINGA DESCARTAVEL ESTERIL 20ML Seringa  Tipo: estéril  descartável  Capacidade [ML]: 20   Graduação [ML]: escala em gr
municipal,clonazepam,2021,Serra,0.07,unidade,unitario,CLONAZEPAM COMPRIMIDO 2MG                                   
municipal,clonazepam,2021,Serra,0.07,unidade,unitario,CLONAZEPAM COMPRIMIDO 2MG                                   
municipal,clonazepam,2021,Serra,2.52,unidade,unitario,CLONAZEPAM 2 5MG/ML SOLUCAO ORAL GOTAS FRASCO 20ML
municipal,haloperidol,2021,Serra,0.2199,unidade,unitario,HALOPERIDOL COMPRIMIDO 5MG         
municipal,haloperidol,2021,Serra,0.2199,unidade,unitario,HALOPERIDOL COMPRIMIDO 5MG         
municipal,haloperidol,2021,Serra,0.1604,unidade,unitario,HALOPERIDOL COMPRIMIDO 1MG
municipal,fenobarbital,2021,Serra,5.2,unidade,unitario,FENOBARBITAL 40 MG/ML (4%) SOLUCAO ORAL GOTAS  FRASCO 20ML  
municipal,fenobarbital,2021,Serra,0.2318,unidade,unitario,FENOBARBITAL COMPRIMIDO 100MG 
municipal,fenobarbital,2021,Serra,0.2318,unidade,unitario,FENOBARBITAL COMPRIMIDO 100MG 
municipal,aas,2021,Serra,0.0333,unidade,unitario,ACIDO ACETILSALICILICO COMPRIMIDO 100MG 
municipal,fenobarbital,2021,Serra,1.99,unidade,unitario,FENOBARBITAL SODICO SOLUCAO INJETAVEL 100MG/ML AMPOLA 2ML 
municipal,sertralina,2021,Serra,0.18,unidade,unitario,SERTRALINA CLORIDRATO COMPRIMIDO 50MG.  
municipal,sertralina,2021,Serra,0.18,unidade,unitario,SERTRALINA CLORIDRATO COMPRIMIDO 50MG.  
municipal,carne_bovina,2021,Serra,36.67,kg,descricao,CARNE BOVINA  PATINHO EM ISCAS Apresentação: Cortada em iscas com padrão de corte uniforme (aproximadamente 10mm X 80mm
municipal,carne_bovina,2021,Serra,36.67,kg,descricao,CARNE BOVINA  PATINHO EM ISCAS Apresentação: Cortada em iscas com padrão de corte uniforme (aproximadamente 10mm X 80mm
municipal,carne_bovina,2021,Serra,30.11,kg,descricao,CARNE BOVINA  MÚSCULO TRASEIRO MOÍDO Apresentação: moída  limpa  congelada  com aproximadamente 5% de gorduras  sem ten
municipal,carne_bovina,2021,Serra,30.11,kg,descricao,CARNE BOVINA  MÚSCULO TRASEIRO MOÍDO Apresentação: moída  limpa  congelada  com aproximadamente 5% de gorduras  sem ten
municipal,carne_suina,2021,Serra,22.94,kg,descricao,CARNE SUINA - PERNIL TRASEIRO EM CUBOS Apresentação: cortada em cubo de aproximadamente 30mm X 30mm  em padrão uniforme 
municipal,carne_suina,2021,Serra,22.94,kg,descricao,CARNE SUINA - PERNIL TRASEIRO EM CUBOS Apresentação: cortada em cubo de aproximadamente 30mm X 30mm  em padrão uniforme 
municipal,carne_bovina,2021,Serra,31.57,kg,unidade_declarada,CARNE BOVINA CHARQUE DIANTEIRO Primeira qualidade  limpo  com no mínimo 2% de gordura  livre de aponevrose  empacotado a
municipal,carne_bovina,2021,Serra,31.57,kg,unidade_declarada,CARNE BOVINA CHARQUE DIANTEIRO Primeira qualidade  limpo  com no mínimo 2% de gordura  livre de aponevrose  empacotado a
municipal,frango,2021,Serra,14.54,kg,descricao,FILÉZINHO DE PEITO DE FRANGO SASSAMI Apresentação: limpo  sem penugem  sem osso  sem pele  sem gordura  sem cartilagem  
municipal,frango,2021,Serra,14.54,kg,descricao,FILÉZINHO DE PEITO DE FRANGO SASSAMI Apresentação: limpo  sem penugem  sem osso  sem pele  sem gordura  sem cartilagem  
municipal,linguica,2021,Serra,21.71,kg,unidade_declarada,LINGÜIÇA FINA.  De 1ª qualidade  com carnes selecionadas  bem moída  misturada  sem condimentos picantes  sem aponeurose
municipal,linguica,2021,Serra,21.71,kg,unidade_declarada,LINGÜIÇA FINA.  De 1ª qualidade  com carnes selecionadas  bem moída  misturada  sem condimentos picantes  sem aponeurose
municipal,azitromicina,2021,Serra,1.63,unidade,unitario,AZITROMICINA COMPRIMIDO REVESTIDO 500MG
municipal,vassoura,2021,Serra,11.29,unidade,unitario,Descrição / matéria-prima: Vassoura de piaçava com cabo de madeira fixado ao taco e este ao corpo através do revestiment
municipal,pano_chao,2021,Serra,4.8,unidade,unitario,Pano de chão  dimensão mínima  85 cm x 60 cm Pano branco alvejado para chão  tipo saco  duplo  100% de algodão  pré-amac
municipal,detergente,2021,Serra,3.8,litro,descricao,Detergente líquido biodegradável  princípio ativo linear alquil benzeno sulfonato de sódio  teor mínimo de 6%  composiçã
municipal,papel_higienico,2021,Serra,4.77,rolo,unitario,PAPEL HIGIÊNICO  embalagem com 04 ROLOS  de 60 metros x 10 cm  branco   100% fibras Naturais  não reciclado  picotado  g
municipal,sabonete,2021,Serra,13.47,unidade,unitario,Sabonete Líquido  pH neutro  biodegradável  com registro no ministério da saúde  com rótulo de composição  fabricante  u
municipal,desinfetante,2021,Serra,12.9,litro,heuristica,DESINFETANTE  concentrado com alto poder bactericida e germicida  com alto rendimento na desinfecção e limpeza de sanitá
municipal,amoxicilina,2021,Serra,0.6378,unidade,unitario,AMOXICILINA 500 MG + CLAVULANATO DE POTASSIO 125MG COMPRIMIDO REVESTIDO.
municipal,monitor,2021,Serra,799.97,unidade,unitario,CÂMERA DIGITAL:  CARACTERÍSTICAS MÍNIMAS: 1.1. CÂMERA DIGITAL COM NO MÍNIMO 14 1 MEGAPIXELS; 1.2. NÚMERO TOTAL DE PIXELS
municipal,salbutamol,2021,Serra,2.06,unidade,unitario,SALBUTAMOL SULFATO SOLUCAO INJETAVEL 0 5MG/ML AMPOLA 1ML 
municipal,sal,2021,Serra,1.15,kg,descricao,SAL REFINADO IODADO; tipo 1  extraído de fontes naturais. Devendo ser entregue com peso líquido de 01 kg. em embalagem p
municipal,sal,2021,Serra,1.15,kg,descricao,SAL REFINADO IODADO; tipo 1  extraído de fontes naturais. Devendo ser entregue com peso líquido de 01 kg. em embalagem p
municipal,farinha_mandioca,2021,Serra,3.3,kg,descricao,FARINHA DE MANDIOCA; tipo 1   de primeira qualidade  torrada  seca  fina  classe branca. Devendo ser entregue com peso l
municipal,farinha_mandioca,2021,Serra,3.3,kg,descricao,FARINHA DE MANDIOCA; tipo 1   de primeira qualidade  torrada  seca  fina  classe branca. Devendo ser entregue com peso l
municipal,beterraba,2021,Serra,4.11,kg,unidade_declarada,BETERRABA; De elevada qualidade. Sem folhas  e sem defeitos  suficientemente desenvolvida. Com aspecto  aroma e sabor tí
municipal,beterraba,2021,Serra,4.11,kg,unidade_declarada,BETERRABA; De elevada qualidade. Sem folhas  e sem defeitos  suficientemente desenvolvida. Com aspecto  aroma e sabor tí
municipal,farinha_trigo,2021,Serra,5.46,kg,descricao,MACARRÃO PARAFUSO  tipo 1  massa de sêmola com ovos  farinha de trigo especial  embalagem original de 500 g  rotulagem d
municipal,farinha_trigo,2021,Serra,5.46,kg,descricao,MACARRÃO PARAFUSO  tipo 1  massa de sêmola com ovos  farinha de trigo especial  embalagem original de 500 g  rotulagem d
municipal,arroz,2021,Serra,4.78,kg,descricao,ARROZ AGULHINHA  classe longo fino  tipo 1  isento de mofo  odores estranhos  substâncias nocivas  coloração uniforme e 
municipal,arroz,2021,Serra,4.78,kg,descricao,ARROZ AGULHINHA  classe longo fino  tipo 1  isento de mofo  odores estranhos  substâncias nocivas  coloração uniforme e 
municipal,feijao,2021,Serra,6.74,kg,descricao,FEIJÃO PRETO TIPO 1  de primeira qualidade  in natura  novo  grãos inteiros  aspecto brilhoso  liso  isento de matéria t
municipal,feijao,2021,Serra,6.74,kg,descricao,FEIJÃO PRETO TIPO 1  de primeira qualidade  in natura  novo  grãos inteiros  aspecto brilhoso  liso  isento de matéria t
municipal,fuba,2021,Serra,3.17,kg,descricao,FUBÁ DE MILHO  tipo 1  produzido a partir de grão de milho de primeira qualidade  produto amarelo  de aspecto fino  livr
municipal,fuba,2021,Serra,3.17,kg,descricao,FUBÁ DE MILHO  tipo 1  produzido a partir de grão de milho de primeira qualidade  produto amarelo  de aspecto fino  livr
municipal,acucar,2021,Serra,3.15,kg,heuristica,AÇÚCAR CRISTAL tipo 1  
municipal,acucar,2021,Serra,3.15,kg,heuristica,AÇÚCAR CRISTAL tipo 1  
municipal,leite_po,2021,Serra,27.7,kg,heuristica,LEITE EM PÓ INTEGRAL INSTANTÂNEO  com no mínimo 26% de gorduras e mínimo 235mg de cálcio na porção de 25 gramas. Devendo
municipal,leite_po,2021,Serra,27.7,kg,heuristica,LEITE EM PÓ INTEGRAL INSTANTÂNEO  com no mínimo 26% de gorduras e mínimo 235mg de cálcio na porção de 25 gramas. Devendo
municipal,acucar,2021,Serra,1.77,kg,heuristica,BISCOITO DOCE TIPO MAISENA  constituído basicamente de: farinha de trigo rica em ferro e ácido fólico  amido  açúcar  le
municipal,acucar,2021,Serra,1.77,kg,heuristica,BISCOITO DOCE TIPO MAISENA  constituído basicamente de: farinha de trigo rica em ferro e ácido fólico  amido  açúcar  le
municipal,frango,2021,Serra,13.26,kg,descricao,FILEZINHO DE PEITO DE FRANGO SASSAMI. Apresentação: limpo  sem penugem  sem osso  sem pele  sem gordura  sem cartilagem 
municipal,frango,2021,Serra,13.26,kg,descricao,FILEZINHO DE PEITO DE FRANGO SASSAMI. Apresentação: limpo  sem penugem  sem osso  sem pele  sem gordura  sem cartilagem 
municipal,cebola,2021,Serra,5.01,kg,unidade_declarada,CEBOLA BRANCA  tipo EXTRA  
municipal,cebola,2021,Serra,5.01,kg,unidade_declarada,CEBOLA BRANCA  tipo EXTRA  
municipal,cenoura,2021,Serra,4.1,kg,unidade_declarada,CENOURA  categoria EXTRA  classe longa (entre 17 e 25 cm)  isenta ou com limite máximo de 1% de defeitos. Para consumo i
municipal,cenoura,2021,Serra,4.1,kg,unidade_declarada,CENOURA  categoria EXTRA  classe longa (entre 17 e 25 cm)  isenta ou com limite máximo de 1% de defeitos. Para consumo i
municipal,chuchu,2021,Serra,1.83,kg,unidade_declarada,CHUCHU  TIPO EXTRA. Graúdo  ou seja  tamanhos uniformes entre 12 e 18cm de comprimento. Fisiologicamente desenvolvido  b
municipal,chuchu,2021,Serra,1.83,kg,unidade_declarada,CHUCHU  TIPO EXTRA. Graúdo  ou seja  tamanhos uniformes entre 12 e 18cm de comprimento. Fisiologicamente desenvolvido  b
municipal,inhame,2021,Serra,4.44,kg,unidade_declarada,INHAME  tipo dedo  categoria EXTRA  tamanho e colorações uniformes  isentos de defeitos mecânicos  teor reduzido de suji
municipal,inhame,2021,Serra,4.44,kg,unidade_declarada,INHAME  tipo dedo  categoria EXTRA  tamanho e colorações uniformes  isentos de defeitos mecânicos  teor reduzido de suji
municipal,oleo_soja,2021,Serra,9.4556,litro,descricao,ÓLEO DE SOJA  de 1ª qualidade  100% natural. Devendo ser entregue em embalagem original com 900 ml. Validade e Rotulagem
municipal,oleo_soja,2021,Serra,9.4556,litro,descricao,ÓLEO DE SOJA  de 1ª qualidade  100% natural. Devendo ser entregue em embalagem original com 900 ml. Validade e Rotulagem
municipal,hidroclorotiazida,2021,Serra,0.0167,unidade,unitario,HIDROCLOROTIAZIDA COMPRIMIDO 25MG 
municipal,metronidazol,2021,Serra,4.33,unidade,unitario,METRONIDAZOL CREME VAGINAL 100MG/G BISNAGA 50G  METRONIDAZOL 100MG/G GEL VAGINAL TUBO 50G; COM 10 APLICADORES PARA USO I
municipal,captopril,2021,Serra,0.0319,unidade,unitario,CAPTOPRIL COMPRIMIDO 25MG
municipal,carbamazepina,2021,Serra,0.155,unidade,unitario,CARBAMAZEPINA COMPRIMIDO 200MG         
municipal,fenobarbital,2021,Serra,0.1155,unidade,unitario,FENOBARBITAL COMPRIMIDO 100MG 
municipal,dexametasona,2021,Serra,6.69,unidade,unitario,DEXAMETASONA SUSPENSAO OFTALMICA 1MG/ML 0 1% FRASCO 5ML 
municipal,atenolol,2021,Serra,0.0544,unidade,unitario,ATENOLOL COMPRIMIDO 50MG
municipal,carbamazepina,2021,Serra,0.2,unidade,unitario,CARBAMAZEPINA COMPRIMIDO 200MG         
municipal,atenolol,2021,Serra,0.0899,unidade,unitario,ATENOLOL COMPRIMIDO 50MG
municipal,notebook,2021,Serra,2750.0,unidade,unitario,NOTEBOOK TIPO 1.1 CHROMEBOOK CLAMSHELL;  PROCESSADOR:2.1 FREQUÊNCIA DE OPERAÇÃO INTERNAMÍNIMA DE 1.10 GHZ; 2.2 CASO POSS
municipal,vassoura,2021,Serra,11.29,unidade,unitario,Descrição / matéria-prima: Vassoura de piaçava com cabo de madeira fixado ao taco e este ao corpo através do revestiment
municipal,pano_chao,2021,Serra,4.8,unidade,unitario,Pano de chão  dimensão mínima  85 cm x 60 cm Pano branco alvejado para chão  tipo saco  duplo  100% de algodão  pré-amac
municipal,desinfetante,2021,Serra,12.9,litro,heuristica,DESINFETANTE  concentrado com alto poder bactericida e germicida  com alto rendimento na desinfecção e limpeza de sanitá
municipal,sabonete,2021,Serra,13.47,unidade,unitario,Sabonete Líquido  pH neutro  biodegradável  com registro no ministério da saúde  com rótulo de composição  fabricante  u
municipal,papel_higienico,2021,Serra,4.77,rolo,unitario,PAPEL HIGIÊNICO  embalagem com 04 ROLOS  de 60 metros x 10 cm  branco   100% fibras Naturais  não reciclado  picotado  g
municipal,detergente,2021,Serra,3.8,litro,descricao,Detergente líquido biodegradável  princípio ativo linear alquil benzeno sulfonato de sódio  teor mínimo de 6%  composiçã
municipal,dexametasona,2021,Serra,0.905,unidade,unitario,DEXAMETASONA FOSFATO DISSODICO SOL INJ 4MG/ML FA 2 5ML OU AMPOLA 2 5ML. 
municipal,amoxicilina,2019,Vitória,8.6375,unidade,unitario,AMOXICILINA + ÁCIDO CLAVULÂNICO  Concentração [mg/ml]: 50 + 12 5  Forma farmacêutica: Pó para suspensão oral  Apresentaç
municipal,cadeira,2019,Vitória,420.0,unidade,unitario,Cadeira giratória com apoio para braços  espaldar médio (padrão servidor). Encosto Revestido Interno em polipropileno in
municipal,frango,2019,Vitória,15.725,kg,descricao,CARNE  Tipo/Modelo: Filé de peito de frango  Apresentação: Limpa e Congelada  Registro: SIF ou SIE  Embalagem: Plástica 
municipal,frango,2019,Vitória,15.725,kg,descricao,CARNE  Tipo/Modelo: Filé de peito de frango  COTA EXCLUSIVA MEI ME EPP. Registro: SIF ou SIE  Embalagem: Plástica termos
municipal,atenolol,2019,Vitória,0.0293,unidade,unitario,ATENOLOL  Concentração [mg]: 50  Forma farmacêutica: Comprimido
municipal,metformina,2019,Vitória,0.0526,unidade,unitario,METFORMINA  Concentração [mg]: 850  Forma farmacêutica: Comprimido Revestido
municipal,albendazol,2019,Vitória,1.0762,unidade,unitario,ALBENDAZOL  Concentração [mg/ml]: 40  Forma farmacêutica: Suspensão Oral  Apresentação: Frasco  Conteúdo [ml]: 10
municipal,metformina,2019,Vitória,0.0599,unidade,unitario,METFORMINA  Concentração [mg]: 500  Forma farmacêutica: Comprimido
municipal,prednisona,2019,Vitória,0.08,unidade,unitario,PREDNISONA  Concentração [mg]: 5  Forma farmacêutica: Comprimido
municipal,ibuprofeno,2019,Vitória,1.0455,unidade,unitario,IBUPROFENO  Concentração [mg/ml]: 50  Apresentação: Suspensão Oral  Conteúdo [ml]: 30 
municipal,cadeira,2019,Vitória,420.0,unidade,unitario,Cadeira giratória com apoio para braços  espaldar médio (padrão servidor). Encosto Revestido Interno em polipropileno in
municipal,torneira,2019,Vitória,45.2,unidade,unitario,REPARO  Tipo: Torneira  Aplicação: Automática
municipal,disjuntor,2019,Vitória,44.11,unidade,unitario,CAIXA  Aplicação: Para sobrepor  Complemento: Com disjuntor bipolar 25 A  com tomada 20 A.
municipal,paracetamol,2019,Vitória,0.625,unidade,unitario,PARACETAMOL  Concentração [mg/ml]: 200  Forma farmacêutica: Solução Oral  Apresentação: Gotas  Embalagem: Frasco  Conteú
municipal,dipirona,2019,Vitória,1.788,unidade,unitario,ESCOPOLAMINA  BUTILBROMETO + DIPIRONA SÓDICA  Concentração [mg/ml]: 4 + 500  Forma farmacêutica: Solução injetável  Apre
municipal,furosemida,2019,Vitória,0.484,unidade,unitario,FUROSEMIDA  Concentração [mg/ml]: 10  Forma farmacêutica: Solução injetável  Apresentação: Ampola  Conteúdo [ml]: 2 
municipal,dipirona,2019,Vitória,0.3497,unidade,unitario,DIPIRONA SÓDICA  Concentração [mg/ml]: 500  Forma farmacêutica: Solução injetável  Apresentação: Ampola  Conteúdo [ml]: 
municipal,levotiroxina,2019,Vitória,0.0636,unidade,unitario,LEVOTIROXINA SÓDICA  Concentração [mcg]: 50  Forma farmacêutica: Comprimido
municipal,levotiroxina,2019,Vitória,0.0613,unidade,unitario,LEVOTIROXINA SÓDICA  Concentração [mcg]: 25  Forma farmacêutica: Comprimido
municipal,fralda,2019,Vitória,1.66,unidade,unitario,FRALDA GERIÁTRICA  Tipo: Descartável  Tamanho: M  Formato: Anatômico  Camada Interna: Não-tecido  fibras de celulose  ge
municipal,fralda,2019,Vitória,2.3,unidade,unitario,FRALDA GERIÁTRICA  Tipo: Descartável  Tamanho: EG  Formato: Anatômico  Camada Interna: Não-tecido  fibras de celulose  g
municipal,fralda,2019,Vitória,1.93,unidade,unitario,FRALDA GERIÁTRICA  Tipo: Descartável  Tamanho: G  Formato: Anatômico  Camada Interna: Não-tecido  fibras de celulose  ge
municipal,amoxicilina,2019,Vitória,3.6999,unidade,unitario,AMOXICILINA  Concentração [mg/ml]: 50  Forma farmacêutica: Suspensão Oral  Apresentação: Frasco  Conteúdo [ml]: 60  Acom
municipal,amoxicilina,2019,Vitória,14.1904,unidade,unitario,AMOXICILINA + ÁCIDO CLAVULÂNICO  Concentração [mg/ml]: 50 + 12 5  Forma farmacêutica: Pó para suspensão oral  Apresentaç
municipal,seringa,2019,Vitória,0.58,unidade,unitario,SERINGA HIPODÉRMICA  Modelo: Estéril  descartável  Capacidade [ml]: 20  Característica: Sem Agulha  Bico: Luer Slip  Cil
municipal,seringa,2019,Vitória,0.32,unidade,unitario,SERINGA HIPODÉRMICA  Modelo: Estéril  descartável  Capacidade [ml]: 1  Característica: Sem Agulha  Bico: Luer Lock  Cili
municipal,seringa,2019,Vitória,0.69,unidade,unitario,SERINGA HIPODÉRMICA  Modelo: Estéril  descartável  Capacidade [ml]: 20  Característica: Sem Agulha  Bico: Luer Lock  Cil
municipal,seringa,2019,Vitória,0.51,unidade,unitario,SERINGA HIPODÉRMICA  Modelo: Estéril  descartável  Capacidade [ml]: 5  Característica: Sem Agulha  Bico: Luer Lock  Cili
municipal,seringa,2019,Vitória,0.48,unidade,unitario,SERINGA HIPODÉRMICA  Modelo: Estéril  descartável  Capacidade [ml]: 3  Característica: Sem Agulha  Bico: Luer Lock  Cili
municipal,seringa,2019,Vitória,0.66,unidade,unitario,SERINGA HIPODÉRMICA  Modelo: Estéril  descartável  Capacidade [ml]: 10  Característica: Sem Agulha  Bico: Luer Lock  Cil
municipal,diazepam,2019,Vitória,0.5569,unidade,unitario,DIAZEPAM  Concentração [mg/ml]: 5  Forma farmacêutica: Solução injetável  Apresentação: Ampola  Conteúdo [ml]: 2 
municipal,metronidazol,2019,Vitória,0.1066,unidade,unitario,METRONIDAZOL  Concentração [mg]: 250  Forma farmacêutica: Comprimido
municipal,sinvastatina,2019,Vitória,0.0579,unidade,unitario,SINVASTATINA  Concentração [mg]: 20  Forma farmacêutica: Comprimido 
municipal,diazepam,2019,Vitória,0.0539,unidade,unitario,DIAZEPAM  Concentração [mg]: 10  Forma farmacêutica: Comprimido 
municipal,amitriptilina,2019,Vitória,0.0355,unidade,unitario,AMITRIPTILINA  CLORIDRATO  Concentração [mg]: 25  Forma farmacêutica: Comprimido 
municipal,luva_procedimento,2019,Vitória,17.6,caixa_100,unitario,LUVA DE PROCEDIMENTO  Modelo: Não esteril  Material: Látex natural ou nitrílico  Tamanho: G  Detalhes: Ambidestra  resis
municipal,luva_procedimento,2019,Vitória,18.08,caixa_100,unitario,LUVA DE PROCEDIMENTO  Modelo: Não esteril  Material: Látex natural ou nitrílico  Tamanho: P  Detalhes: Ambidestra  resis
municipal,luva_procedimento,2019,Vitória,17.53,caixa_100,unitario,LUVA DE PROCEDIMENTO  Modelo: Não esteril  Material: Látex natural ou nitrílico  Tamanho: M  Detalhes: Ambidestra  resis
municipal,enalapril,2019,Vitória,0.06,unidade,unitario,ENALAPRIL  MALEATO  Concentração [mg]: 5  Forma farmacêutica: Comprimido
municipal,atenolol,2020,Vitória,0.0375,unidade,unitario,ATENOLOL  Concentração [mg]: 50  Forma farmacêutica: Comprimido
municipal,aas,2020,Vitória,0.0211,unidade,unitario,ÁCIDO ACETILSALICÍLICO  Concentração [mg]: 100  Forma farmacêutica: Comprimido
municipal,amoxicilina,2019,Vitória,0.1495,unidade,unitario,AMOXICILINA  Concentração [mg]: 500  Forma farmacêutica: Cápsula
municipal,cefalexina,2019,Vitória,0.2095,unidade,unitario,CEFALEXINA  Concentração [mg]: 500  Forma farmacêutica: Cápsula/Comprimido 
municipal,enalapril,2020,Vitória,0.0398,unidade,unitario,ENALAPRIL  MALEATO  Concentração [mg]: 10  Forma farmacêutica: Comprimido
municipal,ranitidina,2020,Vitória,5.09,unidade,unitario,RANITIDINA  Concentração [mg/ml]: 15  Forma farmacêutica: Xarope  Conteúdo [ml]: 120  Detalhe: Com dosador graduado 
municipal,omeprazol,2020,Vitória,0.0748,unidade,unitario,OMEPRAZOL  Concentração [mg]: 20  Forma farmacêutica: Cápsula  Apresentação: Blister 
municipal,losartana,2020,Vitória,0.0556,unidade,unitario,LOSARTANA  POTÁSSICO  Concentração [mg]: 50  Forma farmacêutica: Comprimido 
municipal,anlodipino,2019,Vitória,0.0592,unidade,unitario,ANLODIPINO  BESILATO  Concentração [mg]: 10  Forma farmacêutica: Comprimido
municipal,paracetamol,2020,Vitória,0.7694,unidade,unitario,PARACETAMOL  Concentração [mg/ml]: 200  Forma farmacêutica: Solução Oral  Apresentação: Gotas  Embalagem: Frasco  Conteú
municipal,dipirona,2020,Vitória,1.42,unidade,unitario,DIPIRONA SÓDICA  Concentração [mg/ml]: 500  Forma farmacêutica: Solução Oral Gotas  Apresentação: Frasco  Conteúdo [ml]:
municipal,dexametasona,2019,Vitória,0.4893,unidade,unitario,DEXAMETASONA  Composição: FOSFATO DISSÓDICO  Concentração [mg/ml]: 4  Forma Farmacêutica: Solução Injetável  Apresentaçã
municipal,haloperidol,2020,Vitória,0.1762,unidade,unitario,HALOPERIDOL  Concentração [mg]: 5  Forma farmacêutica: Comprimido 
municipal,fenobarbital,2020,Vitória,0.1106,unidade,unitario,FENOBARBITAL  Concentração [mg]: 100  Forma farmacêutica: Comprimido
municipal,cefalexina,2020,Vitória,7.0835,unidade,unitario,CEFALEXINA  Concentração [mg/ml]: 50  Forma farmacêutica: Suspensão Oral  Conteúdo [ml]: 60  Detalhe: Com dosador gradua
municipal,levotiroxina,2020,Vitória,0.0903,unidade,unitario,LEVOTIROXINA SÓDICA  Concentração [mcg]: 50  Forma farmacêutica: Comprimido
municipal,levotiroxina,2020,Vitória,0.0895,unidade,unitario,LEVOTIROXINA SÓDICA  Concentração [mcg]: 100  Forma farmacêutica: Comprimido
municipal,levotiroxina,2020,Vitória,0.089,unidade,unitario,LEVOTIROXINA SÓDICA  Concentração [mcg]: 25  Forma farmacêutica: Comprimido
municipal,dexametasona,2020,Vitória,6.08,unidade,unitario,DEXAMETASONA  Concentração [%]: 0 1  Forma farmacêutica: Suspensão oftálmica  Apresentação: Frasco
municipal,enalapril,2020,Vitória,0.0666,unidade,unitario,ENALAPRIL  MALEATO  Concentração [mg]: 5  Forma farmacêutica: Comprimido
municipal,fenobarbital,2020,Vitória,3.448,unidade,unitario,FENOBARBITAL  Concentração [mg/ml]: 40  Forma farmacêutica: Solução Oral  Apresentação: Gotas  Embalagem: Frasco  Conteú
municipal,fenobarbital,2020,Vitória,1.7653,unidade,unitario,FENOBARBITAL  Concentração [mg/ml]: 100  Forma farmacêutica: Solução injetável  Apresentação: Ampola  Conteúdo [ml]: 2
municipal,sinvastatina,2020,Vitória,0.0672,unidade,unitario,SINVASTATINA  Concentração [mg]: 20  Forma farmacêutica: Comprimido 
municipal,metronidazol,2020,Vitória,0.1306,unidade,unitario,METRONIDAZOL  Concentração [mg]: 250  Forma farmacêutica: Comprimido
municipal,metformina,2020,Vitória,0.0741,unidade,unitario,METFORMINA  Concentração [mg]: 500  Forma farmacêutica: Comprimido
municipal,metronidazol,2020,Vitória,5.16,unidade,unitario,METRONIDAZOL  Concentração [mg/g]: 100  Forma farmacêutica: Creme vaginal/Gel vaginal/Geléia vaginal  Apresentação: Tubo
municipal,dexametasona,2020,Vitória,0.5943,unidade,unitario,DEXAMETASONA  Composição: FOSFATO DISSÓDICO  Concentração [mg/ml]: 4  Forma Farmacêutica: Solução Injetável  Apresentaçã
municipal,amoxicilina,2020,Vitória,0.18,unidade,unitario,AMOXICILINA  Concentração [mg]: 500  Forma farmacêutica: Cápsula
municipal,amitriptilina,2020,Vitória,0.039,unidade,unitario,AMITRIPTILINA  CLORIDRATO  Concentração [mg]: 25  Forma farmacêutica: Comprimido 
municipal,carbamazepina,2020,Vitória,0.133,unidade,unitario,CARBAMAZEPINA  Concentração [mg]: 200  Forma farmacêutica: Comprimido 
municipal,clonazepam,2020,Vitória,0.0695,unidade,unitario,CLONAZEPAM  Concentração [mg]: 0 5  Forma farmacêutica: Comprimido 
municipal,prednisona,2020,Vitória,0.1004,unidade,unitario,PREDNISONA  Concentração [mg]: 5  Forma farmacêutica: Comprimido
municipal,grampeador,2019,Vitória,28.2,unidade,unitario,GRAMPEADOR  Modelo: DE MESA  GARANTIA: 05 anos  ESTRUTURA: Metal  FUNÇÕES: grampeamento  tacheamento [abertura de 180º] 
municipal,loratadina,2020,Vitória,3.0831,unidade,unitario,LORATADINA  Concentração [mg/ml]: 1  Forma farmacêutica: Xarope  Conteúdo [ml]: 100  Detalhe: Com dosador graduado
municipal,glibenclamida,2020,Vitória,0.0225,unidade,unitario,GLIBENCLAMIDA  Concentração [mg]: 5  Forma farmacêutica: Comprimido 
municipal,ranitidina,2020,Vitória,0.1279,unidade,unitario,RANITIDINA  Concentração [mg]: 150  Forma farmacêutica: Comprimido 
municipal,hidroclorotiazida,2020,Vitória,0.0155,unidade,unitario,HIDROCLOROTIAZIDA  Concentração [mg]: 25  Forma farmacêutica: Comprimido
municipal,loratadina,2020,Vitória,0.0544,unidade,unitario,LORATADINA  Concentração [mg]: 10  Forma farmacêutica: Comprimido
municipal,ibuprofeno,2020,Vitória,1.3396,unidade,unitario,IBUPROFENO  Concentração [mg/ml]: 50  Apresentação: Suspensão Oral  Conteúdo [ml]: 30 
municipal,notebook,2020,Vitória,5014.87,unidade,unitario,PAINEL PARA FIXAÇÃO DOS SUPORTES DOS MONITORES EM PAREDE   Descrição:  PAINEL PARA FIXAÇÃO DOS SUPORTES DOS MONITORES EM
municipal,notebook,2020,Vitória,3388.77,unidade,unitario,PAINEL PARA FIXAÇÃO DOS SUPORTES DOS MONITORES EM PAREDE   Descrição:  PAINEL PARA FIXAÇÃO DOS SUPORTES DOS MONITORES EM
municipal,notebook,2020,Vitória,1914.32,unidade,unitario,PAINEL PARA FIXAÇÃO DOS SUPORTES DOS MONITORES EM PAREDE   Descrição:  PAINEL PARA FIXAÇÃO DOS SUPORTES DOS MONITORES EM
municipal,monitor,2020,Vitória,2801.2,unidade,unitario,MONITOR DE VIDEO/TV   (Cota Reservada)  O monitor de LED  com tamanho mínimo de 42 diagonal nominal;   O monitor deve
municipal,monitor,2020,Vitória,3003.8,unidade,unitario,SUPORTE  Aplicação: Com bandeja e rodas para o monitor de vídeo/TV. (Cota Reservada)   Suporte com instalação para moni
municipal,monitor,2020,Vitória,3003.8,unidade,unitario,SUPORTE  Aplicação: Com bandeja e rodas para o monitor de vídeo/TV.   Suporte com instalação para monitor de vídeo/TV d
municipal,notebook,2020,Vitória,2530.53,unidade,unitario,PAINEL PARA FIXAÇÃO DOS SUPORTES DOS MONITORES EM PAREDE   Descrição:  PAINEL PARA FIXAÇÃO DOS SUPORTES DOS MONITORES EM
municipal,monitor,2020,Vitória,2801.2,unidade,unitario,MONITOR DE VIDEO/TV - O monitor de LED  com tamanho mínimo de 42 diagonal nominal;   O monitor deve possuir proporção 
municipal,dexametasona,2019,Vitória,5.8,unidade,unitario,DEXAMETASONA  Concentração [%]: 0 1  Forma farmacêutica: Suspensão oftálmica  Apresentação: Frasco
municipal,diazepam,2019,Vitória,1.0,unidade,unitario,DIAZEPAM  Concentração [mg/ml]: 5  Forma farmacêutica: Solução injetável  Apresentação: Ampola  Conteúdo [ml]: 2 
municipal,envelope,2020,Vitória,0.29,unidade,unitario,IMPRESSO  Modelo: 157  Destinação [Órgão]: SEGES/ADJ  Nome do Formulário: ENVELOPE 1/2 OFÍCIO TIMBRADO  Formato [Cm]: 11
municipal,seringa,2020,Vitória,3.11,unidade,unitario,Seringa  plástica 20ml 
municipal,tesoura,2020,Vitória,12.28,unidade,unitario,Tesoura sem ponta com cabo plástico tamanho aproximado 11cm. 
municipal,torneira,2020,Vitória,40.13,unidade,unitario,Ampola de decantação: em vidro liso  tampa plástica  torneira de vidro  50mL. 
municipal,haloperidol,2020,Vitória,6.6471,unidade,unitario,HALOPERIDOL  DECANOATO  Concentração [mg/ml]: 50  Forma farmacêutica: Solução injetável  Apresentação: Ampola  Conteúdo 
municipal,clonazepam,2020,Vitória,2.085,unidade,unitario,CLONAZEPAM  Concentração [mg/ml]: 2 5  Forma farmacêutica: Solução oral  Conteúdo [ml]: 20 
municipal,amoxicilina,2020,Vitória,4.365,unidade,unitario,AMOXICILINA  Concentração [mg/ml]: 50  Forma farmacêutica: Suspensão Oral  Apresentação: Frasco  Conteúdo [ml]: 60  Acom
municipal,azitromicina,2020,Vitória,7.4503,unidade,unitario,AZITROMICINA  Concentração [mg/ml]: 40  Forma farmacêutica: Pó para suspensão oral  Apresentação: Frasco  Conteúdo [ml]:
municipal,envelope,2020,Vitória,1.922,unidade,unitario,AMOXICILINA + ÁCIDO CLAVULÂNICO  Concentração [mg]: 875 + 125  Forma farmacêutica: Comprimido  Apresentação: Blister/env
municipal,salbutamol,2020,Vitória,7.6112,unidade,unitario,SALBUTAMOL  Concentração [mcg/dose]: 100  Apresentação: Aerossol  Conteúdo [dose]: 200  Detalhe: Este medicamento não de
municipal,salbutamol,2020,Vitória,1.852,unidade,unitario,SALBUTAMOL  SULFATO  Concentração [mg/ml]: 0 5  Forma farmacêutica: Solução injetável  Apresentação: Ampola  Conteúdo [m
municipal,torneira,2020,Vitória,267.86,unidade,unitario,LOCAÇÃO  Tipo: Banheiro hidráulico  Complemento: Montado em Estrutura de fibra de vidro com espessura no mínima de 3mm  
municipal,vassoura,2019,Vitória,18.85,unidade,unitario,VASSOURA  Cabo [material]: Madeira resistente e lixada  isento de nós  Cepa: Madeira  Cerdas: Piaçava  Tipo/Modelo: Piaç
municipal,vassoura,2019,Vitória,21.58,unidade,unitario,VASSOURA GARI  Cabo [material]: Madeira  Comprimento [m]: 1 40 a 1 60  Largura [cm]: 35 a 45 
municipal,dipirona,2020,Vitória,0.4036,unidade,unitario,DIPIRONA SÓDICA  Concentração [mg/ml]: 500  Forma farmacêutica: Solução injetável  Apresentação: Ampola  Conteúdo [ml]: 
municipal,pneu,2019,Vitória,2357.5,unidade,unitario,LOCAÇÃO DICICLO  veículo de rodas lado-a-lado   LOCAÇÃO DICICLO  veículo de rodas lado-a-lado com as seguintes caracterí
municipal,seringa,2020,Vitória,0.3,unidade,unitario,SERINGA  Tipo: Estéril  descartável  Modelo: Tuberculina  Capacidade [ml]: 1  Caracteristica: Com agulha  Tamanho [mm]: 
municipal,seringa,2020,Vitória,0.75,unidade,unitario,SERINGA HIPODÉRMICA  Modelo: Estéril  descartável  Capacidade [ml]: 20  Característica: Sem Agulha  Bico: Luer Lock  Cil
municipal,seringa,2020,Vitória,0.46,unidade,unitario,SERINGA HIPODÉRMICA  Modelo: Estéril  descartável  Capacidade [ml]: 20  Característica: Sem Agulha  Bico: Luer Slip  Cil
municipal,seringa,2020,Vitória,0.35,unidade,unitario,SERINGA HIPODÉRMICA  Modelo: Estéril  descartável  Capacidade [ml]: 5  Característica: Sem Agulha  Bico: Luer Lock  Cili
municipal,seringa,2020,Vitória,0.35,unidade,unitario,SERINGA HIPODÉRMICA  Modelo: Estéril  descartável  Capacidade [ml]: 3  Característica: Sem Agulha  Bico: Luer Lock  Cili
municipal,seringa,2020,Vitória,0.43,unidade,unitario,SERINGA HIPODÉRMICA  Modelo: Estéril  descartável  Capacidade [ml]: 10  Característica: Sem Agulha  Bico: Luer Lock  Cil
municipal,albendazol,2019,Vitória,0.378,unidade,unitario,ALBENDAZOL  Concentração [mg]: 400  Forma farmacêutica: Comprimido mastigável
municipal,diazepam,2020,Vitória,0.0817,unidade,unitario,DIAZEPAM  Concentração [mg]: 5  Forma farmacêutica: Comprimido
municipal,diazepam,2020,Vitória,0.0862,unidade,unitario,DIAZEPAM  Concentração [mg]: 10  Forma farmacêutica: Comprimido 
municipal,furosemida,2020,Vitória,0.0488,unidade,unitario,FUROSEMIDA  Concentração [mg]: 40  Forma farmacêutica: Comprimido
municipal,clonazepam,2020,Vitória,0.0521,unidade,unitario,CLONAZEPAM  Concentração [mg]: 2  Forma farmacêutica: Comprimido
municipal,notebook,2019,Vitória,5898.13,unidade,unitario,Locação de Sistema de Transmissão Simultânea com 02 Câmeras com Tripé  01 grua com Lança de 6 00 metros  Mesa de Corte e
municipal,farinha_trigo,2019,Vitória,2.05,kg,heuristica,DISTRIBUIÇÃO GRATUITA  Objeto: Macarrão  Tipo/Modelo: Parafuso  Embalagem [Tipo]: Plástica Transparente Atóxica  Embalag
municipal,paracetamol,2019,Vitória,0.625,unidade,unitario,PARACETAMOL  Concentração [mg/ml]: 200  Forma farmacêutica: Solução Oral  Apresentação: Gotas  Embalagem: Frasco  Conteú
municipal,seringa,2020,Vitória,3.33,unidade,unitario,SERINGA PARA GASOMETRIA  Material: Plástico  incolor e transparente  Contendo: Heparina lítica balanceada no interior da
municipal,seringa,2020,Vitória,3.0,unidade,unitario,SERINGA PARA GASOMETRIA  Material: Plástico  incolor e transparente  Contendo: Heparina lítica balanceada no interior da
municipal,risperidona,2020,Vitória,0.1045,unidade,unitario,RISPERIDONA  Concentração [mg]: 2  Forma farmacêutica: Comprimido 
municipal,risperidona,2020,Vitória,0.092,unidade,unitario,RISPERIDONA  Concentração [mg]: 1  Forma farmacêutica: Cápsula/Comprimido 
municipal,haloperidol,2020,Vitória,0.1337,unidade,unitario,HALOPERIDOL  Concentração [mg]: 1  Forma farmacêutica: Comprimido
municipal,ranitidina,2020,Vitória,0.4883,unidade,unitario,RANITIDINA  Concentração [mg/ml]: 25  Forma farmacêutica: Solução injetável  Apresentação: Ampola  Conteúdo [ml]: 2 
municipal,haloperidol,2020,Vitória,1.4388,unidade,unitario,HALOPERIDOL  Concentração [mg/ml]: 5  Forma farmacêutica: Solução injetável  Apresentação: Ampola  Conteúdo [ml]: 1
municipal,seringa,2020,Vitória,0.3,unidade,unitario,SERINGA  Tipo: Estéril  descartável  Modelo: U50 - Insulina com escala de 1 em 1 unidade  Capacidade [ml]: 0 5  Caracter
municipal,seringa,2020,Vitória,0.25,unidade,unitario,SERINGA  Tipo: Estéril  descartável  Modelo: U100 - Insulina com escala de 2 em 2 unidades  Capacidade [ml]: 1  Caracter
municipal,envelope,2019,Vitória,0.28,unidade,unitario,ENVELOPE  Tipo: Saco Kraft  Aplicação: Para transporte  embalagem e proteção da correspondência  Matéria Prima: Papel kr
municipal,apontador,2019,Vitória,2.38,unidade,unitario,APONTADOR  Tipo: Escolar  Aplicação: Apontamento de Lápis.  Depósito: Sim  Complemento: COM DEPOSITO. Para lápis grafitt
municipal,grampeador,2019,Vitória,33.15,unidade,unitario,GRAMPEADOR  Modelo: DE MESA  GARANTIA: 05 anos  ESTRUTURA: Metal  FUNÇÕES: grampeamento  tacheamento [abertura de 180º] 
municipal,envelope,2019,Vitória,0.34,unidade,unitario,ENVELOPE  Tipo: Saco Kraft  Aplicação: Para transporte  embalagem e proteção da correspondência  Matéria Prima: Papel kr
municipal,lampada_led,2019,Vitória,104.0,unidade,unitario,Locação e instalação lanternas em forma de estrela. Adornos luzentes em forma de estrela de 5 pontas de aproximadamente 
municipal,lampada_led,2019,Vitória,67.5,unidade,unitario,Locação e instalação lanternas em forma de estrela. Adornos luzentes em forma de estrela de 5 pontas de aproximadamente 
municipal,creme_dental,2020,Vitória,1.1375,unidade,unitario,CREME DENTAL  Composição: Com no mínimo 1.500 ppm de flúor  Sabor: Menta ou Hortelã  Embalagem: Tubo com 90g 
municipal,creme_dental,2020,Vitória,2.7125,unidade,unitario,KIT HIGIENE BUCAL  Tamanho: Adulto  Material da sacola plástica: PVC de 0 20mm  sendo a frente transparente e o verso br
municipal,creme_dental,2020,Vitória,2.6875,unidade,unitario,KIT HIGIENE BUCAL  Tamanho: Infantil  Material da sacola plástica: PVC de 0 20mm  sendo a frente transparente e o verso 
municipal,escova_dental,2020,Vitória,0.45,unidade,unitario,ESCOVA DENTAL  Tamanho: Adulto  Textura das cerdas: Macia  Tufos [Qtd. mínima]: 34  Comprimento [cm]: 16 a 18  Cerdas: N
municipal,escova_dental,2020,Vitória,0.6625,unidade,unitario,ESCOVA DENTAL  Tamanho: Infantil  Textura das cerdas: Macia  Tufos [Qtd. mínima]: 28  Comprimento [cm]: 13 a 15  Cerdas:
municipal,seringa,2020,Vitória,1.01,unidade,unitario,ÁCIDO GEL  Aplicação: Ataque ácido em esmalte e dentina  Composição: Ácido fosfórico a 37%  Cor: Azul  Apresentação: Ser
municipal,fralda,2020,Vitória,0.68,unidade,unitario,FRALDA INFANTIL  Tipo: Descartável  Tamanho: Extra grande  Formato: Anatômico  Detalhes: Antialérgica  com maciez e abso
municipal,fralda,2020,Vitória,1.41,unidade,unitario,FRALDA GERIÁTRICA  Tipo: Descartável  Tamanho: EG  Formato: Anatômico  Camada Interna: Não-tecido  fibras de celulose  g
municipal,fralda,2020,Vitória,1.19,unidade,unitario,FRALDA INFANTIL  Tipo: Descartável  Tamanho: XXG  Formato: Anatômico. Antialérgica  dotada de barreira antivazamento  du
municipal,fralda,2020,Vitória,1.07,unidade,unitario,FRALDA GERIÁTRICA  Tipo: Descartável  Tamanho: P  Formato: Anatômico  Camada Interna: Não-tecido  fibras de celulose  ge
municipal,fralda,2020,Vitória,1.1,unidade,unitario,FRALDA GERIÁTRICA  Tipo: Descartável  Tamanho: M  Formato: Anatômico  Camada Interna: Não-tecido  fibras de celulose  ge
municipal,fralda,2020,Vitória,1.19,unidade,unitario,FRALDA GERIÁTRICA  Tipo: Descartável  Tamanho: G  Formato: Anatômico  Camada Interna: Não-tecido  fibras de celulose  ge
municipal,bebedouro,2020,Vitória,639.6,unidade,unitario,BEBEDOURO  Tipo/modelo: Coluna  Material: Em Aço Inox  com 02 torneiras de pressão em latão cromado  uma de jato para a 
municipal,luva_procedimento,2020,Vitória,16.62,caixa_100,unitario,LUVA DE PROCEDIMENTO  Modelo: Não estéril  descartável  Material: Isento de talco  látex  proteínas e resíduos químicos 
municipal,luva_procedimento,2020,Vitória,16.99,caixa_100,unitario,LUVA DE PROCEDIMENTO  Modelo: Não estéril  descartável  Material: Isento de talco  látex  proteínas e resíduos químicos 
municipal,luva_procedimento,2020,Vitória,16.67,caixa_100,unitario,LUVA DE PROCEDIMENTO  Modelo: Não estéril  descartável  Material: Isento de talco  látex  proteínas e resíduos químicos 
municipal,bebedouro,2019,Vitória,2207.89,unidade,unitario,BEBEDOURO  Torneiras [Qtde]: 3  Complemento: Modelo: Piso  Material: Em Chapa de Aço Inox  Componentes: Com 3 Torneiras 
municipal,luva_procedimento,2019,Vitória,21.3,caixa_100,unitario,LUVA DE PROCEDIMENTO  Modelo: Não esteril  Material: Látex natural ou nitrílico  Tamanho: G  Detalhes: Ambidestra  resis
municipal,luva_procedimento,2019,Vitória,16.65,caixa_100,unitario,LUVA DE PROCEDIMENTO  Modelo: Não esteril  Material: Látex natural ou nitrílico  Tamanho: P  Detalhes: Ambidestra  resis
municipal,luva_procedimento,2019,Vitória,16.9,caixa_100,unitario,LUVA DE PROCEDIMENTO  Modelo: Não esteril  Material: Látex natural ou nitrílico  Tamanho: PP  Detalhes: Ambidestra  resi
municipal,luva_procedimento,2019,Vitória,20.69,caixa_100,unitario,LUVA DE PROCEDIMENTO  Modelo: Não esteril  Material: Látex natural ou nitrílico  Tamanho: M  Detalhes: Ambidestra  resis
municipal,envelope,2019,Vitória,0.91,unidade,unitario,LUVA CIRÚRGICA  Modelo: Estéril  descartável  Material: Látex natural sem furos ou pontos de nós  Tamanho: 8 0  Detalhes
municipal,envelope,2019,Vitória,0.92,unidade,unitario,LUVA CIRÚRGICA  Modelo: Estéril  descartável  Material: Látex natural sem furos ou pontos de nós  Tamanho: 7 0  Detalhes
municipal,envelope,2019,Vitória,0.97,unidade,unitario,LUVA CIRÚRGICA  Modelo: Estéril  descartável  Material: Látex natural sem furos ou pontos de nós  Tamanho: 7 5  Detalhes
municipal,envelope,2019,Vitória,0.99,unidade,unitario,LUVA CIRÚRGICA  Modelo: Estéril  descartável  Material: Látex natural sem furos ou pontos de nós  Tamanho: 6 0  Detalhes
municipal,envelope,2019,Vitória,0.89,unidade,unitario,LUVA CIRÚRGICA  Modelo: Estéril  descartável  Material: Látex natural sem furos ou pontos de nós  Tamanho: 6 5  Detalhes
municipal,prednisona,2020,Vitória,0.1947,unidade,unitario,PREDNISONA  Concentração [mg]: 20  Forma farmacêutica: Comprimido 
municipal,feijao,2019,Vitória,5.44,kg,unidade_declarada,FEIJÃO  Tipo/Modelo: Preto  Tipo 1  Embalagem [Tipo]: Plástica  Transparente  Termosselada e Atóxica  Embalagem [Peso  K
municipal,feijao,2019,Vitória,5.54,kg,unidade_declarada,FEIJÃO  Tipo/Modelo: Carioca  Tipo 1  Embalagem [Tipo]: Plástica  Transparente  Termosselada e Atóxica  Embalagem [Peso 
municipal,feijao,2019,Vitória,5.54,kg,unidade_declarada,FEIJÃO  Tipo/Modelo: Carioca  Tipo 1  Embalagem [Tipo]: Plástica  Transparente  Termosselada e Atóxica  Embalagem [Peso 
municipal,feijao,2019,Vitória,5.44,kg,unidade_declarada,FEIJÃO  Tipo/Modelo: Preto  Tipo 1  Embalagem [Tipo]: Plástica  Transparente  Termosselada e Atóxica  Embalagem [Peso  K
municipal,polpa_fruta,2019,Vitória,7.03,kg,descricao,POLPA DE FRUTA 100% natural  sem aditivos químicos   integral  composição 100% de polpa  pasteurizada  congelada. Embala
municipal,polpa_fruta,2019,Vitória,8.06,kg,descricao,POLPA DE FRUTA 100% natural  sem aditivos químicos   integral  composição 100% de polpa  pasteurizada  congelada. Embala
municipal,polpa_fruta,2019,Vitória,7.62,kg,descricao,POLPA DE FRUTA 100% natural  sem aditivos químicos   integral  composição 100% de polpa  pasteurizada  congelada. Embala
municipal,polpa_fruta,2019,Vitória,6.67,kg,descricao,POLPA DE FRUTA 100% natural  sem aditivos químicos   integral  composição 100% de polpa  pasteurizada  congelada. Embala
municipal,polpa_fruta,2019,Vitória,7.62,kg,descricao,POLPA DE FRUTA 100% natural  sem aditivos químicos   integral  composição 100% de polpa  pasteurizada  congelada. Embala
municipal,polpa_fruta,2019,Vitória,6.67,kg,descricao,POLPA DE FRUTA 100% natural  sem aditivos químicos   integral  composição 100% de polpa  pasteurizada  congelada. Embala
municipal,polpa_fruta,2019,Vitória,7.03,kg,descricao,POLPA DE FRUTA 100% natural  sem aditivos químicos   integral  composição 100% de polpa  pasteurizada  congelada. Embala
municipal,polpa_fruta,2019,Vitória,8.06,kg,descricao,POLPA DE FRUTA 100% natural  sem aditivos químicos   integral  composição 100% de polpa  pasteurizada  congelada. Embala
municipal,azitromicina,2019,Vitória,0.674,unidade,unitario,AZITROMICINA  Concentração [mg]: 500  Forma farmacêutica: Comprimido 
municipal,margarina,2019,Vitória,12.02,kg,heuristica,MARGARINA  Embalagem [Peso  G]: 500  Tipo/Modelo: Sem Sal  Embalagem [Tipo]: Plástica Atóxica [Polietileno] com Lacre en
municipal,margarina,2019,Vitória,12.02,kg,heuristica,MARGARINA  Embalagem [Peso  G]: 500  Tipo/Modelo: Sem Sal  Embalagem [Tipo]: Plástica Atóxica [Polietileno] com Lacre en
municipal,carne_suina,2019,Vitória,18.125,kg,descricao,CARNE  Tipo/Modelo: Suína  Apresentação: Iscas de pernil suíno e Congelada  Registro: SIF ou SIE  Embalagem: Plástica te
municipal,carne_suina,2019,Vitória,18.125,kg,descricao,CARNE  Tipo/Modelo: Suína  Apresentação: Iscas de pernil suíno e Congelada  Registro: SIF ou SIE  Embalagem: Plástica te
municipal,acucar,2019,Vitória,10.2,kg,descricao,"PÃO  Tipo/Modelo: ""hot dog""  Complemento: obtido pela cocção  em condições técnicas adequadas  de massa preparada com fa"
municipal,acucar,2019,Vitória,10.0,kg,descricao,"PÃO  Tipo/Modelo: ""hot dog""  Complemento: obtido pela cocção  em condições técnicas adequadas  de massa preparada com fa"
municipal,grampeador,2019,Vitória,19.32,unidade,unitario,GRAMPEADOR  Tipo/Modelo: ALICATE  Material: ESTRUTURA METÁLICA  Pintura [tipo]: PINTURA EPOXI E CROMADO  Grampeamento [C
municipal,apontador,2019,Vitória,1.27,unidade,unitario,APONTADOR  Tipo: Escolar  Aplicação: Apontamento de Lápis.  Material: Deverá ser de metal  super resistente  com furo cô
municipal,grampeador,2019,Vitória,13.26,unidade,unitario,GRAMPEADOR  Aplicação: Para Papéis  Capacidade de Grampeamento [folhas]: 25  Gramatura das Folhas [g/m²]: 75  Tamanho: M
municipal,acucar,2019,Vitória,3.26,kg,unidade_declarada,AÇUCAR  Tipo/Modelo : Cristal  Embalagem [Peso  Kg] : 2  Qualidade Exigida: 1ª 
municipal,metronidazol,2019,Vitória,2.45,unidade,unitario,METRONIDAZOL  Concentração [mg/ml]: 5  Forma farmacêutica: Solução para infusão  sistema fechado  Apresentação: Frasco  
municipal,prednisolona,2019,Vitória,4.0187,unidade,unitario,PREDNISOLONA  FOSFATO SÓDICO  Concentração [mg/ml]: 3  Forma farmacêutica: Solução oral  Conteúdo [ml]: 60  Detalhe: Com
municipal,captopril,2019,Vitória,0.0244,unidade,unitario,CAPTOPRIL  Concentração [mg]: 25  Forma farmacêutica: Comprimido
municipal,fluoxetina,2019,Vitória,0.0569,unidade,unitario,FLUOXETINA  Concentração [mg]: 20  Forma farmacêutica: Cápsula
municipal,sabonete,2020,Vitória,6.04,unidade,unitario,SABONETE  Apresentação: Líquido  Aplicação: Para Dispenser de Parede  Características: Com Bico Dosador  Embalagem [Tipo
municipal,fralda,2019,Vitória,2.92,unidade,unitario,FRALDA GERIÁTRICA  Tipo: Descartável  Tamanho: EG  Embalagem: Pacote  Marca: BIGFRAL 
municipal,suco,2020,Vitória,6.14,litro,unidade_declarada,SUCO  Tipo: Light  Sabor: Pêssego  Embalagem: Tetra Pak  Conteúdo [L]: 1
municipal,suco,2020,Vitória,6.03,litro,unidade_declarada,SUCO  Sabor: Uva  Embalagem: Tetra Pak  Conteúdo [L]: 1
municipal,suco,2020,Vitória,6.07,litro,unidade_declarada,SUCO  Sabor: Pêssego  Embalagem: Tetra Pak  Conteúdo [L]: 1
municipal,suco,2020,Vitória,6.12,litro,unidade_declarada,SUCO  Sabor: Manga  Embalagem: Tetra Pak  Conteúdo [L]: 1
municipal,suco,2020,Vitória,6.14,litro,unidade_declarada,SUCO  Tipo: Light  Sabor: Uva  Embalagem: Tetra Pak  Conteúdo [L]: 1
municipal,suco,2020,Vitória,6.14,litro,unidade_declarada,SUCO  Tipo: Light  Sabor: Manga  Embalagem: Tetra Pak  Conteúdo [L]: 1
municipal,notebook,2019,Vitória,6568.94,unidade,unitario,Sistema de sonorização tipo PA. tamanho P    SISTEMA DE PA CONSOLE MIXER PARA PA:   01 controle mixer digital com 32 can
municipal,notebook,2019,Vitória,3080.83,unidade,unitario,Sistema de sonorização tipo PA tamanho Amb 1  SISTEMA DE PA CONSOLE MIXER PARA PA: 01 controle mixer digital com 16 cana
municipal,notebook,2019,Vitória,4621.88,unidade,unitario,Sistema de sonorização tipo PA. tamanho PP  SISTEMA DE PA CONSOLE MIXER PARA PA:  01 controle mixer digital com 24 canai
municipal,notebook,2019,Vitória,10542.5,unidade,unitario,Sistema de sonorização tipo PA tamanho M  Sistema de PA Console Mixer para PA:  Console Mixer para PA: 01 controle mixer
municipal,notebook,2019,Vitória,3859.38,unidade,unitario,Sistema de sonorização tipo PA tamanho Amb 2  SISTEMA DE PA CONSOLE MIXER PARA PA :  01 controle mixer digital com 24 ca
municipal,amoxicilina,2019,Vitória,12.7,unidade,unitario,AMOXICILINA + ÁCIDO CLAVULÂNICO  Concentração [mg/ml]: 50 + 12 5  Forma farmacêutica: Pó para suspensão oral  Apresentaç
municipal,fralda,2019,Vitória,1.0525,unidade,unitario,FRALDA INFANTIL  Tipo: Descartável  Tamanho: EG / XG  Embalagem: Pacote  Marca: TURMA DA MÔNICA 
municipal,luva_procedimento,2019,Vitória,22.84,caixa_100,unitario,LUVA DE PROCEDIMENTO  Modelo: Não estéril  descartável  Material: Isento de talco  látex  proteínas e resíduos químicos 
municipal,luva_procedimento,2019,Vitória,19.21,caixa_100,unitario,LUVA DE PROCEDIMENTO  Modelo: Não estéril  descartável  Material: Isento de talco  látex  proteínas e resíduos químicos 
municipal,luva_procedimento,2019,Vitória,22.9,caixa_100,unitario,LUVA DE PROCEDIMENTO  Modelo: Não estéril  descartável  Material: Isento de talco  látex  proteínas e resíduos químicos 
municipal,farinha_trigo,2019,Vitória,20.83,kg,heuristica,BISCOITOS  Tipo: Caseiro doce  Sabor: Casadinhos de Goiabada  Fabricação: Artesanal  Ingredientes [mínimos]: Farinha de 
municipal,farinha_trigo,2019,Vitória,20.83,kg,heuristica,BISCOITOS  Tipo: Caseiro salgado  Sabor: Palitos de Cebola  Fabricação: Artesanal  Ingredientes [mínimos]: Farinha de tr
municipal,farinha_trigo,2019,Vitória,20.0,kg,heuristica,BISCOITOS  Tipo: Caseiro doce  Sabor: Amanteigado  Fabricação: Artesanal  Ingredientes [mínimos]: Farinha de trigo ou po
municipal,farinha_trigo,2019,Vitória,24.38,kg,heuristica,BISCOITOS  Tipo: Caseiro salgado  Sabor: Disquinho de queijo  Fabricação: Artesanal  Ingredientes [mínimos]: Farinha de 
municipal,farinha_trigo,2019,Vitória,20.83,kg,heuristica,BISCOITOS  Tipo: Caseiro doce  Sabor: Rosquinhas de limão  Fabricação: Artesanal  Ingredientes [mínimos]: Farinha de tri
municipal,farinha_trigo,2019,Vitória,20.83,kg,heuristica,BISCOITOS  Tipo: Caseiro doce  Sabor: Champagne  Fabricação: Artesanal  Ingredientes [mínimos]: Farinha de trigo ou polv
municipal,suco,2019,Vitória,8.63,litro,unidade_declarada,SUCO  Sabor: Pêssego  Característica: Pronto para beber  Embalagem [Tipo]: Cartonada Tetra Brik (Tetra Pak)  atóxico e r
municipal,suco,2019,Vitória,8.63,litro,unidade_declarada,SUCO  Sabor: Caju  Característica: Pronto para beber  Embalagem [Tipo]: Cartonada Tetra Brik (Tetra Pak)  atóxico e resi
municipal,suco,2019,Vitória,8.63,litro,unidade_declarada,SUCO  Sabor: Laranja  Característica: Pronto para beber  Embalagem [Tipo]: Cartonada Tetra Brik (Tetra Pak)  atóxico e r
municipal,suco,2019,Vitória,9.13,litro,unidade_declarada,SUCO  Sabor: Uva Light  Característica: Pronto para beber  Embalagem [Tipo]: Cartonada Tetra Brik (Tetra Pak)  atóxico e
municipal,suco,2019,Vitória,8.63,litro,unidade_declarada,SUCO  Sabor: Manga  Característica: Pronto para beber  Embalagem [Tipo]: Cartonada Tetra Brik (Tetra Pak)  atóxico e res
municipal,suco,2019,Vitória,8.88,litro,unidade_declarada,SUCO  Sabor: Uva  Característica: Pronto para beber  Embalagem [Tipo]: Cartonada Tetra Brik (Tetra Pak)  atóxico e resis
municipal,suco,2019,Vitória,8.63,litro,unidade_declarada,SUCO  Sabor: Goiaba  Característica: Pronto para beber  Embalagem [Tipo]: Cartonada Tetra Brik (Tetra Pak)  atóxico e re
municipal,achocolatado,2019,Vitória,16.175,kg,heuristica,FORNECIMENTO  Tipo: Desjejum  Complemento: Composição: - Café com Leite  Leite com Achocolatado  Leite Queimado. - Pão B
municipal,carbamazepina,2019,Vitória,0.5273,unidade,unitario,CARBAMAZEPINA  Concentração [mg]: 400  Forma farmacêutica: Comprimido
municipal,feijao,2019,Vitória,5.84,kg,unidade_declarada,DISTRIBUIÇÃO GRATUITA  Objeto: Feijão  Tipo/Modelo: Preto  Tipo: 1  Embalagem [Tipo]: Plástica termosselada e atóxica  E
municipal,acucar,2019,Vitória,4.46,kg,heuristica,DISTRIBUIÇÃO GRATUITA  Objeto: Açucar  Tipo/Modelo: Cristal  Embalagem [Tipo]: Plástica termosselada e atóxica  Embalage
municipal,farinha_trigo,2019,Vitória,3.01,kg,heuristica,DISTRIBUIÇÃO GRATUITA  Objeto: Biscoito  Tipo/Modelo: Cream Cracker  Composição: Farinha de Trigo Rica em Ferro e Ácido 
municipal,biscoito,2019,Vitória,8.25,kg,heuristica,DISTRIBUIÇÃO GRATUITA  BISCOITO  Tipo/Modelo: Maizena  Embalagem [Material]: Plástica atóxica  Embalagem [Peso  G]: 200 
municipal,farinha_trigo,2019,Vitória,3.51,kg,heuristica,DISTRIBUIÇÃO GRATUITA  Objeto: Macarrão  Tipo/Modelo: Parafuso  Embalagem [Tipo]: Plástica Transparente Atóxica  Embalag
municipal,furosemida,2019,Vitória,0.0268,unidade,unitario,FUROSEMIDA  Concentração [mg]: 40  Forma farmacêutica: Comprimido
municipal,envelope,2019,Vitória,0.5686,unidade,unitario,SAIS PARA REIDRATAÇÃO ORAL  Forma farmacêutica: Pó  Apresentação: Envelope  Conteúdo: 27 9g 
municipal,salbutamol,2019,Vitória,1.5241,unidade,unitario,SALBUTAMOL  SULFATO  Concentração [mg/ml]: 0 5  Forma farmacêutica: Solução injetável  Apresentação: Ampola  Conteúdo [m
municipal,fralda,2019,Vitória,1.13,unidade,unitario,FRALDA GERIÁTRICA  Tipo: Descartável  Tamanho: P  Formato: Anatômico  Camada Interna: Não-tecido  fibras de celulose  ge
municipal,disjuntor,2019,Vitória,50.0,unidade,unitario,DISJUNTOR  Tipo: Termomagnético Tripolar  Corrente Elétrica [Amperes]: 125  Referência: Lg ABE203A
municipal,disjuntor,2019,Vitória,50.0,unidade,unitario,DISJUNTOR  Tipo: Termomagnético Tripolar  Corrente Elétrica [Amperes]: 10  Complemento: Referência: Chint C10
municipal,disjuntor,2019,Vitória,85.0,unidade,unitario,DISJUNTOR  Tipo: Termomagnético Bipolar  Corrente Elétrica [Amperes]: 10  Referência: Chint NB1 C10
municipal,disjuntor,2019,Vitória,90.0,unidade,unitario,DISJUNTOR  Tipo: Termomagnético Tripolar  Corrente Elétrica [Amperes]: 10  Referência: Telemecanique C10
municipal,disjuntor,2019,Vitória,190.0,unidade,unitario,DISJUNTOR  Tipo: Termomagnético Tripolar  Corrente Elétrica [Amperes]: 125  Referência: Lg ABE203A
municipal,disjuntor,2019,Vitória,190.0,unidade,unitario,DISJUNTOR  Tipo: Termomagnético Tripolar  Corrente Elétrica [Amperes]: 10  Complemento: Referência: Chint C10
municipal,disjuntor,2019,Vitória,25.0,unidade,unitario,DISJUNTOR  Tipo: Termomagnético Monopolar  Corrente Elétrica [Amperes]: 10  Referência: Telemecanique C10
municipal,disjuntor,2019,Vitória,50.0,unidade,unitario,DISJUNTOR  Tipo: Termomagnético Bipolar  Corrente Elétrica [Amperes]: 16  Referência: Chint NB1 C16
municipal,disjuntor,2019,Vitória,30.0,unidade,unitario,DISJUNTOR  Tipo: Termomagnético Tripolar  Corrente Elétrica [Amperes]: 10  Referência: Chint NB1 C10
municipal,disjuntor,2019,Vitória,25.0,unidade,unitario,DISJUNTOR  Tipo: Termomagnético Monopolar  Corrente Elétrica [Amperes]: 10  Complemento: Referência: Chint C10
municipal,disjuntor,2019,Vitória,25.0,unidade,unitario,DISJUNTOR  Tipo: Termomagnético Monopolar  Corrente Elétrica [Amperes]: 10  Complemento: Referência: Chint C10
municipal,disjuntor,2019,Vitória,85.0,unidade,unitario,DISJUNTOR  Tipo: Termomagnético Bipolar  Corrente Elétrica [Amperes]: 10  Complemento: Referência: Chint C10
municipal,disjuntor,2019,Vitória,90.0,unidade,unitario,DISJUNTOR  Tipo: Termomagnético Tripolar  Corrente Elétrica [Amperes]: 10  Referência: Telemecanique C10
municipal,disjuntor,2019,Vitória,190.0,unidade,unitario,DISJUNTOR  Tipo: Termomagnético Tripolar  Corrente Elétrica [Amperes]: 10  Referência: Chint NB1 C10
municipal,disjuntor,2019,Vitória,85.0,unidade,unitario,DISJUNTOR  Tipo: Termomagnético Bipolar  Corrente Elétrica [Amperes]: 10  Complemento: Referência: Chint C10
municipal,disjuntor,2019,Vitória,95.0,unidade,unitario,DISJUNTOR  Tipo: Termomagnético Bipolar  Corrente Elétrica [Amperes]: 16  Referência: Chint NB1 C16
municipal,disjuntor,2019,Vitória,25.0,unidade,unitario,DISJUNTOR  Tipo: Termomagnético Monopolar  Corrente Elétrica [Amperes]: 10  Referência: Siemens C10
municipal,disjuntor,2019,Vitória,85.0,unidade,unitario,DISJUNTOR  Tipo: Termomagnético Bipolar  Corrente Elétrica [Amperes]: 10  Referência: Chint NB1 C10
municipal,disjuntor,2019,Vitória,25.0,unidade,unitario,DISJUNTOR  Tipo: Termomagnético Monopolar  Corrente Elétrica [Amperes]: 10  Referência: Siemens C10
municipal,disjuntor,2019,Vitória,25.0,unidade,unitario,DISJUNTOR  Tipo: Termomagnético Monopolar  Corrente Elétrica [Amperes]: 10  Referência: Telemecanique C10
municipal,diesel,2019,Vitória,8.4,litro,descricao,SERVIÇOS  Tipo: Manutenção Preventiva e Preditiva em Grupos Geradores  Grupo: Motor Gerador STEMAC  Complemento: 40 kVA 
municipal,diesel,2019,Vitória,8.0,litro,descricao,SERVIÇOS  Tipo: Manutenção Preventiva e Preditiva em Grupos Geradores  Grupo: Motor Gerador STEMAC  Complemento: 140/125
municipal,diesel,2019,Vitória,8.4,litro,descricao,SERVIÇOS  Tipo: Manutenção Preventiva e Preditiva em Grupos Geradores  Grupo: Motor Gerador STEMAC  Complemento: 140/125
municipal,diesel,2019,Vitória,8.0,litro,descricao,SERVIÇOS  Tipo: Manutenção Preventiva e Preditiva em Grupos Geradores  Grupo: Motor Gerador STEMAC  Complemento: 40 kVA 
municipal,diesel,2019,Vitória,5.0,litro,unidade_declarada,ÓLEO  Tipo: Lubrificante  Compatível: Motor MWM Modelo 6.12 TCA  Referência: Ac Delco 15W40 Motores Diesel
municipal,bebedouro,2019,Vitória,2685.2,unidade,unitario,BEBEDOURO  Tipo: Industrial  Modelo: Piso  Material: Em chapa de aço inox  Componentes: Com 3 Torneiras Frontais Cromada
municipal,albendazol,2019,Vitória,0.4633,unidade,unitario,ALBENDAZOL  Concentração [mg]: 400  Forma farmacêutica: Comprimido mastigável
municipal,azitromicina,2019,Vitória,7.1889,unidade,unitario,AZITROMICINA  Concentração [mg/ml]: 40  Forma farmacêutica: Pó para suspensão oral  Apresentação: Frasco  Conteúdo [ml]:
municipal,envelope,2019,Vitória,0.5,unidade,unitario,IMPRESSO  Modelo: 299  Nome do Formulário: ENVELOPE OFÍCIO TIMBRADO  Tamanho [Papel]: Ofício  Tamanho [mm] [+/- 0 5 Mm]:
municipal,seringa,2019,Vitória,0.29,unidade,unitario,SERINGA HIPODÉRMICA  Modelo: Estéril  descartável  Capacidade [ml]: 1  Característica: Sem Agulha  Bico: Luer Lock  Cili
municipal,arroz,2019,Vitória,24.358,kg,descricao,CESTA BÁSICA  Arroz tipo 1Pacote 5 kg Qtde: 1  Feijão Preto Pacote 1 kg Qtde: 2  Açúcar Cristal Pacote 5 kg Qtde: 1  Fub
municipal,envelope,2019,Vitória,1.7078,unidade,unitario,AMOXICILINA + ÁCIDO CLAVULÂNICO  Concentração [mg]: 875 + 125  Forma farmacêutica: Comprimido  Apresentação: Blister/env
municipal,disjuntor,2019,Vitória,34.16,unidade,unitario,FILTRO DE LINHA  Chave liga-desliga com disjuntor rearmável; indicador luminoso [ligado/desligado]; Filtro de interferên
municipal,mouse,2019,Vitória,25.91,unidade,unitario,MOUSE  Descrição: Mouse Óptico  Aplicação: Microcomputadores [Workstations  Desktops  Estações Compactas etc.] e Noteboo
municipal,pilha,2019,Vitória,9.35,unidade,unitario,CALCULADORA  Tipo: De Bolso  Dígitos [qtd]: 8  Alimentação: Energia Solar e Pilha AA  Caracteristica: Desligamento Autom
municipal,tinta_latex,2019,Vitória,8.6394,litro,descricao,TINTA ACRILICA PISO - BRANCA - 18L APROVADO PELAS NORMAS DA ABRAFAT (ASSOCIAÇÃO BRASILEIRA DE FABRICANTES DE TINTAS) E I
municipal,tinta_latex,2019,Vitória,8.6394,litro,descricao,TINTA ACRILICA PISO - AMARELA - 18L APROVADO PELAS NORMAS DA ABRAFAT (ASSOCIAÇÃO BRASILEIRA DE FABRICANTES DE TINTAS) E 
municipal,tinta_latex,2019,Vitória,8.6394,litro,descricao,TINTA ACRILICA PISO - CINZA CHUMBO - 18L APROVADO PELAS NORMAS DA ABRAFAT (ASSOCIAÇÃO BRASILEIRA DE FABRICANTES DE TINTA
municipal,tinta_latex,2019,Vitória,8.6394,litro,descricao,TINTA ACRILICA PISO - MARROM - 18L APROVADO PELAS NORMAS DA ABRAFAT (ASSOCIAÇÃO BRASILEIRA DE FABRICANTES DE TINTAS) E I
municipal,tinta_latex,2019,Vitória,8.6394,litro,descricao,TINTA ACRILICA PISO - CONCRETO - 18L APROVADO PELAS NORMAS DA ABRAFAT (ASSOCIAÇÃO BRASILEIRA DE FABRICANTES DE TINTAS) E
municipal,desinfetante,2019,Vitória,4.17,litro,heuristica,DESINFETANTE HOSPITALAR  Aplicação: Desinfecção de pisos  superfícies fixas e instalações sanitárias  Composição: Soluçã
municipal,salbutamol,2019,Vitória,1.477,unidade,unitario,SALBUTAMOL  SULFATO  Concentração [mg/ml]: 0 5  Forma farmacêutica: Solução injetável  Apresentação: Ampola  Conteúdo [m
municipal,cefalexina,2019,Vitória,0.359,unidade,unitario,CEFALEXINA  Concentração [mg]: 500  Forma farmacêutica: Cápsula/Comprimido 
municipal,fralda,2019,Vitória,0.722,unidade,unitario,FRALDA INFANTIL  Tipo: Descartável  Tamanho: Extra grande  Formato: Anatômico  Detalhes: Antialérgica  com maciez e abso
municipal,dexametasona,2019,Vitória,0.4893,unidade,unitario,DEXAMETASONA  Composição: FOSFATO DISSÓDICO  Concentração [mg/ml]: 4  Forma Farmacêutica: Solução Injetável  Apresentaçã
municipal,cefalexina,2019,Vitória,0.2095,unidade,unitario,CEFALEXINA  Concentração [mg]: 500  Forma farmacêutica: Cápsula/Comprimido 
municipal,amoxicilina,2019,Vitória,0.1495,unidade,unitario,AMOXICILINA  Concentração [mg]: 500  Forma farmacêutica: Cápsula
municipal,anlodipino,2019,Vitória,0.0592,unidade,unitario,ANLODIPINO  BESILATO  Concentração [mg]: 10  Forma farmacêutica: Comprimido
municipal,glibenclamida,2019,Vitória,0.0191,unidade,unitario,GLIBENCLAMIDA  Concentração [mg]: 5  Forma farmacêutica: Comprimido 
municipal,areia,2019,Vitória,40.0,m3,unitario,Areia Média 
municipal,areia,2019,Vitória,100.0,m3,unitario,Areia Média 
municipal,cabo_eletrico,2019,Vitória,28.0,metro,unitario,Peça Cabo Flexível de 6mm 
municipal,cabo_eletrico,2019,Vitória,15.0,metro,unitario,Peça Cabo Flexível de 6mm 
municipal,cabo_eletrico,2019,Vitória,9.0,metro,unitario,Peça Cabo Flexível de 2 5 mm 
municipal,cabo_eletrico,2019,Vitória,6.0,metro,unitario,Peça Cabo Flexível de 2 5 mm 
municipal,disjuntor,2019,Vitória,100.0,unidade,unitario,DISJUNTOR  Aplicação: bipolar de 40 amperes. 
municipal,disjuntor,2019,Vitória,150.0,unidade,unitario,DISJUNTOR  Aplicação: bipolar de 40 amperes. 
municipal,envelope,2020,Vitória,0.6364,unidade,unitario,SAIS PARA REIDRATAÇÃO ORAL  Forma farmacêutica: Pó  Apresentação: Envelope  Conteúdo: 27 9g 
municipal,furosemida,2020,Vitória,0.501,unidade,unitario,FUROSEMIDA  Concentração [mg/ml]: 10  Forma farmacêutica: Solução injetável  Apresentação: Ampola  Conteúdo [ml]: 2 
municipal,dipirona,2020,Vitória,1.483,unidade,unitario,ESCOPOLAMINA  BUTILBROMETO + DIPIRONA SÓDICA  Concentração [mg/ml]: 4 + 500  Forma farmacêutica: Solução injetável  Apre
municipal,luva_procedimento,2020,Vitória,17.0,caixa_100,unitario,LUVA DE PROCEDIMENTO  Modelo: Não esteril  Material: Látex natural ou nitrílico  Tamanho: G  Detalhes: Ambidestra  resis
municipal,luva_procedimento,2020,Vitória,16.87,caixa_100,unitario,LUVA DE PROCEDIMENTO  Modelo: Não esteril  Material: Látex natural ou nitrílico  Tamanho: P  Detalhes: Ambidestra  resis
municipal,luva_procedimento,2020,Vitória,16.87,caixa_100,unitario,LUVA DE PROCEDIMENTO  Modelo: Não esteril  Material: Látex natural ou nitrílico  Tamanho: M  Detalhes: Ambidestra  resis
municipal,anlodipino,2020,Vitória,0.0306,unidade,unitario,ANLODIPINO  BESILATO  Concentração [mg]: 5  Forma farmacêutica: comprimido 
municipal,fralda,2021,Vitória,1.83,unidade,unitario,FRALDA INFANTIL  Tipo: Descartável  Tamanho: XXG  Embalagem: Pacote  Modelo: PANTS  
municipal,paracetamol,2020,Vitória,0.058,unidade,unitario,PARACETAMOL  Concentração [mg]: 500  Forma farmacêutica: Comprimido
municipal,dexametasona,2021,Vitória,0.73,unidade,unitario,DEXAMETASONA  Composição: FOSFATO DISSÓDICO  Concentração [mg/ml]: 4  Forma Farmacêutica: Solução Injetável  Apresentaçã
municipal,losartana,2021,Vitória,0.09,unidade,unitario,LOSARTANA  POTÁSSICO  Concentração [mg]: 50  Forma farmacêutica: Comprimido 
municipal,carbamazepina,2021,Vitória,0.2,unidade,unitario,CARBAMAZEPINA  Concentração [mg]: 200  Forma farmacêutica: Comprimido 
municipal,risperidona,2021,Vitória,0.14,unidade,unitario,RISPERIDONA  Concentração [mg]: 1  Forma farmacêutica: Cápsula/Comprimido 
municipal,risperidona,2021,Vitória,0.17,unidade,unitario,RISPERIDONA  Concentração [mg]: 2  Forma farmacêutica: Comprimido 
municipal,fralda,2021,Vitória,2.76,unidade,unitario,FRALDA GERIÁTRICA  Tipo: Descartável  Tamanho: M  Embalagem: Pacote  Marca: BIGFRAL 
municipal,fralda,2020,Vitória,2.3473,unidade,unitario,FRALDA GERIÁTRICA  Tipo: Descartável  Tamanho: EG  Embalagem: Pacote  Marca: TENA CONFORT 
municipal,frango,2021,Vitória,15.425,kg,descricao,CARNE  Tipo/Modelo: Filé de peito de frango  Apresentação: Limpa e Congelada  Registro: SIF ou SIE  Embalagem: Plástica 
municipal,frango,2021,Vitória,15.425,kg,descricao,CARNE  Tipo/Modelo: Filé de peito de frango  COTA EXCLUSIVA MEI ME EPP. Registro: SIF ou SIE  Embalagem: Plástica termos
municipal,agua_mineral,2021,Vitória,10.31,litro,heuristica,ÁGUA MINERAL  Apresentação: Garrafão  Conteúdo [L]: 20
municipal,achocolatado,2020,Vitória,18.425,kg,heuristica,FORNECIMENTO  Tipo: Desjejum  Complemento: Composição: - Café com Leite  Leite com Achocolatado  Leite Queimado. - Pão B
municipal,diazepam,2021,Vitória,0.0729,unidade,unitario,DIAZEPAM  Concentração [mg]: 5  Forma farmacêutica: Comprimido
municipal,diazepam,2021,Vitória,0.0856,unidade,unitario,DIAZEPAM  Concentração [mg]: 10  Forma farmacêutica: Comprimido 
municipal,metronidazol,2020,Vitória,2.31,unidade,unitario,METRONIDAZOL  Concentração [mg/ml]: 5  Forma farmacêutica: Solução para infusão  sistema fechado  Apresentação: Frasco  
municipal,dipirona,2020,Vitória,1.315,unidade,unitario,DIPIRONA SÓDICA  Concentração [mg/ml]: 500  Forma farmacêutica: Solução Oral Gotas  Apresentação: Frasco  Conteúdo [ml]:
municipal,pendrive,2020,Vitória,33.75,unidade,unitario,CARTÃO DE MEMÓRIA   Cartão de Memória conforme condições e características técnicas mínimas especificadas a seguir: Capa
municipal,pendrive,2020,Vitória,26.91,unidade,unitario,PEN DRIVE     Pen drive conforme condições e características técnicas mínimas especificadas a seguir: interface USB 2.0 
municipal,envelope,2020,Vitória,1.35,unidade,unitario,LUVA CIRÚRGICA  Modelo: Estéril  descartável  Material: Látex natural sem furos ou pontos de nós  Tamanho: 6 5  Detalhes
municipal,envelope,2020,Vitória,1.45,unidade,unitario,LUVA CIRÚRGICA  Modelo: Estéril  descartável  Material: Látex natural sem furos ou pontos de nós  Tamanho: 6 0  Detalhes
municipal,envelope,2020,Vitória,1.32,unidade,unitario,LUVA CIRÚRGICA  Modelo: Estéril  descartável  Material: Látex natural sem furos ou pontos de nós  Tamanho: 7 5  Detalhes
municipal,envelope,2020,Vitória,1.32,unidade,unitario,LUVA CIRÚRGICA  Modelo: Estéril  descartável  Material: Látex natural sem furos ou pontos de nós  Tamanho: 7 0  Detalhes
municipal,clonazepam,2020,Vitória,2.221,unidade,unitario,CLONAZEPAM  Concentração [mg/ml]: 2 5  Forma farmacêutica: Solução oral  Conteúdo [ml]: 20 
municipal,anlodipino,2020,Vitória,0.0325,unidade,unitario,ANLODIPINO  BESILATO  Concentração [mg]: 5  Forma farmacêutica: comprimido 
municipal,clonazepam,2020,Vitória,0.09,unidade,unitario,CLONAZEPAM  Concentração [mg]: 0 5  Forma farmacêutica: Comprimido 
municipal,clonazepam,2020,Vitória,0.0664,unidade,unitario,CLONAZEPAM  Concentração [mg]: 2  Forma farmacêutica: Comprimido
municipal,haloperidol,2020,Vitória,0.146,unidade,unitario,HALOPERIDOL  Concentração [mg]: 1  Forma farmacêutica: Comprimido
municipal,fralda,2020,Vitória,1.27,unidade,unitario,FRALDA GERIÁTRICA  Tipo: Descartável  Tamanho: P  Embalagem: Pacote  Marca: TENA CONFORT 
municipal,fralda,2020,Vitória,0.87,unidade,unitario,FRALDA INFANTIL  Tipo: Descartável  Tamanho: G  Embalagem: Pacote  Marca: CREMER 
municipal,fralda,2020,Vitória,1.89,unidade,unitario,FRALDA GERIÁTRICA  Tipo: Descartável  Tamanho: G  Embalagem: Pacote  Marca: Big Roger 
municipal,fralda,2020,Vitória,0.58,unidade,unitario,FRALDA INFANTIL  Tipo: Descartável  Tamanho: P  Formato: Anatômico  Camada interna: não tecido  fibras de celulose  gel 
municipal,fralda,2020,Vitória,1.24,unidade,unitario,FRALDA INFANTIL  Tipo: Descartável  Tamanho: EG / XG  Embalagem: Pacote  Marca: TURMA DA MÔNICA 
municipal,notebook,2020,Vitória,6403.71,unidade,unitario,NOTEBOOK TIPO REVERSÍVEL   1.1.	Processador 1.1.1.	Processador de 4 núcleos; 1.1.2.	Cache de 4MB; 1.1.3.	Em linha de pro
municipal,notebook,2020,Vitória,6403.71,unidade,unitario,NOTEBOOK TIPO REVERSÍVEL   1.1.	Processador 1.1.1.	Processador de 4 núcleos; 1.1.2.	Cache de 4MB; 1.1.3.	Em linha de pro
municipal,dipirona,2020,Vitória,0.1524,unidade,unitario,DIPIRONA SÓDICA  Concentração [mg]: 500  Forma farmacêutica: Comprimido
municipal,fluoxetina,2021,Vitória,0.073,unidade,unitario,FLUOXETINA  Concentração [mg]: 20  Forma farmacêutica: Cápsula
municipal,paracetamol,2021,Vitória,0.7831,unidade,unitario,PARACETAMOL  Concentração [mg/ml]: 200  Forma farmacêutica: Solução Oral  Apresentação: Gotas  Embalagem: Frasco  Conteú
municipal,amitriptilina,2021,Vitória,0.0409,unidade,unitario,AMITRIPTILINA  CLORIDRATO  Concentração [mg]: 25  Forma farmacêutica: Comprimido 
municipal,luva_procedimento,2020,Vitória,54.85,caixa_100,unitario,LUVA DE PROCEDIMENTO  Modelo: Não esteril  Material: Látex natural ou nitrílico  Tamanho: G  Detalhes: Ambidestra  resis
municipal,luva_procedimento,2020,Vitória,54.85,caixa_100,unitario,LUVA DE PROCEDIMENTO  Modelo: Não esteril  Material: Látex natural ou nitrílico  Tamanho: P  Detalhes: Ambidestra  resis
municipal,luva_procedimento,2020,Vitória,54.85,caixa_100,unitario,LUVA DE PROCEDIMENTO  Modelo: Não esteril  Material: Látex natural ou nitrílico  Tamanho: M  Detalhes: Ambidestra  resis
municipal,argamassa,2020,Vitória,1.53,kg,unidade_declarada,ARGAMASSA  Tipo: Colante Flexivel  
municipal,argamassa,2020,Vitória,1.48,kg,unidade_declarada,ARGAMASSA  Aplicação: Grauteamento 
municipal,cal,2020,Vitória,0.68,kg,unidade_declarada,CAL HIDRATADA CH III PARA ARGAMASSAS 
municipal,argamassa,2020,Vitória,3.39,kg,unidade_declarada,ARGAMASSA  Tipo: Fina pre fabricada  Aplicação: Assentamento e Rejunte de pastilhas 
municipal,brita,2020,Vitória,81.9,m3,unitario,BRITA 1 
municipal,torneira,2020,Vitória,66.29,unidade,unitario,"TORNEIRA  Tipo: Bóia  Diâmetro: 3/4"""
municipal,disjuntor,2020,Vitória,23.33,unidade,unitario,MINI DISJUNTOR BIPOLAR 25A CURVA C 5KA 220/127V 
municipal,disjuntor,2020,Vitória,31.41,unidade,unitario,MINI DISJUNTOR TRIPOLAR 16A CURVA C 5KA 220/127V 
municipal,disjuntor,2020,Vitória,45.37,unidade,unitario,MINI DISJUNTOR TRIPOLAR 40A CURVA C 5KA 220/127V 
municipal,torneira,2020,Vitória,71.93,unidade,unitario,"TORNEIRA  Tipo: Pressão  Pintura [tipo]: Cromada  Diâmetro: 3/4""  Aplicação: Uso Geral "
municipal,disjuntor,2020,Vitória,87.77,unidade,unitario,DISJUNTOR  Tipo: TRIPOLAR  Aplicação: Quadro de distribuição  Amperes: 25A
municipal,disjuntor,2020,Vitória,24.79,unidade,unitario,DISJUNTOR  Tipo: BIPOLAR  Aplicação: Quadro de distribuição  Amperes: 50A
municipal,torneira,2020,Vitória,195.82,unidade,unitario,RESERVATÓRIO  Material: Fibra de vidro  Complemento: 500L  inclusive adaptadores com flanges de PVC e torneira de bóia d
municipal,disjuntor,2020,Vitória,31.41,unidade,unitario,MINI DISJUNTOR TRIPOLAR 20A CURVA C 5KA 220/127V 
municipal,torneira,2020,Vitória,94.8,unidade,unitario,LAVATÓRIO  Tipo: Louça branca  Complemento: Sem coluna  inclusive sifão  válvula e engates em PVC  exclusive torneira.
municipal,disjuntor,2020,Vitória,24.79,unidade,unitario,DISJUNTOR  Tipo: BIPOLAR  Aplicação: Quadro de distribuição  Amperes: 40A
municipal,disjuntor,2020,Vitória,45.37,unidade,unitario,DISJUNTOR  Tipo: TRIPOLAR  Aplicação: Quadro de distribuição  Amperes: 50A
municipal,disjuntor,2020,Vitória,23.33,unidade,unitario,DISJUNTOR  Tipo: BIPOLAR  Aplicação: Quadro de distribuição  Amperes: 20A
municipal,disjuntor,2020,Vitória,111.24,unidade,unitario,DISJUNTOR  Tipo: TRIPOLAR  Aplicação: Quadro de distribuição  Amperes: 70A
municipal,disjuntor,2020,Vitória,13.6,unidade,unitario,DISJUNTOR  Tipo: MONOPOLAR  Aplicação: Quadro de distribuição  Amperes: 10A
municipal,torneira,2020,Vitória,71.93,unidade,unitario,"TORNEIRA  Tipo: Pressão  Pintura [tipo]: Cromada  Diâmetro: 1/2""  Aplicação: Para Lavatório "
municipal,pneu,2020,Vitória,134.45,unidade,unitario,Carrinho de Mão Capacidade Minima de 60L com Roda Pneu com Câmara  Fabricado em Chapa de Aço nº18. 
municipal,extintor,2020,Vitória,103.2,unidade,unitario,EXTINTOR DE INCÊNDIO  Aplicação: AP 10L 2A 1º Nível - Água  Complemento: Extintor na cor vermelha  com uma etiqueta de i
municipal,disjuntor,2020,Vitória,23.33,unidade,unitario,MINI DISJUNTOR BIPOLAR 16A CURVA C 5KA 220/127V 
municipal,disjuntor,2020,Vitória,31.41,unidade,unitario,MINI DISJUNTOR TRIPOLAR 25A CURVA C 5KA 220/127V 
municipal,torneira,2020,Vitória,51.17,unidade,unitario,TORNEIRA  Aplicação: PARA TANQUE
municipal,disjuntor,2020,Vitória,213.15,unidade,unitario,DISJUNTOR  Tipo: TRIPOLAR  Isolamento [Material]: TERMOMAGNETICO  Aplicação: Quadro de distribuição  Amperes: 100A
municipal,disjuntor,2020,Vitória,13.6,unidade,unitario,DISJUNTOR  Tipo: MONOPOLAR  Aplicação: Quadro de distribuição  Amperes: 25A
municipal,torneira,2020,Vitória,270.46,unidade,unitario,RESERVATÓRIO  Material: Fibra de vidro  Complemento: 1000L  inclusive adaptadores com flanges de PVC e torneira de bóia 
municipal,torneira,2020,Vitória,80.78,unidade,unitario,"TORNEIRA  Tipo: Bóia  Diâmetro: 1"""
municipal,disjuntor,2020,Vitória,23.33,unidade,unitario,MINI DISJUNTOR BIPOLAR 32A CURVA C 5KA 220/127V 
municipal,disjuntor,2020,Vitória,31.41,unidade,unitario,MINI DISJUNTOR TRIPOLAR 32A CURVA C 5KA 220/127V 
municipal,disjuntor,2020,Vitória,13.6,unidade,unitario,DISJUNTOR  Tipo: MONOPOLAR  Aplicação: Quadro de distribuição  Amperes: 15A
municipal,feijao,2020,Vitória,21.662,kg,descricao,CESTA  BÁSICA  Aplicação: - 01 pct de 5kg de arroz polido tipo 1;  - 01 pct de 2kg de açúcar cristal  cor branca;  - 01 
municipal,feijao,2020,Vitória,21.662,kg,descricao,CESTA BÁSICA  Aplicação: - 01 pct de 5kg de arroz polido tipo 1; - 01 pct de 2kg de açúcar cristal  cor branca; - 01 pct
municipal,feijao,2020,Vitória,14.28,kg,heuristica,"Livro  título:  O Mundo de Sofia  autor Jostein Garder  editora: Companhia das Letras ,Unidade                       ,16"
municipal,vassoura,2020,Vitória,40.7,unidade,unitario,Livro  título: Dona Vassoura  autor Guiomar Paiva  editora: Lê 
municipal,acucar,2020,Vitória,4.71,kg,heuristica,DISTRIBUIÇÃO GRATUITA  Objeto: Açucar  Tipo/Modelo: Cristal  Embalagem [Tipo]: Plástica termosselada e atóxica  Embalage
municipal,biscoito,2020,Vitória,21.075,kg,heuristica,DISTRIBUIÇÃO GRATUITA  BISCOITO  Tipo/Modelo: Maizena  Embalagem [Material]: Plástica atóxica  Embalagem [Peso  G]: 400 
municipal,farinha_trigo,2020,Vitória,8.36,kg,heuristica,DISTRIBUIÇÃO GRATUITA  Objeto: Biscoito  Tipo/Modelo: Cream Cracker  Composição: Farinha de Trigo Rica em Ferro e Ácido 
municipal,farinha_trigo,2020,Vitória,4.54,kg,heuristica,DISTRIBUIÇÃO GRATUITA  Objeto: Macarrão  Tipo/Modelo: Parafuso  Embalagem [Tipo]: Plástica Transparente Atóxica  Embalag
municipal,feijao,2020,Vitória,3.85,kg,unidade_declarada,DISTRIBUIÇÃO GRATUITA  Objeto: Feijão  Tipo/Modelo: Preto  Tipo: 1  Embalagem [Tipo]: Plástica termosselada e atóxica  E
municipal,seringa,2020,Vitória,0.31,unidade,unitario,SERINGA  Tipo: Estéril  descartável  Modelo: U100 - Insulina com escala de 1 em 1 unidade  Capacidade [ml]: 0 5  Caracte
municipal,prednisona,2020,Vitória,0.0977,unidade,unitario,PREDNISONA  Concentração [mg]: 5  Forma farmacêutica: Comprimido
municipal,dipirona,2020,Vitória,0.1057,unidade,unitario,DIPIRONA SÓDICA  Concentração [mg]: 500  Forma farmacêutica: Comprimido
municipal,ar_condicionado,2020,Vitória,6338.36,unidade,unitario,Passeio  Veículo CAMINHONETE 4X4  cor branca ou prata  05 lugares (01 motorista+04 passageiros)  04 portas. Manutenção p
municipal,ar_condicionado,2020,Vitória,3429.72,unidade,unitario,LOCAÇÃO DE VEÍCULO TIPO PASSEIO SEDAN LOCAÇÃO  Tipo: Passeio  Veículo: SEDAN  cor branca ou prata  05 lugares (01 motori
municipal,ar_condicionado,2020,Vitória,1952.71,unidade,unitario,LOCAÇÃO DE VEÍCULO TIPO PASSEIO SEDAN  LOCAÇÃO  Tipo: Passeio  Veículo: SEDAN  cor branca ou prata  05 lugares (01 motor
municipal,ar_condicionado,2020,Vitória,2063.15,unidade,unitario,LOCAÇÃO VEÍCULO TIPO PASSEIO PICK-UP LOCAÇÃO  Tipo: Passeio  Veículo: PICK-UP  cor branca ou prata  02 lugares (01 motor
municipal,ar_condicionado,2020,Vitória,1763.29,unidade,unitario,LOCAÇÃO VEÍCULO TIPO PASSEIO HATCH   LOCAÇÃO  Tipo: Passeio  Veículo: HATCH  cor branca ou prata  05 lugares (01 motoris
municipal,luva_procedimento,2020,Vitória,37.5,caixa_100,unitario,LUVA DE PROCEDIMENTO  Modelo: Não esteril  Material: Látex natural ou nitrílico  Tamanho: M  Detalhes: Ambidestra  resis
municipal,luva_procedimento,2020,Vitória,37.5,caixa_100,unitario,LUVA DE PROCEDIMENTO  Modelo: Não esteril  Material: Látex natural ou nitrílico  Tamanho: G  Detalhes: Ambidestra  resis
municipal,torneira,2020,Vitória,66.29,unidade,unitario,"TORNEIRA  Tipo: Bóia  Diâmetro: 3/4"""
municipal,disjuntor,2020,Vitória,23.33,unidade,unitario,MINI DISJUNTOR BIPOLAR 25A CURVA C 5KA 220/127V 
municipal,disjuntor,2020,Vitória,31.41,unidade,unitario,MINI DISJUNTOR TRIPOLAR 20A CURVA C 5KA 220/127V 
municipal,disjuntor,2020,Vitória,45.37,unidade,unitario,MINI DISJUNTOR TRIPOLAR 40A CURVA C 5KA 220/127V 
municipal,torneira,2020,Vitória,71.93,unidade,unitario,"TORNEIRA  Tipo: Pressão  Pintura [tipo]: Cromada  Diâmetro: 3/4""  Aplicação: Uso Geral "
municipal,disjuntor,2020,Vitória,213.15,unidade,unitario,DISJUNTOR  Tipo: TRIPOLAR  Isolamento [Material]: TERMOMAGNETICO  Aplicação: Quadro de distribuição  Amperes: 100A
municipal,disjuntor,2020,Vitória,13.6,unidade,unitario,DISJUNTOR  Tipo: MONOPOLAR  Aplicação: Quadro de distribuição  Amperes: 25A
municipal,disjuntor,2020,Vitória,24.79,unidade,unitario,DISJUNTOR  Tipo: BIPOLAR  Aplicação: Quadro de distribuição  Amperes: 50A
municipal,torneira,2020,Vitória,195.82,unidade,unitario,RESERVATÓRIO  Material: Fibra de vidro  Complemento: 500L  inclusive adaptadores com flanges de PVC e torneira de bóia d
municipal,torneira,2020,Vitória,270.46,unidade,unitario,RESERVATÓRIO  Material: Fibra de vidro  Complemento: 1000L  inclusive adaptadores com flanges de PVC e torneira de bóia 
municipal,torneira,2020,Vitória,80.78,unidade,unitario,"TORNEIRA  Tipo: Bóia  Diâmetro: 1"""
municipal,extintor,2020,Vitória,103.2,unidade,unitario,EXTINTOR DE INCÊNDIO  Aplicação: AP 10L 2A 1º Nível - Água  Complemento: Extintor na cor vermelha  com uma etiqueta de i
municipal,torneira,2020,Vitória,51.17,unidade,unitario,TORNEIRA  Aplicação: PARA TANQUE
municipal,torneira,2020,Vitória,71.93,unidade,unitario,"TORNEIRA  Tipo: Pressão  Pintura [tipo]: Cromada  Diâmetro: 1/2""  Aplicação: Para Lavatório "
municipal,disjuntor,2020,Vitória,24.79,unidade,unitario,DISJUNTOR  Tipo: BIPOLAR  Aplicação: Quadro de distribuição  Amperes: 40A
municipal,disjuntor,2020,Vitória,23.33,unidade,unitario,DISJUNTOR  Tipo: BIPOLAR  Aplicação: Quadro de distribuição  Amperes: 20A
municipal,disjuntor,2020,Vitória,13.6,unidade,unitario,DISJUNTOR  Tipo: MONOPOLAR  Aplicação: Quadro de distribuição  Amperes: 15A
municipal,disjuntor,2020,Vitória,45.37,unidade,unitario,DISJUNTOR  Tipo: TRIPOLAR  Aplicação: Quadro de distribuição  Amperes: 50A
municipal,disjuntor,2020,Vitória,23.33,unidade,unitario,MINI DISJUNTOR BIPOLAR 16A CURVA C 5KA 220/127V 
municipal,disjuntor,2020,Vitória,31.41,unidade,unitario,MINI DISJUNTOR TRIPOLAR 32A CURVA C 5KA 220/127V 
municipal,disjuntor,2020,Vitória,31.41,unidade,unitario,MINI DISJUNTOR TRIPOLAR 25A CURVA C 5KA 220/127V 
municipal,pneu,2020,Vitória,134.45,unidade,unitario,Carrinho de Mão Capacidade Minima de 60L com Roda Pneu com Câmara  Fabricado em Chapa de Aço nº18. 
municipal,disjuntor,2020,Vitória,87.77,unidade,unitario,DISJUNTOR  Tipo: TRIPOLAR  Aplicação: Quadro de distribuição  Amperes: 25A
municipal,disjuntor,2020,Vitória,23.33,unidade,unitario,MINI DISJUNTOR BIPOLAR 32A CURVA C 5KA 220/127V 
municipal,disjuntor,2020,Vitória,31.41,unidade,unitario,MINI DISJUNTOR TRIPOLAR 16A CURVA C 5KA 220/127V 
municipal,torneira,2020,Vitória,94.8,unidade,unitario,LAVATÓRIO  Tipo: Louça branca  Complemento: Sem coluna  inclusive sifão  válvula e engates em PVC  exclusive torneira.
municipal,disjuntor,2020,Vitória,111.24,unidade,unitario,DISJUNTOR  Tipo: TRIPOLAR  Aplicação: Quadro de distribuição  Amperes: 70A
municipal,disjuntor,2020,Vitória,13.6,unidade,unitario,DISJUNTOR  Tipo: MONOPOLAR  Aplicação: Quadro de distribuição  Amperes: 10A
municipal,brita,2020,Vitória,81.9,m3,unitario,BRITA 1 
municipal,argamassa,2020,Vitória,1.48,kg,unidade_declarada,ARGAMASSA  Aplicação: Grauteamento 
municipal,cal,2020,Vitória,0.68,kg,unidade_declarada,CAL HIDRATADA CH III PARA ARGAMASSAS 
municipal,argamassa,2020,Vitória,1.53,kg,unidade_declarada,ARGAMASSA  Tipo: Colante Flexivel  
municipal,argamassa,2020,Vitória,3.39,kg,unidade_declarada,ARGAMASSA  Tipo: Fina pre fabricada  Aplicação: Assentamento e Rejunte de pastilhas 
municipal,salbutamol,2020,Vitória,1.852,unidade,unitario,SALBUTAMOL  SULFATO  Concentração [mg/ml]: 0 5  Forma farmacêutica: Solução injetável  Apresentação: Ampola  Conteúdo [m
municipal,ar_condicionado,2020,Vitória,3282.05,unidade,unitario,Locação de Veículos Tipo Passeio  Veículo Tipo Passeio - veículos novos ou semi novos  com no máximo 03 (três) anos de u
municipal,ar_condicionado,2020,Vitória,13390.72,unidade,unitario,Locação de Veículos Tipo Passeio  Veículo Tipo Passeio - veículos novos ou semi novos  com no máximo 03 (três) anos de u
municipal,ar_condicionado,2020,Vitória,4059.12,unidade,unitario,Locação de Veículos tipo Van (15 Lugares)  Veículos tipo Van (15 Lugares) - veículos novos ou semi novos  com no máximo 
municipal,ar_condicionado,2020,Vitória,8154.12,unidade,unitario,Locação de Veículos Tipo Van (09 lugares)  Veículos tipo Van (09 Lugares)  veículos novos ou semi novos  com no máximo 
municipal,ar_condicionado,2020,Vitória,13370.59,unidade,unitario,Locação de Veículos Tipo Van (09 lugares)  Veículos tipo Van (09 Lugares)  veículos novos ou semi novos  com no máximo 
municipal,ar_condicionado,2020,Vitória,14714.7,unidade,unitario,Locação de Veículos Tipo Passeio  Veículo Tipo Passeio - veículos novos ou semi novos  com no máximo 03 (três) anos de u
municipal,ar_condicionado,2020,Vitória,16325.17,unidade,unitario,Locação de Veículos tipo Van (15 Lugares)  Veículos tipo Van (15 Lugares) - veículos novos ou semi novos  com no máximo 
municipal,ar_condicionado,2020,Vitória,3108.04,unidade,unitario,Locação de Veículo tipo pick up com capota removível  Locação de Veículo tipo pick up com capota removível  veículos no
municipal,ar_condicionado,2020,Vitória,5437.95,unidade,unitario,Locação tipo pick up  Veículos tipo pick up  veículos novos ou semi novos  com no máximo 03 (três) anos de uso  capacid
municipal,ar_condicionado,2020,Vitória,834.03,unidade,unitario,Locação de Veículos tipo furgão (carga)  Veículos tipo furgão (carga)  veículos novos ou semi novos  com no máximo 03 (
municipal,ar_condicionado,2020,Vitória,13642.77,unidade,unitario,Locação de Veículos tipo furgão (carga)  Veículos tipo furgão (carga)  veículos novos ou semi novos  com no máximo 03 (
municipal,ar_condicionado,2020,Vitória,7007.44,unidade,unitario,Locação de Veículos tipo Van (15 Lugares)  Veículos tipo Van (15 Lugares) - veículos novos ou semi novos  com no máximo 
municipal,ar_condicionado,2020,Vitória,15013.39,unidade,unitario,Locação de Veículo tipo pick up com capota removível  Locação de Veículo tipo pick up com capota removível  veículos no
municipal,ar_condicionado,2020,Vitória,5464.78,unidade,unitario,Locação de Veículos Tipo Van (09 lugares)  Veículos tipo Van (09 Lugares)  veículos novos ou semi novos  com no máximo 
municipal,ar_condicionado,2020,Vitória,2718.53,unidade,unitario,Locação de Veículos tipo Van (15 Lugares)  Veículos tipo Van (15 Lugares) - veículos novos ou semi novos  com no máximo 
municipal,ar_condicionado,2020,Vitória,1484.91,unidade,unitario,Locação de Veículos tipo furgão (carga)  Veículos tipo furgão (carga)  veículos novos ou semi novos  com no máximo 03 (
municipal,ar_condicionado,2020,Vitória,3278.36,unidade,unitario,Locação tipo pick up  Veículos tipo pick up  veículos novos ou semi novos  com no máximo 03 (três) anos de uso  capacid
municipal,ar_condicionado,2020,Vitória,1951.97,unidade,unitario,Locação de Veículo tipo pick up com capota removível  Locação de Veículo tipo pick up com capota removível  veículos no
municipal,ar_condicionado,2020,Vitória,2190.04,unidade,unitario,Locação de Veículo tipo pick up com capota removível  Locação de Veículo tipo pick up com capota removível  veículos no
municipal,ar_condicionado,2020,Vitória,4423.41,unidade,unitario,Locação tipo pick up  Veículos tipo pick up  veículos novos ou semi novos  com no máximo 03 (três) anos de uso  capacid
municipal,feijao,2020,Vitória,21.265,kg,descricao,KIT ALIMENTAÇÂO ESCOLAR. Composição: Arroz [02kg];  Feijão  preto [01 kg];  Leite em pó  integral [400 g]; Óleo de soja 
municipal,feijao,2020,Vitória,21.265,kg,descricao,KIT ALIMENTAÇÂO ESCOLAR. Composição: Arroz  [02kg];  Feijão  preto [01 kg];  Leite em pó  integral [400 g]; Óleo de soja
municipal,albendazol,2020,Vitória,1.228,unidade,unitario,ALBENDAZOL  Concentração [mg/ml]: 40  Forma farmacêutica: Suspensão Oral  Apresentação: Frasco  Conteúdo [ml]: 10
municipal,albendazol,2020,Vitória,0.4301,unidade,unitario,ALBENDAZOL  Concentração [mg]: 400  Forma farmacêutica: Comprimido mastigável
municipal,captopril,2020,Vitória,0.0262,unidade,unitario,CAPTOPRIL  Concentração [mg]: 25  Forma farmacêutica: Comprimido
municipal,dipirona,2020,Vitória,0.4615,unidade,unitario,DIPIRONA SÓDICA  Concentração [mg/ml]: 500  Forma farmacêutica: Solução injetável  Apresentação: Ampola  Conteúdo [ml]: 
municipal,monitor,2020,Vitória,1465.0,unidade,unitario,MONITOR LED 24 - WIDESCREEN Com as configurações mínimas: 1.	CARACTERÍSTICAS 1.1.	O monitor deve possuir tamanho de tel
municipal,ibuprofeno,2020,Vitória,0.1696,unidade,unitario,IBUPROFENO  Concentração [mg]: 300  Forma farmacêutica: Comprimido
municipal,desinfetante,2020,Vitória,2.83,litro,heuristica,DESINFETANTE HOSPITALAR  Aplicação: Desinfecção de pisos  superfícies fixas e instalações sanitárias  Composição: Soluçã
municipal,ar_condicionado,2020,Vitória,3121.21,unidade,unitario,LOCAÇÃO  Tipo: Camarim  Tamanho: Pequeno porte  Área Útil [m²]: 9  Cobertura: Tenda em lona branca auto extinguível 4 0 
municipal,fralda,2020,Vitória,0.46,unidade,unitario,FRALDA INFANTIL  Tipo: Descartável  Tamanho: G  Formato: Anatômico. Antialérgica  dotada de barreira antivazamento  dupl
municipal,fralda,2020,Vitória,0.84,unidade,unitario,FRALDA INFANTIL  Tipo: Descartável  Tamanho: M  Formato: Anatômico. Antialérgica  dotada de barreira antivazamento  dupl
municipal,fralda,2020,Vitória,0.54,unidade,unitario,FRALDA INFANTIL  Tipo: Descartável  Tamanho: P  Formato: Anatômico  Camada interna: não tecido  fibras de celulose  gel 
municipal,fralda,2020,Vitória,2.04,unidade,unitario,FRALDA GERIÁTRICA  Tipo: Descartável  Tamanho: M  Embalagem: Pacote  Marca: BIGFRAL 
municipal,seringa,2021,Vitória,3.83,unidade,unitario,SERINGA PARA GASOMETRIA  Material: Plástico  incolor e transparente  Contendo: Heparina lítica balanceada no interior da
municipal,feijao,2021,Vitória,28.662,kg,descricao,CESTA BÁSICA  Aplicação: - 01 pct de 5kg de arroz polido tipo 1; - 01 pct de 2kg de açúcar cristal  cor branca; - 01 pct
municipal,feijao,2021,Vitória,28.662,kg,descricao,CESTA  BÁSICA  Aplicação: - 01 pct de 5kg de arroz polido tipo 1;  - 01 pct de 2kg de açúcar cristal  cor branca;  - 01 
municipal,envelope,2021,Vitória,1.68,unidade,unitario,LUVA CIRÚRGICA  Modelo: Estéril  descartável  Material: Látex natural sem furos ou pontos de nós  Tamanho: 6 5  Detalhes
municipal,envelope,2021,Vitória,1.68,unidade,unitario,LUVA CIRÚRGICA  Modelo: Estéril  descartável  Material: Látex natural sem furos ou pontos de nós  Tamanho: 8 0  Detalhes
municipal,envelope,2021,Vitória,1.68,unidade,unitario,LUVA CIRÚRGICA  Modelo: Estéril  descartável  Material: Látex natural sem furos ou pontos de nós  Tamanho: 7 0  Detalhes
municipal,envelope,2021,Vitória,1.68,unidade,unitario,LUVA CIRÚRGICA  Modelo: Estéril  descartável  Material: Látex natural sem furos ou pontos de nós  Tamanho: 8 5  Detalhes
municipal,envelope,2021,Vitória,1.68,unidade,unitario,LUVA CIRÚRGICA  Modelo: Estéril  descartável  Material: Látex natural sem furos ou pontos de nós  Tamanho: 7 5  Detalhes
municipal,luva_procedimento,2021,Vitória,79.75,caixa_100,unitario,LUVA DE PROCEDIMENTO  Modelo: Não esteril  Material: Látex natural ou nitrílico  Tamanho: P  Detalhes: Ambidestra  resis
municipal,luva_procedimento,2021,Vitória,79.75,caixa_100,unitario,LUVA DE PROCEDIMENTO  Modelo: Não esteril  Material: Látex natural ou nitrílico  Tamanho: PP  Detalhes: Ambidestra  resi
municipal,acucar,2021,Vitória,24.0,kg,descricao,"PÃO  Cota: RESERVA  Tipo/Modelo: ""hot dog""  Complemento: obtido pela cocção  em condições técnicas adequadas  de massa p"
municipal,acucar,2021,Vitória,24.0,kg,descricao,"PÃO  Cota: RESERVA  Tipo/Modelo: ""hot dog""  Complemento: obtido pela cocção  em condições técnicas adequadas  de massa p"
municipal,acucar,2021,Vitória,24.0,kg,descricao,"PÃO  Tipo/Modelo: ""hot dog""  Complemento: obtido pela cocção  em condições técnicas adequadas  de massa preparada com fa"
municipal,acucar,2021,Vitória,24.0,kg,descricao,"PÃO  Tipo/Modelo: ""hot dog""  Complemento: obtido pela cocção  em condições técnicas adequadas  de massa preparada com fa"
municipal,achocolatado,2021,Vitória,14.35,kg,heuristica,FORNECIMENTO  Tipo: Desjejum  Complemento: Composição: - Café com Leite  Leite com Achocolatado  Leite Queimado. - Pão B
municipal,margarina,2021,Vitória,14.18,kg,heuristica,MARGARINA  Embalagem [Peso  G]: 500  Tipo/Modelo: Sem Sal  Embalagem [Tipo]: Plástica Atóxica [Polietileno] com Lacre en
municipal,margarina,2021,Vitória,13.38,kg,heuristica,MARGARINA  Embalagem [Peso  G]: 500  Tipo/Modelo: Sem Sal  Embalagem [Tipo]: Plástica Atóxica [Polietileno] com Lacre en
municipal,luva_procedimento,2021,Vitória,79.45,caixa_100,unitario,LUVA DE PROCEDIMENTO  Modelo: Não esteril  Material: Látex natural ou nitrílico  Tamanho: M  Detalhes: Ambidestra  resis
municipal,luva_procedimento,2021,Vitória,84.56,caixa_100,unitario,LUVA DE PROCEDIMENTO  Modelo: Não esteril  Material: Látex natural ou nitrílico  Tamanho: G  Detalhes: Ambidestra  resis
municipal,luva_procedimento,2021,Vitória,87.5,caixa_100,unitario,LUVA DE PROCEDIMENTO  Modelo: Não estéril  descartável  Material: Isento de talco  látex  proteínas e resíduos químicos 
municipal,luva_procedimento,2021,Vitória,84.65,caixa_100,unitario,LUVA DE PROCEDIMENTO  Modelo: Não estéril  descartável  Material: Isento de talco  látex  proteínas e resíduos químicos 
municipal,luva_procedimento,2021,Vitória,89.99,caixa_100,unitario,LUVA DE PROCEDIMENTO  Modelo: Não estéril  descartável  Material: Isento de talco  látex  proteínas e resíduos químicos 
municipal,vassoura,2021,Vitória,12.12,unidade,unitario,VASSOURA GARI  Cabo [material]: Madeira  Comprimento [m]: 1 40 a 1 60  Largura [cm]: 35 a 45 
municipal,acucar,2021,Vitória,3.19,kg,unidade_declarada,AÇUCAR  Cota: RESERVA  Tipo/Modelo: Cristal  Embalagem [Peso  Kg]: 2  Qualidade Exigida: 1ª 
municipal,acucar,2021,Vitória,3.19,kg,unidade_declarada,AÇUCAR  Tipo/Modelo : Cristal  Embalagem [Peso  Kg] : 2  Qualidade Exigida: 1ª 
municipal,carne_suina,2021,Vitória,29.0,kg,descricao,CARNE  Tipo/Modelo: Suína  Apresentação: Iscas de pernil suíno e Congelada  Registro: SIF ou SIE  Embalagem: Plástica te
municipal,carne_suina,2021,Vitória,29.0,kg,descricao,CARNE  Tipo/Modelo: Suína  Apresentação: Iscas de pernil suíno e Congelada  Registro: SIF ou SIE  Embalagem: Plástica te
municipal,amitriptilina,2021,Vitória,0.05,unidade,unitario,AMITRIPTILINA  CLORIDRATO  Concentração [mg]: 25  Forma farmacêutica: Comprimido 
municipal,polpa_fruta,2021,Vitória,13.06,kg,descricao,POLPA DE FRUTA  Sabor: Goiaba  Complemento: 100% natural  sem aditivos químicos  integral  composição 100% de polpa  pas
municipal,polpa_fruta,2021,Vitória,12.88,kg,descricao,POLPA DE FRUTA  Sabor: Goiaba  Complemento: 100% natural  sem aditivos químicos  integral  composição 100% de polpa  pas
municipal,polpa_fruta,2021,Vitória,14.01,kg,descricao,POLPA DE FRUTA  Sabor: Manga  Complemento: 100% natural  sem aditivos químicos  integral  composição 100% de polpa  past
municipal,polpa_fruta,2021,Vitória,12.95,kg,descricao,POLPA DE FRUTA  Sabor: Caju  Complemento: 100% natural  sem aditivos químicos  integral  composição 100% de polpa  paste
municipal,polpa_fruta,2021,Vitória,13.22,kg,descricao,POLPA DE FRUTA  Sabor: Caju  Complemento: 100% natural  sem aditivos químicos  integral  composição 100% de polpa  paste
municipal,polpa_fruta,2021,Vitória,14.81,kg,descricao,POLPA DE FRUTA  Sabor: Acerola  Complemento: 100% natural  sem aditivos químicos  integral  composição 100% de polpa  pa
municipal,polpa_fruta,2021,Vitória,15.54,kg,descricao,POLPA DE FRUTA  Sabor: Acerola  Complemento: 100% natural  sem aditivos químicos  integral  composição 100% de polpa  pa
municipal,polpa_fruta,2021,Vitória,14.39,kg,descricao,POLPA DE FRUTA  Sabor: Manga  Complemento: 100% natural  sem aditivos químicos  integral  composição 100% de polpa  past
municipal,feijao,2021,Vitória,7.97,kg,unidade_declarada,FEIJÃO  Tipo/Modelo: Preto  Tipo 1  Embalagem [Tipo]: Plástica  Transparente  Termosselada e Atóxica  Embalagem [Peso  K
municipal,feijao,2021,Vitória,7.65,kg,unidade_declarada,FEIJÃO  Tipo/Modelo: Carioca  Tipo 1  Embalagem [Tipo]: Plástica  Transparente  Termosselada e Atóxica  Embalagem [Peso 
municipal,feijao,2021,Vitória,7.97,kg,unidade_declarada,FEIJÃO  Tipo/Modelo: Preto  Tipo 1  Embalagem [Tipo]: Plástica  Transparente  Termosselada e Atóxica  Embalagem [Peso  K
municipal,feijao,2021,Vitória,7.65,kg,unidade_declarada,FEIJÃO  Tipo/Modelo: Carioca  Tipo 1  Embalagem [Tipo]: Plástica  Transparente  Termosselada e Atóxica  Embalagem [Peso 
municipal,seringa,2021,Vitória,0.55,unidade,unitario,SERINGA  Tipo: Estéril  descartável  Modelo: U100 - Insulina com escala de 1 em 1 unidade  Capacidade [ml]: 0 5  Caracte
municipal,furosemida,2021,Vitória,0.4802,unidade,unitario,FUROSEMIDA  Concentração [mg/ml]: 10  Forma farmacêutica: Solução injetável  Apresentação: Ampola  Conteúdo [ml]: 2 
municipal,dipirona,2021,Vitória,0.5026,unidade,unitario,DIPIRONA SÓDICA  Concentração [mg/ml]: 500  Forma farmacêutica: Solução injetável  Apresentação: Ampola  Conteúdo [ml]: 
municipal,dipirona,2021,Vitória,1.3765,unidade,unitario,DIPIRONA SÓDICA  Concentração [mg/ml]: 500  Forma farmacêutica: Solução Oral Gotas  Apresentação: Frasco  Conteúdo [ml]:
municipal,metronidazol,2021,Vitória,2.4264,unidade,unitario,METRONIDAZOL  Concentração [mg/ml]: 5  Forma farmacêutica: Solução para infusão  sistema fechado  Apresentação: Frasco  
municipal,azitromicina,2021,Vitória,6.4906,unidade,unitario,AZITROMICINA  Concentração [mg/ml]: 40  Forma farmacêutica: Pó para suspensão oral  Apresentação: Frasco  Conteúdo [ml]:
municipal,azitromicina,2021,Vitória,2.0727,unidade,unitario,AZITROMICINA  Concentração [mg]: 500  Forma farmacêutica: Comprimido 
municipal,arroz,2021,Vitória,2.37,kg,descricao,ARROZ AGULHINHA  classe longo fino  tipo I  isento de mofo  odores estranhos  substâncias nocivas  coloração uniforme e 
municipal,leite_po,2021,Vitória,63.4,kg,heuristica,LEITE EM PÓ INTEGRAL INSTANTÂNEO  com no mínimo 26% de gorduras e mínimo 245mg de cálcio na porção de 25 gramas. Em emba
municipal,acucar,2021,Vitória,2.46,kg,descricao,AÇÚCAR CRISTAL TIPO 1 primeira qualidade  devendo ser entregue com peso líquido de 01 kg em embalagem plástica íntegra  
municipal,fuba,2021,Vitória,2.23,kg,descricao,FUBÁ DE MILHO  TIPO 1  produzido a partir de grão de milho de primeira qualidade  produto amarelo  de aspecto fino  livr
municipal,feijao,2021,Vitória,6.48,kg,descricao,FEIJÃO PRETO TIPO I  de primeira qualidade  in natura  novo  grãos inteiros  aspecto brilhoso  liso  isento de matéria t
municipal,farinha_trigo,2021,Vitória,8.6,kg,descricao,MACARRÃO PARAFUSO  TIPO 1  massa de sêmola com ovos  farinha de trigo especial  embalagem original de 500 g  rotulagem d
municipal,farinha_mandioca,2021,Vitória,3.08,kg,descricao,FARINHA DE MANDIOCA  TIPO 1  de primeira qualidade  torrada  seca  fina  classe branca. Devendo ser entregue com peso lí
municipal,oleo_soja,2021,Vitória,9.2,litro,descricao,ÓLEO DE SOJA  de 1ª qualidade  100% natural  embalagem com 900 ml  Rotulagem de acordo com Legislação Vigente e Selo de 
municipal,monitor,2021,Vitória,1544.0,unidade,unitario,1	MONITOR DE VÍDEO  1.1	Possuir monitor de vídeo com tecnologia LED (LED orgânico ou LCD iluminada por LED). Tela plana 
municipal,monitor,2021,Vitória,1544.0,unidade,unitario,1	MONITOR DE VÍDEO (Cota Reservada)  1.1	Possuir monitor de vídeo com tecnologia LED (LED orgânico ou LCD iluminada por 
municipal,notebook,2021,Vitória,3445.24,unidade,unitario,Locação de Sonorização com montagem  desmontagem e operador Sistema de sonorização tipo PA. tamanho P SISTEMA DE PA CONS
municipal,notebook,2021,Vitória,6413.87,unidade,unitario,Locação de Sonorização com montagem  desmontagem e operador Sistema de sonorização tipo PA tamanho G Sistema de PA Conso
municipal,dexametasona,2021,Vitória,1.9,unidade,unitario,DEXAMETASONA  Composição: FOSFATO DISSÓDICO  Concentração [mg/ml]: 4  Forma Farmacêutica: Solução Injetável  Apresentaçã
municipal,cadeira,2021,Vitória,708.77,unidade,unitario, Cota Reserva  - CADEIRA GIRATÓRIA COM BRAÇOS E ESPALDAR MÉDIO. Garantia mínima: 2 anos  com selo de garantia. Assento e
municipal,cadeira,2021,Vitória,708.77,unidade,unitario,CADEIRA GIRATÓRIA COM BRAÇOS E ESPALDAR MÉDIO. Garantia mínima: 2 anos  com selo de garantia. Assento e encosto estofado
municipal,dipirona,2021,Vitória,2.65,unidade,unitario,ESCOPOLAMINA  BUTILBROMETO + DIPIRONA SÓDICA  Concentração [mg/ml]: 4 + 500  Forma farmacêutica: Solução injetável  Apre
municipal,creme_dental,2021,Vitória,1.84,unidade,unitario,CREME DENTAL  Composição: Com no mínimo 1.500 ppm de flúor  Sabor: Menta ou Hortelã  Embalagem: Tubo com 90g 
municipal,bebedouro,2021,Vitória,1190.02,unidade,unitario,BEBEDOURO  Tipo: Pressão  Modelo: Coluna  Material: Em chapa de aço inox  Componentes: Torneiras para copo e boca  Tensã
municipal,bebedouro,2021,Vitória,2721.01,unidade,unitario,BEBEDOURO  Tipo: Industrial  Modelo: Piso  Material: Em chapa de aço inox  Componentes: Com 3 Torneiras Frontais Cromada
municipal,bebedouro,2021,Vitória,3229.27,unidade,unitario,BEBEDOURO  Tipo: Industrial  Modelo: Piso  Material: Em chapa de aço inox  Componentes: Com 4 Torneiras Frontais Cromada
municipal,dipirona,2021,Vitória,2.0313,unidade,unitario,ESCOPOLAMINA  BUTILBROMETO + DIPIRONA SÓDICA  Concentração [mg/ml]: 4 + 500  Forma farmacêutica: Solução injetável  Apre
municipal,cadeira,2021,Vitória,339.6,unidade,unitario,CADEIRA GIRATÓRIA COM BRAÇOS. Garantia mínima: 2 anos  com selo de garantia  Assento e encosto estofados com poliuretano
municipal,cadeira,2021,Vitória,149.63,unidade,unitario,CADEIRA FIXA  Material: Plástica Quadrada Monobloco  Empilhável  Dimensões [Aproximada]: 510 x 430 x 890 mm  Material: P
municipal,monitor,2021,Vitória,726.58,unidade,unitario,1	MONITOR DE VÍDEO  1.1	Possuir monitor de vídeo com tecnologia LED (LED orgânico ou LCD iluminada por LED). Tela plana 
municipal,monitor,2021,Vitória,726.58,unidade,unitario,1	MONITOR DE VÍDEO (Cota Reservada)  1.1	Possuir monitor de vídeo com tecnologia LED (LED orgânico ou LCD iluminada por 
municipal,albendazol,2021,Vitória,0.279,unidade,unitario,ALBENDAZOL  Concentração [mg]: 400  Forma farmacêutica: Comprimido mastigável
municipal,monitor,2021,Vitória,814.08,unidade,unitario,MONITOR 19 5   	Descrição: Monitor de Vídeo    	Aplicação: Estações Desktops e Painéis de Senhas    	Tipo: LED  Tama
municipal,prednisolona,2021,Vitória,3.1064,unidade,unitario,PREDNISOLONA  FOSFATO SÓDICO  Concentração [mg/ml]: 3  Forma farmacêutica: Solução oral  Conteúdo [ml]: 60  Detalhe: Com
municipal,envelope,2021,Vitória,0.34,unidade,unitario,ENVELOPE  Tipo: Saco Kraft  Aplicação: Para transporte  embalagem e proteção da correspondência  Matéria Prima: Papel kr
municipal,envelope,2021,Vitória,0.53,unidade,unitario,ENVELOPE  Tipo: Saco Kraft  Aplicação: Para transporte  embalagem e proteção da correspondência  Matéria Prima: Papel kr
municipal,fralda,2021,Vitória,2.15,unidade,unitario,FRALDA GERIÁTRICA  Tipo: Descartável  Tamanho: G  Embalagem: Pacote  Marca: TENA CONFORT 
municipal,fralda,2021,Vitória,0.8409,unidade,unitario,FRALDA INFANTIL  Tipo: Descartável  Tamanho: G  Formato: Anatômico. Antialérgica  dotada de barreira antivazamento  dupl
municipal,ar_condicionado,2021,Vitória,2750.0,unidade,unitario,LOCAÇÃO DE VEÍCULO TIPO CAMINHONETE PICK-UP  PREFERENCIALMENTE NA COR BRANCA  ATÉ 2 ANOS DE USO  CABINE DUPLA QUE COMPOR
municipal,seringa,2021,Vitória,0.42,unidade,unitario,SERINGA  Tipo: Estéril  descartável  Modelo: U100 - Insulina com escala de 2 em 2 unidades  Capacidade [ml]: 1  Caracter
municipal,seringa,2021,Vitória,0.43,unidade,unitario,SERINGA  Tipo: Estéril  descartável  Modelo: U100 - Insulina com escala de 1 em 1 unidade  Capacidade [ml]: 0 5  Caracte
municipal,grampeador,2021,Vitória,65.43,unidade,unitario,GRAMPEADOR  grande  profissional  para grampear até 100 folhas  na cor preta  com suporte móvel para 2 tipos de fixação 
municipal,grampeador,2021,Vitória,19.24,unidade,unitario,GRAMPO  Tipo: 23/13. O número máximo de folhas grampeadas pode variar de acordo com a gramatura do papel. Aplicação: Par
municipal,fralda,2021,Vitória,1.3,unidade,unitario,FRALDA GERIÁTRICA  Tipo: Descartável  Tamanho: M  com cintura de no mínimo 110 cm. Formato: Anatômico  com área de prote
municipal,fralda,2021,Vitória,1.51,unidade,unitario,FRALDA GERIÁTRICA  Tipo: Descartável  Tamanho: EG  com cintura de no mínimo 155 cm. Formato: Anatômico  com área de prot
municipal,fralda,2021,Vitória,1.38,unidade,unitario,FRALDA GERIÁTRICA  Tipo: Descartável  Tamanho: G  com cintura de no mínimo 145 cm. Formato: Anatômico  com área de prote
municipal,fralda,2021,Vitória,1.19,unidade,unitario,FRALDA GERIÁTRICA  Tipo: Descartável  Tamanho: P  com cintura de no mínimo 80 cm. Formato: Anatômico  com área de proteç
municipal,fralda,2021,Vitória,0.74,unidade,unitario,FRALDA INFANTIL  Tipo: Descartável  Tamanho: XG  Formato: Anatômico. Antialérgica  dotada de barreira antivazamento  dup
municipal,alcool,2021,Vitória,8.52,litro,descricao,Álcool em Gel 70% Antisséptico Higienizador de Mãos  ÁLCOOL GEL ANTISSÉPTICO a base de álcool 70%. Álcool Etílico Hidrat
municipal,alcool,2021,Vitória,8.52,litro,descricao,ÁLCOOL em Gel 70% Antisséptico  Higienizador de Mãos ÁLCOOL GEL ANTISSÉPTICO a base de álcool 70%.  Álcool Etílico Hidra
municipal,haloperidol,2021,Vitória,5.5606,unidade,unitario,HALOPERIDOL  DECANOATO  Concentração [mg/ml]: 50  Forma farmacêutica: Solução injetável  Apresentação: Ampola  Conteúdo 
municipal,envelope,2021,Vitória,1.6399,unidade,unitario,AMOXICILINA + ÁCIDO CLAVULÂNICO  Concentração [mg]: 875 + 125  Forma farmacêutica: Comprimido  Apresentação: Blister/env
municipal,desinfetante,2021,Vitória,2.68,litro,heuristica,DESINFETANTE HOSPITALAR  Aplicação: Desinfecção de pisos  superfícies fixas e instalações sanitárias  Composição: Soluçã
municipal,luva_procedimento,2021,Vitória,90.83,caixa_100,unitario,LUVA DE PROCEDIMENTO  Modelo: Não esteril  Material: Látex natural ou nitrílico  Tamanho: P  Detalhes: Ambidestra  resis
municipal,luva_procedimento,2021,Vitória,90.89,caixa_100,unitario,LUVA DE PROCEDIMENTO  Modelo: Não esteril  Material: Látex natural ou nitrílico  Tamanho: M  Detalhes: Ambidestra  resis
municipal,luva_procedimento,2021,Vitória,91.72,caixa_100,unitario,LUVA DE PROCEDIMENTO  Modelo: Não esteril  Material: Látex natural ou nitrílico  Tamanho: G  Detalhes: Ambidestra  resis
municipal,luva_procedimento,2021,Vitória,90.89,caixa_100,unitario,COTA DE RESERVA - LUVA DE PROCEDIMENTO  Modelo: Não esteril  Material: Látex natural ou nitrílico  Tamanho: M  Detalhes:
municipal,luva_procedimento,2021,Vitória,91.72,caixa_100,unitario,COTA DE RESERVA - LUVA DE PROCEDIMENTO  Modelo: Não esteril  Material: Látex natural ou nitrílico  Tamanho: G  Detalhes:
municipal,luva_procedimento,2021,Vitória,90.83,caixa_100,unitario,COTA DE RESERVA - LUVA DE PROCEDIMENTO  Modelo: Não esteril  Material: Látex natural ou nitrílico  Tamanho: P  Detalhes:
municipal,seringa,2021,Vitória,0.52,unidade,unitario,SERINGA HIPODÉRMICA  Modelo: Estéril  descartável  Capacidade [ml]: 20  Característica: Sem Agulha  Bico: Luer Slip  Cil
municipal,seringa,2021,Vitória,1.03,unidade,unitario,SERINGA HIPODÉRMICA  Modelo: Estéril  descartável  Capacidade [ml]: 20  Característica: Sem Agulha  Bico: Luer Lock  Cil
municipal,seringa,2021,Vitória,0.46,unidade,unitario,SERINGA HIPODÉRMICA  Modelo: Estéril  descartável  Capacidade [ml]: 10  Característica: Sem Agulha  Bico: Luer Lock  Cil
municipal,seringa,2021,Vitória,0.4,unidade,unitario,SERINGA HIPODÉRMICA  Modelo: Estéril  descartável  Capacidade [ml]: 5  Característica: Sem Agulha  Bico: Luer Lock  Cili
municipal,seringa,2021,Vitória,0.35,unidade,unitario,SERINGA HIPODÉRMICA  Modelo: Estéril  descartável  Capacidade [ml]: 3  Característica: Sem Agulha  Bico: Luer Lock  Cili
municipal,envelope,2021,Vitória,0.4,unidade,unitario,IMPRESSO  Modelo: 299  Nome do Formulário: ENVELOPE OFÍCIO TIMBRADO  Tamanho [Papel]: Ofício  Tamanho [mm] [+/- 0 5 Mm]:
municipal,envelope,2021,Vitória,0.24,unidade,unitario,IMPRESSO  Modelo: 157  Destinação [Órgão]: SEGES/ADJ  Nome do Formulário: ENVELOPE 1/2 OFÍCIO TIMBRADO  Formato [Cm]: 11
municipal,dexametasona,2021,Vitória,6.56,unidade,unitario,DEXAMETASONA  Concentração [mg/ml]: 2  Forma farmacêutica: Injetável  Apresentação: Frasco / Ampola  Conteúdo [ml]: 10  
municipal,shampoo,2021,Vitória,38.15,litro,heuristica,PERÓXIDO DE BENZOÍLA  Concentração [%]: 2 5  Apresentação: Frasco  Conteúdo [ml]: 125  Forma farmacêutica: Shampoo  Uso:
municipal,apontador,2021,Vitória,3.18,unidade,unitario,APONTADOR  Tipo: Escolar  Aplicação: Apontamento de Lápis.  Depósito: Sim  Complemento: COM DEPOSITO. Para lápis grafitt
municipal,disjuntor,2021,Vitória,150.0,unidade,unitario,SERVIÇOS  Tipo: Instalação de tomada 2P+T nos racks  Complemento: Estando incluso os seguintes materiais: haste de aterr
municipal,aas,2020,Cariacica,0.0192,unidade,unitario,ACIDO ACETILSALICILICO 100MG
municipal,macarrao,2020,Cariacica,6.06,kg,descricao,MACARRÃO  DO TIPO ESPAGUETE  COM SÊMOLA  ACONDICIONADO EM EMBALAGEM RESISTENTE DE POLIETILENO ATÓXICO  NÃO VIOLADO  QUE 
municipal,biscoito,2020,Cariacica,9.775,kg,descricao,BISCOITO DOCE  TIPO MARIA OU MAISENA DE TEXTURA CROCANTE  ISENTO DE LACTOSE  ACONDICIONADO EM EMBALAGEM RESISTENTE DE PO
municipal,oleo_soja,2020,Cariacica,5.7556,litro,descricao,ÓLEO DE SOJA TIPO 1  ENVASADO EM EMBALAGEM RESISTENTE DE POLIETILENO ATÓXICO  NÃO VIOLADO  QUE GARANTA A INTEGRIDADE DO 
municipal,acucar,2020,Cariacica,3.55,kg,descricao,Açúcar Cristal  obtido da cana de açúcar  acondicionado em embalagem resistente de polietileno atóxico  não violado  que
municipal,feijao,2020,Cariacica,7.43,kg,descricao,FEIJÃO PRETO  TIPO 1  ACONDICIONADO EM EMBALAGEM RESISTENTE DE POLIETILENO ATÓXICO  NÃO VIOLADA  QUE GARANTA A INTEGRIDA
municipal,leite_po,2020,Cariacica,29.05,kg,descricao,LEITE EM PÓ INTEGRAL  INSTANTÂNEO RICO EM VITAMINAS A  C E D  PÓ UNIFORME SEM GRUMOS  ACONDICIONADO EM EMBALAGEM ALUMINI
municipal,arroz,2020,Cariacica,3.484,kg,descricao,ARROZ TIPO I PACOTE 5 KG - CLASSE LONGO FINO  SEM GLÚTEN  CONTENDO NO MÍNIMO 90% DE GRÃOS INTEIROS COM NO MÁXIMO 14% DE 
municipal,macarrao,2020,Cariacica,6.06,kg,descricao,MACARRÃO  DO TIPO ESPAGUETE  COM SÊMOLA  ACONDICIONADO EM EMBALAGEM RESISTENTE DE POLIETILENO ATÓXICO  NÃO VIOLADO  QUE 
municipal,biscoito,2020,Cariacica,9.775,kg,descricao,BISCOITO DOCE  TIPO MARIA OU MAISENA DE TEXTURA CROCANTE  ISENTO DE LACTOSE  ACONDICIONADO EM EMBALAGEM RESISTENTE DE PO
municipal,oleo_soja,2020,Cariacica,5.7556,litro,descricao,ÓLEO DE SOJA TIPO 1  ENVASADO EM EMBALAGEM RESISTENTE DE POLIETILENO ATÓXICO  NÃO VIOLADO  QUE GARANTA A INTEGRIDADE DO 
municipal,acucar,2020,Cariacica,3.55,kg,descricao,Açúcar Cristal  obtido da cana de açúcar  acondicionado em embalagem resistente de polietileno atóxico  não violado  que
municipal,feijao,2020,Cariacica,7.43,kg,descricao,FEIJÃO PRETO  TIPO 1  ACONDICIONADO EM EMBALAGEM RESISTENTE DE POLIETILENO ATÓXICO  NÃO VIOLADA  QUE GARANTA A INTEGRIDA
municipal,leite_po,2020,Cariacica,29.05,kg,descricao,LEITE EM PÓ INTEGRAL  INSTANTÂNEO RICO EM VITAMINAS A  C E D  PÓ UNIFORME SEM GRUMOS  ACONDICIONADO EM EMBALAGEM ALUMINI
municipal,arroz,2020,Cariacica,3.484,kg,descricao,ARROZ TIPO I PACOTE 5 KG - CLASSE LONGO FINO  SEM GLÚTEN  CONTENDO NO MÍNIMO 90% DE GRÃOS INTEIROS COM NO MÁXIMO 14% DE 
municipal,omeprazol,2020,Cariacica,0.074,unidade,unitario,OMEPRAZOL 20 MG CÁPSULA
municipal,haloperidol,2020,Cariacica,0.1942,unidade,unitario,HALOPERIDOL 5MG
municipal,pendrive,2020,Cariacica,98.0,unidade,unitario,PEN DRIVE 32 GB
municipal,azitromicina,2020,Cariacica,1.63,unidade,unitario,AZITROMICINA 500 MG
municipal,fenobarbital,2020,Cariacica,3.4,unidade,unitario,FENOBARBITAL 40MG/ML SOL ORAL GOTAS FRASCO COM 20 ML
municipal,salbutamol,2020,Cariacica,7.119,unidade,unitario,SALBUTAMOL 100MCG SPRAY 200 DOSES
municipal,salbutamol,2020,Cariacica,1.7933,unidade,unitario,SALBUTAMOL 0 5 MG/ML SOLUÇÃO INJETÁVEL
municipal,azitromicina,2020,Cariacica,11.9733,unidade,unitario,AZITROMICINA PÓ PARA SUSPENSÃO ORAL 600MG (40 MG/ML) + FLACONETE DILUENTE COM 9 ML + SERINGA 
municipal,envelope,2020,Cariacica,0.88,unidade,unitario,SAIS PARA REIDRATAÇÃO ORAL PÓ  ENVELOPE 27 9G
municipal,cefalexina,2020,Cariacica,0.5733,unidade,unitario,CEFALEXINA 500MG CÁPSULA/COMPRIMIDO
municipal,clonazepam,2020,Cariacica,0.3266,unidade,unitario,CLONAZEPAM 2 MG
municipal,papel_a4,2020,Cariacica,15.74,resma,unitario,PAPEL A4 - PAPEL SULFITE A4  COR BRANCA  GRAMATURA 75 G/M²  DIMENSÕES 210 MM X 297 MM
municipal,papel_a4,2020,Cariacica,15.74,resma,unitario,PAPEL A4 - PAPEL SULFITE A4  COR BRANCA  GRAMATURA 75 G/M²  DIMENSÕES 210 MM X 297 MM
municipal,enalapril,2020,Cariacica,0.0434,unidade,unitario,ENALAPRIL  MALEATO 20 MG COMPRIMIDO
municipal,hidroclorotiazida,2020,Cariacica,0.0139,unidade,unitario,HIDROCLOROTIAZIDA 25MG
municipal,nimesulida,2020,Cariacica,0.0598,unidade,unitario,NIMESULIDA  100 MG  COMPRIMIDO 
municipal,dexametasona,2020,Cariacica,6.07,unidade,unitario,DEXAMETASONA 0 1% SUSPENSÃO OFTÁLMICA FRASCO 5ML
municipal,metformina,2020,Cariacica,0.0693,unidade,unitario,METFORMINA  CLORIDRATO 850MG
municipal,notebook,2020,Cariacica,2301.88,unidade,unitario,NOTEBOOK - PROCESSADOR: CACHE: 3MB CLOCK 2.00 GHZ  MEMÓRIA: RAM 4GB (4GB DDR4 2133MHZ) - MÁXIMA EXPANSÃO: 16GB. ARMAZENA
municipal,papel_a4,2020,Cariacica,14.65,resma,unitario,PAPEL  A4 BRANCO -  PCT C/ 500 FLS   PAPEL SULFITE; MATERIAL ALCALINO; COR: BRANCO  PH ALCALINO;  APLICACAO: MULTIUSO; G
municipal,caneta_esferografica,2020,Cariacica,0.56,unidade,unitario,CANETA ESFEROGRÁFICA  COR AZUL  ESCRITA FINA  CORPO EM PLÁSTICO TRANSPARENTE  HEXAGONAL OU SEXTAVADO; PONTA DE TUNGSTÊNI
municipal,agua_mineral,2020,Cariacica,0.307,litro,descricao,ÁGUA MINERAL SEM GÁS  GARRAFÃO DE 20L 
municipal,agua_mineral,2020,Cariacica,0.307,litro,descricao,ÁGUA MINERAL SEM GÁS  GARRAFÃO DE 20L 
municipal,batata,2020,Cariacica,2.88,kg,unidade_declarada,BATATA DOCE
municipal,batata,2020,Cariacica,2.88,kg,unidade_declarada,BATATA DOCE
municipal,inhame,2020,Cariacica,5.14,kg,unidade_declarada,INHAME (ORGÂNICO)
municipal,inhame,2020,Cariacica,5.14,kg,unidade_declarada,INHAME (ORGÂNICO)
municipal,banana,2020,Cariacica,2.69,kg,unidade_declarada,BANANA NANICA ORGÂNICA
municipal,banana,2020,Cariacica,2.69,kg,unidade_declarada,BANANA NANICA ORGÂNICA
municipal,banana,2020,Cariacica,3.16,kg,unidade_declarada,BANANA DA TERRA - CLIMATIZADA  ORIUNDA DE PLANTAS SADIAS  DESTINADO AO CONSUMO IN NATURA  DEVENDO SE APRESENTAR FRESCA
municipal,banana,2020,Cariacica,3.8,kg,unidade_declarada,BANANA PRATA (ORGÂNICA) EXTRA IN NATURA  COM GRAU DE MATURAÇÃO ADEQUADO PARA O CONSUMO  PROCEDENTES DE ESPÉCIES GENUÍNAS
municipal,banana,2020,Cariacica,3.8,kg,unidade_declarada,BANANA PRATA (ORGÂNICA) EXTRA IN NATURA  COM GRAU DE MATURAÇÃO ADEQUADO PARA O CONSUMO  PROCEDENTES DE ESPÉCIES GENUÍNAS
municipal,banana,2020,Cariacica,2.93,kg,unidade_declarada,BANANA PRATA EXTRA IN NATURA  COM GRAU DE MATURAÇÃO ADEQUADO PARA O CONSUMO  PROCEDENTES DE ESPÉCIES GENUÍNAS E SÃS  POL
municipal,dipirona,2020,Cariacica,0.0788,unidade,unitario,DIPIRONA SÓDICA 500MG COMPRIMIDO
municipal,levotiroxina,2020,Cariacica,0.0729,unidade,unitario,LEVOTIROXINA 25MCG
municipal,ar_condicionado,2020,Cariacica,2560.16,unidade,unitario,AR CONDICIONADO SPLIT 12.000 BTUS. COM INSTALAÇÃO COMPLETA 
municipal,ar_condicionado,2020,Cariacica,4125.5,unidade,unitario,AR CONDICIONADO 18.000 BTU'S  SPLIT SYSTEM
municipal,ar_condicionado,2020,Cariacica,2560.16,unidade,unitario,AR CONDICIONADO SPLIT 12.000 BTUS. COM INSTALAÇÃO COMPLETA 
municipal,ar_condicionado,2020,Cariacica,4125.5,unidade,unitario,AR CONDICIONADO 18.000 BTU'S  SPLIT SYSTEM
municipal,ar_condicionado,2020,Cariacica,2560.16,unidade,unitario,AR CONDICIONADO SPLIT 12.000 BTUS. COM INSTALAÇÃO COMPLETA 
municipal,ar_condicionado,2020,Cariacica,4125.5,unidade,unitario,AR CONDICIONADO 18.000 BTU'S  SPLIT SYSTEM
municipal,loratadina,2020,Cariacica,0.0854,unidade,unitario,LORATADINA 10MG
municipal,papel_higienico,2020,Cariacica,4.79,rolo,unitario,PAPEL HIGIÊNICO BRANCO S/ PERFUME PCT C/04ROLOS DE 30 METROS CADA - PCT  PAPEL HIGIÊNICO BRANCO SEM PERFUME  PICOTADO E 
municipal,prednisona,2020,Cariacica,0.0737,unidade,unitario,PREDNISONA 5 MG
municipal,paracetamol,2020,Cariacica,0.0421,unidade,unitario,PARACETAMOL 500MG
municipal,haloperidol,2020,Cariacica,0.19,unidade,unitario,HALOPERIDOL 5MG
municipal,haloperidol,2020,Cariacica,4.29,unidade,unitario,HALOPERIDOL DECANOATO 50MG/ML SOL INJETÁVEL AMP 1ML
municipal,metronidazol,2020,Cariacica,4.73,unidade,unitario,METRONIDAZOL 100 MG/G CREME/GELÉIA VAGINAL + 10 APLICADORES DESCARTÁVEIS TUBO/BISNAGA C/50G
municipal,ibuprofeno,2020,Cariacica,1.06,unidade,unitario,IBUPROFENO 50MG/ML SUSPENSÃO ORAL FRASCO 30ML
municipal,albendazol,2020,Cariacica,1.19,unidade,unitario,ALBENDAZOL SUSPENSÃO ORAL 40 MG/ML FRASCO DE 10 ML.
municipal,albendazol,2020,Cariacica,0.39,unidade,unitario,ALBENDAZOL 400MG COMPRIMIDO MASTIGÁVEL
municipal,loratadina,2020,Cariacica,0.09,unidade,unitario,LORATADINA 10MG
municipal,amoxicilina,2020,Cariacica,0.25,unidade,unitario,AMOXICILINA 500MG
municipal,amitriptilina,2020,Cariacica,0.04,unidade,unitario,AMITRIPTILINA  CLORIDRATO 25MG
municipal,dipirona,2020,Cariacica,0.08,unidade,unitario,DIPIRONA SÓDICA 500MG COMPRIMIDO
municipal,ibuprofeno,2020,Cariacica,0.16,unidade,unitario,IBUPROFENO 300MG
municipal,dexametasona,2020,Cariacica,1.3633,unidade,unitario,DEXAMETASONA  ACETATO 0 1% CREME  BISNAGA 10G
municipal,salbutamol,2020,Cariacica,10.3033,unidade,unitario,SALBUTAMOL 100MCG SPRAY 200 DOSES
municipal,dipirona,2020,Cariacica,1.1666,unidade,unitario,DIPIRONA 500 MG/ ML SOLUÇAO ORAL- FR C/ 20 ML
municipal,atenolol,2020,Cariacica,0.0666,unidade,unitario,ATENOLOL 50MG
municipal,aas,2020,Cariacica,0.19,unidade,unitario,ACIDO ACETILSALICILICO 100MG
municipal,hidroclorotiazida,2020,Cariacica,0.0333,unidade,unitario,HIDROCLOROTIAZIDA 25MG
municipal,omeprazol,2020,Cariacica,0.35,unidade,unitario,OMEPRAZOL 20 MG CÁPSULA
municipal,haloperidol,2020,Cariacica,1.9873,unidade,unitario,HALOPERIDOL 2MG/ML SOLUÇÃO ORAL FRASCO 20 ML
municipal,fenobarbital,2020,Cariacica,2.5033,unidade,unitario,FENOBARBITAL 40MG/ML SOL ORAL GOTAS FRASCO COM 20 ML
municipal,clonazepam,2020,Cariacica,1.44,unidade,unitario,CLONAZEPAM 2 5MG/ML SOL ORAL FRASCO C/20ML
municipal,sinvastatina,2020,Cariacica,0.076,unidade,unitario,SINVASTATINA 40MG
municipal,sinvastatina,2020,Cariacica,0.3666,unidade,unitario,SINVASTATINA 20MG
municipal,amoxicilina,2020,Cariacica,10.87,unidade,unitario,AMOXICILINA 50MG/ML - PO P/ SUSPENSAO ORAL - FR C/60 ML
municipal,cefalexina,2020,Cariacica,0.22,unidade,unitario,CEFALEXINA 500MG CÁPSULA/COMPRIMIDO
municipal,cadeira,2020,Cariacica,1213.33,unidade,unitario,CADEIRA GIRATÓRIA OPERACIONAL COM ESPALDAR ALTO  E BRAÇOS REGULÁVEIS E APOIO DE CABEÇA  Base: com estrutura de cinco pat
municipal,cadeira,2020,Cariacica,1213.33,unidade,unitario,CADEIRA GIRATÓRIA OPERACIONAL COM ESPALDAR ALTO  E BRAÇOS REGULÁVEIS E APOIO DE CABEÇA  Base: com estrutura de cinco pat
municipal,cadeira,2020,Cariacica,862.67,unidade,unitario,CADEIRA GIRATÓRIA ESPALDAR MÉDIO COM APOIO DE BRAÇO   Confeccionada em formato ergonômico  obedecendo a NR 17 e a NBR 13
municipal,cadeira,2020,Cariacica,862.67,unidade,unitario,CADEIRA GIRATÓRIA ESPALDAR MÉDIO COM APOIO DE BRAÇO   Confeccionada em formato ergonômico  obedecendo a NR 17 e a NBR 13
municipal,sinvastatina,2020,Cariacica,0.101,unidade,unitario,SINVASTATINA 40MG
municipal,carbamazepina,2020,Cariacica,0.1165,unidade,unitario,CARBAMAZEPINA 200MG
municipal,amoxicilina,2020,Cariacica,0.7329,unidade,unitario,AMOXICILINA + CLAVULANATO (500+125)MG COMPRIMIDO REVESTIDO
municipal,arroz,2020,Cariacica,2.866,kg,heuristica,MARMITEX  MARMITEX REDONDA  CONTENDO OS SEGUINTES ALIMENTOS: ARROZ BRANCO NÃO PARBORIZADO  FEIJÃO EM CALDO OU FEIJÃO TRO
municipal,suco,2020,Cariacica,11.5,litro,heuristica,LANCHE CONTENDO TODO O MATERIAL DESCARTÁVEL E: CAFÉ  UM TIPO DE SUCO  REFRIGERANTE E AGUA MINERAL  MINI PÃO FRANCÊS COM 
municipal,monitor,2020,Cariacica,1465.0,unidade,unitario," MONITOR LED 24"" - WIDESCREEN - CONFORME TERMO DE REFERÊNCIA        "
municipal,diesel,2020,Cariacica,4.1473,litro,unidade_declarada,ÓLEO DIESEL 
municipal,diesel,2020,Cariacica,4.09,litro,unidade_declarada,ÓLEO DIESEL 
municipal,diesel,2020,Cariacica,4.2687,litro,unidade_declarada,ÓLEO DIESEL S10
municipal,diesel,2020,Cariacica,4.21,litro,unidade_declarada,ÓLEO DIESEL S10
municipal,paracetamol,2020,Cariacica,0.65,unidade,unitario,PARACETAMOL 200MG/ML SOLUÇÃO ORAL  FRASCO COM 15ML
municipal,dipirona,2020,Cariacica,0.42,unidade,unitario,DIPIRONA SODICA 500MG/ML SOL.INJETÁVEL AMPOLA 2ML
municipal,dexametasona,2020,Cariacica,0.55,unidade,unitario,DEXAMETASONA  FOSFATO DISSÓDICO 4MG/ML AMPOLA/FRASCO-AMPOLA 2 5ml
municipal,ventilador,2020,Cariacica,129.0,unidade,unitario,VENTILADOR DE PAREDE - VP  DESCRIÇÃO  Ventilador de parede para uso em ambiente escolar. LOCAL  Creches I  II e II  pr
municipal,agua_mineral,2020,Cariacica,0.4315,litro,descricao,ÁGUA MINERAL SEM GÁS  GARRAFÃO DE 20L 
municipal,agua_mineral,2020,Cariacica,0.4315,litro,descricao,ÁGUA MINERAL SEM GÁS  GARRAFÃO DE 20L 
municipal,agua_mineral,2020,Cariacica,0.4315,litro,descricao,ÁGUA MINERAL SEM GÁS  GARRAFÃO DE 20L 
municipal,captopril,2020,Cariacica,0.0234,unidade,unitario,CAPTOPRIL 25MG
municipal,bebedouro,2020,Cariacica,442.06,unidade,unitario,BEBEDOURO ELÉTRICO TIPO COLUNA  MODELO TORRE PARA GARRAFÃO DE 20 LITROS - CAPACIDADE MÍNIMA PARA ARMAZENAMENTO NO RESERV
municipal,anlodipino,2020,Cariacica,0.0251,unidade,unitario,ANLODIPINO 5MG
municipal,luva_procedimento,2020,Cariacica,45.93,caixa_100,unitario,LUVA DE LÁTEX NATURAL  TAMANHOS: A COMBINAR QUANDO DA EMISSÃO DA AUTORIZAÇÃO DE FORNECIMENTO 
municipal,seringa,2020,Cariacica,0.22,unidade,unitario,SERINGA 01 ML PARA INSULINA ESTÉRIL DESCARTÁVEL  COM AGULHA 8MM X 0 3MM A 0 33MM  CAPACIDADE: 100 UI  COM ESCALA EXTERNA
municipal,ar_condicionado,2020,Cariacica,4047.56,unidade,unitario,APARELHO DE AR CONDICIONADO SPLIT 30000 BTUS - AR1  DEFINIÇÃO  Aparelho de ar condicionado com capacidade mínima de 30.
municipal,bebedouro,2020,Cariacica,1716.65,unidade,unitario,BEBEDOURO ELÉTRICO ACESSÍVEL - BB  DESCRIÇÃO  Bebedouro elétrico  tipo pressão  acessível para fixação em parede  com s
municipal,bebedouro,2020,Cariacica,478.91,unidade,unitario,PURIFICADOR DE ÁGUA - PR  DESCRIÇÃO  Purificador/ bebedouro de água refrigerado. LOCAL  Copa dos funcionários  cozinha
municipal,levotiroxina,2020,Cariacica,0.08,unidade,unitario,LEVOTIROXINA SÓDICA  50 MCG  COMPRIMIDO  
municipal,levotiroxina,2020,Cariacica,0.0729,unidade,unitario,LEVOTIROXINA 25MCG
municipal,enalapril,2020,Cariacica,0.0434,unidade,unitario,ENALAPRIL  MALEATO 20 MG COMPRIMIDO
municipal,algodao,2020,Cariacica,18.38,kg,descricao,ALGODÃO HIDRÓFILO  ROLO C/ 500 G  FORMADO  POR CAMADAS SOBREPOSTAS DE FIBRAS DE ALGODÃO. O PRODUTO DEVE TER ASPECTO UNIF
municipal,omeprazol,2020,Cariacica,6.14,unidade,unitario,OMEPRAZOL 40MG PÓ P/ SOLUÇÃO INJETÁVEL
municipal,seringa,2020,Cariacica,2.66,unidade,unitario,SONDA FOLEY Nº 08  COM BALÃO DE 5 A 10CC  (APROXIMADAMENTE) QUE DEVERÁ SER RESISTENTE A ALTA PRESSA E FÁCIL INSUFLAÇÃO  
municipal,seringa,2020,Cariacica,2.9366,unidade,unitario,SONDA FOLEY Nº 10  COM BALÃO DE 5 A 10CC  (APROXIMADAMENTE) QUE DEVERÁ SER RESISTENTE A ALTA PRESSA E FÁCIL INSUFLAÇÃO  
municipal,seringa,2020,Cariacica,3.39,unidade,unitario,SONDA FOLEY Nº 24  COM BALÃO DE 10 A 30CC  (APROXIMADAMENTE) QUE DEVERÁ SER RESISTENTE A ALTA PRESSA E FÁCIL INSUFLAÇÃO 
municipal,seringa,2020,Cariacica,4.1866,unidade,unitario,SONDA FOLEY Nº 12  COM BALÃO DE 10 A 30CC  (APROXIMADAMENTE) QUE DEVERÁ SER RESISTENTE A ALTA PRESSA E FÁCIL INSUFLAÇÃO 
municipal,seringa,2020,Cariacica,2.6133,unidade,unitario,SONDA FOLEY Nº 16  COM BALÃO DE 10 A 30CC  (APROXIMADAMENTE) QUE DEVERÁ SER RESISTENTE A ALTA PRESSA E FÁCIL INSUFLAÇÃO 
municipal,seringa,2020,Cariacica,3.07,unidade,unitario,SONDA FOLEY Nº 14  COM BALÃO DE 10 A 30CC  (APROXIMADAMENTE) QUE DEVERÁ SER RESISTENTE A ALTA PRESSA E FÁCIL INSUFLAÇÃO 
municipal,seringa,2020,Cariacica,2.5166,unidade,unitario,SONDA FOLEY Nº 22  COM BALÃO DE 10 A 30CC  (APROXIMADAMENTE) QUE DEVERÁ SER RESISTENTE A ALTA PRESSA E FÁCIL INSUFLAÇÃO 
municipal,seringa,2020,Cariacica,2.5533,unidade,unitario,SONDA FOLEY Nº 18  COM BALÃO DE 10 A 30CC  (APROXIMADAMENTE) QUE DEVERÁ SER RESISTENTE A ALTA PRESSA E FÁCIL INSUFLAÇÃO 
municipal,seringa,2020,Cariacica,2.3133,unidade,unitario,SONDA FOLEY Nº 20  COM BALÃO DE 10 A 30CC  (APROXIMADAMENTE) QUE DEVERÁ SER RESISTENTE A ALTA PRESSA E FÁCIL INSUFLAÇÃO 
municipal,gaze,2020,Cariacica,0.4166,unidade,unitario,COMPRESSA DE GAZE HIDRÓFILA PCT COM 10 UND (ESTÉRIL)  DIMENSÃO DE 7 5 X 7 5 CM (FECHADA)  COM DENSIDADE DE NO MÍNIMO 13 
municipal,gaze,2020,Cariacica,0.4166,unidade,unitario,COMPRESSA DE GAZE HIDRÓFILA PCT COM 10 UND (ESTÉRIL)  DIMENSÃO DE 7 5 X 7 5 CM (FECHADA)  COM DENSIDADE DE NO MÍNIMO 13 
municipal,prednisona,2020,Cariacica,0.0737,unidade,unitario,PREDNISONA 5 MG
municipal,agulha_descartavel,2020,Cariacica,0.2266,unidade,unitario,AGULHA HIPODÉRMICA 13X 4 A 4 5MM - ESTÉRIL  DESCARTÁVEL  CÂNULA EM AÇO INOXIDÁVEL CENTRALIZADA  COM BISEL TRIFACETADO E 
municipal,seringa,2020,Cariacica,1.26,unidade,unitario,SERINGA 03 ML ESTÉRIL DESCARTÁVEL  SEM AGULHA  BICO: LUER LOCK. CILINDRO: TRANSPARENTE  EM POLIPROPILENO COM IMPRESSÃO D
municipal,seringa,2020,Cariacica,0.66,unidade,unitario,SERINGA 10 ML ESTÉRIL DESCARTÁVEL  SEM AGULHA  BICO: LUER LOCK. CILINDRO: TRANSPARENTE  EM POLIPROPILENO COM IMPRESSÃO D
municipal,seringa,2020,Cariacica,0.21,unidade,unitario,SERINGA 05 ML ESTÉRIL DESCARTÁVEL  SEM AGULHA  BICO: LUERLOCK. CILINDRO: TRANSPARENTE  EM POLIPROPILENO COM IMPRESSÃO DE
municipal,agulha_descartavel,2020,Cariacica,0.1763,unidade,unitario,AGULHA HIPODÉRMICA 40X12MM - ESTÉRIL  DESCARTÁVEL  CÂNULA EM AÇO INOXIDÁVEL CENTRALIZADA  COM BISEL TRIFACETADO E ÂNGULO
municipal,toner,2020,Cariacica,55.92,unidade,unitario,TONER SIMILAR PARA A IMPRESSORA HP LASERJET P2055DN
municipal,shampoo,2020,Cariacica,40.999,litro,descricao,CETOCONAZOL XAMPU 2% FRASCO DE 100 ML
municipal,haloperidol,2020,Cariacica,2.36,unidade,unitario,HALOPERIDOL 2MG/ML SOLUÇÃO ORAL FRASCO 20 ML
municipal,haloperidol,2020,Cariacica,0.13,unidade,unitario,HALOPERIDOL 1MG
municipal,cefalexina,2020,Cariacica,7.9333,unidade,unitario,CEFALEXINA (SÓDICA OU CLORIDRATO) SUSPENSÃO ORAL 50 MG/ML COM DOSADOR GRADUADO FRASCO 100 ML 
municipal,azitromicina,2020,Cariacica,0.47,unidade,unitario,AZITROMICINA 500 MG
municipal,dexametasona,2020,Cariacica,0.55,unidade,unitario,DEXAMETASONA  FOSFATO DISSÓDICO 4MG/ML AMPOLA/FRASCO-AMPOLA 2 5ml
municipal,paracetamol,2020,Cariacica,0.65,unidade,unitario,PARACETAMOL 200MG/ML SOLUÇÃO ORAL  FRASCO COM 15ML
municipal,dipirona,2020,Cariacica,0.42,unidade,unitario,DIPIRONA SODICA 500MG/ML SOL.INJETÁVEL AMPOLA 2ML
municipal,sinvastatina,2020,Cariacica,0.1027,unidade,unitario,SINVASTATINA 40MG
municipal,luva_procedimento,2021,Cariacica,6.29,caixa_100,unitario,LUVA NITRÍLICA CANO MÉDIO M  LUVA TIPO NITRÍLICA FLOCADA  CANO MÉDIO  TAMANHO M ESPESSURA MÉDIA (MM) 0 35 A 0 4 UNIDADE:
municipal,luva_procedimento,2021,Cariacica,6.62,caixa_100,unitario,LUVA NITRÍLICA CANO MÉDIO P LUVA TIPO NITRÍLICA FLOCADA  CANO MÉDIO  TAMANHO P ESPESSURA MÉDIA (MM) 0 35 A 0 4 UNIDADE: 
municipal,luva_procedimento,2021,Cariacica,8.09,caixa_100,unitario,LUVA NITRÍLICA CANO MÉDIO G   LUVA TIPO NITRÍLICA FLOCADA  CANO MÉDIO  TAMANHO G ESPESSURA MÉDIA (MM) 0 35 A 0 4 UNIDADE
municipal,luva_procedimento,2021,Cariacica,7.43,caixa_100,unitario,LUVA NITRÍLICA CANO LONGO G  LUVA TIPO NITRÍLICA FLOCADA  CANO LONGO  TAMANHO G ESPESSURA MÉDIA (MM) 0 35 A 0 4 UNIDADE:
municipal,fralda,2021,Cariacica,1.48,unidade,unitario,FRALDA DESCARTÁVEL GERIÁTRICA  TAMANHO EXTRA XXG  FORMATO ANATÔMICO  NÃO TÓXICO  GEL ABSORVENTE  COBERTURA EXTERNA IMPER
municipal,fralda,2021,Cariacica,1.44,unidade,unitario,FRALDA DESCARTÁVEL GERIÁTRICA  TAMANHO M  FORMATO ANATÔMICO  NÃO TÓXICO  GEL ABSORVENTE  COBERTURA EXTERNA IMPERMEÁVEL  
municipal,fralda,2021,Cariacica,1.81,unidade,unitario,FRALDA DESCARTÁVEL GERIÁTRICA  TAMANHO EXTRA G  FORMATO ANATÔMICO  NÃO TÓXICO  GEL ABSORVENTE  COBERTURA EXTERNA IMPERME
municipal,fralda,2021,Cariacica,1.01,unidade,unitario,FRALDA DESCARTÁVEL GERIÁTRICA  TAMANHO P  FORMATO ANATÔMICO  NÃO TÓXICO  GEL ABSORVENTE  COBERTURA EXTERNA IMPERMEÁVEL  
municipal,fralda,2021,Cariacica,1.24,unidade,unitario,FRALDA DESCARTÁVEL GERIÁTRICA  TAMANHO G  FORMATO ANATÔMICO  NÃO TÓXICO  GEL ABSORVENTE  COBERTURA EXTERNA IMPERMEÁVEL  
municipal,vassoura,2021,Cariacica,17.12,unidade,unitario,VASSOURA GARI PIAÇAVA  40 CM COM CABO - UNIDADE  VASSOURA MODELO GARI  C/ MATERIAL CERDA PIACAVA C/ NÚMERO DE CARREIRAS:
municipal,sabao_barra,2021,Cariacica,7.4,kg,descricao,SABÃO EM BARRA  NEUTRO EMB . 200 GR - UNIDADE  SABÃO NEUTRO  APRESENTAÇÃO: BARRA - COM 200 GR BIODEGRADÁVEL- ACONDICIONA
municipal,vassoura,2021,Cariacica,8.3,unidade,unitario,VASSOURA DE PÊLO SINTÉTICO  MEDINDO NO MÍNIMO 25X5 CM COM CABO DE MADEIRA ROSQUEÁVEL MEDINDO NO MÍNIMO 1 10M  
municipal,vassoura,2021,Cariacica,11.01,unidade,unitario,VASSOURA TRADICIONAL (PIAÇAVA)  VASSOURA; MODELO: TRADICIONAL; MATERIAL CERDA: PIAÇAVA; NUMERO CARREIRA: 5 CARREIRAS; CA
municipal,desinfetante,2021,Cariacica,6.26,litro,descricao,DESINFETANTE C/ AROMA DE PINHO - EMBAL. 500 ML - UNIDADE.  DESINFETANTE C/ ASPECTO LÍQUIDO - AÇÃO BACTERÍCIDA - FRAGÂNCI
municipal,sabonete,2021,Cariacica,1.19,unidade,unitario,SABONETE SÓLIDO BEM. DE 90 GRS - UNIDADE  SABONETE SOLIDO 90 GRS: COMPOSIÇÃO MINIMA: SABÃO A BASE DE SÓDIO  ÁGUA  CARBON
municipal,sabao_po,2021,Cariacica,5.91,kg,descricao,SABÃO EM PÓ P/ LAVAR ROUPAS - CAIXA DE 01 KG - UNIDADE  SABÃO EM PÓ - FRAGÂNCIA P/LAVAR ROUPA - ACONDICIONADO EM EMBALAG
municipal,papel_higienico,2021,Cariacica,3.64,rolo,unitario,PAPEL HIGIÊNICO BRANCO S/ PERFUME PCT C/04ROLOS DE 30 METROS CADA - PCT  PAPEL HIGIÊNICO BRANCO SEM PERFUME  PICOTADO E 
municipal,sabao_barra,2021,Cariacica,7.4,kg,descricao,SABÃO EM BARRA  NEUTRO EMB . 200 GR - UNIDADE  SABÃO NEUTRO  APRESENTAÇÃO: BARRA - COM 200 GR BIODEGRADÁVEL- ACONDICIONA
municipal,detergente,2021,Cariacica,4.74,litro,descricao,DETERGENTE LÍQUIDO P/GORDURA 500 ML - UNIDADE
municipal,sabonete,2021,Cariacica,12.03,unidade,unitario,SABONETE LÍQUIDO P/MÃOS - EMBALAGEM DE 01 LITRO - UNIDADE  SABONETE LIQUIDO PARA AS MÃOS  BACTERICIDA  ANTI-SÉPTICO  BIO
municipal,desinfetante,2021,Cariacica,6.26,litro,descricao,DESINFETANTE C/ AROMA DE PINHO - EMBAL. 500 ML - UNIDADE.  DESINFETANTE C/ ASPECTO LÍQUIDO - AÇÃO BACTERÍCIDA - FRAGÂNCI
municipal,sabonete,2021,Cariacica,1.19,unidade,unitario,SABONETE SÓLIDO BEM. DE 90 GRS - UNIDADE  SABONETE SOLIDO 90 GRS: COMPOSIÇÃO MINIMA: SABÃO A BASE DE SÓDIO  ÁGUA  CARBON
municipal,sabao_po,2021,Cariacica,5.91,kg,descricao,SABÃO EM PÓ P/ LAVAR ROUPAS - CAIXA DE 01 KG - UNIDADE  SABÃO EM PÓ - FRAGÂNCIA P/LAVAR ROUPA - ACONDICIONADO EM EMBALAG
municipal,papel_higienico,2021,Cariacica,3.64,rolo,unitario,PAPEL HIGIÊNICO BRANCO S/ PERFUME PCT C/04ROLOS DE 30 METROS CADA - PCT  PAPEL HIGIÊNICO BRANCO SEM PERFUME  PICOTADO E 
municipal,pano_chao,2021,Cariacica,5.23,unidade,unitario,PANO DE CHÃO DE ALGODÃO BRANCO - UNIDADE. SACO PARA CHÃO DE ALGODÃO  ALVEJADO  PARA LIMPEZA NA COR BRANCA  MEDIDA MÍNIMA
municipal,detergente,2021,Cariacica,4.74,litro,descricao,DETERGENTE LÍQUIDO P/GORDURA 500 ML - UNIDADE
municipal,sabonete,2021,Cariacica,12.03,unidade,unitario,SABONETE LÍQUIDO P/MÃOS - EMBALAGEM DE 01 LITRO - UNIDADE  SABONETE LIQUIDO PARA AS MÃOS  BACTERICIDA  ANTI-SÉPTICO  BIO
municipal,desinfetante,2021,Cariacica,3.15,litro,descricao,ÁGUA SANITÁRIA À BASE DE HIPOCLORITO DE SÓDIO OU CÁLCIO COM NO MÍNIMO 2% DE TEOR DE CLORO PRONTO USO  COM  AÇÃO  ALVEJAN
municipal,haloperidol,2021,Cariacica,1.18,unidade,unitario,HALOPERIDOL 5MG/ML SOLUÇÃO INJETÁVEL AMPOLA 1ML
municipal,dexametasona,2021,Cariacica,1.21,unidade,unitario,DEXAMETASONA  FOSFATO DISSÓDICO 4MG/ML AMPOLA/FRASCO-AMPOLA 2 5ml
municipal,dipirona,2021,Cariacica,1.54,unidade,unitario,DIPIRONA 500 MG/ ML SOLUÇAO ORAL- FR C/ 20 ML
municipal,envelope,2020,Cariacica,0.5,unidade,unitario,SAIS PARA REIDRATAÇÃO ORAL PÓ  ENVELOPE 27 9G
municipal,grampeador,2021,Cariacica,64.33,unidade,unitario,GRAMPEADOR MODELO: COMUM (UNIVERSAL)  MATERIAL: ACO  ACABAMENTO: NIQUELADO  GRAMPO: Nº 26/6  CAPACIDADE CARGA: 1 PENTE (
municipal,apontador,2021,Cariacica,1.95,unidade,unitario,APONTADOR LAPIS C/ DEPOSITO.TIPO: MANUAL  MATERIAL CORPO: ACO CARBONO  MATERIAL LAMINA: ACO INOX  FORMATO: RETANGULAR  
municipal,tesoura,2021,Cariacica,7.62,unidade,unitario,"TESOURA ESCOLAR - MATERIAL INOX - 5"" - UNIDADE.  "
municipal,grampeador,2021,Cariacica,64.33,unidade,unitario,GRAMPEADOR MODELO: COMUM (UNIVERSAL)  MATERIAL: ACO  ACABAMENTO: NIQUELADO  GRAMPO: Nº 26/6  CAPACIDADE CARGA: 1 PENTE (
municipal,grampeador,2021,Cariacica,10.23,unidade,unitario,GRAMPEADOR DE MESA; GRAMPO 26/6; CAPACIDADE PARA GRAMPEAR  NO MÍNIMO  20 FOLHAS DE 75 G/M; ESTRUTURA METÁLICA; SISTEMA
municipal,mouse,2021,Cariacica,15.76,unidade,unitario,MOUSE OPTICO USB COM FIO - SENSOR ÓPTICO  3 BOTÕES  1 VELOCIDADE  SUPERFÍCIE ABS  1200 DPI  COR: PRETO
municipal,apontador,2021,Cariacica,1.95,unidade,unitario,APONTADOR LAPIS C/ DEPOSITO.TIPO: MANUAL  MATERIAL CORPO: ACO CARBONO  MATERIAL LAMINA: ACO INOX  FORMATO: RETANGULAR  
municipal,pendrive,2021,Cariacica,37.06,unidade,unitario,PEN DRIVE 32GB USB - COR: PRETO  CAPACIDADE: 32GB  LEITURA: 40 MB/S  GRAVAÇÃO: 10MB/S  DIMENSÕES: 60 X 21 2 X 10MM  TEMP
municipal,tesoura,2021,Cariacica,7.62,unidade,unitario,"TESOURA ESCOLAR - MATERIAL INOX - 5"" - UNIDADE.  "
municipal,pincel_quadro,2021,Cariacica,2.08,unidade,unitario,PINCEL ATOMICO TIPO: DESCARTAVEL  BASE: ALCOOL  PONTA: REDONDA  MATERIAL PONTA: FELTRO  TAMANHO PONTA: 4 5 MM  COR: VERM
municipal,pincel_quadro,2021,Cariacica,2.18,unidade,unitario,PINCEL ATOMICO TIPO: DESCARTAVEL  BASE: ALCOOL  PONTA: REDONDA  MATERIAL PONTA: FELTRO  TAMANHO PONTA: 4 5 MM  COR: AZUL
municipal,pasta_arquivo,2021,Cariacica,2.24,unidade,unitario,PASTA SUSPENSA  MODELO: SUSPENSA  MATERIAL: CARTÃO  GRAMATURA: 330 G/M2  VISOR: COM  MATERIAL VISOR: PLÁSTICO E SUPORTE 
municipal,pincel_quadro,2021,Cariacica,2.46,unidade,unitario,PINCEL ATOMICO TIPO: DESCARTAVEL  BASE: ALCOOL  PONTA: REDONDA  MATERIAL PONTA: FELTRO  TAMANHO PONTA: 4 5 MM  COR: PRET
municipal,pincel_quadro,2021,Cariacica,2.28,unidade,unitario,PINCEL MARCADOR PARA QUADRO BRANCO/MAGNÉTICO  NA COR VERMELHA  PONTA MACIA. NÃO RECARREGÁVEL  PONTA DE 4 0MM. PONTA DE A
municipal,pincel_quadro,2021,Cariacica,2.55,unidade,unitario,PINCEL MARCADOR PARA QUADRO BRANCO/MAGNÉTICO  NA COR AZUL  PONTA MACIA. NÃO RECARREGÁVEL  PONTA DE 4 0MM. PONTA DE ACRÍL
municipal,grampeador,2021,Cariacica,10.23,unidade,unitario,GRAMPEADOR DE MESA; GRAMPO 26/6; CAPACIDADE PARA GRAMPEAR  NO MÍNIMO  20 FOLHAS DE 75 G/M; ESTRUTURA METÁLICA; SISTEMA
municipal,pasta_arquivo,2021,Cariacica,2.24,unidade,unitario,PASTA SUSPENSA  MODELO: SUSPENSA  MATERIAL: CARTÃO  GRAMATURA: 330 G/M2  VISOR: COM  MATERIAL VISOR: PLÁSTICO E SUPORTE 
municipal,lapis,2021,Cariacica,0.34,unidade,unitario,LÁPIS PRETO  MATERIAL CORPO: MADEIRA  FORMATO REDONDO; REVESTIMENTO: PRETO  GRADUAÇÃO: 2HB  EXTREMIDADE E ADERÊNCIA LISA
municipal,envelope,2021,Cariacica,0.12,unidade,unitario,ENVELOPE   SEM TIMBRE  SEM RCP  COR: BRANCO  FECHAMENTO: COM ABA SIMPLES  GRAMATURA: 80 G/M  MEDIDA 114 X 229 MM.
municipal,envelope,2021,Cariacica,0.33,unidade,unitario,ENVELOPE SACO  SEM TIMBRE  COR: BRANCO  FECHAMENTO: COM ABA SIMPLES  90 G/M  LARGURA: 240 MM  COMPRIMENTO: 340 MM.
municipal,envelope,2021,Cariacica,0.43,unidade,unitario,ENVELOPE SACO  SEM TIMBRE   COR: BRANCO  FECHAMENTO: COM ABA SIMPLES  90 G/M  LARGURA: 260 MM  COMPRIMENTO: 360 MM. 
municipal,caneta_esferografica,2021,Cariacica,0.78,unidade,unitario,CANETA ESFEROGRÁFICA  COR AZUL  ESCRITA FINA  CORPO EM PLÁSTICO TRANSPARENTE  HEXAGONAL OU SEXTAVADO; PONTA DE TUNGSTÊNI
municipal,pneu,2020,Cariacica,451.86,unidade,unitario,CARRINHO PARA TRANSPORTE DE CARGA 250 KG DESCRIÇÃO: CAPACIDADE DE CARGA 250 KG; TAMANHO DA RODA 3 50`` X 4``; TIPO DE RO
municipal,dipirona,2020,Cariacica,1.2967,unidade,unitario,HIOSCINA (ESCOPOLAMINA N-BUTILBROMETO) 4MG/ML + DIPIRONA SÓDICA 500MG/ML AMPOLA 5ML
municipal,levotiroxina,2020,Cariacica,0.0967,unidade,unitario,LEVOTIROXINA 25MCG
municipal,captopril,2020,Cariacica,0.0467,unidade,unitario,CAPTOPRIL 25MG
municipal,salbutamol,2021,Cariacica,1.61,unidade,unitario,SALBUTAMOL 0 5 MG/ML SOLUÇÃO INJETÁVEL
municipal,clonazepam,2021,Cariacica,3.21,unidade,unitario,CLONAZEPAM 2 5MG/ML SOL ORAL FRASCO C/20ML
municipal,furosemida,2021,Cariacica,0.56,unidade,unitario,FUROSEMIDA 10MG/ML SOLUÇÃO INJETÁVEL AMPOLA 2ML
municipal,haloperidol,2021,Cariacica,1.21,unidade,unitario,HALOPERIDOL DECANOATO 50MG/ML SOL INJETÁVEL AMP 1ML
municipal,dipirona,2021,Cariacica,1.25,unidade,unitario,HIOSCINA (ESCOPOLAMINA N-BUTILBROMETO) 4MG/ML + DIPIRONA SÓDICA 500MG/ML AMPOLA 5ML
municipal,captopril,2021,Cariacica,0.08,unidade,unitario,CAPTOPRIL 25MG
municipal,anlodipino,2021,Cariacica,0.04,unidade,unitario,ANLODIPINO 5MG
municipal,macarrao,2020,Cariacica,4.54,kg,descricao,MACARRÃO  DO TIPO ESPAGUETE  COM SÊMOLA  ACONDICIONADO EM EMBALAGEM RESISTENTE DE POLIETILENO ATÓXICO  NÃO VIOLADO  QUE 
municipal,biscoito,2020,Cariacica,8.9,kg,descricao,BISCOITO DOCE TIPO MARIA OU MAISENA  DE TEXTURA CROCANTE  ACONDICIONADO EM EMBALAGEM RESISTENTE DE POLIETILENO ATÓXICO  
municipal,acucar,2020,Cariacica,2.485,kg,descricao,Açúcar Cristal  obtido da cana de açúcar  acondicionado em embalagem resistente de polietileno atóxico  não violado  que
municipal,feijao,2020,Cariacica,6.98,kg,descricao,FEIJÃO CARIOCA  TIPO 1  ACONDICIONADO EM EMBALAGEM RESISTENTE DE POLIETILENO ATÓXICO  NÃO VIOLADA  QUE GARANTA A INTEGRI
municipal,oleo_soja,2020,Cariacica,8.7111,litro,descricao,ÓLEO DE SOJA TIPO 1  ENVASADO EM EMBALAGEM RESISTENTE DE POLIETILENO ATÓXICO  NÃO VIOLADO  QUE GARANTA A INTEGRIDADE DO 
municipal,leite_po,2020,Cariacica,32.55,kg,descricao,LEITE EM PÓ INTEGRAL INSTANTÂNEO  PÓ UNIFORME SEM GRUMOS  ACONDICIONADO EM EMBALAGEM ALUMINIZADA  NÃO VIOLADA  QUE GARAN
municipal,arroz,2020,Cariacica,4.548,kg,descricao,ARROZ TIPO I PACOTE 5 KG - CLASSE LONGO FINO  SEM GLÚTEN  CONTENDO NO MÍNIMO 90% DE GRÃOS INTEIROS COM NO MÁXIMO 14% DE 
municipal,macarrao,2020,Cariacica,4.54,kg,descricao,MACARRÃO  DO TIPO ESPAGUETE  COM SÊMOLA  ACONDICIONADO EM EMBALAGEM RESISTENTE DE POLIETILENO ATÓXICO  NÃO VIOLADO  QUE 
municipal,biscoito,2020,Cariacica,8.9,kg,descricao,BISCOITO DOCE TIPO MARIA OU MAISENA  DE TEXTURA CROCANTE  ACONDICIONADO EM EMBALAGEM RESISTENTE DE POLIETILENO ATÓXICO  
municipal,acucar,2020,Cariacica,2.485,kg,descricao,Açúcar Cristal  obtido da cana de açúcar  acondicionado em embalagem resistente de polietileno atóxico  não violado  que
municipal,feijao,2020,Cariacica,6.98,kg,descricao,FEIJÃO CARIOCA  TIPO 1  ACONDICIONADO EM EMBALAGEM RESISTENTE DE POLIETILENO ATÓXICO  NÃO VIOLADA  QUE GARANTA A INTEGRI
municipal,oleo_soja,2020,Cariacica,8.7111,litro,descricao,ÓLEO DE SOJA TIPO 1  ENVASADO EM EMBALAGEM RESISTENTE DE POLIETILENO ATÓXICO  NÃO VIOLADO  QUE GARANTA A INTEGRIDADE DO 
municipal,leite_po,2020,Cariacica,32.55,kg,descricao,LEITE EM PÓ INTEGRAL INSTANTÂNEO  PÓ UNIFORME SEM GRUMOS  ACONDICIONADO EM EMBALAGEM ALUMINIZADA  NÃO VIOLADA  QUE GARAN
municipal,arroz,2020,Cariacica,4.548,kg,descricao,ARROZ TIPO I PACOTE 5 KG - CLASSE LONGO FINO  SEM GLÚTEN  CONTENDO NO MÍNIMO 90% DE GRÃOS INTEIROS COM NO MÁXIMO 14% DE 
municipal,luva_procedimento,2021,Cariacica,20.18,caixa_100,unitario,LUVA DE PROCEDIMENTO NÃO ESTÉRIL  TAMANHO EXTRA P  CAIXA C/ 100 UNID.  DESCARTÁVEL  AMBIDESTRA. CONFECCIONADA EM LÁTEX N
municipal,luva_procedimento,2021,Cariacica,45.99,caixa_100,unitario,LUVA DE PROCEDIMENTO NÃO ESTÉRIL  TAMANHO G  CAIXA C/ 100 UNID.  DESCARTÁVEL  AMBIDESTRA. CONFECCIONADA EM LÁTEX NATURAL
municipal,luva_procedimento,2021,Cariacica,38.14,caixa_100,unitario,LUVA DE PROCEDIMENTO NÃO ESTÉRIL  TAMANHO P  CAIXA C/ 100 UNID.  DESCARTÁVEL  AMBIDESTRA. CONFECCIONADA EM LÁTEX NATURAL
municipal,luva_procedimento,2021,Cariacica,45.99,caixa_100,unitario,LUVA DE PROCEDIMENTO NÃO ESTÉRIL  TAMANHO M  CAIXA C/ 100 UNID.  DESCARTÁVEL  AMBIDESTRA. CONFECCIONADA EM LÁTEX NATURAL
municipal,seringa,2021,Cariacica,3.06,unidade,unitario,SONDA FOLEY Nº 22  COM BALÃO DE 10 A 30CC  (APROXIMADAMENTE) QUE DEVERÁ SER RESISTENTE A ALTA PRESSA E FÁCIL INSUFLAÇÃO 
municipal,seringa,2021,Cariacica,4.04,unidade,unitario,SONDA FOLEY Nº 24  COM BALÃO DE 10 A 30CC  (APROXIMADAMENTE) QUE DEVERÁ SER RESISTENTE A ALTA PRESSA E FÁCIL INSUFLAÇÃO 
municipal,seringa,2021,Cariacica,3.51,unidade,unitario,SONDA FOLEY Nº 14  COM BALÃO DE 10 A 30CC  (APROXIMADAMENTE) QUE DEVERÁ SER RESISTENTE A ALTA PRESSA E FÁCIL INSUFLAÇÃO 
municipal,seringa,2021,Cariacica,2.74,unidade,unitario,SONDA FOLEY Nº 20  COM BALÃO DE 10 A 30CC  (APROXIMADAMENTE) QUE DEVERÁ SER RESISTENTE A ALTA PRESSA E FÁCIL INSUFLAÇÃO 
municipal,seringa,2021,Cariacica,3.8733,unidade,unitario,SONDA FOLEY Nº 18  COM BALÃO DE 10 A 30CC  (APROXIMADAMENTE) QUE DEVERÁ SER RESISTENTE A ALTA PRESSA E FÁCIL INSUFLAÇÃO 
municipal,seringa,2021,Cariacica,4.06,unidade,unitario,SONDA FOLEY Nº 12  COM BALÃO DE 10 A 30CC  (APROXIMADAMENTE) QUE DEVERÁ SER RESISTENTE A ALTA PRESSA E FÁCIL INSUFLAÇÃO 
municipal,seringa,2021,Cariacica,5.2,unidade,unitario,SONDA FOLEY Nº 08  COM BALÃO DE 5 A 10CC  (APROXIMADAMENTE) QUE DEVERÁ SER RESISTENTE A ALTA PRESSA E FÁCIL INSUFLAÇÃO  
municipal,seringa,2021,Cariacica,4.31,unidade,unitario,SONDA FOLEY Nº 16  COM BALÃO DE 10 A 30CC  (APROXIMADAMENTE) QUE DEVERÁ SER RESISTENTE A ALTA PRESSA E FÁCIL INSUFLAÇÃO 
municipal,haloperidol,2020,Cariacica,6.1967,unidade,unitario,HALOPERIDOL DECANOATO 50MG/ML SOL INJETÁVEL AMP 1ML
municipal,metronidazol,2020,Cariacica,0.0933,unidade,unitario,METRONIDAZOL 250MG
municipal,glibenclamida,2020,Cariacica,0.0199,unidade,unitario,GLIBENCLAMIDA 5MG
municipal,acucar,2020,Cariacica,24.17,kg,heuristica,COFFEE BREAK  	02 TIPOS DE REFRIGERANTES GELADOS  SENDO UM TIPO NORMAL E UM TIPO DIET;  	CAFÉ QUENTE SEM ADIÇÃO DE AÇÚ
municipal,alcool,2021,Cariacica,7.896,litro,descricao,ÀLCOOL LÍQUIDO 70% - EMB . C/ 5 LITROS - UNID. ALCOOL ETILICO 70º GL - 62º INPM 5000 ML ÁLCOOL ETÍLICO  CONCENTRAÇÃO DE 
municipal,alcool,2021,Cariacica,21.12,litro,descricao,ÁLCOOL GEL 70%   FRASCO DE 500ML COM VÁLVULA PUMP.   ÁLCOOL ETÍLICO EM GEL 70%  ASPECTO: GEL COR: INCOLOR  CARACTERÍSTIC
municipal,alcool,2021,Cariacica,7.896,litro,descricao,ÀLCOOL LÍQUIDO 70% - EMB . C/ 5 LITROS - UNID. ALCOOL ETILICO 70º GL - 62º INPM 5000 ML ÁLCOOL ETÍLICO  CONCENTRAÇÃO DE 
municipal,alcool,2021,Cariacica,6.83,litro,descricao,  ALCOOL ETILICO 70º GL - 62º INPM 1000 ML ÁLCOOL ETÍLICO  CONCENTRAÇÃO DE NO MÍNIMO 70º GL - 62º INPM  ANTISSÉPTICO  EL
municipal,alcool,2021,Cariacica,6.83,litro,descricao,  ALCOOL ETILICO 70º GL - 62º INPM 1000 ML ÁLCOOL ETÍLICO  CONCENTRAÇÃO DE NO MÍNIMO 70º GL - 62º INPM  ANTISSÉPTICO  EL
municipal,alcool,2021,Cariacica,14.46,litro,descricao,ALCOOL EM GEL INCOLOR - EMB . C/ 500 ML - UNIDADE   ÁLCOOL ETÍLICO EM GEL 70%  ASPECTO: GEL COR: INCOLOR  CARACTERÍSTICO
municipal,alcool,2021,Cariacica,21.12,litro,descricao,ÁLCOOL GEL 70%   FRASCO DE 500ML COM VÁLVULA PUMP.   ÁLCOOL ETÍLICO EM GEL 70%  ASPECTO: GEL COR: INCOLOR  CARACTERÍSTIC
municipal,alcool,2021,Cariacica,14.46,litro,descricao,ALCOOL EM GEL INCOLOR - EMB . C/ 500 ML - UNIDADE   ÁLCOOL ETÍLICO EM GEL 70%  ASPECTO: GEL COR: INCOLOR  CARACTERÍSTICO
municipal,alcool,2021,Cariacica,21.12,litro,descricao,ÁLCOOL GEL 70%   FRASCO DE 500ML COM VÁLVULA PUMP.   ÁLCOOL ETÍLICO EM GEL 70%  ASPECTO: GEL COR: INCOLOR  CARACTERÍSTIC
municipal,alcool,2021,Cariacica,7.896,litro,descricao,ÀLCOOL LÍQUIDO 70% - EMB . C/ 5 LITROS - UNID. ALCOOL ETILICO 70º GL - 62º INPM 5000 ML ÁLCOOL ETÍLICO  CONCENTRAÇÃO DE 
municipal,alcool,2021,Cariacica,6.83,litro,descricao,  ALCOOL ETILICO 70º GL - 62º INPM 1000 ML ÁLCOOL ETÍLICO  CONCENTRAÇÃO DE NO MÍNIMO 70º GL - 62º INPM  ANTISSÉPTICO  EL
municipal,alcool,2021,Cariacica,14.46,litro,descricao,ALCOOL EM GEL INCOLOR - EMB . C/ 500 ML - UNIDADE   ÁLCOOL ETÍLICO EM GEL 70%  ASPECTO: GEL COR: INCOLOR  CARACTERÍSTICO
municipal,fenobarbital,2021,Cariacica,3.62,unidade,unitario,FENOBARBITAL 40MG/ML SOL ORAL GOTAS FRASCO COM 20 ML
municipal,dexametasona,2021,Cariacica,0.83,unidade,unitario,DEXAMETASONA  FOSFATO DISSÓDICO 4MG/ML AMPOLA/FRASCO-AMPOLA 2 5ml
municipal,prednisolona,2021,Cariacica,4.83,unidade,unitario,PREDNISOLONA 3MG/ML SOLUÇÃO ORAL FRASCO C/60ML 
municipal,loratadina,2021,Cariacica,3.26,unidade,unitario,LORATADINA 1MG\ML XAROPE FRASCO DE 100 ML
municipal,haloperidol,2021,Cariacica,0.12,unidade,unitario,HALOPERIDOL 1MG
municipal,prednisona,2021,Cariacica,0.24,unidade,unitario,PREDNISONA 20MG
municipal,fluoxetina,2021,Cariacica,0.0866,unidade,unitario,FLUOXETINA  CLORIDRATO 20MG COMP/CÁPS
municipal,losartana,2021,Cariacica,0.22,unidade,unitario,LOSARTANA 50 MG
municipal,haloperidol,2020,Cariacica,1.66,unidade,unitario,HALOPERIDOL 5MG/ML SOLUÇÃO INJETÁVEL AMPOLA 1ML
municipal,propranolol,2020,Cariacica,0.0333,unidade,unitario,PROPRANOLOL 40MG
municipal,fenobarbital,2020,Cariacica,0.1033,unidade,unitario,FENOBARBITAL 100MG
municipal,paracetamol,2020,Cariacica,0.0467,unidade,unitario,PARACETAMOL 500MG
municipal,glibenclamida,2020,Cariacica,0.04,unidade,unitario,GLIBENCLAMIDA 5MG
municipal,carbamazepina,2020,Cariacica,0.1133,unidade,unitario,CARBAMAZEPINA 200MG
municipal,metformina,2020,Cariacica,0.0533,unidade,unitario,METFORMINA  CLORIDRATO 850MG
municipal,ar_condicionado,2020,Cariacica,843.66,unidade,unitario,MANUTENÇÃO  PREVENTIVA E CORRETIVA  DOS APARELHOS DE AR CONDICIONADO SPLIT DE 12000 A 18000 BTU 
municipal,ar_condicionado,2020,Cariacica,972.28,unidade,unitario,MANUTENÇÃO  PREVENTIVA E CORRETIVA DOS APARELHOS DE AR CONDICIONADO SPLIT DE 24000 A 36000 BTU 
municipal,ar_condicionado,2020,Cariacica,1046.4,unidade,unitario,MANUTENÇÃO  PREVENTIVA E CORRETIVA DOS APARELHOS DE AR CONDICIONADO SPLIT DE 58000 A 60000 BTU 
municipal,ar_condicionado,2020,Cariacica,1183.19,unidade,unitario,REPOSIÇÃO DE PEÇAS PARA MANUTENÇÃO DOS APARELHOS DE AR CONDICIONADO DE SECRETARIA MUNICIPAL DE CARIACICA CONFORME TR 
municipal,ar_condicionado,2020,Cariacica,1260.0,unidade,unitario,MANUTENÇÃO  PREVENTIVA E CORRETIVA  DOS APARELHOS DE AR CONDICIONADO SPLIT DE 12000 A 18000 BTU 
municipal,ar_condicionado,2020,Cariacica,1493.33,unidade,unitario,MANUTENÇÃO  PREVENTIVA E CORRETIVA DOS APARELHOS DE AR CONDICIONADO SPLIT DE 58000 A 60000 BTU 
municipal,ar_condicionado,2020,Cariacica,1500.0,unidade,unitario,MANUTENÇÃO  PREVENTIVA E CORRETIVA DOS APARELHOS DE AR CONDICIONADO SPLIT DE 24000 A 36000 BTU 
municipal,ar_condicionado,2020,Cariacica,3070.16,unidade,unitario,REPOSIÇÃO DE PEÇAS PARA MANUTENÇÃO DOS APARELHOS DE AR CONDICIONADO DE SECRETARIA MUNICIPAL DE CARIACICA CONFORME TR 
municipal,ar_condicionado,2020,Cariacica,917.29,unidade,unitario,MANUTENÇÃO  PREVENTIVA E CORRETIVA  DOS APARELHOS DE AR CONDICIONADO SPLIT DE 12000 A 18000 BTU 
municipal,ar_condicionado,2020,Cariacica,1057.13,unidade,unitario,MANUTENÇÃO  PREVENTIVA E CORRETIVA DOS APARELHOS DE AR CONDICIONADO SPLIT DE 24000 A 36000 BTU 
municipal,ar_condicionado,2020,Cariacica,1137.72,unidade,unitario,MANUTENÇÃO  PREVENTIVA E CORRETIVA DOS APARELHOS DE AR CONDICIONADO SPLIT DE 58000 A 60000 BTU 
municipal,ar_condicionado,2020,Cariacica,1286.44,unidade,unitario,REPOSIÇÃO DE PEÇAS PARA MANUTENÇÃO DOS APARELHOS DE AR CONDICIONADO DE SECRETARIA MUNICIPAL DE CARIACICA CONFORME TR 
municipal,luva_procedimento,2020,Cariacica,7.43,caixa_100,unitario,LUVA NITRÍLICA CANO LONGO G  LUVA TIPO NITRÍLICA FLOCADA  CANO LONGO  TAMANHO G ESPESSURA MÉDIA (MM) 0 35 A 0 4 UNIDADE:
municipal,amoxicilina,2020,Cariacica,10.5,unidade,unitario,AMOXICILINA + CLAVULANATO DE POTÁSSIO(50+12 5)MG/ML PÓ PARA SUSPENSÃO ORAL FRASCO C/75ML COM DOSADOR GRADUADO
municipal,ranitidina,2020,Cariacica,0.2333,unidade,unitario,RANITIDINA CLORIDRATO 150MG COMPRIMIDO REVESTIDO
municipal,amoxicilina,2020,Cariacica,0.7726,unidade,unitario,AMOXICILINA + CLAVULANATO (500+125)MG COMPRIMIDO REVESTIDO
municipal,furosemida,2020,Cariacica,0.031,unidade,unitario,FUROSEMIDA 40MG
municipal,prednisolona,2020,Cariacica,3.0699,unidade,unitario,PREDNISOLONA 3MG/ML SOLUÇÃO ORAL FRASCO C/60ML 
municipal,inhame,2020,Cariacica,6.5,kg,unidade_declarada,INHAME (ORGÂNICO)
municipal,limao,2020,Cariacica,5.0,kg,unidade_declarada,LIMÃO IN NATURA EXTRA  PROCEDENTE DE ESPÉCIE GENUÍNA E SÃ  FRESCA  SEM APRESENTAR AVARIAS DE CASCA. ISENTO DE LESÕES DE 
municipal,limao,2020,Cariacica,5.0,kg,unidade_declarada,LIMÃO IN NATURA EXTRA  PROCEDENTE DE ESPÉCIE GENUÍNA E SÃ  FRESCA  SEM APRESENTAR AVARIAS DE CASCA. ISENTO DE LESÕES DE 
municipal,mamao,2020,Cariacica,3.0,kg,unidade_declarada,MAMÃO FORMOSA IN NATURA EXTRA  APRESENTANDO MATURAÇÃO MÉDIA (DE VEZ)  POLPA FIRME AO TOQUE  SEM APRESENTAR AVARIAS DE CA
municipal,abobora,2020,Cariacica,2.66,kg,unidade_declarada,ABÓBORA JACARÉ (ORGÂNICA)
municipal,banana,2020,Cariacica,4.35,kg,unidade_declarada,BANANA DA TERRA (ORGÂNICA) EXTRA  IN NATURA  PROCEDENTES DE ESPÉCIES GENUÍNAS E SÃS  TER ATINGIDO O GRAU DE EVOLUÇÃO E M
municipal,limao,2020,Cariacica,5.0,kg,unidade_declarada,LIMÃO IN NATURA EXTRA  PROCEDENTE DE ESPÉCIE GENUÍNA E SÃ  FRESCA  SEM APRESENTAR AVARIAS DE CASCA. ISENTO DE LESÕES DE 
municipal,biscoito,2020,Cariacica,19.0,kg,descricao,BISCOITO CASEIRO  TAMANHO E PESO PADRONIZADO (20 G/UNIDADE)  TEXTURA CROCANTE  SABOR E ODOR CARACTERÍSTICOS E AGRADÁVEIS
municipal,mamao,2020,Cariacica,3.0,kg,unidade_declarada,MAMÃO FORMOSA IN NATURA EXTRA  APRESENTANDO MATURAÇÃO MÉDIA (DE VEZ)  POLPA FIRME AO TOQUE  SEM APRESENTAR AVARIAS DE CA
municipal,couve,2020,Cariacica,7.0,unidade,unitario,COUVE MANTEIGA EXTRA  FRESCA  LIMPA  COM COLORAÇÃO VERDE ESCURO  SEPARADOS EM MAÇOS PADRONIZADOS  PROCEDER DE ESPÉCIES G
municipal,mamao,2020,Cariacica,3.0,kg,unidade_declarada,MAMÃO FORMOSA IN NATURA EXTRA  APRESENTANDO MATURAÇÃO MÉDIA (DE VEZ)  POLPA FIRME AO TOQUE  SEM APRESENTAR AVARIAS DE CA
municipal,limao,2020,Cariacica,5.0,kg,unidade_declarada,LIMÃO IN NATURA EXTRA  PROCEDENTE DE ESPÉCIE GENUÍNA E SÃ  FRESCA  SEM APRESENTAR AVARIAS DE CASCA. ISENTO DE LESÕES DE 
municipal,inhame,2020,Cariacica,5.0,kg,unidade_declarada,INHAME EXTRA AA  IN NATURA  TENRO (MACIO)  GRAÚDO  PROCEDER DE ESPÉCIES GENUÍNAS E SÃS  FRESCAS  TER ATINGIDO O GRAU DE 
municipal,cenoura,2020,Cariacica,2.86,kg,unidade_declarada,CENOURA ORGÂNICA
municipal,couve,2020,Cariacica,7.0,unidade,unitario,COUVE MANTEIGA EXTRA  FRESCA  LIMPA  COM COLORAÇÃO VERDE ESCURO  SEPARADOS EM MAÇOS PADRONIZADOS  PROCEDER DE ESPÉCIES G
municipal,alface,2020,Cariacica,6.2,unidade,unitario,ALFACE LISA DE PRIMEIRA  EXTRA  COLORAÇÃO VERDE  FRESCOS  FOLHAS FIRMES  LIMPAS E BRILHANTES E SEPARADOS EM MAÇOS PADRON
municipal,biscoito,2020,Cariacica,19.0,kg,descricao,BISCOITO CASEIRO  TAMANHO E PESO PADRONIZADO (20 G/UNIDADE)  TEXTURA CROCANTE  SABOR E ODOR CARACTERÍSTICOS E AGRADÁVEIS
municipal,cenoura,2020,Cariacica,2.2,kg,unidade_declarada,CENOURA EXTRA AA  IN NATURA  COR LARANJA-VIVO  PROCEDENTE DE ESPÉCIES GENUÍNAS E SÃS  FRESCAS  FIRME  LISA  SEM RUGAS  D
municipal,couve,2020,Cariacica,7.0,unidade,unitario,COUVE MANTEIGA EXTRA  FRESCA  LIMPA  COM COLORAÇÃO VERDE ESCURO  SEPARADOS EM MAÇOS PADRONIZADOS  PROCEDER DE ESPÉCIES G
municipal,banana,2020,Cariacica,3.35,kg,unidade_declarada,BANANA DA TERRA EXTRA  IN NATURA  PROCEDENTES DE ESPÉCIES GENUÍNAS E SÃS  TER ATINGIDO O GRAU DE EVOLUÇÃO E MATURAÇÃO  P
municipal,inhame,2020,Cariacica,5.0,kg,unidade_declarada,INHAME EXTRA AA  IN NATURA  TENRO (MACIO)  GRAÚDO  PROCEDER DE ESPÉCIES GENUÍNAS E SÃS  FRESCAS  TER ATINGIDO O GRAU DE 
municipal,biscoito,2020,Cariacica,19.0,kg,descricao,BISCOITO CASEIRO  TAMANHO E PESO PADRONIZADO (20 G/UNIDADE)  TEXTURA CROCANTE  SABOR E ODOR CARACTERÍSTICOS E AGRADÁVEIS
municipal,farinha_mandioca,2020,Cariacica,6.0,kg,descricao,FARINHA DE MANDIOCA  TIPO 1  GRUPO SECA  SUBGRUPO FINA  CLASSE BRANCA  OBTIDO DAS RAÍZES DE MANDIOCA SADIAS  DEVIDAMENTE
municipal,mamao,2020,Cariacica,3.0,kg,unidade_declarada,MAMÃO FORMOSA IN NATURA EXTRA  APRESENTANDO MATURAÇÃO MÉDIA (DE VEZ)  POLPA FIRME AO TOQUE  SEM APRESENTAR AVARIAS DE CA
municipal,aipim,2020,Cariacica,2.86,kg,unidade_declarada,AIPIM OU MANDIOCA (ORGÂNICO) EXTRA AA  IN NATURA  TENRO (MACIO)  GRAÚDO  PROCEDENTE DE ESPÉCIES GENUÍNAS E SÃS  FRESCAS 
municipal,banana,2020,Cariacica,3.35,kg,unidade_declarada,BANANA DA TERRA EXTRA  IN NATURA  PROCEDENTES DE ESPÉCIES GENUÍNAS E SÃS  TER ATINGIDO O GRAU DE EVOLUÇÃO E MATURAÇÃO  P
municipal,aipim,2020,Cariacica,2.86,kg,unidade_declarada,AIPIM OU MANDIOCA (ORGÂNICO) EXTRA AA  IN NATURA  TENRO (MACIO)  GRAÚDO  PROCEDENTE DE ESPÉCIES GENUÍNAS E SÃS  FRESCAS 
municipal,abobora,2020,Cariacica,2.05,kg,unidade_declarada,ABÓBORA JACARÉ MADURA EXTRA AA  IN NATURA  PROCEDENTE DE ESPÉCIES GENUÍNAS E SÃS  CASCA LIMPA E SEM MANCHAS  POLPA ÍNTEG
municipal,inhame,2020,Cariacica,5.0,kg,unidade_declarada,INHAME EXTRA AA  IN NATURA  TENRO (MACIO)  GRAÚDO  PROCEDER DE ESPÉCIES GENUÍNAS E SÃS  FRESCAS  TER ATINGIDO O GRAU DE 
municipal,tangerina,2020,Cariacica,3.2,kg,unidade_declarada,MEXERICA POKAN  PRÓPRIA PARA O CONSUMO DEVERÁ SER PROCEDENTE DE ESPÉCIMES VEGETAIS GENUÍNAS E SÃS  E SATISFAZER AS SEGUI
municipal,banana,2020,Cariacica,3.35,kg,unidade_declarada,BANANA DA TERRA EXTRA  IN NATURA  PROCEDENTES DE ESPÉCIES GENUÍNAS E SÃS  TER ATINGIDO O GRAU DE EVOLUÇÃO E MATURAÇÃO  P
municipal,cenoura,2020,Cariacica,2.2,kg,unidade_declarada,CENOURA EXTRA AA  IN NATURA  COR LARANJA-VIVO  PROCEDENTE DE ESPÉCIES GENUÍNAS E SÃS  FRESCAS  FIRME  LISA  SEM RUGAS  D
municipal,aipim,2020,Cariacica,2.86,kg,unidade_declarada,AIPIM OU MANDIOCA (ORGÂNICO) EXTRA AA  IN NATURA  TENRO (MACIO)  GRAÚDO  PROCEDENTE DE ESPÉCIES GENUÍNAS E SÃS  FRESCAS 
municipal,biscoito,2020,Cariacica,19.0,kg,descricao,BISCOITO CASEIRO  TAMANHO E PESO PADRONIZADO (20 G/UNIDADE)  TEXTURA CROCANTE  SABOR E ODOR CARACTERÍSTICOS E AGRADÁVEIS
municipal,banana,2020,Cariacica,4.35,kg,unidade_declarada,BANANA DA TERRA (ORGÂNICA) EXTRA  IN NATURA  PROCEDENTES DE ESPÉCIES GENUÍNAS E SÃS  TER ATINGIDO O GRAU DE EVOLUÇÃO E M
municipal,abobora,2020,Cariacica,2.05,kg,unidade_declarada,ABÓBORA JACARÉ MADURA EXTRA AA  IN NATURA  PROCEDENTE DE ESPÉCIES GENUÍNAS E SÃS  CASCA LIMPA E SEM MANCHAS  POLPA ÍNTEG
municipal,couve,2020,Cariacica,7.0,unidade,unitario,COUVE MANTEIGA EXTRA  FRESCA  LIMPA  COM COLORAÇÃO VERDE ESCURO  SEPARADOS EM MAÇOS PADRONIZADOS  PROCEDER DE ESPÉCIES G
municipal,alface,2020,Cariacica,6.2,unidade,unitario,ALFACE LISA DE PRIMEIRA  EXTRA  COLORAÇÃO VERDE  FRESCOS  FOLHAS FIRMES  LIMPAS E BRILHANTES E SEPARADOS EM MAÇOS PADRON
municipal,inhame,2020,Cariacica,5.0,kg,unidade_declarada,INHAME EXTRA AA  IN NATURA  TENRO (MACIO)  GRAÚDO  PROCEDER DE ESPÉCIES GENUÍNAS E SÃS  FRESCAS  TER ATINGIDO O GRAU DE 
municipal,abobora,2020,Cariacica,2.05,kg,unidade_declarada,ABÓBORA JACARÉ MADURA EXTRA AA  IN NATURA  PROCEDENTE DE ESPÉCIES GENUÍNAS E SÃS  CASCA LIMPA E SEM MANCHAS  POLPA ÍNTEG
municipal,aipim,2020,Cariacica,2.2,kg,unidade_declarada,AIPIM OU MANDIOCA EXTRA AA  IN NATURA  TENRO (MACIO)  GRAÚDO  PROCEDENTE DE ESPÉCIES GENUÍNAS E SÃS  FRESCAS  TER ATINGI
municipal,alface,2020,Cariacica,6.2,unidade,unitario,ALFACE LISA DE PRIMEIRA  EXTRA  COLORAÇÃO VERDE  FRESCOS  FOLHAS FIRMES  LIMPAS E BRILHANTES E SEPARADOS EM MAÇOS PADRON
municipal,tangerina,2020,Cariacica,3.2,kg,unidade_declarada,MEXERICA POKAN  PRÓPRIA PARA O CONSUMO DEVERÁ SER PROCEDENTE DE ESPÉCIMES VEGETAIS GENUÍNAS E SÃS  E SATISFAZER AS SEGUI
municipal,banana,2020,Cariacica,3.35,kg,unidade_declarada,BANANA DA TERRA EXTRA  IN NATURA  PROCEDENTES DE ESPÉCIES GENUÍNAS E SÃS  TER ATINGIDO O GRAU DE EVOLUÇÃO E MATURAÇÃO  P
municipal,aipim,2020,Cariacica,2.2,kg,unidade_declarada,AIPIM OU MANDIOCA EXTRA AA  IN NATURA  TENRO (MACIO)  GRAÚDO  PROCEDENTE DE ESPÉCIES GENUÍNAS E SÃS  FRESCAS  TER ATINGI
municipal,peixe,2020,Cariacica,35.0,kg,descricao,FILÉ DE PEIXE TILÁPIA SEM ESPINHO  FRESCO  LIMPO  CONGELADO  COR E ODOR CARACTERÍSTICOS  SEM PRESENÇA DE SINAIS DE DESCO
municipal,aipim,2020,Cariacica,2.2,kg,unidade_declarada,AIPIM OU MANDIOCA EXTRA AA  IN NATURA  TENRO (MACIO)  GRAÚDO  PROCEDENTE DE ESPÉCIES GENUÍNAS E SÃS  FRESCAS  TER ATINGI
municipal,fuba,2020,Cariacica,3.5,kg,descricao,FUBÁ DE MILHO  FINO  PRODUTO OBTIDO DA MOAGEM DE GRÃOS DE MILHO SÃOS E LIMPOS  ACONDICIONADA EM EMBALAGEM RESISTENTE DE 
municipal,banana,2020,Cariacica,3.9,kg,unidade_declarada,BANANA PRATA (ORGÂNICA) EXTRA IN NATURA  COM GRAU DE MATURAÇÃO ADEQUADO PARA O CONSUMO  PROCEDENTES DE ESPÉCIES GENUÍNAS
municipal,abobora,2020,Cariacica,2.05,kg,unidade_declarada,ABÓBORA JACARÉ MADURA EXTRA AA  IN NATURA  PROCEDENTE DE ESPÉCIES GENUÍNAS E SÃS  CASCA LIMPA E SEM MANCHAS  POLPA ÍNTEG
municipal,cenoura,2020,Cariacica,2.2,kg,unidade_declarada,CENOURA EXTRA AA  IN NATURA  COR LARANJA-VIVO  PROCEDENTE DE ESPÉCIES GENUÍNAS E SÃS  FRESCAS  FIRME  LISA  SEM RUGAS  D
municipal,banana,2020,Cariacica,3.9,kg,unidade_declarada,BANANA PRATA (ORGÂNICA) EXTRA IN NATURA  COM GRAU DE MATURAÇÃO ADEQUADO PARA O CONSUMO  PROCEDENTES DE ESPÉCIES GENUÍNAS
municipal,banana,2020,Cariacica,3.9,kg,unidade_declarada,BANANA PRATA (ORGÂNICA) EXTRA IN NATURA  COM GRAU DE MATURAÇÃO ADEQUADO PARA O CONSUMO  PROCEDENTES DE ESPÉCIES GENUÍNAS
municipal,leite_po,2020,Cariacica,19.4,kg,descricao,LEITE EM PÓ INTEGRAL  INSTANTÂNEO RICO EM VITAMINAS A  C E D  PÓ UNIFORME SEM GRUMOS  ACONDICIONADO EM EMBALAGEM ALUMINI
municipal,banana,2020,Cariacica,3.0,kg,unidade_declarada,BANANA PRATA EXTRA IN NATURA  COM GRAU DE MATURAÇÃO ADEQUADO PARA O CONSUMO  PROCEDENTES DE ESPÉCIES GENUÍNAS E SÃS  POL
municipal,iogurte,2020,Cariacica,5.9,litro,descricao,IOGURTE À BASE DE FRUTAS SABOR MORANGO OU SALADA DE FRUTAS  ISENTO DE CORANTES ARTIFICIAIS  ACONDICIONADO EM EMBALAGEM D
municipal,banana,2020,Cariacica,3.0,kg,unidade_declarada,BANANA PRATA EXTRA IN NATURA  COM GRAU DE MATURAÇÃO ADEQUADO PARA O CONSUMO  PROCEDENTES DE ESPÉCIES GENUÍNAS E SÃS  POL
municipal,aipim,2020,Cariacica,2.2,kg,unidade_declarada,AIPIM OU MANDIOCA EXTRA AA  IN NATURA  TENRO (MACIO)  GRAÚDO  PROCEDENTE DE ESPÉCIES GENUÍNAS E SÃS  FRESCAS  TER ATINGI
municipal,tangerina,2020,Cariacica,3.2,kg,unidade_declarada,MEXERICA POKAN  PRÓPRIA PARA O CONSUMO DEVERÁ SER PROCEDENTE DE ESPÉCIMES VEGETAIS GENUÍNAS E SÃS  E SATISFAZER AS SEGUI
municipal,banana,2020,Cariacica,3.0,kg,unidade_declarada,BANANA PRATA EXTRA IN NATURA  COM GRAU DE MATURAÇÃO ADEQUADO PARA O CONSUMO  PROCEDENTES DE ESPÉCIES GENUÍNAS E SÃS  POL
municipal,banana,2020,Cariacica,3.0,kg,unidade_declarada,BANANA PRATA EXTRA IN NATURA  COM GRAU DE MATURAÇÃO ADEQUADO PARA O CONSUMO  PROCEDENTES DE ESPÉCIES GENUÍNAS E SÃS  POL
municipal,envelope,2020,Cariacica,1.59,unidade,unitario,LUVA DE PROCEDIMENTO ESTÉRIL  TAMANHO P  DESCARTÁVEL  CONFORME O PADRÃO NACIONAL. CONFECCIONADA EM LÁTEX NATURAL  HIPOAL
municipal,envelope,2020,Cariacica,0.75,unidade,unitario,LUVA DE PROCEDIMENTO ESTÉRIL  TAMANHO G  DESCARTÁVEL  CONFORME O PADRÃO NACIONAL. CONFECCIONADA EM LÁTEX NATURAL  HIPOAL
municipal,envelope,2020,Cariacica,0.73,unidade,unitario,LUVA DE PROCEDIMENTO ESTÉRIL  TAMANHO M  DESCARTÁVEL  CONFORME O PADRÃO NACIONAL. CONFECCIONADA EM LÁTEX NATURAL  HIPOAL
municipal,ar_condicionado,2020,Cariacica,7866.67,unidade,unitario,AR CONDICIONADO  SPLIT PISO TETO  60.000 BTUS  QUENTE E FRIO  APARELHO DE AR CONDICIONADO COM CAPACIDADE DE 60.000 BTUS
municipal,ar_condicionado,2020,Cariacica,2915.32,unidade,unitario,AR CONDICIONADO  SPLIT HI-WALL  24.000 BTUS  QUENTE E FRIO  APARELHO DE AR CONDICIONADO COM CAPACIDADE DE 24.000 BTUS  
municipal,ar_condicionado,2020,Cariacica,7866.67,unidade,unitario,AR CONDICIONADO  SPLIT PISO TETO  60.000 BTUS  QUENTE E FRIO  APARELHO DE AR CONDICIONADO COM CAPACIDADE DE 60.000 BTUS
municipal,ar_condicionado,2020,Cariacica,5269.02,unidade,unitario,AR CONDICIONADO  SPLIT PISO TETO  36.000 BTUS  QUENTE E FRIO  APARELHO DE AR CONDICIONADO COM CAPACIDADE DE 36.000 BTUS
municipal,ar_condicionado,2020,Cariacica,2915.32,unidade,unitario,AR CONDICIONADO  SPLIT HI-WALL  24.000 BTUS  QUENTE E FRIO  APARELHO DE AR CONDICIONADO COM CAPACIDADE DE 24.000 BTUS  
municipal,ar_condicionado,2020,Cariacica,1250.33,unidade,unitario,AR CONDICIONADO  SPLIT HI-WALL  12.000 BTUS  QUENTE E FRIO  APARELHO DE AR CONDICIONADO COM CAPACIDADE DE 12.000 BTUS  
municipal,ar_condicionado,2020,Cariacica,1250.33,unidade,unitario,AR CONDICIONADO  SPLIT HI-WALL  12.000 BTUS  QUENTE E FRIO  APARELHO DE AR CONDICIONADO COM CAPACIDADE DE 12.000 BTUS  
municipal,seringa,2020,Cariacica,0.24,unidade,unitario,SERINGA 01 ML  PARA APLICAÇÃO DE TUBERCULINA  DESCARTÁVEL  ESTÉRIL  COM AGULHA 13X0 38.  Cilindro: transparente  em poli
municipal,seringa,2020,Cariacica,0.6,unidade,unitario,SERINGA 20 ML ESTÉRIL DESCARTÁVEL  SEM AGULHA  BICO: LUER SLIP CILINDRO: TRANSPARENTE  EM POLIPROPILENO COM IMPRESSÃO DE
municipal,seringa,2020,Cariacica,0.27,unidade,unitario,SERINGA 01 ML  PARA APLICAÇÃO DE INSULINA  DESCARTÁVEL  ESTÉRIL  com agulha 8mm x 0 3mm a 0 33mm  Capacidade: 100 UI. Ci
municipal,seringa,2020,Cariacica,0.27,unidade,unitario,SERINGA 01 ML  PARA APLICAÇÃO DE INSULINA  DESCARTÁVEL  ESTÉRIL  com agulha 8mm x 0 3mm a 0 33mm  Capacidade: 100 UI. Ci
municipal,prednisona,2020,Cariacica,0.1494,unidade,unitario,PREDNISONA 20MG
municipal,alcool,2020,Cariacica,12.512,litro,descricao,ALCOOL GEL 70%: SOLUÇÃO AQUOSA  ANTI-SEPTICA DE ÁLCOOL GEL  A 70%  COM HITRATANTE  ORIGINAL DO FABRICANTE ACONDICIONADO
municipal,alcool,2020,Cariacica,12.512,litro,descricao,ALCOOL GEL 70%: SOLUÇÃO AQUOSA  ANTI-SEPTICA DE ÁLCOOL GEL  A 70%  COM HITRATANTE  ORIGINAL DO FABRICANTE ACONDICIONADO
municipal,alcool,2020,Cariacica,12.512,litro,descricao,ALCOOL GEL 70%: SOLUÇÃO AQUOSA  ANTI-SEPTICA DE ÁLCOOL GEL  A 70%  COM HITRATANTE  ORIGINAL DO FABRICANTE ACONDICIONADO
municipal,areia,2020,Cariacica,67.74,m3,unitario,AREIA MÉDIA LAVADA 
municipal,shampoo,2021,Cariacica,47.8,litro,descricao,CETOCONAZOL XAMPU 2% FRASCO DE 100 ML
municipal,dipirona,2021,Cariacica,0.64,unidade,unitario,DIPIRONA SODICA 500MG/ML SOL.INJETÁVEL AMPOLA 2ML
municipal,prednisona,2021,Cariacica,0.08,unidade,unitario,PREDNISONA 5 MG
municipal,levotiroxina,2021,Cariacica,0.1,unidade,unitario,LEVOTIROXINA SÓDICA  50 MCG  COMPRIMIDO  
municipal,paracetamol,2021,Cariacica,0.1,unidade,unitario,PARACETAMOL 500MG
municipal,nimesulida,2021,Cariacica,0.06,unidade,unitario,NIMESULIDA  100 MG  COMPRIMIDO 
municipal,carne_bovina,2020,Cariacica,13.46,kg,descricao,CARNE BOVINA CONGELADA CORTE PARA BIFE  EMBALADA Á VACUO.   a)	Descrição: Matéria prima: carne bovina. A carne deverá se
municipal,carne_bovina,2020,Cariacica,13.46,kg,descricao,CARNE BOVINA CONGELADA - CORTE MOÍDO  EMBALADA Á VACUO.   a)	Descrição: Matéria prima: carne bovina  devidamente moída e
municipal,carne_bovina,2020,Cariacica,13.46,kg,descricao,CARNE BOVINA CONGELADA CORTE PARA BIFE  EMBALADA Á VACUO.   a)	Descrição: Matéria prima: carne bovina. A carne deverá se
municipal,carne_bovina,2020,Cariacica,13.46,kg,descricao,CARNE BOVINA CONGELADA - CORTE MOÍDO  EMBALADA Á VACUO.   a)	Descrição: Matéria prima: carne bovina  devidamente moída e
municipal,metronidazol,2020,Cariacica,7.18,unidade,unitario,METRONIDAZOL (BENZOILMETRONIDAZOL) 40MG/ML SUSPENSÃO ORAL FRASCO C/ 100 ML
municipal,salbutamol,2020,Cariacica,1.9333,unidade,unitario,SALBUTAMOL 0 5 MG/ML SOLUÇÃO INJETÁVEL
municipal,seringa,2021,Cariacica,4.1333,unidade,unitario,SONDA FOLEY Nº 24  COM BALÃO DE 10 A 30CC  (APROXIMADAMENTE) QUE DEVERÁ SER RESISTENTE A ALTA PRESSA E FÁCIL INSUFLAÇÃO 
municipal,seringa,2021,Cariacica,5.0,unidade,unitario,SONDA FOLEY Nº 22  COM BALÃO DE 10 A 30CC  (APROXIMADAMENTE) QUE DEVERÁ SER RESISTENTE A ALTA PRESSA E FÁCIL INSUFLAÇÃO 
municipal,seringa,2021,Cariacica,3.4,unidade,unitario,SONDA FOLEY Nº 08  COM BALÃO DE 5 A 10CC  (APROXIMADAMENTE) QUE DEVERÁ SER RESISTENTE A ALTA PRESSA E FÁCIL INSUFLAÇÃO  
municipal,seringa,2021,Cariacica,4.1533,unidade,unitario,SONDA FOLEY Nº 10  COM BALÃO DE 5 A 10CC  (APROXIMADAMENTE) QUE DEVERÁ SER RESISTENTE A ALTA PRESSA E FÁCIL INSUFLAÇÃO  
municipal,seringa,2021,Cariacica,4.3667,unidade,unitario,SONDA FOLEY Nº 20  COM BALÃO DE 10 A 30CC  (APROXIMADAMENTE) QUE DEVERÁ SER RESISTENTE A ALTA PRESSA E FÁCIL INSUFLAÇÃO 
municipal,seringa,2021,Cariacica,3.8233,unidade,unitario,SONDA FOLEY Nº 12  COM BALÃO DE 10 A 30CC  (APROXIMADAMENTE) QUE DEVERÁ SER RESISTENTE A ALTA PRESSA E FÁCIL INSUFLAÇÃO 
municipal,seringa,2021,Cariacica,4.2167,unidade,unitario,SONDA FOLEY Nº 14  COM BALÃO DE 10 A 30CC  (APROXIMADAMENTE) QUE DEVERÁ SER RESISTENTE A ALTA PRESSA E FÁCIL INSUFLAÇÃO 
municipal,seringa,2021,Cariacica,4.2367,unidade,unitario,SONDA FOLEY Nº 16  COM BALÃO DE 10 A 30CC  (APROXIMADAMENTE) QUE DEVERÁ SER RESISTENTE A ALTA PRESSA E FÁCIL INSUFLAÇÃO 
municipal,seringa,2021,Cariacica,4.3333,unidade,unitario,SONDA FOLEY Nº 18  COM BALÃO DE 10 A 30CC  (APROXIMADAMENTE) QUE DEVERÁ SER RESISTENTE A ALTA PRESSA E FÁCIL INSUFLAÇÃO 
municipal,pneu,2021,Cariacica,1082.33,unidade,unitario,FORNECIMENTO  ENTREGA  MONTAGEM E INSTALAÇÃO DE PLAYGROUND TIPO IV  GANGORRA SIMPLES: GANGORRA DE MADEIRA ECOLÓGICA EM 
municipal,pneu,2021,Cariacica,2257.75,unidade,unitario,FORNECIMENTO  ENTREGA  MONTAGEM E INSTALAÇÃO DE PLAYGROUND TIPO V  GANGORRA DUPLA: GANGORRA DE MADEIRA ECOLÓGICA EM EUC
municipal,pneu,2021,Cariacica,1082.33,unidade,unitario,FORNECIMENTO  ENTREGA  MONTAGEM E INSTALAÇÃO DE PLAYGROUND TIPO IV  GANGORRA SIMPLES: GANGORRA DE MADEIRA ECOLÓGICA EM 
municipal,pneu,2021,Cariacica,2257.75,unidade,unitario,FORNECIMENTO  ENTREGA  MONTAGEM E INSTALAÇÃO DE PLAYGROUND TIPO V  GANGORRA DUPLA: GANGORRA DE MADEIRA ECOLÓGICA EM EUC
municipal,propranolol,2021,Cariacica,0.0495,unidade,unitario,PROPRANOLOL 40MG
municipal,agulha_descartavel,2021,Cariacica,0.1245,unidade,unitario,AGULHA HIPODÉRMICA 13X 4 A 4 5MM - ESTÉRIL  DESCARTÁVEL  CÂNULA EM AÇO INOXIDÁVEL CENTRALIZADA  COM BISEL TRIFACETADO E 
municipal,seringa,2021,Cariacica,0.2,unidade,unitario,SERINGA 01 ML  PARA APLICAÇÃO DE TUBERCULINA  DESCARTÁVEL  ESTÉRIL  COM AGULHA 13X0 38.  Cilindro: transparente  em poli
municipal,agulha_descartavel,2021,Cariacica,0.17,unidade,unitario,AGULHA HIPODÉRMICA 25X 7MM - ESTÉRIL  DESCARTÁVEL  CÂNULA EM AÇO INOXIDÁVEL CENTRALIZADA  COM BISEL TRIFACETADO E ÂNGULO
municipal,seringa,2021,Cariacica,0.48,unidade,unitario,SERINGA 20 ML ESTÉRIL DESCARTÁVEL  SEM AGULHA  BICO: LUER SLIP CILINDRO: TRANSPARENTE  EM POLIPROPILENO COM IMPRESSÃO DE
municipal,seringa,2021,Cariacica,0.19,unidade,unitario,SERINGA 03 ML ESTÉRIL DESCARTÁVEL  SEM AGULHA  BICO: LUER LOCK. CILINDRO: TRANSPARENTE  EM POLIPROPILENO COM IMPRESSÃO D
municipal,seringa,2021,Cariacica,0.43,unidade,unitario,SERINGA 10 ML ESTÉRIL DESCARTÁVEL  SEM AGULHA  BICO: LUER LOCK. CILINDRO: TRANSPARENTE  EM POLIPROPILENO COM IMPRESSÃO D
municipal,agulha_descartavel,2021,Cariacica,0.17,unidade,unitario,AGULHA HIPODÉRMICA 25X 8MM - ESTÉRIL  DESCARTÁVEL   CÂNULA EM AÇO INOXIDÁVEL CENTRALIZADA  COM BISEL TRIFACETADO E ÂNGUL
municipal,seringa,2021,Cariacica,0.2067,unidade,unitario,SERINGA 05 ML ESTÉRIL DESCARTÁVEL  SEM AGULHA  BICO: LUERLOCK. CILINDRO: TRANSPARENTE  EM POLIPROPILENO COM IMPRESSÃO DE
municipal,agulha_descartavel,2021,Cariacica,0.16,unidade,unitario,AGULHA HIPODÉRMICA 40X12MM - ESTÉRIL  DESCARTÁVEL  CÂNULA EM AÇO INOXIDÁVEL CENTRALIZADA  COM BISEL TRIFACETADO E ÂNGULO
municipal,seringa,2021,Cariacica,0.43,unidade,unitario,SERINGA 01 ML  PARA APLICAÇÃO DE INSULINA  DESCARTÁVEL  ESTÉRIL  com agulha 8mm x 0 3mm a 0 33mm  Capacidade: 100 UI. Ci
municipal,fenobarbital,2021,Cariacica,0.1155,unidade,unitario,FENOBARBITAL 100MG
municipal,loratadina,2021,Cariacica,0.09,unidade,unitario,LORATADINA 10MG
municipal,acucar,2021,Cariacica,2.858,kg,descricao,AÇÚCAR CRISTAL DE ORIGEM VEGETAL  CONSTITUÍDO FUNDAMENTALMENTE POR SACAROSE DE CANA-DE-AÇÚCAR  COM ASPECTO SÓLIDO  CRIST
municipal,acucar,2021,Cariacica,2.858,kg,descricao,AÇÚCAR CRISTAL DE ORIGEM VEGETAL  CONSTITUÍDO FUNDAMENTALMENTE POR SACAROSE DE CANA-DE-AÇÚCAR  COM ASPECTO SÓLIDO  CRIST
municipal,acucar,2021,Cariacica,2.858,kg,descricao,AÇÚCAR CRISTAL DE ORIGEM VEGETAL  CONSTITUÍDO FUNDAMENTALMENTE POR SACAROSE DE CANA-DE-AÇÚCAR  COM ASPECTO SÓLIDO  CRIST
municipal,biscoito,2021,Cariacica,11.55,kg,descricao,BISCOITO / BOLACHA  TIPO: MAIZENA  FORNECIMENTO: PACOTE 400 G ESPECIFICAÇÃO COMPLEMENTAR: BISCOITO DOCE  TIPO MAIZENA TR
municipal,biscoito,2021,Cariacica,12.175,kg,descricao,BISCOITO / BOLACHA  TIPO: CREAM CRACKER TRADICIONAL  FORNECIMENTO: 400 G ESPECIFICAÇÃO COMPLEMENTAR: BISCOITO DE SAL  TI
municipal,mascara_descartavel,2021,Cariacica,3.31,unidade,unitario,MÁSCARA DESCARTÁVEL N95 OU PFF2-S SEM VÁLVULA  DESCRIÇÃO  FECHADA  TIPO PERSONAL RESPIRADOR  COM DISPOSITIVO PARA AJUST
municipal,sardinha,2021,Cariacica,4.76,lata,unitario,SARDINHA - LATA 250G - EM ÓLEO COMESTÍVEL: PRODUTO ELABORADO COM SARDINHAS FRESCAS  LIMPAS  ÍNTEGRAS DESCABEÇADAS  DESCA
municipal,leite_integral,2021,Cariacica,3.97,litro,unidade_declarada,LEITE INTEGRAL UHT: LEITE DE VACA INTEGRAL HOMOGENEIZADO  SUBMETIDO AO PROCESSO DE ULTRA PASTEURIZAÇÃO  U.ªT. (ULTRA ALT
municipal,carbamazepina,2021,Cariacica,0.155,unidade,unitario,CARBAMAZEPINA 200MG
municipal,notebook,2021,Cariacica,3600.0,unidade,unitario,PRESTAÇÃO DE SERVICO PA PARA PALCO (SONORIZAÇÃO)   DESCRIÇÃO 1 MESA DE SOM 16 CANAIS DIGITAL COM 8 MANDADAS DE AUXILIAR 
municipal,notebook,2021,Cariacica,8500.0,unidade,unitario,PRESTAÇÃO DE SERVICO PA PARA PALCO (SONORIZAÇÃO)  DESCRIÇÃO: 1 MESA DE SOM DIGITAL 24 CANAIS COM 08 MANDADAS AUXILIARES;
municipal,alcool,2021,Cariacica,12.03,litro,descricao,ÁLCOOL GEL 70% - GALÃO DE 5 LITROS  DESCRIÇÃO  ÁLCOOL GEL 70° INPM ACONDICIONADO EM GALÃO DE 5 LITROS  QUE PERMITA A VI
municipal,alcool,2021,Cariacica,21.42,litro,descricao,ÁLCOOL GEL 70%   FRASCO DE 500ML COM VÁLVULA PUMP.   ÁLCOOL ETÍLICO EM GEL 70%  ASPECTO: GEL COR: INCOLOR  CARACTERÍSTIC
municipal,alcool,2021,Cariacica,12.62,litro,descricao,ALCOOL GEL; ÁLCOOL ETÍLICO EM GEL 70%  ASPECTO: GEL COR: INCOLOR  CARACTERÍSTICO: PH À 10%: 7 0 - 8 5 - DENSIDADE À 25ºC
municipal,alcool,2021,Cariacica,8.32,litro,descricao,  ALCOOL ETILICO 70º GL - 62º INPM 1000 ML ÁLCOOL ETÍLICO  CONCENTRAÇÃO DE NO MÍNIMO 70º GL - 62º INPM  ANTISSÉPTICO  EL
municipal,fralda,2021,Cariacica,2.2933,unidade,unitario,FRALDA DESCARTÁVEL GERIÁTRICA  TAMANHO EXTRA XXG  FORMATO ANATÔMICO  NÃO TÓXICO  GEL ABSORVENTE  COBERTURA EXTERNA IMPER
municipal,fralda,2021,Cariacica,2.06,unidade,unitario,FRALDA DESCARTÁVEL GERIÁTRICA  TAMANHO P  FORMATO ANATÔMICO  NÃO TÓXICO  GEL ABSORVENTE  COBERTURA EXTERNA IMPERMEÁVEL  
municipal,fralda,2021,Cariacica,2.0967,unidade,unitario,FRALDA DESCARTÁVEL GERIÁTRICA  TAMANHO M  FORMATO ANATÔMICO  NÃO TÓXICO  GEL ABSORVENTE  COBERTURA EXTERNA IMPERMEÁVEL  
municipal,fralda,2021,Cariacica,2.2967,unidade,unitario,FRALDA DESCARTÁVEL GERIÁTRICA  TAMANHO EXTRA G  FORMATO ANATÔMICO  NÃO TÓXICO  GEL ABSORVENTE  COBERTURA EXTERNA IMPERME
municipal,fralda,2021,Cariacica,2.1633,unidade,unitario,FRALDA DESCARTÁVEL GERIÁTRICA  TAMANHO G  FORMATO ANATÔMICO  NÃO TÓXICO  GEL ABSORVENTE  COBERTURA EXTERNA IMPERMEÁVEL  
municipal,losartana,2021,Cariacica,0.0825,unidade,unitario,LOSARTANA 50 MG
municipal,dexametasona,2021,Cariacica,0.905,unidade,unitario,DEXAMETASONA  FOSFATO DISSÓDICO 4MG/ML AMPOLA/FRASCO-AMPOLA 2 5ml
municipal,fluoxetina,2021,Cariacica,0.072,unidade,unitario,FLUOXETINA  CLORIDRATO 20MG COMP/CÁPS
municipal,tijolo,2021,Cariacica,2.51,unidade,unitario,BLOCO DE CONCRETO 14X19X39CMVEDAÇÃO 
municipal,tijolo,2021,Cariacica,2.51,unidade,unitario,BLOCO DE CONCRETO 14X19X39CMVEDAÇÃO 
municipal,omeprazol,2021,Cariacica,0.074,unidade,unitario,OMEPRAZOL 20 MG CÁPSULA
municipal,cimento,2021,Cariacica,27.5,saco_50kg,unitario,CIMENTO PORTLAND CP III - 40
municipal,azitromicina,2021,Cariacica,1.63,unidade,unitario,AZITROMICINA 500 MG
municipal,dipirona,2021,Cariacica,0.781,unidade,unitario,DIPIRONA 500 MG/ ML SOLUÇAO ORAL- FR C/ 20 ML
municipal,haloperidol,2021,Cariacica,0.1267,unidade,unitario,HALOPERIDOL 1MG
municipal,agua_mineral,2021,Cariacica,0.3415,litro,descricao,ÁGUA MINERAL SEM GÁS  GARRAFÃO DE 20L 
municipal,agua_mineral,2021,Cariacica,0.3415,litro,descricao,ÁGUA MINERAL SEM GÁS  GARRAFÃO DE 20L 
municipal,agua_mineral,2021,Cariacica,0.3415,litro,descricao,ÁGUA MINERAL SEM GÁS  GARRAFÃO DE 20L 
municipal,seringa,2021,Cariacica,0.4014,unidade,unitario,SERINGA DESCARTÁVEL PARA INSULINA  SEM DISPOSITIVO DE SEGURANÇA; CAPACIDADE 1ML/100UI; GRADUAÇÃO /ESCALA: ESCALA EXTERNA
municipal,amitriptilina,2021,Cariacica,0.124,unidade,unitario,AMITRIPTILINA  CLORIDRATO 25MG
municipal,loratadina,2021,Cariacica,2.5304,unidade,unitario,LORATADINA 1MG\ML XAROPE FRASCO DE 100 ML
municipal,torneira,2021,Cariacica,34.43,unidade,unitario,GARRAFA TÉRMICA - GARRAFA TÉRMICA  MATERIAL PLÁSTICO REVESTIDO COM FIBRA  CAPACIDADE 5 LITROS  FORMATO CILÍNDRICO  CARAC
municipal,salbutamol,2021,Cariacica,7.119,unidade,unitario,SALBUTAMOL 100MCG SPRAY 200 DOSES
municipal,cefalexina,2021,Cariacica,8.53,unidade,unitario,CEFALEXINA  50 MG/ML  PÓ P/ SUSPENSÃO ORAL  FRASCO 100 ML
municipal,amoxicilina,2021,Cariacica,12.6167,unidade,unitario,AMOXICILINA + CLAVULANATO DE POTÁSSIO(50+12 5)MG/ML PÓ PARA SUSPENSÃO ORAL FRASCO C/75ML COM DOSADOR GRADUADO
municipal,amoxicilina,2021,Cariacica,1.1467,unidade,unitario,AMOXICILINA + CLAVULANATO (500+125)MG COMPRIMIDO REVESTIDO
municipal,albendazol,2021,Cariacica,0.934,unidade,unitario,ALBENDAZOL SUSPENSÃO ORAL 40 MG/ML FRASCO DE 10 ML.
municipal,metronidazol,2021,Cariacica,6.1533,unidade,unitario,METRONIDAZOL (BENZOILMETRONIDAZOL) 40MG/ML SUSPENSÃO ORAL FRASCO C/ 100 ML
municipal,paracetamol,2021,Cariacica,1.1,unidade,unitario,PARACETAMOL 200MG/ML SOLUÇÃO ORAL  FRASCO COM 15ML
municipal,enalapril,2021,Cariacica,0.0833,unidade,unitario,ENALAPRIL  MALEATO 20 MG COMPRIMIDO
municipal,metronidazol,2021,Cariacica,0.1167,unidade,unitario,METRONIDAZOL 250MG
municipal,propranolol,2021,Cariacica,0.0367,unidade,unitario,PROPRANOLOL 40MG
municipal,metformina,2021,Cariacica,0.0933,unidade,unitario,METFORMINA  CLORIDRATO 850MG
municipal,amoxicilina,2021,Cariacica,0.6378,unidade,unitario,AMOXICILINA + CLAVULANATO (500+125)MG COMPRIMIDO REVESTIDO
municipal,alcool,2021,Cariacica,5.77,litro,descricao,ÁLCOOL GEL 70% - GALÃO DE 5 LITROS  DESCRIÇÃO  ÁLCOOL GEL 70° INPM ACONDICIONADO EM GALÃO DE 5 LITROS  QUE PERMITA A VI
municipal,alcool,2021,Cariacica,11.74,litro,descricao,ÁLCOOL GEL 70%   FRASCO DE 500ML COM VÁLVULA PUMP.   ÁLCOOL ETÍLICO EM GEL 70%  ASPECTO: GEL COR: INCOLOR  CARACTERÍSTIC
municipal,alcool,2021,Cariacica,8.58,litro,descricao,ALCOOL GEL; ÁLCOOL ETÍLICO EM GEL 70%  ASPECTO: GEL COR: INCOLOR  CARACTERÍSTICO: PH À 10%: 7 0 - 8 5 - DENSIDADE À 25ºC
municipal,alcool,2021,Cariacica,4.95,litro,descricao,  ALCOOL ETILICO 70º GL - 62º INPM 1000 ML ÁLCOOL ETÍLICO  CONCENTRAÇÃO DE NO MÍNIMO 70º GL - 62º INPM  ANTISSÉPTICO  EL
municipal,dipirona,2021,Cariacica,0.1135,unidade,unitario,DIPIRONA SÓDICA 500MG COMPRIMIDO
municipal,papel_a4,2021,Cariacica,57.3333,resma,unitario,PAPEL PARA ELETROCARDIOGRAMA; FOLHA - PAPEL A4 (21 X 29 7 CM) MILIMETRADO PARA ELETROCARDIOGRAMA  EM FORMULÁRIO CONTÍNUO
municipal,bebedouro,2021,Cariacica,1924.17,unidade,unitario,BEBEDOURO ELÉTRICO ACESSÍVEL - BB  DESCRIÇÃO  Bebedouro elétrico  tipo pressão  acessível para fixação em parede  com s
municipal,hidroclorotiazida,2021,Cariacica,0.0167,unidade,unitario,HIDROCLOROTIAZIDA 25MG
municipal,prednisona,2021,Cariacica,0.1497,unidade,unitario,PREDNISONA 20MG
municipal,clonazepam,2021,Cariacica,0.056,unidade,unitario,CLONAZEPAM 2 MG
municipal,paracetamol,2021,Cariacica,0.0688,unidade,unitario,PARACETAMOL 500MG
municipal,areia,2021,Cariacica,65.0,m3,unitario,REBOCO TIPO PAULISTA DE ARGAMASSA DE CIMENTO  CAL HIDRATADA CH1 E AREIA LAVADA TRAÇO 1:0.5:6  ESPESSURA 25 MM 
municipal,diesel,2021,Cariacica,3.87,litro,quantidade_litros,LOCAÇÃO DE GRUPO GERADOR REBOCÁVEL  POTÊNCIA 66 KVA  MOTOR A DIESEL - CHP DIURNO.AF_03/2016 
municipal,envelope,2021,Cariacica,3.0267,unidade,unitario,LUVA CIRÚRGICA ESTÉRIL  TAMANHO 6 5 LUVA CIRÚRGICA ESTÉRIL  TAMANHO 6 5 CONFORME O PADRÃO NACIONAL. CONFECCIONADA EM LÁT
municipal,envelope,2021,Cariacica,3.0167,unidade,unitario,LUVA CIRÚRGICA ESTÉRIL  TAMANHO 8 0 LUVA CIRÚRGICA ESTÉRIL  TAMANHO 8 0 CONFORME O PADRÃO NACIONAL. CONFECCIONADA EM LÁT
municipal,envelope,2021,Cariacica,3.0267,unidade,unitario,LUVA CIRÚRGICA ESTÉRIL  TAMANHO 7 5 LUVA CIRÚRGICA ESTÉRIL  TAMANHO 7 5 CONFORME O PADRÃO NACIONAL. CONFECCIONADA EM LÁT
municipal,fenobarbital,2021,Cariacica,3.4,unidade,unitario,FENOBARBITAL 40MG/ML SOL ORAL GOTAS FRASCO COM 20 ML
municipal,captopril,2021,Cariacica,0.0319,unidade,unitario,CAPTOPRIL 25MG
municipal,shampoo,2021,Cariacica,47.699,litro,descricao,CETOCONAZOL XAMPU 2% FRASCO DE 100 ML
municipal,metronidazol,2021,Cariacica,0.1148,unidade,unitario,METRONIDAZOL 250MG
municipal,algodao,2021,Cariacica,21.3134,kg,descricao,ALGODÃO HIDRÓFILO  ROLO C/ 500 G  FORMADO  POR CAMADAS SOBREPOSTAS DE FIBRAS DE ALGODÃO. O PRODUTO DEVE TER ASPECTO UNIF
municipal,haloperidol,2021,Cariacica,1.59,unidade,unitario,HALOPERIDOL 5MG/ML SOLUÇÃO INJETÁVEL AMPOLA 1ML
municipal,salbutamol,2021,Cariacica,2.15,unidade,unitario,SALBUTAMOL 0 5 MG/ML SOLUÇÃO INJETÁVEL
municipal,dipirona,2021,Cariacica,3.51,unidade,unitario,HIOSCINA (ESCOPOLAMINA N-BUTILBROMETO) 4MG/ML + DIPIRONA SÓDICA 500MG/ML AMPOLA 5ML
municipal,fenobarbital,2021,Cariacica,0.285,unidade,unitario,FENOBARBITAL 100MG
municipal,carbamazepina,2021,Cariacica,0.399,unidade,unitario,CARBAMAZEPINA 200MG
municipal,glibenclamida,2021,Cariacica,2.53,unidade,unitario,GLIBENCLAMIDA 5MG
municipal,envelope,2021,Cariacica,0.4754,unidade,unitario,SAIS PARA REIDRATAÇÃO ORAL PÓ  ENVELOPE 27 9G
municipal,gasolina,2021,Cariacica,6.8678,litro,descricao,MODELO 05  DE SERVIÇO / 3 Veículos passeios (hatch); Cor: branca ou prata; Combustível: gasolina e/ou álcool; Direção e
municipal,gasolina,2021,Cariacica,5.3158,litro,descricao,MODELO 06  DE SERVIÇO / 4 VEÍCULOS PASSEIOS (SEDAN); COR: BRANCA OU PRATA; COMBUSTÍVEL: GASOLINA E/OU ÁLCOOL; DIREÇÃO E
municipal,cafe,2021,Cariacica,53.04,kg,descricao,CAFÉ EM PÓ  TRADICIONAL  TORRADO E MOÍDO  COM CERTIFICADO DE SELO DE PUREZA ABIC  ACONDICIONADO EM EMBALAGEM DE POLIETIL
municipal,biscoito,2021,Cariacica,15.6125,kg,descricao,BISCOITO ROSQUINHA DOCE  SABOR LEITE  TEXTURA CROCANTE  ACONDICIONADO EM EMBALAGEM RESISTENTE DE POLIETILENO ATÓXICO  NÃ
municipal,biscoito,2021,Cariacica,38.075,kg,descricao,BISCOITO ROSQUINHA DOCE  SEM LACTOSE  SABOR LEITE  TEXTURA CROCANTE  ACONDICIONADO EM EMBALAGEM RESISTENTE DE POLIETILEN
municipal,macarrao,2021,Cariacica,19.46,kg,descricao,MACARRÃO ISENTO DE GLÚTEN  SEM OVOS  PRODUTO CONSTITUÍDO DE FÉCULA DE BATATA  DE ARROZ OU OUTROS EMBALAGEM DE 400 A 500G
municipal,macarrao,2021,Cariacica,25.48,kg,descricao,MACARRÃO INTEGRAL ESPAGUETE EMBALAGEM DE 500 G  Macarrão Integral Espaguete  acondicionado em embalagem resistente de po
municipal,farinha_trigo,2021,Cariacica,5.15,kg,descricao,FARINHA DE TRIGO INTEGRAL  ACONDICIONAMENTO EM EMBALAGEM RESISTENTE DE POLIETILENO ATÓXICO OU PAPEL  NÃO VIOLADA  QUE GA
municipal,biscoito,2021,Cariacica,28.775,kg,descricao,BISCOITO DOCE  TIPO MARIA OU MAISENA DE TEXTURA CROCANTE  ISENTO DE LACTOSE  ACONDICIONADO EM EMBALAGEM RESISTENTE DE PO
municipal,carne_bovina,2021,Cariacica,35.0,kg,descricao,CARNE BOVINA MOÍDA (MÚSCULO) MAGRA CONGELADA  PROVENIENTE DE MACHOS DE ESPÉCIE BOVINA  SADIOS  ABATIDO SOB INSPEÇÃO VETE
municipal,frango,2021,Cariacica,7.91,kg,descricao,FÍGADO FRANGO  IN NATURA E CONGELADO  PROVENIENTE DE AVES  SADIAS  ABATIDOS SOB INSPEÇÃO VETERINÁRIA  DEVENDO APRESENTAR
municipal,frango,2021,Cariacica,10.75,kg,descricao,MOELA DE FRANGO  CONGELADO  PROVENIENTE DE AVES SADIAS  ABATIDOS SOB INSPEÇÃO VETERINÁRIA  APRESENTANDO COR E ODOR CARAC
municipal,pimentao,2021,Cariacica,5.34,kg,unidade_declarada,PIMENTÃO VERDE IN NATURA EXTRA AA  IN NATURA  TEXTURA FIRME  PROCEDENTE DE ESPÉCIES GENUÍNAS E SÃS. ISENTO DE LESÕES DE 
municipal,requeijao,2021,Cariacica,28.07,kg,unidade_declarada,REQUEIJÃO CREMOSO  PASTEURIZADO  SEM ADIÇÃO DE AMIDO  FABRICADO COM MATÉRIAS-PRIMAS SÃS E LIMPAS  ISENTAS DE MATÉRIA TER
municipal,batata,2021,Cariacica,3.95,kg,unidade_declarada,BATATA DOCE  IN NATURA  AMARELA OU ROSADA  EXTRA AA  COM A POLPA INTACTA E LIMPA  FIRME  LISA  DE TAMANHO UNIFORME  PROC
municipal,vinagre,2021,Cariacica,9.2267,litro,descricao,VINAGRE TINTO  ENVASADO EM EMBALAGEM RESISTENTE DE POLIETILENO ATÓXICO  NÃO VIOLADO  QUE GARANTA A INTEGRIDADE DO PRODUT
municipal,polpa_fruta,2021,Cariacica,7.33,kg,descricao,POLPA DE FRUTA INTEGRAL DE ACEROLA  100% NATURAL  SEM ADITIVOS QUÍMICOS  INTEGRAL  COMPOSIÇÃO 100% DE POLPA  PASTEURIZAD
municipal,polpa_fruta,2021,Cariacica,10.0,kg,descricao,POLPA DE FRUTA INTEGRAL DE UVA  100% NATURAL EMBALAGEM DE 1KG.  Polpa de Fruta Integral de Uva  100% natural  sem aditiv
municipal,polpa_fruta,2021,Cariacica,11.15,kg,descricao,POLPA DE FRUTA INTEGRAL DE MARACUJÁ  100% NATURAL  SEM ADITIVOS QUÍMICOS  INTEGRAL  COMPOSIÇÃO 100% DE POLPA  PASTEURIZA
municipal,polpa_fruta,2021,Cariacica,12.25,kg,descricao,POLPA DE FRUTA INTEGRAL DE MORANGO  100% NATURAL  SEM ADITIVOS QUÍMICOS  INTEGRAL  COMPOSIÇÃO 100% DE POLPA  PASTEURIZAD
municipal,macarrao,2021,Cariacica,16.34,kg,descricao,MACARRÃO  DO TIPO PARAFUSO  COM OVOS  ACONDICIONADO EM EMBALAGEM RESISTENTE DE POLIETILENO ATÓXICO  NÃO VIOLADO  QUE GAR
municipal,acucar,2021,Cariacica,22.93,kg,unidade_declarada,IOGURTE NATURAL INTEGRAL EMBALAGEM DE 170 A 200G.  Iogurte natural integral  obtido de leite pasteurizado  sem adição de
municipal,margarina,2021,Cariacica,26.18,kg,descricao,MARGARINA COM SAL  80% DE TEOR DE GORDURA  ENRIQUECIDA COM VITAMINA A  REFRIGERADO  NÃO RANÇOSO  ACONDICIONADO EM EMBALA
municipal,beterraba,2021,Cariacica,3.3,kg,unidade_declarada,BETERRABA EXTRA AA  IN NATURA  PROCEDENTE DE ESPÉCIES GENUÍNAS E SÃS  FRESCA  CASCA LISA E FIRME. ISENTO DE BROTO  LESÕE
municipal,pimentao,2021,Cariacica,5.34,kg,unidade_declarada,PIMENTÃO VERDE IN NATURA EXTRA AA  IN NATURA  TEXTURA FIRME  PROCEDENTE DE ESPÉCIES GENUÍNAS E SÃS. ISENTO DE LESÕES DE 
municipal,macarrao,2021,Cariacica,17.12,kg,descricao,MACARRÃO PARA SOPA  TIPO CONCHINHA OU PADRE NOSSO  COM OVOS  ACONDICIONADO EM EMBALAGEM RESISTENTE DE POLIETILENO ATÓXIC
municipal,canjica,2021,Cariacica,13.6,kg,descricao,MILHO PARA PREPARO DE CANJICA CLASSE BRANCA  SUBGRUPO DESPELICULADA  TIPO 1  ACONDICIONADO EM EMBALAGEM RESISTENTE DE PO
municipal,polpa_fruta,2021,Cariacica,7.13,kg,descricao,POLPA DE FRUTA INTEGRAL DE GOIABA 100% NATURAL  SEM ADITIVOS QUÍMICOS  INTEGRAL  COMPOSIÇÃO 100% DE POLPA  PASTEURIZADA 
municipal,macarrao,2021,Cariacica,14.78,kg,descricao,MACARRÃO PARA SOPA  TIPO LETRINHAS  COM OVOS  ACONDICIONADO EM EMBALAGEM RESISTENTE DE POLIETILENO ATÓXICO  NÃO VIOLADO 
municipal,suco,2021,Cariacica,17.64,litro,descricao,SUCO DE UVA INTEGRAL OU SUCO DE UVA TINTO INTEGRAL SEM ADIÇÃO DE AÇÚCARES  SEM CONSERVANTES E SEM A ADIÇÃO DE NENHUM OUT
municipal,amido_milho,2021,Cariacica,27.46,kg,descricao,AMIDO DE MILHO EMBALAGEM DE 500G  Amido de Milho  sob a forma de pó fino  cor branca  fabricado a partir de matérias pri
municipal,macarrao,2021,Cariacica,11.68,kg,descricao,MACARRÃO  DO TIPO LINGUINE  COM SÊMOLA  ACONDICIONADO EM EMBALAGEM RESISTENTE DE POLIETILENO ATÓXICO  NÃO VIOLADO  QUE G
municipal,biscoito,2021,Cariacica,29.175,kg,descricao,BISCOITO SALGADO  TIPO CREAM-CRACKER  DE TEXTURA CROCANTE  ACONDICIONADO EM EMBALAGEM RESISTENTE DE POLIETILENO ATÓXICO 
municipal,pepino,2021,Cariacica,3.46,kg,unidade_declarada,PEPINO EXTRA AA  IN NATURA  TENRO  COLORAÇÃO VERDE ESCURA  FIRME  PROCEDENTE DE ESPÉCIES GENUÍNAS E SÃS. ISENTO DE LESÕE
municipal,repolho,2021,Cariacica,4.26,kg,unidade_declarada,REPOLHO ROXO IN NATURA EXTRA  FRESCO  FIRME  ODOR CARACTERÍSTICO. ISENTO DE LESÕES DE ORIGEM FÍSICA  MECÂNICA OU BIOLÓGI
municipal,batata,2021,Cariacica,3.95,kg,unidade_declarada,BATATA DOCE  IN NATURA  AMARELA OU ROSADA  EXTRA AA  COM A POLPA INTACTA E LIMPA  FIRME  LISA  DE TAMANHO UNIFORME  PROC
municipal,polpa_fruta,2021,Cariacica,7.33,kg,descricao,POLPA DE FRUTA INTEGRAL DE CAJU  100% NATURAL  SEM ADITIVOS QUÍMICOS  INTEGRAL  COMPOSIÇÃO 100% DE POLPA  PASTEURIZADA  
municipal,azeite,2021,Cariacica,60.66,litro,descricao,AZEITE DE OLIVA EXTRA VIRGEM  ACONDICIONADO EM EMBALAGEM DE VIDRO  NÃO VIOLADA  QUE GARANTA A INTEGRIDADE DO PRODUTO. CO
municipal,couve,2021,Cariacica,6.55,unidade,unitario,COUVE MANTEIGA EXTRA  FRESCA  LIMPA  COM COLORAÇÃO VERDE ESCURO  SEPARADOS EM MAÇOS PADRONIZADOS  PROCEDER DE ESPÉCIES G
municipal,milho_verde,2021,Cariacica,6.58,kg,unidade_declarada,MILHO VERDE EM ESPIGA  EXTRA AA  FRESCO COM AS FOLHAS BEM VERDES E CABELO MARROM ESCURO  PROTEGIDO PELA CASCA. ISENTO DE
municipal,acucar,2021,Cariacica,22.93,kg,unidade_declarada,IOGURTE NATURAL INTEGRAL EMBALAGEM DE 170 A 200G.  Iogurte natural integral  obtido de leite pasteurizado  sem adição de
municipal,beterraba,2021,Cariacica,3.3,kg,unidade_declarada,BETERRABA EXTRA AA  IN NATURA  PROCEDENTE DE ESPÉCIES GENUÍNAS E SÃS  FRESCA  CASCA LISA E FIRME. ISENTO DE BROTO  LESÕE
municipal,chuchu,2021,Cariacica,2.06,kg,unidade_declarada,CHUCHU EXTRA AA  IN NATURA  POUCA RUGOSIDADE TAMANHO MÉDIO  PROCEDENTE DE ESPÉCIES GENUÍNAS  SÃS E FRESCAS  POLPA ÍNTEGR
municipal,inhame,2021,Cariacica,7.34,kg,unidade_declarada,INHAME EXTRA AA  IN NATURA  TENRO (MACIO)  GRAÚDO  PROCEDER DE ESPÉCIES GENUÍNAS E SÃS  FRESCAS  TER ATINGIDO O GRAU DE 
municipal,limao,2021,Cariacica,7.45,kg,unidade_declarada,LIMÃO IN NATURA EXTRA  PROCEDENTE DE ESPÉCIE GENUÍNA E SÃ  FRESCA  SEM APRESENTAR AVARIAS DE CASCA. ISENTO DE LESÕES DE 
municipal,tangerina,2021,Cariacica,4.46,kg,unidade_declarada,MEXERICA POKAN  PRÓPRIA PARA O CONSUMO DEVERÁ SER PROCEDENTE DE ESPÉCIMES VEGETAIS GENUÍNAS E SÃS  E SATISFAZER AS SEGUI
municipal,macarrao,2021,Cariacica,5.89,kg,descricao,MACARRÃO  DO TIPO ESPAGUETE  COM SÊMOLA EMBALAGEM DE 500G A 1 KG.  Macarrão  do Tipo Espaguete  com sêmola  acondicionad
municipal,feijao,2021,Cariacica,7.35,kg,descricao,FEIJÃO CARIOCA  TIPO 1 EMBALAGEM DE 1 KG.  Feijão Carioca  tipo 1  acondicionado em embalagem resistente de polietileno 
municipal,farinha_mandioca,2021,Cariacica,3.88,kg,descricao,FARINHA DE MANDIOCA BRANCA  TIPO 1  GRUPO SECA  CLASSE FINA  BAIXA ACIDEZ  OBTIDO DAS RAÍZES DE MANDIOCA SADIAS  DEVIDAM
municipal,repolho,2021,Cariacica,2.83,kg,unidade_declarada,REPOLHO BRANCO IN NATURA EXTRA  FRESCO  FIRME  ODOR CARACTERÍSTICO. ISENTO DE LESÕES DE ORIGEM FÍSICA  MECÂNICA OU BIOLÓ
municipal,carne_suina,2021,Cariacica,25.8,kg,descricao,CARNE SUÍNA  TIPO PERNIL  MAGRA E SEM GORDURA APARENTE  SEM OSSO  SADIO  CONGELADO EMBALAGEM DE 1 KG  Carne Suína  tipo 
municipal,alface,2021,Cariacica,7.14,unidade,unitario,ALFACE LISA DE PRIMEIRA  EXTRA  COLORAÇÃO VERDE  FRESCOS  FOLHAS FIRMES  LIMPAS E BRILHANTES E SEPARADOS EM MAÇOS PADRON
municipal,alho,2021,Cariacica,17.63,kg,unidade_declarada,ALHO NACIONAL EXTRA  OS DENTES DEVEM ESTAR BEM DEFINIDOS  LIMPOS  FIRMES  SEM MANCHAS E LIVRE DE BROTO. ISENTO DE LESÕES
municipal,abobora,2021,Cariacica,3.24,kg,unidade_declarada,ABÓBORA JACARÉ MADURA EXTRA AA  IN NATURA  PROCEDENTE DE ESPÉCIES GENUÍNAS E SÃS  CASCA LIMPA E SEM MANCHAS  POLPA ÍNTEG
municipal,suco,2021,Cariacica,17.64,litro,descricao,SUCO DE UVA INTEGRAL OU SUCO DE UVA TINTO INTEGRAL SEM ADIÇÃO DE AÇÚCARES  SEM CONSERVANTES E SEM A ADIÇÃO DE NENHUM OUT
municipal,abacaxi,2021,Cariacica,5.19,unidade,unitario,ABACAXI COMUM EXTRA  IN NATURA  COM GRAU DE MATURAÇÃO ADEQUADO PARA O CONSUMO  SEM APRESENTAR AVARIAS DE CASCA  PROCEDEN
municipal,banana,2021,Cariacica,6.02,kg,unidade_declarada,BANANA DA TERRA EXTRA  IN NATURA  PROCEDENTES DE ESPÉCIES GENUÍNAS E SÃS  TER ATINGIDO O GRAU DE EVOLUÇÃO E MATURAÇÃO  P
municipal,polpa_fruta,2021,Cariacica,7.13,kg,descricao,POLPA DE FRUTA INTEGRAL DE MANGA  100% NATURAL  SEM ADITIVOS QUÍMICOS  INTEGRAL  COMPOSIÇÃO 100% DE POLPA  PASTEURIZADA 
municipal,biscoito,2021,Cariacica,29.175,kg,descricao,BISCOITO SALGADO  TIPO CREAM-CRACKER  DE TEXTURA CROCANTE  ACONDICIONADO EM EMBALAGEM RESISTENTE DE POLIETILENO ATÓXICO 
municipal,polpa_fruta,2021,Cariacica,7.13,kg,descricao,POLPA DE FRUTA INTEGRAL DE ABACAXI  100% NATURAL  SEM ADITIVOS QUÍMICOS  INTEGRAL  COMPOSIÇÃO 100% DE POLPA  PASTEURIZAD
municipal,cebola,2021,Cariacica,4.09,kg,unidade_declarada,CEBOLA BRANCA  FRESCA  EXTRA  COM AS EXTREMIDADES FIRMES  COR BRILHANTE  HASTE BEM SECA. ISENTO DE BROTO  ENFERMIDADES  
municipal,pepino,2021,Cariacica,3.46,kg,unidade_declarada,PEPINO EXTRA AA  IN NATURA  TENRO  COLORAÇÃO VERDE ESCURA  FIRME  PROCEDENTE DE ESPÉCIES GENUÍNAS E SÃS. ISENTO DE LESÕE
municipal,oleo_soja,2021,Cariacica,8.7222,litro,descricao,ÓLEO DE SOJA TIPO 1  ENVASADO EM EMBALAGEM RESISTENTE DE POLIETILENO ATÓXICO  NÃO VIOLADO  QUE GARANTA A INTEGRIDADE DO 
municipal,repolho,2021,Cariacica,4.26,kg,unidade_declarada,REPOLHO ROXO IN NATURA EXTRA  FRESCO  FIRME  ODOR CARACTERÍSTICO. ISENTO DE LESÕES DE ORIGEM FÍSICA  MECÂNICA OU BIOLÓGI
municipal,azeite,2021,Cariacica,60.66,litro,descricao,AZEITE DE OLIVA EXTRA VIRGEM  ACONDICIONADO EM EMBALAGEM DE VIDRO  NÃO VIOLADA  QUE GARANTA A INTEGRIDADE DO PRODUTO. CO
municipal,batata,2021,Cariacica,4.56,kg,unidade_declarada,BATATA INGLESA ESPECIAL  IN NATURA  EXTRA AA  COM A POLPA INTACTA E LIMPA  FIRME  LISA  DE TAMANHO UNIFORME  PROCEDENTE 
municipal,couve,2021,Cariacica,6.55,unidade,unitario,COUVE MANTEIGA EXTRA  FRESCA  LIMPA  COM COLORAÇÃO VERDE ESCURO  SEPARADOS EM MAÇOS PADRONIZADOS  PROCEDER DE ESPÉCIES G
municipal,milho_verde,2021,Cariacica,6.58,kg,unidade_declarada,MILHO VERDE EM ESPIGA  EXTRA AA  FRESCO COM AS FOLHAS BEM VERDES E CABELO MARROM ESCURO  PROTEGIDO PELA CASCA. ISENTO DE
municipal,leite_po,2021,Cariacica,34.27,kg,descricao,LEITE EM PÓ INTEGRAL  INSTANTÂNEO RICO EM VITAMINAS A  C E D  PÓ UNIFORME SEM GRUMOS  ACONDICIONADO EM EMBALAGEM ALUMINI
municipal,cenoura,2021,Cariacica,3.22,kg,unidade_declarada,CENOURA EXTRA AA  IN NATURA  COR LARANJA-VIVO  PROCEDENTE DE ESPÉCIES GENUÍNAS E SÃS  FRESCAS  FIRME  LISA  SEM RUGAS  D
municipal,aipim,2021,Cariacica,3.47,kg,unidade_declarada,AIPIM OU MANDIOCA EXTRA AA  IN NATURA  TENRO (MACIO)  GRAÚDO  PROCEDENTE DE ESPÉCIES GENUÍNAS E SÃS  FRESCAS  TER ATINGI
municipal,mamao,2021,Cariacica,4.42,kg,unidade_declarada,MAMÃO FORMOSA IN NATURA EXTRA  APRESENTANDO MATURAÇÃO MÉDIA (DE VEZ)  POLPA FIRME AO TOQUE  SEM APRESENTAR AVARIAS DE CA
municipal,chuchu,2021,Cariacica,2.06,kg,unidade_declarada,CHUCHU EXTRA AA  IN NATURA  POUCA RUGOSIDADE TAMANHO MÉDIO  PROCEDENTE DE ESPÉCIES GENUÍNAS  SÃS E FRESCAS  POLPA ÍNTEGR
municipal,inhame,2021,Cariacica,7.34,kg,unidade_declarada,INHAME EXTRA AA  IN NATURA  TENRO (MACIO)  GRAÚDO  PROCEDER DE ESPÉCIES GENUÍNAS E SÃS  FRESCAS  TER ATINGIDO O GRAU DE 
municipal,fuba,2021,Cariacica,3.94,kg,descricao,FUBÁ DE MILHO  FINO  PRODUTO OBTIDO DA MOAGEM DE GRÃOS DE MILHO SÃO E LIMPO  ACONDICIONADO EM EMBALAGEM RESISTENTE DE PO
municipal,limao,2021,Cariacica,7.45,kg,unidade_declarada,LIMÃO IN NATURA EXTRA  PROCEDENTE DE ESPÉCIE GENUÍNA E SÃ  FRESCA  SEM APRESENTAR AVARIAS DE CASCA. ISENTO DE LESÕES DE 
municipal,tangerina,2021,Cariacica,4.46,kg,unidade_declarada,MEXERICA POKAN  PRÓPRIA PARA O CONSUMO DEVERÁ SER PROCEDENTE DE ESPÉCIMES VEGETAIS GENUÍNAS E SÃS  E SATISFAZER AS SEGUI
municipal,laranja,2021,Cariacica,3.88,kg,unidade_declarada,LARANJA PÊRA  PRÓPRIA PARA O CONSUMO  PROCEDENTE DE ESPÉCIMES VEGETAIS GENUÍNAS E SÃS  E SATISFAZER AS SEGUINTES CONDIÇÕ
municipal,macarrao,2021,Cariacica,5.89,kg,descricao,MACARRÃO  DO TIPO ESPAGUETE  COM SÊMOLA EMBALAGEM DE 500G A 1 KG.  Macarrão  do Tipo Espaguete  com sêmola  acondicionad
municipal,feijao,2021,Cariacica,7.35,kg,descricao,FEIJÃO CARIOCA  TIPO 1 EMBALAGEM DE 1 KG.  Feijão Carioca  tipo 1  acondicionado em embalagem resistente de polietileno 
municipal,feijao,2021,Cariacica,6.85,kg,descricao,FEIJÃO PRETO  TIPO 1  ACONDICIONADO EM EMBALAGEM RESISTENTE DE POLIETILENO ATÓXICO  NÃO VIOLADA  QUE GARANTA A INTEGRIDA
municipal,repolho,2021,Cariacica,2.83,kg,unidade_declarada,REPOLHO BRANCO IN NATURA EXTRA  FRESCO  FIRME  ODOR CARACTERÍSTICO. ISENTO DE LESÕES DE ORIGEM FÍSICA  MECÂNICA OU BIOLÓ
municipal,carne_suina,2021,Cariacica,25.8,kg,descricao,CARNE SUÍNA  TIPO PERNIL  MAGRA E SEM GORDURA APARENTE  SEM OSSO  SADIO  CONGELADO EMBALAGEM DE 1 KG  Carne Suína  tipo 
municipal,alface,2021,Cariacica,7.14,unidade,unitario,ALFACE LISA DE PRIMEIRA  EXTRA  COLORAÇÃO VERDE  FRESCOS  FOLHAS FIRMES  LIMPAS E BRILHANTES E SEPARADOS EM MAÇOS PADRON
municipal,alho,2021,Cariacica,17.63,kg,unidade_declarada,ALHO NACIONAL EXTRA  OS DENTES DEVEM ESTAR BEM DEFINIDOS  LIMPOS  FIRMES  SEM MANCHAS E LIVRE DE BROTO. ISENTO DE LESÕES
municipal,farinha_trigo,2021,Cariacica,3.94,kg,descricao,FARINHA DE TRIGO TIPO 1  FABRICADA A PARTIR DE GRÃOS DE TRIGO SÃOS E LIMPOS ACONDICIONADO EM EMBALAGEM RESISTENTE DE POL
municipal,carne_bovina,2021,Cariacica,35.4,kg,descricao,CARNE BOVINA EM CUBOS MAGRA CONGELADA  PROVENIENTE DE MACHOS DE ESPÉCIE BOVINA SADIO  CONGELADO  ABATIDO SOB INSPEÇÃO VE
municipal,abobora,2021,Cariacica,3.24,kg,unidade_declarada,ABÓBORA JACARÉ MADURA EXTRA AA  IN NATURA  PROCEDENTE DE ESPÉCIES GENUÍNAS E SÃS  CASCA LIMPA E SEM MANCHAS  POLPA ÍNTEG
municipal,abacaxi,2021,Cariacica,5.19,unidade,unitario,ABACAXI COMUM EXTRA  IN NATURA  COM GRAU DE MATURAÇÃO ADEQUADO PARA O CONSUMO  SEM APRESENTAR AVARIAS DE CASCA  PROCEDEN
municipal,banana,2021,Cariacica,6.02,kg,unidade_declarada,BANANA DA TERRA EXTRA  IN NATURA  PROCEDENTES DE ESPÉCIES GENUÍNAS E SÃS  TER ATINGIDO O GRAU DE EVOLUÇÃO E MATURAÇÃO  P
municipal,polpa_fruta,2021,Cariacica,7.13,kg,descricao,POLPA DE FRUTA INTEGRAL DE MANGA  100% NATURAL  SEM ADITIVOS QUÍMICOS  INTEGRAL  COMPOSIÇÃO 100% DE POLPA  PASTEURIZADA 
municipal,polpa_fruta,2021,Cariacica,7.13,kg,descricao,POLPA DE FRUTA INTEGRAL DE ABACAXI  100% NATURAL  SEM ADITIVOS QUÍMICOS  INTEGRAL  COMPOSIÇÃO 100% DE POLPA  PASTEURIZAD
municipal,cebola,2021,Cariacica,4.09,kg,unidade_declarada,CEBOLA BRANCA  FRESCA  EXTRA  COM AS EXTREMIDADES FIRMES  COR BRILHANTE  HASTE BEM SECA. ISENTO DE BROTO  ENFERMIDADES  
municipal,oleo_soja,2021,Cariacica,8.7222,litro,descricao,ÓLEO DE SOJA TIPO 1  ENVASADO EM EMBALAGEM RESISTENTE DE POLIETILENO ATÓXICO  NÃO VIOLADO  QUE GARANTA A INTEGRIDADE DO 
municipal,banana,2021,Cariacica,3.52,kg,unidade_declarada,BANANA PRATA EXTRA IN NATURA  COM GRAU DE MATURAÇÃO ADEQUADO PARA O CONSUMO  PROCEDENTES DE ESPÉCIES GENUÍNAS E SÃS  POL
municipal,batata,2021,Cariacica,4.56,kg,unidade_declarada,BATATA INGLESA ESPECIAL  IN NATURA  EXTRA AA  COM A POLPA INTACTA E LIMPA  FIRME  LISA  DE TAMANHO UNIFORME  PROCEDENTE 
municipal,leite_po,2021,Cariacica,34.27,kg,descricao,LEITE EM PÓ INTEGRAL  INSTANTÂNEO RICO EM VITAMINAS A  C E D  PÓ UNIFORME SEM GRUMOS  ACONDICIONADO EM EMBALAGEM ALUMINI
municipal,cenoura,2021,Cariacica,3.22,kg,unidade_declarada,CENOURA EXTRA AA  IN NATURA  COR LARANJA-VIVO  PROCEDENTE DE ESPÉCIES GENUÍNAS E SÃS  FRESCAS  FIRME  LISA  SEM RUGAS  D
municipal,melancia,2021,Cariacica,1.85,kg,unidade_declarada,MELANCIA IN NATURA EXTRA  COM GRAU DE MATURAÇÃO ADEQUADO PARA O CONSUMO  CASCA FIRME SEM AVARIAS  POLPA FIRME DE COLORAÇ
municipal,aipim,2021,Cariacica,3.47,kg,unidade_declarada,AIPIM OU MANDIOCA EXTRA AA  IN NATURA  TENRO (MACIO)  GRAÚDO  PROCEDENTE DE ESPÉCIES GENUÍNAS E SÃS  FRESCAS  TER ATINGI
municipal,mamao,2021,Cariacica,4.42,kg,unidade_declarada,MAMÃO FORMOSA IN NATURA EXTRA  APRESENTANDO MATURAÇÃO MÉDIA (DE VEZ)  POLPA FIRME AO TOQUE  SEM APRESENTAR AVARIAS DE CA
municipal,maca_fruta,2021,Cariacica,8.73,kg,unidade_declarada,MAÇÃ NACIONAL IN NATURA EXTRA  SEM APRESENTAR AVARIAS DE CASCA  PROCEDENTE DE ESPÉCIE GENUÍNA E SÃ  FRESCA  COM GRAU DE 
municipal,frango,2021,Cariacica,11.94,kg,descricao,PEITO DE FRANGO SEM OSSO  LIMPO  MAGRO  NÃO TEMPERADO  CONGELADO  PROVENIENTE DE AVES SADIAS  ABATIDAS SOB INSPEÇÃO VETE
municipal,laranja,2021,Cariacica,3.88,kg,unidade_declarada,LARANJA PÊRA  PRÓPRIA PARA O CONSUMO  PROCEDENTE DE ESPÉCIMES VEGETAIS GENUÍNAS E SÃS  E SATISFAZER AS SEGUINTES CONDIÇÕ
municipal,feijao,2021,Cariacica,6.85,kg,descricao,FEIJÃO PRETO  TIPO 1  ACONDICIONADO EM EMBALAGEM RESISTENTE DE POLIETILENO ATÓXICO  NÃO VIOLADA  QUE GARANTA A INTEGRIDA
municipal,carne_bovina,2021,Cariacica,35.4,kg,descricao,CARNE BOVINA EM CUBOS MAGRA CONGELADA  PROVENIENTE DE MACHOS DE ESPÉCIE BOVINA SADIO  CONGELADO  ABATIDO SOB INSPEÇÃO VE
municipal,banana,2021,Cariacica,3.52,kg,unidade_declarada,BANANA PRATA EXTRA IN NATURA  COM GRAU DE MATURAÇÃO ADEQUADO PARA O CONSUMO  PROCEDENTES DE ESPÉCIES GENUÍNAS E SÃS  POL
municipal,melancia,2021,Cariacica,1.85,kg,unidade_declarada,MELANCIA IN NATURA EXTRA  COM GRAU DE MATURAÇÃO ADEQUADO PARA O CONSUMO  CASCA FIRME SEM AVARIAS  POLPA FIRME DE COLORAÇ
municipal,maca_fruta,2021,Cariacica,8.73,kg,unidade_declarada,MAÇÃ NACIONAL IN NATURA EXTRA  SEM APRESENTAR AVARIAS DE CASCA  PROCEDENTE DE ESPÉCIE GENUÍNA E SÃ  FRESCA  COM GRAU DE 
municipal,frango,2021,Cariacica,11.94,kg,descricao,PEITO DE FRANGO SEM OSSO  LIMPO  MAGRO  NÃO TEMPERADO  CONGELADO  PROVENIENTE DE AVES SADIAS  ABATIDAS SOB INSPEÇÃO VETE
municipal,seringa,2021,Cariacica,0.4014,unidade,unitario,SERINGA DESCARTÁVEL PARA INSULINA  SEM DISPOSITIVO DE SEGURANÇA; CAPACIDADE 1ML/100UI; GRADUAÇÃO /ESCALA: ESCALA EXTERNA
municipal,levotiroxina,2021,Cariacica,0.0785,unidade,unitario,LEVOTIROXINA 25MCG
municipal,papel_a4,2021,Cariacica,15.695,resma,unitario,PAPEL A4 - PAPEL SULFITE A4  COR BRANCA  GRAMATURA 75 G/M²  DIMENSÕES 210 MM X 297 MM
municipal,ar_condicionado,2021,Cariacica,8500.0,unidade,unitario,APARELHO DE AR CONDICIONADO 48.000 BTU´S CONFORME DEMAIS ESPECIFICAÇÕES TR 
municipal,ar_condicionado,2021,Cariacica,9200.0,unidade,unitario,APARELHO DE AR CONDICIONADO 60.000 BTU´S CONFORME DEMAIS ESPECIFICAÇÕES DO TR 
municipal,ar_condicionado,2021,Cariacica,6500.0,unidade,unitario,APARELHO DE AR CONDICIONADO 36.000 BTU´S CONFORME DEMAIS ESPECIFICAÇÕES TR 
municipal,ar_condicionado,2021,Cariacica,4000.0,unidade,unitario,APARELHO DE AR CONDICIONADO 24.000 BTU´S INVERTER CONFORME DEMAIS ESPECIFICAÇÕES TR 
municipal,ar_condicionado,2021,Cariacica,3000.0,unidade,unitario,APARELHO DE AR CONDICIONADO 18.000 BTU´S INVERTER CONFORME DEMAIS ESPECIFICAÇÕES TR 
municipal,ar_condicionado,2021,Cariacica,2300.0,unidade,unitario,APARELHO DE AR CONDICIONADO 9.000 BTU´S INVERTER CONFORME DEMAIS ESPECIFICAÇÕES TR 
municipal,ar_condicionado,2021,Cariacica,2700.0,unidade,unitario,APARELHO DE AR CONDICIONADO 12.000 BTU´S INVERTER CONFORME DEMAIS ESPECIFICAÇÕES TR 
municipal,arroz,2021,Cariacica,3.51,kg,heuristica,FORNECIMENTO DE MARMITEX. TAMANHO G GUARNIÇÕES: ARROZ BRANCO NÃO PARBORIZADO FEIJÃO EM CALDO OU FEIJÃO TROPEIRO MACARRÃO
municipal,arroz,2021,Cariacica,8.14,kg,heuristica,FORNECIMENTO DE ALMOÇO SELF SERVICE. GUARNIÇÕES: ARROZ BRANCO FEIJÃO TROPEIRO MACARRÃO (MOLHO BRANCO OU BOLONHESA) PROTE
municipal,paracetamol,2021,Cariacica,0.0688,unidade,unitario,PARACETAMOL 500MG
municipal,furosemida,2021,Cariacica,0.0549,unidade,unitario,FUROSEMIDA 40MG
municipal,haloperidol,2021,Cariacica,1.1049,unidade,unitario,HALOPERIDOL 5MG/ML SOLUÇÃO INJETÁVEL AMPOLA 1ML
municipal,papel_a4,2021,Cariacica,16.05,resma,unitario,PAPEL A4 - PAPEL SULFITE A4  COR BRANCA  GRAMATURA 75 G/M²  DIMENSÕES 210 MM X 297 MM
municipal,papel_a4,2021,Cariacica,16.05,resma,unitario,PAPEL A4 - PAPEL SULFITE A4  COR BRANCA  GRAMATURA 75 G/M²  DIMENSÕES 210 MM X 297 MM
municipal,gaze,2021,Cariacica,0.4794,unidade,unitario,COMPRESSA DE GAZE HIDRÓFILA PCT COM 10 UND (ESTÉRIL)  DIMENSÃO DE 7 5 X 7 5 CM (FECHADA)  COM DENSIDADE DE NO MÍNIMO 13 
municipal,amoxicilina,2021,Cariacica,11.3044,unidade,unitario,AMOXICILINA + CLAVULANATO DE POTÁSSIO(50+12 5)MG/ML PÓ PARA SUSPENSÃO ORAL FRASCO C/75ML COM DOSADOR GRADUADO
municipal,bebedouro,2021,Cariacica,547.46,unidade,unitario,PURIFICADOR DE ÁGUA - PR  DESCRIÇÃO  Purificador/ bebedouro de água refrigerado. LOCAL  Copa dos funcionários  cozinha
municipal,amoxicilina,2021,Cariacica,0.73,unidade,unitario,AMOXICILINA + CLAVULANATO (500+125)MG COMPRIMIDO REVESTIDO
municipal,sinvastatina,2021,Cariacica,0.1292,unidade,unitario,SINVASTATINA 40MG
municipal,cadeira,2021,Cariacica,1341.13,unidade,unitario,CADEIRA GIRATÓRIA ESPALDAR ALTO COM BRAÇOS CONFORME TERMO DE REFERÊNCIA    
municipal,cadeira,2021,Cariacica,1057.37,unidade,unitario,CADEIRA GIRATÓRIA ESPALDAR MÉDIO COM BRAÇOS CONFORME TR                  
municipal,notebook,2021,Cariacica,6335.0,unidade,unitario,MICROCOMPUTADOR PORTÁTIL DE LINHA CORPORATIVA (NOTEBOOK)  COM MOCHILA E ACESSÓRIOS 
municipal,torneira,2021,Cariacica,34.43,unidade,unitario,GARRAFA TÉRMICA - GARRAFA TÉRMICA  MATERIAL PLÁSTICO REVESTIDO COM FIBRA  CAPACIDADE 5 LITROS  FORMATO CILÍNDRICO  CARAC
municipal,fralda,2021,Cariacica,1.125,unidade,unitario,"FRALDA DESCARTÁVEL INFANTIL  TAMANHO XG  MARCA ""BABYSEC "
municipal,furosemida,2021,Cariacica,0.0549,unidade,unitario,FUROSEMIDA 40MG
municipal,lampada_led,2021,Cariacica,9.71,unidade,unitario,LÂMPADA LED TUBULAR T8  TENSÃO DE 127/220V COMPATÍVEL COM BASE G13  COM POTÊNCIA DE 9W/10W  TEMPERATURA DE COR DE 6.500K
municipal,lampada_led,2021,Cariacica,11.39,unidade,unitario,LÂMPADA LED TUBULAR T8  TENSÃO DE 127/220V COMPATÍVEL COM BASE G13  COM POTÊNCIA DE 18W/20W  TEMPERATURA DE COR DE 6.500
municipal,rodo,2021,Cariacica,30.63,unidade,unitario,RODO - RODO DE ALUMÍNIO OU MADEIRA COM 2 BORRACHA  CABO DE NO MÍNIMO 1 20 METROS DE ALTURA.
municipal,vassoura,2021,Cariacica,13.9666,unidade,unitario,VASSOURA PIAÇAVA  UNIDADE - VASSOURA DOMÉSTICA  EM TRÊS CARREIRAS  100% PIAÇAVA  CABO MONTADO  MEDIDA APROXIMADA 1 18M.
municipal,macarrao,2021,Cariacica,5.7131,kg,descricao,MACARRÃO  DO TIPO ESPAGUETE  COM SÊMOLA EMBALAGEM DE 500G A 1 KG.  Macarrão  do Tipo Espaguete  com sêmola  acondicionad
municipal,papel_toalha,2021,Cariacica,11.2935,rolo,unitario,PAPEL TOALHA PACOTE COM 1000 FOLHAS - 2 DOBRAS EM PAPEL NÃO RECICLADO  MEDIDA: MIN 22 5X20 5CMS. PCT COM 1000FLS  COR 
municipal,acucar,2021,Cariacica,3.18,kg,heuristica,MASSA PARA BOLO - SABORES DIVERSOS  COM FARINHA DE TRIGO ENRIQUECIDA COM FERRO E ÁCIDO FÓLICO  AÇÚCAR  ÓLEO VEGETAL REFI
municipal,pepino,2021,Cariacica,4.36,kg,unidade_declarada,PEPINO JAPONÊS - EXTRA DE COLORAÇÃO VERDE EM SUA CASCA  PRÓPRIO PARA CONSUMO  ISENTO DE SUJIDADES  COLIFORMES FECAIS OU 
municipal,beterraba,2021,Cariacica,5.96,kg,unidade_declarada,BETERRABA EXTRA A - TUBÉRCULO DE ELEVADA QUALIDADE E SEM DEFEITOS  SUFICIENTEMENTE DESENVOLVIDOS  COM ASPECTO  AROMA E S
municipal,shampoo,2021,Cariacica,30.1887,litro,descricao,SHAMPOO PARA CABELOS - UNIDADE - PARA TODOS OS TIPOS DE CABELOS  MÍNIMO 300ML. 
municipal,alcool,2021,Cariacica,9.8333,litro,unidade_declarada,ÁLCOOL EM GEL GARRAFA C/1LT  ; ANTI-SÉPTICO; HIDRATADO; BRANCO TRANSPARENTE; INDICADO PARA HIGIENIZAÇÃO DAS MÃOS; PERFUM
municipal,frango,2021,Cariacica,12.8134,kg,unidade_declarada,PEITO DE FRANGO - LIMPO  CONGELADO  PROVENIENTES DE AVES SADIAS  ABATIDAS  SOB INSPEÇÃO VETERINÁRIA  COM ADIÇÃO DE ÁGUA 
municipal,carne_suina,2021,Cariacica,28.1633,kg,unidade_declarada,PERNIL SUÍNO SEM TOUCINHO KG - SUINO S/ TOUCINHO CONGELADA  SEM OSSO  ACONDICIONADA EM SACO PLÁSTICO ATÓXICO  TRANSPAREN
municipal,amaciante,2021,Cariacica,3.5166,litro,heuristica,AMACIANTE DE ROUPA 2LTS -  AMACIANTE LÍQUIDO  PARA TODO TIPO DE ROUPA. APRESENTAÇÃO: AMACIANTE CONCENTRADO  ROTULAGEM  C
municipal,margarina,2021,Cariacica,17.3864,kg,descricao,MARGARINA 250G - PRODUTO GORDUROSO EM EMULSÃO ESTÁVEL COM LEITE OU SEUS CONSTITUINTES OU DERIVADOS  E OUTROS INGREDIENTE
municipal,frango,2021,Cariacica,9.4334,kg,unidade_declarada,COXA E SOBRE COXA FRANGO - CARNE DE FRANGO LIMPA  DE PRIMEIRA QUALIDADE  EM PEDAÇOS (COXA E SOBRECOXA SEPARADAS) COM OS 
municipal,sabonete,2021,Cariacica,12.1434,unidade,unitario,SABONETE LÍQUIDO 600 ML - SABONETE LÍQUIDO  PEROLADO  COM REGISTRO NO MINISTÉRIO DA SAÚDE E ANVISA  PERFUME SUAVE  CONTE
municipal,aipim,2021,Cariacica,5.07,kg,unidade_declarada,AIPIM - TUBÉRCULO DE COLORAÇÃO BRANCA E MARROM TERROSO EM SUA CASCA  LIVRE DE COLIFORMES  SUJIDADES  PRODUTOS QUÍMICOS O
municipal,arroz,2021,Cariacica,5.36,kg,descricao,ARROZ TIPO I PACOTE 5 KG - CLASSE LONGO FINO  SEM GLÚTEN  CONTENDO NO MÍNIMO 90% DE GRÃOS INTEIROS COM NO MÁXIMO 14% DE 
municipal,repolho,2021,Cariacica,3.0067,kg,unidade_declarada,REPOLHO - BRANCO LISO  FRESCO  DE BOA QUALIDADE  TAMANHO E COLORAÇÃO BRANCA UNIFORMES  DEVENDO SER BEM DESENVOLVIDO  INT
municipal,sardinha,2021,Cariacica,9.4833,lata,unitario,SARDINHA - LATA 250G - EM ÓLEO COMESTÍVEL: PRODUTO ELABORADO COM SARDINHAS FRESCAS  LIMPAS  ÍNTEGRAS DESCABEÇADAS  DESCA
municipal,desinfetante,2021,Cariacica,2.1917,litro,descricao,DESINFETANTE 2 LITROS - LÍQUIDO DE FLORAL  BACTERICIDA.
municipal,feijao,2021,Cariacica,8.5967,kg,descricao,FEIJÃO CARIOCA  TIPO 1  ACONDICIONADO EM EMBALAGEM RESISTENTE DE POLIETILENO ATÓXICO  NÃO VIOLADA  QUE GARANTA A INTEGRI
municipal,abobora,2021,Cariacica,4.5713,kg,unidade_declarada,ABÓBORA - JAPONESA DE PRIMEIRA QUALIDADE; TAMANHO E COLORAÇÃO UNIFORMES; ISENTA DE ENFERMIDADES  MATERIAL TERROSO E UMID
municipal,sabao_po,2021,Cariacica,7.05,kg,descricao,SABÃO EM PÓ P/ LAVAR ROUPAS - CAIXA DE 01 KG - UNIDADE  SABÃO EM PÓ - FRAGÂNCIA P/LAVAR ROUPA - ACONDICIONADO EM EMBALAG
municipal,cebola,2021,Cariacica,5.9433,kg,unidade_declarada,CEBOLA BRANCA  BULBO DE TAMANHO MÉDIO  CARACTERÍSTICA  ÍNTEGRA E DE PRIMEIRA QUALIDADE  ISENTO DE SUJIDADES  INSETOS  PA
municipal,inhame,2021,Cariacica,7.0615,kg,unidade_declarada,INHAME - BOA QUALIDADE  FRESCO  ISENTO DE ENFERMIDADES  MATERIAL TERROSO E UMIDADE EXTERNA ANORMAL  CASCA LISA  FIRME; T
municipal,maca_fruta,2021,Cariacica,7.7267,kg,unidade_declarada,MAÇÃ FUJI - PRODUTO PROCEDENTE DE PLANTA SADIA  DESTINADO AO CONSUMO IN NATURA  DEVENDO SE APRESENTAR FRESCA  TER ATIN
municipal,repolho,2021,Cariacica,6.41,kg,heuristica,COUVE CHINESA - TAMBÉM CHAMADA DE REPOLHO-CHINÊS  É UMA HORTALIÇA CUJAS FOLHAS FORMAM UMA CABEÇA COMPACTA  EMBORA TAMBÉM
municipal,suco,2021,Cariacica,6.56,litro,heuristica,SUCO SABORES GARRAFA - TENDO NECESSARIAMENTE OS INGREDIENTES ÁGUA POTÁVEL  SUCO E/ OU POLPA DE CONCENTRADO. VALIDADE MÍN
municipal,desinfetante,2021,Cariacica,6.7,litro,heuristica,ÁGUA SANITÁRIA GALÃO 2LT; ACAO: DESINFETANTE; CLORO ATIVO; FRASCO 2LTS.
municipal,cenoura,2021,Cariacica,4.1433,kg,unidade_declarada,CENOURA EXTRA AA  IN NATURA  COR LARANJA-VIVO  PROCEDENTE DE ESPÉCIES GENUÍNAS E SÃS  FRESCAS  FIRME  LISA  SEM RUGAS  D
municipal,banana,2021,Cariacica,5.6545,kg,unidade_declarada,BANANA PRATA EXTRA IN NATURA  COM GRAU DE MATURAÇÃO ADEQUADO PARA O CONSUMO  PROCEDENTES DE ESPÉCIES GENUÍNAS E SÃS  POL
municipal,chuchu,2021,Cariacica,2.66,kg,unidade_declarada,CHUCHU EXTRA AA - LEGUMES DE ELEVADA QUALIDADE  SUFICIENTEMENTE DESENVOLVIDOS. DEVE APRESENTAR AROMA  SABOR  COLORAÇÃO E
municipal,batata,2021,Cariacica,5.9933,kg,unidade_declarada,BATATA INGLESA - TUBÉRCULO DE QUALIDADE E SEM DEFEITOS  SUFICIENTEMENTE DESENVOLVIDOS  COM ASPECTO  AROMA E SABOR TÍPICO
municipal,detergente,2021,Cariacica,4.2666,litro,descricao,DETERGENTE LÍQUIDO P/GORDURA 500 ML - UNIDADE
municipal,banana,2021,Cariacica,5.2433,kg,unidade_declarada,BANANA DA TERRA - CLIMATIZADA  ORIUNDA DE PLANTAS SADIAS  DESTINADO AO CONSUMO IN NATURA  DEVENDO SE APRESENTAR FRESCA
municipal,alface,2021,Cariacica,2.2933,unidade,unitario,ALFACE - AMERICANA ELEVADA QUALIDADE  TAMANHO E COLORAÇÃO UNIFORMES  DEVENDO SER BEM DESENVOLVIDA  FIRME E INTACTA  NÃO 
municipal,leite_integral,2021,Cariacica,4.4966,litro,unidade_declarada,LEITE INTEGRAL UHT: LEITE DE VACA INTEGRAL HOMOGENEIZADO  SUBMETIDO AO PROCESSO DE ULTRA PASTEURIZAÇÃO  U.ªT. (ULTRA ALT
municipal,aas,2021,Cariacica,0.0333,unidade,unitario,ACIDO ACETILSALICILICO 100MG
municipal,cefalexina,2021,Cariacica,0.2703,unidade,unitario,CEFALEXINA 500MG CÁPSULA/COMPRIMIDO
municipal,papel_a4,2021,Cariacica,17.1775,resma,unitario,PAPEL A4 - PAPEL SULFITE A4  COR BRANCA  GRAMATURA 75 G/M²  DIMENSÕES 210 MM X 297 MM
municipal,papel_a4,2021,Cariacica,17.1775,resma,unitario,PAPEL A4 - PAPEL SULFITE A4  COR BRANCA  GRAMATURA 75 G/M²  DIMENSÕES 210 MM X 297 MM
municipal,papel_a4,2021,Cariacica,17.1775,resma,unitario,PAPEL A4 - PAPEL SULFITE A4  COR BRANCA  GRAMATURA 75 G/M²  DIMENSÕES 210 MM X 297 MM
municipal,seringa,2021,Cariacica,0.3887,unidade,unitario,SERINGA 20 ML ESTÉRIL DESCARTÁVEL  SEM AGULHA  BICO: LUER SLIP CILINDRO: TRANSPARENTE  EM POLIPROPILENO COM IMPRESSÃO DE
municipal,seringa,2021,Cariacica,0.2587,unidade,unitario,SERINGA 10 ML ESTÉRIL DESCARTÁVEL  SEM AGULHA  BICO: LUER LOCK. CILINDRO: TRANSPARENTE  EM POLIPROPILENO COM IMPRESSÃO D
municipal,seringa,2021,Cariacica,0.2331,unidade,unitario,SERINGA 03 ML ESTÉRIL DESCARTÁVEL  SEM AGULHA  BICO: LUER LOCK. CILINDRO: TRANSPARENTE  EM POLIPROPILENO COM IMPRESSÃO D
municipal,pendrive,2021,Cariacica,126.0,unidade,unitario,CONFECÇÃO E PRODUÇÃO DE BOX PORTA MÍDIAS (PEN DRIVE/ DVD/ FOTOS); 
municipal,notebook,2021,Cariacica,4369.33,unidade,unitario,NOTEBOOK MICROCOMPUTADOR PORTÁTIL; COM PROCESSADOR DE 4 NÚCLEOS  4 THREADS; COM FREQUÊNCIA DE CLOCK REAL  IGUAL OU SUPER
municipal,ar_condicionado,2021,Cariacica,2214.48,unidade,unitario,AR CONDICIONADO SPLIT 12.000 BTUS  TENSÃO  FREQUÊNCIA  FASES (V  HZ  Ø ) 220/60/1  MÍNIMO DE POTENCIA DE REFRIGERAÇÃO (W
municipal,ventilador,2021,Cariacica,284.52,unidade,unitario,VENTILADOR DE TETO  COR: BRANCA; 3 PÁS EM PLÁSTICO; LUSTRE PARA  NO MÍNIMO  2 LÂMPADAS; CHAVE DE CONTROLE DE PAREDE COM 
municipal,pendrive,2021,Cariacica,49.16,unidade,unitario,PENDRIVE 32 GB PADRÃO DE COMUNICAÇÃO: USB 2.0 ALIMENTAÇÃO: NÃO REQUER ALIMENTAÇÃO EXTERNA DE ENERGIA; INSTALAÇÃO: PLUG A
municipal,mouse,2021,Cariacica,15.06,unidade,unitario,MOUSE OPTICO - USB - PRETO MOUSE USB ÓPTICO; PERIFÉRICO DE ENTRADA QUE AUXILIA NO PROCESSO DE ENTRADA DE DADOS  ESPECIAL
municipal,teclado,2021,Cariacica,53.26,unidade,unitario,TECLADO ABNT 2 - USB - PRETO TECLADO USB ABNT II.  O TECLADO DE COMPUTADOR É UM TIPO DE PERIFÉRICO UTILIZADO PELO USUÁRI
municipal,enalapril,2021,Cariacica,0.049,unidade,unitario,ENALAPRIL  MALEATO 20 MG COMPRIMIDO
municipal,glibenclamida,2021,Cariacica,0.0223,unidade,unitario,GLIBENCLAMIDA 5MG
municipal,notebook,2021,Cariacica,8215.33,unidade,unitario,NOTEBOOK Com as configurações mínimas: 1.	PROCESSADOR 1.1.	O modelo de processador ofertado deve ser de última geração d
municipal,notebook,2021,Cariacica,8215.33,unidade,unitario,NOTEBOOK Com as configurações mínimas: 1.	PROCESSADOR 1.1.	O modelo de processador ofertado deve ser de última geração d
municipal,notebook,2021,Cariacica,8215.33,unidade,unitario,NOTEBOOK Com as configurações mínimas: 1.	PROCESSADOR 1.1.	O modelo de processador ofertado deve ser de última geração d
municipal,clonazepam,2021,Cariacica,1.5675,unidade,unitario,CLONAZEPAM 2 5MG/ML SOL ORAL FRASCO C/20ML           
municipal,salbutamol,2021,Cariacica,1.665,unidade,unitario,SALBUTAMOL 0 5 MG/ML SOLUÇÃO INJETÁVEL
municipal,haloperidol,2021,Cariacica,4.988,unidade,unitario,HALOPERIDOL DECANOATO 50MG/ML SOL INJETÁVEL AMP 1ML
municipal,metformina,2021,Cariacica,0.074,unidade,unitario,METFORMINA  CLORIDRATO 850MG
municipal,gaze,2021,Cariacica,1.1025,unidade,unitario,COMPRESSA DE GAZE HIDRÓFILA PCT COM 10 UND (ESTÉRIL)  DIMENSÃO DE 7 5 X 7 5 CM (FECHADA)  COM DENSIDADE DE NO MÍNIMO 13 
municipal,algodao,2021,Cariacica,25.92,kg,descricao,ALGODÃO HIDRÓFILO  ROLO C/ 500 G  FORMADO  POR CAMADAS SOBREPOSTAS DE FIBRAS DE ALGODÃO. O PRODUTO DEVE TER ASPECTO UNIF
municipal,prednisona,2021,Cariacica,0.07,unidade,unitario,PREDNISONA 5 MG
municipal,envelope,2021,Cariacica,0.4754,unidade,unitario,SAIS PARA REIDRATAÇÃO ORAL PÓ  ENVELOPE 27 9G
municipal,sinvastatina,2021,Cariacica,0.1292,unidade,unitario,SINVASTATINA 40MG
municipal,carbamazepina,2021,Cariacica,0.155,unidade,unitario,CARBAMAZEPINA 200MG
municipal,cefalexina,2021,Cariacica,0.22,unidade,unitario,CEFALEXINA 500MG CÁPSULA/COMPRIMIDO
municipal,albendazol,2021,Cariacica,0.279,unidade,unitario,ALBENDAZOL 400MG COMPRIMIDO MASTIGÁVEL
municipal,atenolol,2021,Cariacica,0.0899,unidade,unitario,ATENOLOL 50MG
municipal,prednisona,2021,Cariacica,0.1497,unidade,unitario,PREDNISONA 20MG
municipal,toner,2021,Cariacica,63.57,unidade,unitario,TONER SIMILAR PARA A IMPRESSORA HP LASERJET P2055DN
municipal,haloperidol,2021,Cariacica,2.489,unidade,unitario,HALOPERIDOL 2MG/ML SOLUÇÃO ORAL FRASCO 20 ML
municipal,fenobarbital,2021,Cariacica,2.1175,unidade,unitario,FENOBARBITAL 100MG/ML INJETÁVEL AMPOLA 2ML
municipal,dipirona,2021,Cariacica,7.585,unidade,unitario,HIOSCINA (ESCOPOLAMINA N-BUTILBROMETO) 4MG/ML + DIPIRONA SÓDICA 500MG/ML AMPOLA 5ML
municipal,sinvastatina,2021,Cariacica,0.0537,unidade,unitario,SINVASTATINA 20MG
municipal,anlodipino,2021,Cariacica,0.0344,unidade,unitario,ANLODIPINO 5MG
